phase,action_mean_BL_coxa_joint,action_mean_BR_coxa_joint,action_mean_ML_coxa_joint,action_mean_MR_coxa_joint,action_mean_BL_femur_joint,action_mean_BR_femur_joint,action_mean_ML_femur_joint,action_mean_MR_femur_joint,action_mean_BL_tibia_joint,action_mean_BR_tibia_joint,action_mean_ML_tibia_joint,action_mean_MR_tibia_joint,target_pos_mean_rad_BL_coxa_joint,target_pos_mean_rad_BR_coxa_joint,target_pos_mean_rad_ML_coxa_joint,target_pos_mean_rad_MR_coxa_joint,target_pos_mean_rad_BL_femur_joint,target_pos_mean_rad_BR_femur_joint,target_pos_mean_rad_ML_femur_joint,target_pos_mean_rad_MR_femur_joint,target_pos_mean_rad_BL_tibia_joint,target_pos_mean_rad_BR_tibia_joint,target_pos_mean_rad_ML_tibia_joint,target_pos_mean_rad_MR_tibia_joint,actual_pos_mean_rad_BL_coxa_joint,actual_pos_mean_rad_BR_coxa_joint,actual_pos_mean_rad_ML_coxa_joint,actual_pos_mean_rad_MR_coxa_joint,actual_pos_mean_rad_BL_femur_joint,actual_pos_mean_rad_BR_femur_joint,actual_pos_mean_rad_ML_femur_joint,actual_pos_mean_rad_MR_femur_joint,actual_pos_mean_rad_BL_tibia_joint,actual_pos_mean_rad_BR_tibia_joint,actual_pos_mean_rad_ML_tibia_joint,actual_pos_mean_rad_MR_tibia_joint,actual_vel_mean_radps_BL_coxa_joint,actual_vel_mean_radps_BR_coxa_joint,actual_vel_mean_radps_ML_coxa_joint,actual_vel_mean_radps_MR_coxa_joint,actual_vel_mean_radps_BL_femur_joint,actual_vel_mean_radps_BR_femur_joint,actual_vel_mean_radps_ML_femur_joint,actual_vel_mean_radps_MR_femur_joint,actual_vel_mean_radps_BL_tibia_joint,actual_vel_mean_radps_BR_tibia_joint,actual_vel_mean_radps_ML_tibia_joint,actual_vel_mean_radps_MR_tibia_joint
0.0,0.9718692302703857,0.7667369246482849,0.8403847813606262,1.5204224586486816,1.9557359218597412,0.0595841221511364,0.987455427646637,1.7913507223129272,-0.04248301684856415,-1.1673120260238647,-0.670387327671051,-1.2355660200119019,0.13686871528625488,0.03430256247520447,0.9437912106513977,1.2838096618652344,0.5415359735488892,-0.40654027462005615,0.05739545077085495,0.45934274792671204,1.898620367050171,1.336206316947937,1.5846686363220215,1.3020790815353394,0.15163522958755493,-0.0044319299049675465,0.892439603805542,1.019777536392212,-0.01235942728817463,-0.1154036596417427,-0.17947623133659363,-0.10918854922056198,2.1218836307525635,1.4275016784667969,1.6642963886260986,1.4528459310531616,0.3596230447292328,-0.4317018687725067,-0.425618976354599,-0.6895036697387695,-0.11152693629264832,-2.5835964679718018,1.1340477466583252,-0.021494269371032715,-1.0289071798324585,0.4815678298473358,-0.5194169878959656,0.975888192653656
0.007874015718698502,0.9270694851875305,0.8275198340415955,0.9009293913841248,1.4353888034820557,2.0120551586151123,-0.013140308670699596,0.8041062355041504,1.739525556564331,-0.08187565207481384,-1.1672515869140625,-0.7110857367515564,-1.1838514804840088,0.1144687682390213,0.06469397991895676,0.9740633964538574,1.241292953491211,0.5696954131126404,-0.44290241599082947,-0.03427915647625923,0.43343043327331543,1.8789241313934326,1.3362367153167725,1.564319372177124,1.3279364109039307,0.14864566922187805,-0.0032373592257499695,0.8935075998306274,1.0187408924102783,-0.012320482172071934,-0.12301617860794067,-0.18432606756687164,-0.10933874547481537,2.1192381381988525,1.4296294450759888,1.6583698987960815,1.4553236961364746,0.09359679371118546,-0.22076301276683807,-0.24470382928848267,-0.6385977864265442,-0.10051873326301575,-2.631246328353882,0.6313634514808655,-0.003767669666558504,-1.0602787733078003,0.517271101474762,-0.8149536848068237,0.96978759765625
0.015748031437397003,0.8822693824768066,0.8883025050163269,0.961473822593689,1.3503546714782715,2.0683748722076416,-0.08586477488279343,0.6207571625709534,1.6877007484436035,-0.12126828730106354,-1.1671912670135498,-0.7517843842506409,-1.1321372985839844,0.09206884354352951,0.09508538246154785,1.0043357610702515,1.1987760066986084,0.5978549718856812,-0.4792648255825043,-0.12595374882221222,0.4075179994106293,1.8592278957366943,1.336266279220581,1.543969988822937,1.3537936210632324,0.14565610885620117,-0.00204278901219368,0.8945755958557129,1.017703652381897,-0.012281537987291813,-0.1306287795305252,-0.18917590379714966,-0.10948897153139114,2.1165921688079834,1.4317572116851807,1.6524430513381958,1.4578008651733398,-0.17242947220802307,-0.009824010543525219,-0.0637885257601738,-0.587692141532898,-0.08951050788164139,-2.6788976192474365,0.128679096698761,0.01395893283188343,-1.0916506052017212,0.5529744029045105,-1.1104899644851685,0.9636869430541992
0.023622047156095505,0.8374693989753723,0.9490852952003479,1.0220180749893188,1.2653205394744873,2.1246931552886963,-0.1585891991853714,0.43740788102149963,1.635876178741455,-0.16066089272499084,-1.1671313047409058,-0.792482852935791,-1.0804227590560913,0.06966888904571533,0.12547679245471954,1.0346077680587769,1.156259298324585,0.6260144710540771,-0.5156267881393433,-0.21762840449810028,0.3816055953502655,1.839531660079956,1.3362966775894165,1.52362060546875,1.3796508312225342,0.14266656339168549,-0.0008482176926918328,0.8956435322761536,1.0166664123535156,-0.012242593802511692,-0.13824135065078735,-0.19402572512626648,-0.10963920503854752,2.1139461994171143,1.4338855743408203,1.6465163230895996,1.4602782726287842,-0.4384557604789734,0.2011149376630783,0.11712673306465149,-0.5367865562438965,-0.07850231230258942,-2.726548671722412,-0.37400519847869873,0.03168553486466408,-1.1230216026306152,0.5886773467063904,-1.4060269594192505,0.9575861692428589
0.031496062874794006,0.7926697731018066,1.0098679065704346,1.0825622081756592,1.1802870035171509,2.1810126304626465,-0.23131366074085236,0.2540586292743683,1.5840511322021484,-0.20005355775356293,-1.1670708656311035,-0.8331817388534546,-1.0287083387374878,0.047268956899642944,0.15586821734905243,1.0648800134658813,1.1137421131134033,0.6541739106178284,-0.5519890785217285,-0.30930301547050476,0.35569337010383606,1.8198357820510864,1.3363267183303833,1.503271222114563,1.4055079221725464,0.13967706263065338,0.00034635377232916653,0.8967116475105286,1.015629529953003,-0.01220365148037672,-0.14585387706756592,-0.19887562096118927,-0.10978943109512329,2.111300468444824,1.4360129833221436,1.6405893564224243,1.4627556800842285,-0.704481840133667,0.41205379366874695,0.29804202914237976,-0.48588088154792786,-0.06749408692121506,-2.774198293685913,-0.8766892552375793,0.04941213130950928,-1.1543935537338257,0.6243808269500732,-1.7015631198883057,0.951485276222229
0.03937007859349251,0.7478695511817932,1.0706510543823242,1.1431071758270264,1.0952527523040771,2.2373321056365967,-0.3040381073951721,0.07070940732955933,1.5322264432907104,-0.23944616317749023,-1.1670105457305908,-0.8738800287246704,-0.9769942164421082,0.02486901916563511,0.18625961244106293,1.095152497291565,1.0712252855300903,0.6823336482048035,-0.5883512496948242,-0.4009777009487152,0.32978081703186035,1.8001391887664795,1.3363569974899292,1.4829221963882446,1.431364893913269,0.1366874873638153,0.0015409240731969476,0.8977798223495483,1.0145922899246216,-0.01216470543295145,-0.15346643328666687,-0.20372545719146729,-0.10993962734937668,2.108654499053955,1.4381409883499146,1.6346625089645386,1.4652330875396729,-0.9705082178115845,0.6229926943778992,0.4789572060108185,-0.4349752366542816,-0.056485895067453384,-2.8218488693237305,-1.3793737888336182,0.06713872402906418,-1.185765027999878,0.6600837707519531,-1.9971004724502563,0.9453849196434021
0.04724409431219101,0.7030699253082275,1.1314339637756348,1.2036516666412354,1.0102192163467407,2.2936511039733887,-0.37676259875297546,-0.11263983696699142,1.4804013967514038,-0.2788388133049011,-1.1669502258300781,-0.9145787358283997,-0.925279974937439,0.0024690835271030664,0.216651052236557,1.1254242658615112,1.0287083387374878,0.7104930877685547,-0.6247134804725647,-0.49265217781066895,0.30386847257614136,1.7804430723190308,1.3363869190216064,1.4625728130340576,1.45722234249115,0.13369789719581604,0.00273549510166049,0.8988474607467651,1.0135551691055298,-0.012125763110816479,-0.1610790193080902,-0.2085752934217453,-0.11008989065885544,2.106008529663086,1.4402687549591064,1.6287356615066528,1.4677106142044067,-1.2365347146987915,0.8339317440986633,0.6598725914955139,-0.38406968116760254,-0.045477692037820816,-2.869499444961548,-1.8820579051971436,0.08486533910036087,-1.2171365022659302,0.6957870721817017,-2.2926366329193115,0.939284086227417
0.05511811003088951,0.6582701206207275,1.1922168731689453,1.2641960382461548,0.9251855611801147,2.3499698638916016,-0.44948700070381165,-0.29598909616470337,1.4285764694213867,-0.31823140382766724,-1.1668901443481445,-0.9552773237228394,-0.8735655546188354,-0.01993085816502571,0.24704252183437347,1.1556967496871948,0.9861913323402405,0.7386527061462402,-0.6610758900642395,-0.5843268036842346,0.2779560387134552,1.7607462406158447,1.3364170789718628,1.4422237873077393,1.4830795526504517,0.13070833683013916,0.003930067177861929,0.8999156951904297,1.012518048286438,-0.012086820788681507,-0.16869159042835236,-0.2134251445531845,-0.11024008691310883,2.103362560272217,1.442396879196167,1.6228086948394775,1.4701881408691406,-1.5025608539581299,1.0448707342147827,0.8407878875732422,-0.33316388726234436,-0.03446950763463974,-2.917149543762207,-2.384742021560669,0.10259192436933517,-1.248508095741272,0.7314901947975159,-2.5881733894348145,0.933183491230011
0.06299212574958801,0.6402871012687683,1.2348601818084717,1.3219600915908813,0.8772246241569519,2.3674724102020264,-0.44810059666633606,-0.3778439462184906,1.3978406190872192,-0.30543023347854614,-1.117356538772583,-1.0041929483413696,-0.8387971520423889,-0.02892233245074749,0.26836422085762024,1.1845788955688477,0.9622107744216919,0.747403621673584,-0.6603825092315674,-0.6252542734146118,0.2625879645347595,1.767147183418274,1.3611841201782227,1.417765736579895,1.5004630088806152,0.12700793147087097,0.006908088456839323,0.9023404717445374,1.0115894079208374,-0.012085605412721634,-0.1763944774866104,-0.2195076048374176,-0.11029581725597382,2.1007919311523438,1.4467298984527588,1.616044282913208,1.4727479219436646,-1.647977590560913,1.2218164205551147,0.9917899370193481,-0.31150034070014954,-0.023319773375988007,-2.936556100845337,-2.6522376537323,0.10452840477228165,-1.235932469367981,0.8810856938362122,-2.7484519481658936,0.9337925314903259
0.07086614519357681,0.6534056067466736,1.257305383682251,1.374701976776123,0.8726831078529358,2.3449227809906006,-0.3768162429332733,-0.3558731973171234,1.3940536975860596,-0.24612613022327423,-1.0183508396148682,-1.0606410503387451,-0.8242174386978149,-0.022362960502505302,0.27958688139915466,1.2109501361846924,0.9599403142929077,0.7361285090446472,-0.624740481376648,-0.6142690777778625,0.2606945037841797,1.7967993021011353,1.4106866121292114,1.3895413875579834,1.507753610610962,0.12259706109762192,0.011630073189735413,0.906154990196228,1.0107614994049072,-0.012125723995268345,-0.184138685464859,-0.22696278989315033,-0.11025067418813705,2.09832501411438,1.4533653259277344,1.608437418937683,1.4753891229629517,-1.6644235849380493,1.3641771078109741,1.1133537292480469,-0.3140309453010559,-0.014714077115058899,-2.927011728286743,-2.675978183746338,0.09011416137218475,-1.1957608461380005,1.1440128087997437,-2.772221088409424,0.9347766041755676
0.07874015718698502,0.6667863726615906,1.2797293663024902,1.4271851778030396,0.8684305548667908,2.3226304054260254,-0.3055723309516907,-0.33368051052093506,1.3906043767929077,-0.18686962127685547,-0.9198134541511536,-1.1168763637542725,-0.8097711801528931,-0.015672681853175163,0.29079896211624146,1.2371916770935059,0.9578142166137695,0.7249828577041626,-0.5891185998916626,-0.6031726002693176,0.2589697241783142,1.8264274597167969,1.4599552154541016,1.3614239692687988,1.5149766206741333,0.11818443238735199,0.0163615383207798,0.9099787473678589,1.0099321603775024,-0.012167873792350292,-0.19188234210014343,-0.23440465331077576,-0.11021090298891068,2.095860481262207,1.4600111246109009,1.6008301973342896,1.4780353307724,-1.680224895477295,1.5058870315551758,1.2343016862869263,-0.3162972629070282,-0.006301076617091894,-2.917423963546753,-2.698410987854004,0.07577250897884369,-1.1556105613708496,1.4037251472473145,-2.7959654331207275,0.9356848001480103
0.08661417663097382,0.6801669597625732,1.3021538257598877,1.4796684980392456,0.8641778826713562,2.3003385066986084,-0.234328493475914,-0.31148797273635864,1.3871545791625977,-0.1276131272315979,-0.8212761878967285,-1.1731114387512207,-0.7953250408172607,-0.008982401341199875,0.30201107263565063,1.2634332180023193,0.9556875824928284,0.7138369679450989,-0.5534965991973877,-0.5920764207839966,0.2572450041770935,1.856055736541748,1.5092239379882812,1.3333067893981934,1.5221996307373047,0.11377180367708206,0.021092994138598442,0.9138026833534241,1.0091031789779663,-0.012210018001496792,-0.19962595403194427,-0.24184651672840118,-0.11017113924026489,2.093395471572876,1.4666574001312256,1.593223214149475,1.4806809425354004,-1.6960268020629883,1.6475964784622192,1.355249285697937,-0.31856369972229004,0.0021119341254234314,-2.907837390899658,-2.720841407775879,0.06143082305788994,-1.1154600381851196,1.6634371280670166,-2.8197097778320312,0.9365931153297424
0.09448818862438202,0.6935474872589111,1.3245782852172852,1.5321521759033203,0.8599251508712769,2.2780463695526123,-0.16308462619781494,-0.28929534554481506,1.3837049007415771,-0.06835662573575974,-0.7227386236190796,-1.229346513748169,-0.7808787822723389,-0.0022921222262084484,0.3132231533527374,1.2896746397018433,0.9535611867904663,0.7026911377906799,-0.5178746581077576,-0.5809799432754517,0.255520224571228,1.885683536529541,1.5584927797317505,1.3051890134811401,1.529422402381897,0.10935916751623154,0.025824453681707382,0.9176264405250549,1.0082738399505615,-0.012252166867256165,-0.20736956596374512,-0.24928835034370422,-0.1101314052939415,2.0909314155578613,1.4733035564422607,1.5856163501739502,1.4833272695541382,-1.711828589439392,1.7893062829971313,1.476197361946106,-0.3208300471305847,0.01052494253963232,-2.8982505798339844,-2.7432732582092285,0.047089144587516785,-1.0753096342086792,1.9231486320495605,-2.8434550762176514,0.9375011324882507
0.10236220806837082,0.7069278955459595,1.3470020294189453,1.5846350193023682,0.855672299861908,2.25575590133667,-0.09184077382087708,-0.26710277795791626,1.3802554607391357,-0.009100125171244144,-0.6242011785507202,-1.2855818271636963,-0.766432523727417,0.004398155491799116,0.3244353234767914,1.3159165382385254,0.951434850692749,0.6915454268455505,-0.4822525978088379,-0.5698837041854858,0.2537955343723297,1.9153125286102295,1.6077615022659302,1.277071475982666,1.5366456508636475,0.1049465462565422,0.03055592253804207,0.9214500188827515,1.0074448585510254,-0.012294314801692963,-0.21511322259902954,-0.25673016905784607,-0.11009164154529572,2.0884666442871094,1.4799492359161377,1.5780091285705566,1.4859726428985596,-1.7276302576065063,1.9310160875320435,1.5971455574035645,-0.3230963945388794,0.01893794722855091,-2.888664484024048,-2.7657041549682617,0.03274746984243393,-1.0351594686508179,2.182860851287842,-2.867199182510376,0.9384092092514038
0.11023622006177902,0.7203086018562317,1.3694266080856323,1.6371184587478638,0.8514196872711182,2.233464241027832,-0.02059692144393921,-0.2449101060628891,1.3768061399459839,0.0501563735306263,-0.5256639719009399,-1.3418171405792236,-0.7519862651824951,0.011088435538113117,0.3356474041938782,1.3421579599380493,0.9493086934089661,0.6803998351097107,-0.4466307461261749,-0.5587871670722961,0.2520707845687866,1.944940447807312,1.6570302248001099,1.2489537000656128,1.5438686609268188,0.10053390264511108,0.03528737276792526,0.9252737164497375,1.0066157579421997,-0.012336461804807186,-0.22285687923431396,-0.2641720473766327,-0.11005187779664993,2.086003065109253,1.4865953922271729,1.5704022645950317,1.4886189699172974,-1.7434324026107788,2.072725772857666,1.7180930376052856,-0.32536277174949646,0.02735094726085663,-2.8790769577026367,-2.7881364822387695,0.018405796959996223,-0.995009183883667,2.4425735473632812,-2.890944242477417,0.9393176436424255
0.11811023950576782,0.7353202104568481,1.390101671218872,1.6826446056365967,0.8522579669952393,2.213332414627075,0.04659654200077057,-0.21559613943099976,1.3747202157974243,0.10298795253038406,-0.43675217032432556,-1.391886591911316,-0.7381730675697327,0.018594250082969666,0.3459850251674652,1.3649213314056396,0.9497277736663818,0.670333981513977,-0.4130341112613678,-0.5441303253173828,0.25102776288986206,1.9713557958602905,1.7014862298965454,1.2239189147949219,1.5507760047912598,0.09621411561965942,0.040227148681879044,0.9292945265769958,1.005800724029541,-0.012387688271701336,-0.23038452863693237,-0.27141955494880676,-0.1100543811917305,2.0835745334625244,1.493325114250183,1.5627909898757935,1.4912755489349365,-1.7451627254486084,2.2005133628845215,1.8301790952682495,-0.3236543834209442,0.0333888866007328,-2.849693536758423,-2.790684938430786,0.005651092156767845,-0.9610214233398438,2.6723079681396484,-2.913144826889038,0.9382491111755371
0.12598425149917603,0.7566319108009338,1.3991481065750122,1.6866422891616821,0.8829148411750793,2.2036499977111816,0.0912841260433197,-0.1405961662530899,1.3818607330322266,0.12086807191371918,-0.40484142303466797,-1.4044864177703857,-0.72878098487854,0.029250023886561394,0.3505081832408905,1.3669195175170898,0.9650562405586243,0.665492594242096,-0.39069029688835144,-0.5066304802894592,0.254597932100296,1.98029625415802,1.717441439628601,1.2176189422607422,1.555471420288086,0.09243068099021912,0.046424053609371185,0.9344544410705566,1.0050992965698242,-0.012487254105508327,-0.2362377643585205,-0.27672240138053894,-0.11017617583274841,2.0813064575195312,1.5007542371749878,1.5550971031188965,1.4939061403274536,-1.6646318435668945,2.2462241649627686,1.8845208883285522,-0.29729971289634705,0.025329042226076126,-2.6742143630981445,-2.592294216156006,0.0075644198805093765,-0.9600628614425659,2.7191853523254395,-2.9140541553497314,0.9240404367446899
0.13385826349258423,0.7755369544029236,1.406510829925537,1.6816259622573853,0.913050651550293,2.1965513229370117,0.1322607696056366,-0.0581807903945446,1.391029715538025,0.1345207542181015,-0.3856445848941803,-1.4098646640777588,-0.7182683944702148,0.03870263695716858,0.35418933629989624,1.3644119501113892,0.9801238775253296,0.6619433760643005,-0.3702020049095154,-0.46542277932167053,0.25918248295783997,1.987122654914856,1.7270398139953613,1.214929223060608,1.5607279539108276,0.08878245949745178,0.0527542307972908,0.9398356080055237,1.004457950592041,-0.012615174055099487,-0.24160970747470856,-0.28122055530548096,-0.11027096956968307,2.079129457473755,1.5083807706832886,1.5473411083221436,1.4964772462844849,-1.5761332511901855,2.27496075630188,1.9228837490081787,-0.2733066976070404,0.013700651936233044,-2.4669220447540283,-2.324878454208374,0.010750106535851955,-0.9545653462409973,2.7371432781219482,-2.9110360145568848,0.9145066142082214
0.14173229038715363,0.7940229177474976,1.4139500856399536,1.676634430885315,0.9424546360969543,2.1897459030151367,0.17314352095127106,0.023948101326823235,1.4002188444137573,0.1480793058872223,-0.36702489852905273,-1.4151614904403687,-0.7078027129173279,0.04794565215706825,0.3579091727733612,1.3619160652160645,0.994826078414917,0.6585404872894287,-0.34976059198379517,-0.4243582785129547,0.26377707719802856,1.9939017295837402,1.7363492250442505,1.212281584739685,1.5659611225128174,0.08513535559177399,0.05908021330833435,0.9452117085456848,1.0038201808929443,-0.012744064442813396,-0.2469359040260315,-0.2856091558933258,-0.11036963015794754,2.076950788497925,1.5160077810287476,1.5395923852920532,1.499051570892334,-1.4881597757339478,2.302605628967285,1.9601202011108398,-0.24914154410362244,0.001756644225679338,-2.2556798458099365,-2.053739309310913,0.014722696505486965,-0.9491499662399292,2.755101203918457,-2.906986713409424,0.9045617580413818
0.14960630238056183,0.8125090003013611,1.4213893413543701,1.671642541885376,0.97185879945755,2.1829400062561035,0.2140262871980667,0.10607700794935226,1.4094078540802002,0.16163787245750427,-0.3484048843383789,-1.4204580783843994,-0.6973370909690857,0.05718868225812912,0.3616289794445038,1.3594199419021606,1.0095281600952148,0.6551379561424255,-0.32931920886039734,-0.38329383730888367,0.2683716416358948,2.000681161880493,1.7456601858139038,1.209633231163025,1.5711936950683594,0.08148831874132156,0.0654061958193779,0.9505873322486877,1.0031825304031372,-0.012872958555817604,-0.25226205587387085,-0.2899979054927826,-0.110468290746212,2.0747721195220947,1.523634910583496,1.531843900680542,1.501625418663025,-1.4001866579055786,2.330249547958374,1.9973561763763428,-0.22497622668743134,-0.010187368839979172,-2.0444369316101074,-1.7826008796691895,0.018695291131734848,-0.9437344074249268,2.7730581760406494,-2.9029369354248047,0.8946171998977661
0.15748031437397003,0.8309948444366455,1.4288288354873657,1.666650652885437,1.00126314163208,2.1761348247528076,0.25490906834602356,0.18820589780807495,1.418596863746643,0.17519642412662506,-0.32978516817092896,-1.4257547855377197,-0.6868711709976196,0.0664316713809967,0.3653486669063568,1.3569239377975464,1.0242303609848022,0.6517350673675537,-0.3088778555393219,-0.3422293961048126,0.27296626567840576,2.007460117340088,1.754969835281372,1.206984519958496,1.576426386833191,0.07784122973680496,0.07173216342926025,0.9559633135795593,1.0025452375411987,-0.013001850806176662,-0.25758829712867737,-0.29438653588294983,-0.11056695133447647,2.0725934505462646,1.531261920928955,1.5240954160690308,1.504199504852295,-1.31221342086792,2.3578941822052,2.034592628479004,-0.2008110135793686,-0.02213137596845627,-1.8331941366195679,-1.5114613771438599,0.022667886689305305,-0.9383190870285034,2.7910165786743164,-2.8988876342773438,0.8846724629402161
0.16535432636737823,0.8494810461997986,1.4362680912017822,1.6616591215133667,1.0306670665740967,2.169329881668091,0.29579177498817444,0.2703348398208618,1.4277862310409546,0.18875499069690704,-0.3111651837825775,-1.4310513734817505,-0.6764058470726013,0.07567469030618668,0.36906832456588745,1.3544282913208008,1.0389324426651,0.6483325958251953,-0.2884364426136017,-0.3011649250984192,0.277560830116272,2.014239549636841,1.7642791271209717,1.2043366432189941,1.581659197807312,0.07419416308403015,0.0780581384897232,0.9613392353057861,1.0019077062606812,-0.01313074305653572,-0.2629145681858063,-0.2987752854824066,-0.11066560447216034,2.0704145431518555,1.5388888120651245,1.5163472890853882,1.506773829460144,-1.2242400646209717,2.3855385780334473,2.071828842163086,-0.17664581537246704,-0.03407538682222366,-1.6219515800476074,-1.2403223514556885,0.026640482246875763,-0.932903528213501,2.808974266052246,-2.894838571548462,0.8747273683547974
0.17322835326194763,0.8645166754722595,1.4447801113128662,1.6567398309707642,1.056451439857483,2.1642186641693115,0.33555740118026733,0.3521100878715515,1.437261700630188,0.20189495384693146,-0.29609304666519165,-1.435814619064331,-0.6661035418510437,0.08319257199764252,0.37332406640052795,1.3519686460494995,1.0518244504928589,0.6457770466804504,-0.26855355501174927,-0.26027724146842957,0.2822982668876648,2.0208094120025635,1.7718157768249512,1.201954960823059,1.5868103504180908,0.07056702673435211,0.08437307924032211,0.9667141437530518,1.001269817352295,-0.01325919944792986,-0.2679554224014282,-0.30257806181907654,-0.11078035831451416,2.0682356357574463,1.546502947807312,1.508631944656372,1.5093587636947632,-1.1465171575546265,2.4080216884613037,2.1026175022125244,-0.15476572513580322,-0.04575903341174126,-1.4038468599319458,-0.9375431537628174,0.03121861070394516,-0.9272390604019165,2.825519561767578,-2.8863885402679443,0.8657827973365784
0.18110236525535583,0.8587901592254639,1.4590867757797241,1.6516159772872925,1.0568896532058716,2.1687393188476562,0.36295247077941895,0.4243110120296478,1.4468227624893188,0.21165266633033752,-0.3090098202228546,-1.4342554807662964,-0.6566103100776672,0.0803292840719223,0.3804776072502136,1.3494065999984741,1.0520436763763428,0.6480373740196228,-0.2548561096191406,-0.22417683899402618,0.2870790362358093,2.0256881713867188,1.7653568983078003,1.202734112739563,1.5915570259094238,0.06705965101718903,0.0905584841966629,0.9720221757888794,1.0006076097488403,-0.013442829251289368,-0.2709682285785675,-0.3023986518383026,-0.11093679815530777,2.066054582595825,1.5535480976104736,1.5011217594146729,1.512002944946289,-1.1299949884414673,2.390449285507202,2.094895124435425,-0.15324042737483978,-0.060730304569005966,-1.169256567955017,-0.5127748847007751,0.031119689345359802,-0.9157512187957764,2.7832062244415283,-2.8527896404266357,0.8703871369361877
0.18897637724876404,0.8383018374443054,1.477452278137207,1.6465325355529785,1.038834571838379,2.179837942123413,0.3806569278240204,0.48780831694602966,1.4559111595153809,0.21893900632858276,-0.3427014648914337,-1.4278455972671509,-0.6478054523468018,0.07008512318134308,0.38966017961502075,1.3468650579452515,1.043015956878662,0.6535870432853699,-0.24600382149219513,-0.1924280822277069,0.29162323474884033,2.029332160949707,1.7485113143920898,1.205939531326294,1.5959593057632446,0.06363718211650848,0.09662935882806778,0.9772739410400391,0.9999237060546875,-0.013674990274012089,-0.2724795341491699,-0.29927682876586914,-0.11112277954816818,2.0638744831085205,1.560086727142334,1.4937819242477417,1.5146938562393188,-1.1571773290634155,2.34308123588562,2.0590124130249023,-0.16681434214115143,-0.07879293709993362,-0.9266848564147949,-0.0120693976059556,0.026682475581765175,-0.899230420589447,2.6893417835235596,-2.7994942665100098,0.8855639696121216
0.19685038924217224,0.8147314786911011,1.4964739084243774,1.6422920227050781,1.0153279304504395,2.1912529468536377,0.39321479201316833,0.5424192547798157,1.4628623723983765,0.225521057844162,-0.3836684823036194,-1.4192653894424438,-0.639630138874054,0.058299846947193146,0.39917105436325073,1.3447448015213013,1.0312628746032715,0.6592940092086792,-0.23972497880458832,-0.16512268781661987,0.29509878158569336,2.0326223373413086,1.7280277013778687,1.2102296352386475,1.60004723072052,0.060231730341911316,0.10259032994508743,0.9824813604354858,0.9992189407348633,-0.01394986268132925,-0.27346304059028625,-0.2951268255710602,-0.1113203912973404,2.0617105960845947,1.5661448240280151,1.4865777492523193,1.5174130201339722,-1.1943210363388062,2.284961462020874,2.0139949321746826,-0.18546162545681,-0.10012109577655792,-0.6953702569007874,0.46686071157455444,0.018000531941652298,-0.8784113526344299,2.549779176712036,-2.734463691711426,0.9060601592063904
0.20472441613674164,0.7911787033081055,1.5154436826705933,1.6380484104156494,0.991684079170227,2.2025306224823,0.40530264377593994,0.596431314945221,1.4697844982147217,0.23192201554775238,-0.4249667227268219,-1.4106351137161255,-0.6314904093742371,0.04652345925569534,0.40865612030029297,1.3426226377487183,1.0194408893585205,0.6649327874183655,-0.23368102312088013,-0.13811668753623962,0.29855987429618835,2.035822868347168,1.7073787450790405,1.214544415473938,1.6041167974472046,0.05682394653558731,0.10853487998247147,0.987674355506897,0.9985153079032898,-0.014228368178009987,-0.2744191288948059,-0.2909514605998993,-0.11151959747076035,2.0595476627349854,1.5721429586410522,1.479398488998413,1.5201363563537598,-1.2316303253173828,2.226254940032959,1.9677708148956299,-0.20437930524349213,-0.12132378667593002,-0.4663727283477783,0.9417685866355896,0.008964095264673233,-0.8576408624649048,2.405202865600586,-2.668734073638916,0.9268690943717957
0.21259842813014984,0.7676376104354858,1.5343796014785767,1.6338027715682983,0.9679483771324158,2.2137181758880615,0.4170772135257721,0.6500440835952759,1.4766870737075806,0.2382023185491562,-0.46648573875427246,-1.4019722938537598,-0.6233747601509094,0.0347529761493206,0.4181239604949951,1.3405002355575562,1.0075730085372925,0.6705265641212463,-0.22779370844364166,-0.1113102063536644,0.3020113408565521,2.0389633178710938,1.6866191625595093,1.2188761234283447,1.6081746816635132,0.053414613008499146,0.11446844786405563,0.9928573369979858,0.9978131055831909,-0.014509286731481552,-0.2753570079803467,-0.2867588400840759,-0.11171993613243103,2.057384967803955,1.5781006813049316,1.472235083580017,1.5228614807128906,-1.2690491676330566,2.1671571731567383,1.9207429885864258,-0.22347722947597504,-0.14244283735752106,-0.23891974985599518,1.4139951467514038,-0.0003086513315793127,-0.8369032144546509,2.257282018661499,-2.6025402545928955,0.9478861689567566
0.22047244012355804,0.7440967559814453,1.553315281867981,1.6295571327209473,0.9442126750946045,2.224905014038086,0.4288518726825714,0.7036570310592651,1.4835902452468872,0.24448265135288239,-0.5080047845840454,-1.3933091163635254,-0.6152591109275818,0.022982489317655563,0.4275917112827301,1.3383773565292358,0.9957051873207092,0.6761201620101929,-0.2219063639640808,-0.08450376242399216,0.3054627478122711,2.0421030521392822,1.6658596992492676,1.2232073545455933,1.6122324466705322,0.05000527575612068,0.12040205299854279,0.9980403780937195,0.9971106052398682,-0.014790220186114311,-0.2762948274612427,-0.28256621956825256,-0.11192028224468231,2.055222272872925,1.5840587615966797,1.4650721549987793,1.5255866050720215,-1.3064683675765991,2.108058214187622,1.873714804649353,-0.24257507920265198,-0.1635618656873703,-0.011466795578598976,1.8862215280532837,-0.009581406600773335,-0.816165030002594,2.1093626022338867,-2.5363471508026123,0.9689036011695862
0.22834645211696625,0.7224456667900085,1.5717250108718872,1.626137614250183,0.9211931228637695,2.233891010284424,0.4378120005130768,0.7510353326797485,1.48896062374115,0.25020161271095276,-0.550991952419281,-1.3840974569320679,-0.6075794696807861,0.012157010845839977,0.43679678440093994,1.336667776107788,0.9841954708099365,0.6806134581565857,-0.2174263298511505,-0.06081458926200867,0.30814802646636963,2.0449631214141846,1.6443657875061035,1.2278133630752563,1.616072654724121,0.04657047241926193,0.1262294203042984,1.0031437873840332,0.996386706829071,-0.01510677207261324,-0.2770983576774597,-0.2781115472316742,-0.11214792728424072,2.0530905723571777,1.589624285697937,1.4580832719802856,1.5283442735671997,-1.340734839439392,2.044612407684326,1.8229701519012451,-0.2623761296272278,-0.18618689477443695,0.1989227831363678,2.3225502967834473,-0.020684760063886642,-0.7941141724586487,1.9309399127960205,-2.4638679027557373,0.9911199808120728
0.23622047901153564,0.7034708857536316,1.5895140171051025,1.6238359212875366,0.9000838994979858,2.239655017852783,0.44278809428215027,0.789827287197113,1.4924004077911377,0.25464847683906555,-0.595126211643219,-1.3744773864746094,-0.6009950637817383,0.0026696098502725363,0.4456911087036133,1.3355168104171753,0.9736408591270447,0.6834949851036072,-0.21493828296661377,-0.04141860827803612,0.30986785888671875,2.0471863746643066,1.6222987174987793,1.2326233386993408,1.6193647384643555,0.043089188635349274,0.13187231123447418,1.0080986022949219,0.9956248998641968,-0.015476339496672153,-0.2776828110218048,-0.2732528746128082,-0.1124158501625061,2.0510005950927734,1.594431757926941,1.4513646364212036,1.5311551094055176,-1.3707175254821777,1.9749634265899658,1.7671782970428467,-0.2824094593524933,-0.20935340225696564,0.38250532746315,2.7059996128082275,-0.03411499783396721,-0.7711517214775085,1.7090970277786255,-2.3808481693267822,1.014318823814392
0.24409449100494385,0.7005171775817871,1.6037683486938477,1.6281439065933228,0.8917662501335144,2.2259626388549805,0.4239155352115631,0.7775807976722717,1.484643816947937,0.25075763463974,-0.6447169780731201,-1.3629753589630127,-0.6016889214515686,0.0011927211889997125,0.45281851291656494,1.3376706838607788,0.9694818258285522,0.6766490936279297,-0.22437451779842377,-0.047541938722133636,0.3059895932674408,2.045240640640259,1.5975035429000854,1.2383743524551392,1.6190176010131836,0.03931397572159767,0.1363585889339447,1.0121116638183594,0.9946264624595642,-0.016167135909199715,-0.27691277861595154,-0.265925794839859,-0.11292745172977448,2.0491530895233154,1.594389796257019,1.4462969303131104,1.5342903137207031,-1.375329852104187,1.8681145906448364,1.6814968585968018,-0.30267852544784546,-0.23335446417331696,0.40159928798675537,2.7697696685791016,-0.06107404828071594,-0.7441679835319519,1.2269785404205322,-2.2322463989257812,1.0423134565353394
0.25196850299835205,0.6977737545967102,1.618389368057251,1.6327085494995117,0.8841516375541687,2.2125134468078613,0.40425917506217957,0.7647135853767395,1.4774773120880127,0.2458430677652359,-0.6939443349838257,-1.3518887758255005,-0.602570116519928,-0.00017903521074913442,0.4601289927959442,1.3399529457092285,0.965674638748169,0.6699245572090149,-0.23420272767543793,-0.05397552624344826,0.3024062216281891,2.042783498764038,1.572890043258667,1.2439175844192505,1.6185766458511353,0.03553590178489685,0.140767902135849,1.0160540342330933,0.9936147928237915,-0.01686621829867363,-0.2760755717754364,-0.2585083246231079,-0.11345679312944412,2.0473320484161377,1.5940343141555786,1.4413539171218872,1.5374506711959839,-1.380303144454956,1.7608323097229004,1.5934525728225708,-0.3228887617588043,-0.2544804811477661,0.41362595558166504,2.8212132453918457,-0.08824798464775085,-0.7198129296302795,0.740561306476593,-2.079697608947754,1.0704872608184814
0.25984251499176025,0.6956608295440674,1.6341115236282349,1.6380438804626465,0.8786457180976868,2.1997921466827393,0.3822512626647949,0.749984622001648,1.472080111503601,0.23785725235939026,-0.7420820593833923,-1.342047929763794,-0.6040135622024536,-0.0012353974161669612,0.46799010038375854,1.3426204919815063,0.962921679019928,0.66356360912323,-0.24520672857761383,-0.06133992597460747,0.29970768094062805,2.0387914180755615,1.5488208532333374,1.248837947845459,1.617855429649353,0.03174925968050957,0.14494623243808746,1.019787311553955,0.9925631880760193,-0.017590118572115898,-0.27503645420074463,-0.2508198022842407,-0.11403943598270416,2.045591115951538,1.5927388668060303,1.4367852210998535,1.540684461593628,-1.3863617181777954,1.6522525548934937,1.4983196258544922,-0.34292274713516235,-0.2669813930988312,0.4044511020183563,2.835672378540039,-0.11606667935848236,-0.7033443450927734,0.24124915897846222,-1.9153088331222534,1.099198818206787
0.26771652698516846,0.693531334400177,1.6498444080352783,1.6433604955673218,0.8731557130813599,2.18709659576416,0.36030229926109314,0.7353415489196777,1.4667195081710815,0.22983954846858978,-0.7901855707168579,-1.3322432041168213,-0.6054693460464478,-0.0023001970257610083,0.47585636377334595,1.3452790975570679,0.9601767063140869,0.6572157144546509,-0.25618112087249756,-0.06866143643856049,0.29702743887901306,2.0347821712493896,1.5247695446014404,1.253740668296814,1.6171278953552246,0.027961142361164093,0.1491197645664215,1.0235118865966797,0.9915109276771545,-0.018312275409698486,-0.27399584650993347,-0.24313296377658844,-0.11462268978357315,2.0438475608825684,1.5914323329925537,1.4322214126586914,1.5439201593399048,-1.392408847808838,1.5436630249023438,1.4033873081207275,-0.36309829354286194,-0.27918705344200134,0.3952149748802185,2.8495430946350098,-0.14389103651046753,-0.6871511936187744,-0.25709328055381775,-1.750837802886963,1.1278836727142334
0.27559053897857666,0.6912919878959656,1.6656461954116821,1.648560643196106,0.8677680492401123,2.174565553665161,0.33873775601387024,0.72125643491745,1.4615980386734009,0.22161458432674408,-0.8380666375160217,-1.3226735591888428,-0.6070055961608887,-0.00341984024271369,0.4837571680545807,1.34787917137146,0.9574826955795288,0.65095055103302,-0.2669633626937866,-0.07570403814315796,0.2944665551185608,2.030669689178467,1.500828504562378,1.2585253715515137,1.6163593530654907,0.024163533002138138,0.15326154232025146,1.0271832942962646,0.9904543161392212,-0.01902306266129017,-0.2729456126689911,-0.23545747995376587,-0.1152101680636406,2.0420894622802734,1.590049147605896,1.427690029144287,1.5471621751785278,-1.3983861207962036,1.4350059032440186,1.3097572326660156,-0.3841940760612488,-0.2894733250141144,0.38558146357536316,2.859576940536499,-0.17175264656543732,-0.6727473735809326,-0.749131441116333,-1.5858272314071655,1.1563974618911743
0.28346458077430725,0.687744140625,1.6815143823623657,1.6523913145065308,0.8623192310333252,2.1634483337402344,0.3192959129810333,0.7111116647720337,1.4577196836471558,0.21194253861904144,-0.8850117921829224,-1.3142240047454834,-0.6085629463195801,-0.005193658173084259,0.4916912317276001,1.349794626235962,0.9547582864761353,0.6453917622566223,-0.27668434381484985,-0.08077647536993027,0.29252752661705017,2.0258336067199707,1.4773566722869873,1.262750267982483,1.6155802011489868,0.020333554595708847,0.15726561844348907,1.0306367874145508,0.9893791675567627,-0.019713209941983223,-0.2718660533428192,-0.22778020799160004,-0.11582660675048828,2.040304660797119,1.5882633924484253,1.4233317375183105,1.55043625831604,-1.4062554836273193,1.3258411884307861,1.2129100561141968,-0.4051790237426758,-0.2947516441345215,0.3800201117992401,2.869145393371582,-0.19830387830734253,-0.6633837223052979,-1.221875786781311,-1.423566460609436,1.1838451623916626
0.29133859276771545,0.683693528175354,1.6974079608917236,1.6556957960128784,0.8568469285964966,2.1528737545013428,0.30067044496536255,0.7024824023246765,1.4543190002441406,0.20171403884887695,-0.931597113609314,-1.3062059879302979,-0.6101287007331848,-0.007219079416245222,0.49963825941085815,1.3514463901519775,0.9520223140716553,0.6401045322418213,-0.28599706292152405,-0.08509113639593124,0.2908273935317993,2.020719051361084,1.4540636539459229,1.2667592763900757,1.6147977113723755,0.01649112068116665,0.16121673583984375,1.0340063571929932,0.988296627998352,-0.02039540931582451,-0.27077528834342957,-0.22010231018066406,-0.1164541095495224,2.0385096073150635,1.5863221883773804,1.4190398454666138,1.5537225008010864,-1.414853811264038,1.2164809703826904,1.1148251295089722,-0.42612138390541077,-0.29810386896133423,0.3760252594947815,2.878535270690918,-0.22435115277767181,-0.6559581756591797,-1.6871997117996216,-1.262363076210022,1.2108837366104126
0.29921260476112366,0.6717379093170166,1.7129536867141724,1.6488839387893677,0.8492915630340576,2.1530184745788574,0.29990077018737793,0.725188136100769,1.4610835313796997,0.1819409430027008,-0.971497118473053,-1.3060625791549683,-0.6110077500343323,-0.013196771033108234,0.5074107646942139,1.3480406999588013,0.9482445120811462,0.6401768326759338,-0.2863819897174835,-0.073738232254982,0.29420945048332214,2.0108325481414795,1.434113621711731,1.2668308019638062,1.6143580675125122,0.012424720451235771,0.1640588939189911,1.0357542037963867,0.9870933890342712,-0.020857805386185646,-0.26929619908332825,-0.2124577760696411,-0.11721254885196686,2.0364155769348145,1.5814392566680908,1.416243076324463,1.5571796894073486,-1.4347636699676514,1.1041394472122192,0.9776721000671387,-0.44527968764305115,-0.26272648572921753,0.41155365109443665,2.857234477996826,-0.23838914930820465,-0.6874592304229736,-1.9653066396713257,-1.1257777214050293,1.2279542684555054
0.30708661675453186,0.6554712653160095,1.728309154510498,1.6365538835525513,0.8405999541282654,2.1590099334716797,0.3088705837726593,0.7649859189987183,1.4733912944793701,0.15696179866790771,-1.0077509880065918,-1.3102147579193115,-0.6115124225616455,-0.02133023552596569,0.515088677406311,1.3418755531311035,0.943898618221283,0.643172562122345,-0.28189709782600403,-0.05383937805891037,0.3003633916378021,1.9983431100845337,1.4159865379333496,1.264754295349121,1.614106297492981,0.008236153051257133,0.1662960946559906,1.036617636680603,0.9858242869377136,-0.02120029553771019,-0.2676054537296295,-0.2048315405845642,-0.11804229766130447,2.0341579914093018,1.5749515295028687,1.414262056350708,1.560729742050171,-1.4608429670333862,0.9901720285415649,0.8192093968391418,-0.4634649157524109,-0.20622389018535614,0.46864017844200134,2.819194793701172,-0.24587666988372803,-0.7401924729347229,-2.1412956714630127,-1.0026212930679321,1.239587426185608
0.31496062874794006,0.6391940116882324,1.7436679601669312,1.6235508918762207,0.8322203755378723,2.1655802726745605,0.31870412826538086,0.8066657185554504,1.486465334892273,0.13135120272636414,-1.0438591241836548,-1.3149181604385376,-0.612110435962677,-0.029468834400177002,0.5227679014205933,1.3353739976882935,0.939708948135376,0.6464577913284302,-0.27698034048080444,-0.03299958258867264,0.30690038204193115,1.9855377674102783,1.397932529449463,1.2624030113220215,1.613806962966919,0.004022105131298304,0.1684277355670929,1.0373157262802124,0.9845340251922607,-0.021487867459654808,-0.2658822536468506,-0.19728705286979675,-0.11888909339904785,2.031843423843384,1.5682542324066162,1.412420392036438,1.5642948150634766,-1.4864479303359985,0.8769757151603699,0.6574730277061462,-0.4834597408771515,-0.14333665370941162,0.524011492729187,2.762519359588623,-0.2532646059989929,-0.7994148135185242,-2.3000600337982178,-0.8784387111663818,1.2499899864196777
0.32283464074134827,0.622894287109375,1.7590335607528687,1.6090675592422485,0.82452791929245,2.1734230518341064,0.3304380178451538,0.8524852991104126,1.5012248754501343,0.10435134917497635,-1.0796475410461426,-1.3208346366882324,-0.6129131317138672,-0.03761870786547661,0.5304508805274963,1.3281328678131104,0.9358625411987305,0.6503795385360718,-0.2711133360862732,-0.010089666582643986,0.31428006291389465,1.9720377922058105,1.3800386190414429,1.2594449520111084,1.613405466079712,-0.00024800500250421464,0.17032694816589355,1.0376510620117188,0.9831971526145935,-0.021654604002833366,-0.2640877068042755,-0.18992239236831665,-0.11977332085371017,2.0293991565704346,1.5610957145690918,1.4108843803405762,1.5678924322128296,-1.5110074281692505,0.7654752731323242,0.4885340929031372,-0.5074353218078613,-0.06640356779098511,0.5756089687347412,2.664841890335083,-0.2604331970214844,-0.8729128241539001,-2.4209330081939697,-0.7519997954368591,1.2576849460601807
0.33070865273475647,0.6065946221351624,1.7743991613388062,1.5945847034454346,0.8168354630470276,2.1812667846679688,0.34217187762260437,0.8983049392700195,1.5159846544265747,0.07735148072242737,-1.1154357194900513,-1.3267507553100586,-0.6137158870697021,-0.04576856642961502,0.5381337404251099,1.3208906650543213,0.9320167303085327,0.654301106929779,-0.2652463912963867,0.01282025221735239,0.32165980339050293,1.9585381746292114,1.3621442317962646,1.256486415863037,1.6130040884017944,-0.004518114496022463,0.1722261756658554,1.0379866361618042,0.9818600416183472,-0.02182135172188282,-0.26229315996170044,-0.18255770206451416,-0.1206575408577919,2.0269551277160645,1.553937554359436,1.4093482494354248,1.5714905261993408,-1.5355669260025024,0.6539750695228577,0.3195952773094177,-0.5314110517501831,0.01052951067686081,0.6272065043449402,2.5671651363372803,-0.26760199666023254,-0.9464107155799866,-2.5418059825897217,-0.6255608797073364,1.265381097793579
0.3385826647281647,0.5912609696388245,1.7898565530776978,1.580166220664978,0.8107759356498718,2.188314914703369,0.35340872406959534,0.9430235028266907,1.5313763618469238,0.0506049245595932,-1.1513087749481201,-1.3326683044433594,-0.615209698677063,-0.053435299545526505,0.5458623766899109,1.3136813640594482,0.9289867281913757,0.657825231552124,-0.25962793827056885,0.03517943620681763,0.32935601472854614,1.945164442062378,1.3442076444625854,1.2535279989242554,1.612257480621338,-0.008794444613158703,0.17399713397026062,1.0382592678070068,0.9804904460906982,-0.021924540400505066,-0.2604622542858124,-0.17533570528030396,-0.12150662392377853,2.02439546585083,1.546748161315918,1.4079123735427856,1.5750610828399658,-1.5581308603286743,0.5449909567832947,0.15839241445064545,-0.5541568398475647,0.08362438529729843,0.6768827438354492,2.46189022064209,-0.2693369686603546,-1.0216783285140991,-2.6511425971984863,-0.5061274170875549,1.2689623832702637
0.34645670652389526,0.576410710811615,1.80535888671875,1.5657790899276733,0.805532693862915,2.194965124130249,0.36439719796180725,0.9871911406517029,1.5470856428146362,0.023985009640455246,-1.1872241497039795,-1.3385860919952393,-0.6170485019683838,-0.060860488563776016,0.5536136031150818,1.3064883947372437,0.9263653755187988,0.6611505150794983,-0.2541336715221405,0.05726323276758194,0.3372103273868561,1.9318548440933228,1.3262503147125244,1.2505691051483154,1.6113377809524536,-0.013073884882032871,0.17570404708385468,1.038500189781189,0.9791043996810913,-0.021995972841978073,-0.25861331820487976,-0.1681850701570511,-0.12233807891607285,2.0217790603637695,1.5395430326461792,1.4065258502960205,1.5786175727844238,-1.5796972513198853,0.4372655153274536,0.0010575526393949986,-0.5762876868247986,0.1548001617193222,0.7255985736846924,2.352816104888916,-0.2683548927307129,-1.0978307723999023,-2.7547104358673096,-0.3901967704296112,1.2704864740371704
0.35433071851730347,0.56315016746521,1.8212827444076538,1.5508298873901367,0.802814245223999,2.200676441192627,0.37392657995224,1.0295541286468506,1.5645062923431396,-0.003065047785639763,-1.2247588634490967,-1.3444106578826904,-0.6199482083320618,-0.06749077886343002,0.5615755915641785,1.2990134954452515,0.9250059723854065,0.6640061140060425,-0.24936909973621368,0.078444704413414,0.3459208905696869,1.9183298349380493,1.3074824810028076,1.2476569414138794,1.609887957572937,-0.017378129065036774,0.17715057730674744,1.038580060005188,0.9775858521461487,-0.021876225247979164,-0.2567408084869385,-0.16168588399887085,-0.1231164038181305,2.0188167095184326,1.5323148965835571,1.405524492263794,1.5821231603622437,-1.598199725151062,0.3341757655143738,-0.13603843748569489,-0.6045355200767517,0.21854357421398163,0.7620890736579895,2.216777801513672,-0.2585824728012085,-1.1865423917770386,-2.8343586921691895,-0.2666608393192291,1.265999674797058
0.36220473051071167,0.5573079586029053,1.8391717672348022,1.53325617313385,0.8118776082992554,2.2020020484924316,0.3766463100910187,1.0634955167770386,1.589917540550232,-0.03212245553731918,-1.2698513269424438,-1.3498011827468872,-0.6277973055839539,-0.07041187584400177,0.5705201029777527,1.2902268171310425,0.9295375347137451,0.6646682024002075,-0.2480091154575348,0.09541541337966919,0.3586263060569763,1.9038008451461792,1.284936785697937,1.2449613809585571,1.6059635877609253,-0.02179809659719467,0.17738217115402222,1.037908673286438,0.9754480719566345,-0.02086433582007885,-0.25475865602493286,-0.15822701156139374,-0.12364666163921356,2.014244318008423,1.524977684020996,1.406319499015808,1.5853885412216187,-1.602403163909912,0.2527194321155548,-0.17868590354919434,-0.6613301038742065,0.247602641582489,0.7415273189544678,1.9549062252044678,-0.20778799057006836,-1.3338623046875,-2.802372455596924,-0.10763344913721085,1.233460783958435
0.3700787425041199,0.5514658689498901,1.8570603132247925,1.515682578086853,0.820941150188446,2.2033257484436035,0.3793661892414093,1.097436785697937,1.615328311920166,-0.061179887503385544,-1.3149439096450806,-1.3551921844482422,-0.6356462836265564,-0.07333295792341232,0.5794645547866821,1.281440019607544,0.9340693354606628,0.6653305292129517,-0.24664925038814545,0.11238610744476318,0.3713319003582001,1.8892720937728882,1.262390375137329,1.242266058921814,1.602038860321045,-0.026218069717288017,0.17761382460594177,1.0372376441955566,0.9733108282089233,-0.01985243894159794,-0.2527768015861511,-0.15476812422275543,-0.12417691200971603,2.009671926498413,1.5176408290863037,1.4071143865585327,1.588654637336731,-1.6066070795059204,0.17126311361789703,-0.22133338451385498,-0.7181243896484375,0.2766616940498352,0.7209657430648804,1.6930344104766846,-0.1569935381412506,-1.4811832904815674,-2.770386219024658,0.051394008100032806,1.2009224891662598
0.3779527544975281,0.5455129742622375,1.875238299369812,1.4970431327819824,0.830696165561676,2.2040152549743652,0.385359525680542,1.1352542638778687,1.6449061632156372,-0.08998753130435944,-1.361358642578125,-1.3586270809173584,-0.6450722217559814,-0.07630935311317444,0.5885530710220337,1.272120475769043,0.9389468431472778,0.6656752824783325,-0.24365252256393433,0.13129477202892303,0.38612085580825806,1.8748685121536255,1.239182949066162,1.2405486106872559,1.5973261594772339,-0.030655574053525925,0.1777668595314026,1.0364903211593628,0.971142590045929,-0.018802326172590256,-0.25052687525749207,-0.1516217440366745,-0.12455276399850845,2.0049514770507812,1.5103415250778198,1.4081289768218994,1.5918248891830444,-1.612630844116211,0.0919216126203537,-0.2559297978878021,-0.7700243592262268,0.2924147844314575,0.7252129912376404,1.4570729732513428,-0.09134884178638458,-1.624482274055481,-2.728670835494995,0.19804736971855164,1.1601738929748535
0.3858267664909363,0.5393758416175842,1.8938956260681152,1.476627230644226,0.8416045904159546,2.203645944595337,0.396808385848999,1.1795315742492676,1.6814295053482056,-0.11837887763977051,-1.4099771976470947,-1.3588007688522339,-0.6571261882781982,-0.07937799394130707,0.5978818535804749,1.2619128227233887,0.9444011449813843,0.6654907464981079,-0.2379281371831894,0.1534334123134613,0.4043823182582855,1.8606728315353394,1.2148734331130981,1.2404617071151733,1.5912989377975464,-0.03512231260538101,0.17778915166854858,1.035616397857666,0.9689234495162964,-0.017688488587737083,-0.2478305548429489,-0.14899630844593048,-0.12467127293348312,1.9999839067459106,1.5031055212020874,1.4095091819763184,1.5948351621627808,-1.6216875314712524,0.01610487699508667,-0.2771076560020447,-0.8137657642364502,0.28599128127098083,0.7708088755607605,1.2642953395843506,-0.0009538618614897132,-1.7610795497894287,-2.670740842819214,0.32407721877098083,1.1057428121566772
0.3937007784843445,0.5328883528709412,1.9123238325119019,1.456457257270813,0.852023184299469,2.202911138534546,0.41006192564964294,1.2245802879333496,1.7186765670776367,-0.14530552923679352,-1.4574600458145142,-1.3578972816467285,-0.6696059107780457,-0.08262165635824203,0.6070958971977234,1.251827359199524,0.9496104717254639,0.6651231646537781,-0.23130139708518982,0.1759577840566635,0.42300599813461304,1.847209095954895,1.1911325454711914,1.2409132719039917,1.5850592851638794,-0.03960314393043518,0.177756205201149,1.034724473953247,0.9666801691055298,-0.016596375033259392,-0.24504856765270233,-0.14658260345458984,-0.12468361854553223,1.9949461221694946,1.495931625366211,1.4109482765197754,1.5977736711502075,-1.632218360900879,-0.056992676109075546,-0.29845091700553894,-0.8573737740516663,0.2759800851345062,0.8253967761993408,1.0773446559906006,0.09408044070005417,-1.8930381536483765,-2.608961820602417,0.4500458240509033,1.0482358932495117
0.4015747904777527,0.5261447429656982,1.9305129051208496,1.436463713645935,0.861891508102417,2.2019498348236084,0.42442676424980164,1.2699178457260132,1.7560594081878662,-0.17126862704753876,-1.5040931701660156,-1.3563416004180908,-0.6823108196258545,-0.0859934389591217,0.6161907315254211,1.2418310642242432,0.9545446634292603,0.664642333984375,-0.2241189330816269,0.1986265629529953,0.4416973888874054,1.8342279195785522,1.1678153276443481,1.2416912317276,1.5787066221237183,-0.04409617930650711,0.17768511176109314,1.033820390701294,0.964419424533844,-0.015518894419074059,-0.24220377206802368,-0.1442977339029312,-0.12462020665407181,1.9898630380630493,1.4887992143630981,1.412421464920044,1.6006598472595215,-1.643757700920105,-0.12835048139095306,-0.31970474123954773,-0.9013005495071411,0.2640422582626343,0.8849943280220032,0.8944054245948792,0.19173398613929749,-2.0219621658325195,-2.544495105743408,0.5759477615356445,0.9888938665390015
0.4094488322734833,0.519267737865448,1.9483319520950317,1.4165549278259277,0.8708063960075378,2.201012372970581,0.4386444687843323,1.314447283744812,1.7921409606933594,-0.19710519909858704,-1.550217628479004,-1.3549176454544067,-0.6948337554931641,-0.08943197876214981,0.6251002550125122,1.2318763732910156,0.9590021967887878,0.6641736626625061,-0.21701009571552277,0.2208913415670395,0.45973822474479675,1.8213095664978027,1.144753098487854,1.2424033880233765,1.5724458694458008,-0.04860210418701172,0.17760133743286133,1.032913327217102,0.9621504545211792,-0.014444754458963871,-0.23932622373104095,-0.1419893205165863,-0.1245240792632103,1.984782338142395,1.4816745519638062,1.4138799905776978,1.6035218238830566,-1.6555782556533813,-0.19967100024223328,-0.34018009901046753,-0.9468410015106201,0.2535299062728882,0.941741406917572,0.7126758694648743,0.288055419921875,-2.15055513381958,-2.4790804386138916,0.7017391324043274,0.9300429224967957
0.4173228442668915,0.5042181611061096,1.9597116708755493,1.3999804258346558,0.8752011060714722,2.1933915615081787,0.4786545932292938,1.3666601181030273,1.8264926671981812,-0.19998528063297272,-1.5867035388946533,-1.3374797105789185,-0.720183253288269,-0.09695684164762497,0.6307899951934814,1.2235891819000244,0.9611993432044983,0.6603634357452393,-0.197005033493042,0.24699783325195312,0.47691401839256287,1.8198697566986084,1.1265102624893188,1.2511223554611206,1.5597704648971558,-0.05359207093715668,0.1770322173833847,1.031694769859314,0.9597844481468201,-0.013924713246524334,-0.23439285159111023,-0.13994567096233368,-0.12275420874357224,1.9794844388961792,1.475529432296753,1.4154738187789917,1.6052544116973877,-1.6990561485290527,-0.2362125962972641,-0.3739568293094635,-0.9481121897697449,0.22586150467395782,1.1648168563842773,0.6957793235778809,0.44694784283638,-2.169182062149048,-2.3767504692077637,0.7059619426727295,0.8158295750617981
0.4251968562602997,0.48576298356056213,1.968408465385437,1.3847954273223877,0.8777129054069519,2.182986259460449,0.5294114947319031,1.4220750331878662,1.8601235151290894,-0.1933002471923828,-1.6191742420196533,-1.3133695125579834,-0.750877320766449,-0.10618428885936737,0.6351385116577148,1.2159960269927979,0.9624554514884949,0.6551609039306641,-0.17162656784057617,0.2747051417827606,0.4937294125556946,1.8232120275497437,1.1102749109268188,1.263177514076233,1.5444235801696777,-0.058783721178770065,0.17626093327999115,1.0303467512130737,0.9573778510093689,-0.013635543175041676,-0.22860290110111237,-0.13801223039627075,-0.12028700858354568,1.9740958213806152,1.4697927236557007,1.4171251058578491,1.6065170764923096,-1.7557249069213867,-0.2582629919052124,-0.413275808095932,-0.9309378266334534,0.19104482233524323,1.4571956396102905,0.7475630640983582,0.6319116950035095,-2.14198899269104,-2.259037733078003,0.6595317721366882,0.6785491704940796
0.4330708682537079,0.46730825304985046,1.9771052598953247,1.36961030960083,0.8802244067192078,2.172581195831299,0.580168604850769,1.477489709854126,1.893754243850708,-0.1866152137517929,-1.651645541191101,-1.2892589569091797,-0.7815713882446289,-0.11541175842285156,0.6394867897033691,1.2084038257598877,0.963711142539978,0.6499581933021545,-0.14624804258346558,0.3024124503135681,0.5105447173118591,1.8265544176101685,1.0940394401550293,1.2752326726913452,1.529076337814331,-0.06397535651922226,0.17548955976963043,1.028998851776123,0.954971432685852,-0.013346368446946144,-0.2228129506111145,-0.136078879237175,-0.11781982332468033,1.9687073230743408,1.4640551805496216,1.4187759160995483,1.6077791452407837,-1.8123928308486938,-0.2803134322166443,-0.4525946080684662,-0.9137631058692932,0.15622811019420624,1.7495747804641724,0.7993466854095459,0.8168756365776062,-2.114795684814453,-2.1413254737854004,0.613101601600647,0.5412685871124268
0.4409448802471161,0.44808053970336914,1.9829813241958618,1.355160117149353,0.8785473704338074,2.160243272781372,0.6282984018325806,1.5256246328353882,1.916910171508789,-0.17867803573608398,-1.6811274290084839,-1.2664387226104736,-0.8113527297973633,-0.12502554059028625,0.6424248814582825,1.2011791467666626,0.9628724455833435,0.6437892913818359,-0.1221831664443016,0.3264799416065216,0.5221229195594788,1.8305230140686035,1.0792981386184692,1.2866426706314087,1.5141857862472534,-0.06925640255212784,0.1746557503938675,1.0276347398757935,0.9525061249732971,-0.013101949356496334,-0.21685434877872467,-0.13398930430412292,-0.11516772955656052,1.9633526802062988,1.4585238695144653,1.420335054397583,1.6089004278182983,-1.8723933696746826,-0.3018175959587097,-0.48813292384147644,-0.9045794606208801,0.12730230391025543,2.0173110961914062,0.8573811650276184,0.9937644600868225,-2.0810372829437256,-2.018789291381836,0.5640439391136169,0.4074617922306061
0.4488188922405243,0.42752933502197266,1.9842960834503174,1.3412327766418457,0.8705325126647949,2.1449332237243652,0.6732259392738342,1.5635546445846558,1.92292058467865,-0.16903923451900482,-1.7064189910888672,-1.24519944190979,-0.8400590419769287,-0.13530117273330688,0.6430822610855103,1.1942154169082642,0.9588650465011597,0.636134147644043,-0.09971936792135239,0.34544503688812256,0.5251278877258301,1.8353426456451416,1.066652774810791,1.2972625494003296,1.4998325109481812,-0.07468172907829285,0.17372828722000122,1.0262374877929688,0.9499472975730896,-0.012934273108839989,-0.21054935455322266,-0.13164542615413666,-0.1121673434972763,1.958085536956787,1.4533699750900269,1.4217541217803955,1.6097495555877686,-1.9376356601715088,-0.3212476670742035,-0.5177046656608582,-0.9063392281532288,0.10784810036420822,2.2531046867370605,0.9308139085769653,1.1584583520889282,-2.035325050354004,-1.8888086080551147,0.5084132552146912,0.27786099910736084
0.4566929042339325,0.4067136347293854,1.9848641157150269,1.3269680738449097,0.8617566823959351,2.1292314529418945,0.7182941436767578,1.6008085012435913,1.925987958908081,-0.15932726860046387,-1.7314302921295166,-1.2238956689834595,-0.8688443899154663,-0.14570902287960052,0.6433659791946411,1.1870825290679932,0.9544773101806641,0.6282833218574524,-0.0771852657198906,0.3640720546245575,0.5266616344451904,1.8401987552642822,1.0541472434997559,1.30791437625885,1.4854397773742676,-0.08013055473566055,0.17279013991355896,1.0248305797576904,0.9473739862442017,-0.012781978584825993,-0.2041405290365219,-0.12925870716571808,-0.10907838493585587,1.9528529644012451,1.4483063220977783,1.4231549501419067,1.6105259656906128,-2.0036442279815674,-0.339580237865448,-0.5463924407958984,-0.9086348414421082,0.08991188555955887,2.4886910915374756,1.0101354122161865,1.3217014074325562,-1.9868000745773315,-1.7578343152999878,0.4502267837524414,0.14805208146572113
0.4645669162273407,0.38589808344841003,1.9854315519332886,1.3127034902572632,0.8529805541038513,2.1135294437408447,0.7633622884750366,1.638062596321106,1.9290552139282227,-0.14961518347263336,-1.756441593170166,-1.2025916576385498,-0.897629976272583,-0.1561167985200882,0.6436498761177063,1.179950475692749,0.9500890970230103,0.6204326152801514,-0.054651178419589996,0.38269907236099243,0.5281954407691956,1.8450549840927124,1.0416412353515625,1.3185663223266602,1.471047043800354,-0.08557935059070587,0.17185203731060028,1.023423671722412,0.9448007941246033,-0.012629678472876549,-0.1977316290140152,-0.12687194347381592,-0.10598944872617722,1.9476196765899658,1.4432421922683716,1.4245566129684448,1.611302137374878,-2.069652557373047,-0.35791274905204773,-0.5750797986984253,-0.9109301567077637,0.07197564840316772,2.724275827407837,1.089457392692566,1.4849447011947632,-1.9382764101028442,-1.6268600225448608,0.39204034209251404,0.018243277445435524
0.4724409580230713,0.36710670590400696,1.9802632331848145,1.2983250617980957,0.8390470147132874,2.0926249027252197,0.8042653203010559,1.6626821756362915,1.905161738395691,-0.1427517831325531,-1.775543212890625,-1.1854674816131592,-0.9218564629554749,-0.16551245748996735,0.6410658955574036,1.1727615594863892,0.9431223273277283,0.6099801063537598,-0.03419962152838707,0.39500880241394043,0.516248345375061,1.848486065864563,1.032090425491333,1.327128291130066,1.4589335918426514,-0.09117179363965988,0.17084230482578278,1.0220285654067993,0.9420942068099976,-0.012501374818384647,-0.1910163313150406,-0.12412498146295547,-0.10270067304372787,1.9425638914108276,1.4387151002883911,1.425787329673767,1.6116058826446533,-2.1275148391723633,-0.37720608711242676,-0.5904903411865234,-0.9275873899459839,0.05889436602592468,2.908318042755127,1.175601601600647,1.610416054725647,-1.8893957138061523,-1.4920152425765991,0.3399064242839813,-0.10625814646482468
0.4803149700164795,0.3541537821292877,1.9571213722229004,1.2836359739303589,0.8056289553642273,2.0562188625335693,0.8308163285255432,1.6471003293991089,1.7978935241699219,-0.14555007219314575,-1.7758736610412598,-1.1819961071014404,-0.9315558075904846,-0.17198894917964935,0.6294949054718018,1.1654164791107178,0.9264134764671326,0.5917770862579346,-0.02092406339943409,0.38721805810928345,0.4626144468784332,1.847087025642395,1.0319254398345947,1.3288642168045044,1.4540842771530151,-0.09721217304468155,0.16961292922496796,1.020648717880249,0.9389668703079224,-0.012451030313968658,-0.18330563604831696,-0.12026061862707138,-0.09867207705974579,1.9380930662155151,1.4358596801757812,1.4264763593673706,1.6105372905731201,-2.1610796451568604,-0.4011796712875366,-0.5634374022483826,-0.9953200221061707,0.061680868268013,2.9258291721343994,1.286447286605835,1.6267058849334717,-1.8392268419265747,-1.3460850715637207,0.30629441142082214,-0.20691414177417755
0.4881889820098877,0.34120073914527893,1.933980107307434,1.2689470052719116,0.7722108960151672,2.019813060760498,0.8573675751686096,1.6315189599990845,1.690625548362732,-0.14834828674793243,-1.7762036323547363,-1.1785253286361694,-0.9412549734115601,-0.17846542596817017,0.6179239153862,1.1580722332000732,0.9097042679786682,0.5735740065574646,-0.007648499216884375,0.3794271945953369,0.4089803695678711,1.8456881046295166,1.0317600965499878,1.3305997848510742,1.4492348432540894,-0.1032525822520256,0.16838352382183075,1.0192687511444092,0.935839056968689,-0.012400686740875244,-0.17559494078159332,-0.11639624089002609,-0.09464343637228012,1.9336228370666504,1.4330042600631714,1.42716646194458,1.609468936920166,-2.1946451663970947,-0.42515307664871216,-0.5363843441009521,-1.0630525350570679,0.06446735560894012,2.943340539932251,1.3972933292388916,1.642995834350586,-1.7890576124191284,-1.2001540660858154,0.27268239855766296,-0.30757012963294983
0.4960629940032959,0.32824787497520447,1.9108383655548096,1.2542572021484375,0.7387929558753967,1.9834064245224,0.8839185833930969,1.6159378290176392,1.5833580493927002,-0.15114659070968628,-1.7765339612960815,-1.175053596496582,-0.9509539604187012,-0.18494193255901337,0.606353223323822,1.150727391242981,0.8929951786994934,0.5553709864616394,0.005627060309052467,0.37163645029067993,0.3553465008735657,1.844288945198059,1.0315951108932495,1.3323355913162231,1.444385290145874,-0.10929298400878906,0.16715410351753235,1.017889142036438,0.9327111840248108,-0.012350339442491531,-0.16788426041603088,-0.11253190040588379,-0.09061482548713684,1.929152011871338,1.430148959159851,1.4278558492660522,1.608400583267212,-2.2282094955444336,-0.44912663102149963,-0.5093314051628113,-1.1307852268218994,0.06725385040044785,2.9608523845672607,1.5081390142440796,1.6592859029769897,-1.7388885021209717,-1.0542237758636475,0.23907038569450378,-0.4082261919975281
0.5039370059967041,0.3182118535041809,1.8850650787353516,1.240247368812561,0.7136262655258179,1.942700982093811,0.9123362302780151,1.5963751077651978,1.4616965055465698,-0.15252818167209625,-1.7745202779769897,-1.1718262434005737,-0.95871502161026,-0.18995992839336395,0.5934667587280273,1.1437225341796875,0.8804119825363159,0.5350180864334106,0.019835829734802246,0.3618552088737488,0.29451581835746765,1.8435980081558228,1.032602071762085,1.333949089050293,1.440504789352417,-0.1153942346572876,0.16591064631938934,1.016602635383606,0.9296318292617798,-0.012275677174329758,-0.1601298600435257,-0.10843201726675034,-0.08720272034406662,1.924756646156311,1.4276219606399536,1.4284908771514893,1.6068018674850464,-2.252714157104492,-0.46898406744003296,-0.4770088195800781,-1.1781936883926392,0.06944417208433151,2.969575881958008,1.610598087310791,1.6074923276901245,-1.6887294054031372,-0.913207471370697,0.2089008092880249,-0.5341385006904602
0.5118110179901123,0.3110927641391754,1.8566606044769287,1.2269169092178345,0.6967109441757202,1.8976961374282837,0.9426203370094299,1.572831630706787,1.32564115524292,-0.15249305963516235,-1.770162582397461,-1.1688432693481445,-0.9645377397537231,-0.1935194581747055,0.5792644619941711,1.1370575428009033,0.8719541430473328,0.5125155448913574,0.03497779369354248,0.35008347034454346,0.2264881432056427,1.8436157703399658,1.0347809791564941,1.3354402780532837,1.4375933408737183,-0.1215563714504242,0.16465304791927338,1.015408992767334,0.9266009330749512,-0.012176692485809326,-0.15233170986175537,-0.10409665107727051,-0.08440712839365005,1.9204355478286743,1.425423502922058,1.4290728569030762,1.604672908782959,-2.268157720565796,-0.48472559452056885,-0.4394164979457855,-1.2052792310714722,0.07103831321001053,2.969513416290283,1.7046704292297363,1.4876152276992798,-1.6385799646377563,-0.7771062254905701,0.18217365443706512,-0.6853072047233582
0.5196850299835205,0.3039736747741699,1.8282560110092163,1.213586449623108,0.6797953248023987,1.8526912927627563,0.9729043841362,1.5492881536483765,1.18958580493927,-0.15245801210403442,-1.7658054828643799,-1.1658600568771362,-0.9703603982925415,-0.19707898795604706,0.5650623440742493,1.130392074584961,0.8634964227676392,0.490013062953949,0.05011977627873421,0.3383118808269501,0.15846051275730133,1.8436331748962402,1.0369595289230347,1.3369321823120117,1.4346822500228882,-0.12771853804588318,0.1633954495191574,1.014215350151062,0.9235694408416748,-0.012077707797288895,-0.14453355967998505,-0.09976127743721008,-0.0816115215420723,1.9161149263381958,1.423224687576294,1.4296538829803467,1.6025440692901611,-2.283601999282837,-0.5004670023918152,-0.40182411670684814,-1.232364535331726,0.07263246178627014,2.9694483280181885,1.7987431287765503,1.3677382469177246,-1.5884300470352173,-0.6410049200057983,0.15544642508029938,-0.8364759087562561
0.5275590419769287,0.2968546152114868,1.7998521327972412,1.2002559900283813,0.6628797650337219,1.8076857328414917,1.003188133239746,1.5257450342178345,1.0535303354263306,-0.15242289006710052,-1.761447548866272,-1.162877082824707,-0.976183295249939,-0.20063850283622742,0.5508601069450378,1.1237268447875977,0.8550387620925903,0.4675105810165405,0.06526175141334534,0.32654011249542236,0.09043289721012115,1.843650460243225,1.0391384363174438,1.338423490524292,1.4317706823349,-0.1338806450366974,0.16213785111904144,1.01302170753479,0.9205381274223328,-0.011978722177445889,-0.1367354393005371,-0.09542594105005264,-0.07881590723991394,1.9117940664291382,1.4210259914398193,1.4302351474761963,1.6004153490066528,-2.299046039581299,-0.5162084698677063,-0.36423179507255554,-1.25944983959198,0.07422657310962677,2.969386100769043,1.8928157091140747,1.2478609085083008,-1.5382810831069946,-0.5049036741256714,0.12871919572353363,-0.987644374370575
0.5354330539703369,0.301350474357605,1.759118676185608,1.1890320777893066,0.7005829215049744,1.7398767471313477,1.039971947669983,1.5029579401016235,0.8889456391334534,-0.13522589206695557,-1.7474100589752197,-1.1559841632843018,-0.9807018041610718,-0.19839057326316833,0.5304932594299316,1.1181151866912842,0.8738902807235718,0.4336061477661133,0.08365370333194733,0.31514665484428406,0.008140471763908863,1.8522489070892334,1.0461570024490356,1.341869831085205,1.4295110702514648,-0.1396651566028595,0.16086600720882416,1.012451410293579,0.9184423685073853,-0.012105121277272701,-0.1290738880634308,-0.09041063487529755,-0.08129048347473145,1.9088716506958008,1.420060396194458,1.4306883811950684,1.5958037376403809,-2.2521326541900635,-0.5172990560531616,-0.3151986598968506,-1.1292678117752075,0.058675047010183334,2.9418113231658936,1.9285600185394287,0.7937234044075012,-1.4245706796646118,-0.4131374955177307,0.12399324029684067,-1.2367467880249023
0.5433070659637451,0.30959567427635193,1.7143183946609497,1.17851984500885,0.7559345364570618,1.6647064685821533,1.0786076784133911,1.4808201789855957,0.7166225910186768,-0.11201834678649902,-1.730116367340088,-1.14767587184906,-0.9851444363594055,-0.19426800310611725,0.5080936551094055,1.1128588914871216,0.9015661478042603,0.3960209786891937,0.10297158360481262,0.30407774448394775,-0.07802111655473709,1.8638527393341064,1.0548040866851807,1.3460240364074707,1.4272900819778442,-0.1453045755624771,0.15958799421787262,1.0120775699615479,0.9166626930236816,-0.01232534646987915,-0.12148164212703705,-0.08519625663757324,-0.08544022589921951,1.9064610004425049,1.4194762706756592,1.431106686592102,1.5904186964035034,-2.1831915378570557,-0.5140013694763184,-0.2631745934486389,-0.9492915868759155,0.036424197256565094,2.902053117752075,1.9440261125564575,0.23851244151592255,-1.2863240242004395,-0.33752551674842834,0.12646432220935822,-1.5120073556900024
0.5511810779571533,0.3178408443927765,1.669519305229187,1.168007731437683,0.8112861514091492,1.5895367860794067,1.1172432899475098,1.4586825370788574,0.5442991852760315,-0.08881077915430069,-1.7128223180770874,-1.1393675804138184,-0.9895871877670288,-0.19014538824558258,0.4856938123703003,1.1076027154922485,0.929241955280304,0.3584359288215637,0.12228941917419434,0.2930088937282562,-0.16418272256851196,1.875456690788269,1.0634512901306152,1.3501783609390259,1.4250686168670654,-0.1509440392255783,0.15831007063388824,1.0117038488388062,0.9148833155632019,-0.012545572593808174,-0.11388938874006271,-0.07998184859752655,-0.08959001302719116,1.9040507078170776,1.41889226436615,1.431524634361267,1.5850340127944946,-2.114250898361206,-0.5107042193412781,-0.2111504226922989,-0.7693148851394653,0.014173305593430996,2.8622941970825195,1.9594911336898804,-0.3166986107826233,-1.1480770111083984,-0.26191338896751404,0.12893536686897278,-1.7872668504714966
0.5590550899505615,0.3266177475452423,1.6242660284042358,1.1576513051986694,0.8693533539772034,1.5139087438583374,1.1552910804748535,1.437528133392334,0.3756864368915558,-0.06390377879142761,-1.6945966482162476,-1.1304190158843994,-0.994960606098175,-0.18575696647167206,0.4630672335624695,1.1024242639541626,0.958275556564331,0.32062211632728577,0.14131318032741547,0.28243178129196167,-0.24848909676074982,1.8879106044769287,1.0725640058517456,1.3546526432037354,1.4223817586898804,-0.15651239454746246,0.1570228487253189,1.0113552808761597,0.9131873846054077,-0.01282448973506689,-0.10637132823467255,-0.07478499412536621,-0.09394045174121857,1.901830792427063,1.418326497077942,1.4319536685943604,1.5795483589172363,-2.0397887229919434,-0.5088439583778381,-0.16060087084770203,-0.5857347846031189,-0.012442067265510559,2.8136587142944336,1.968047022819519,-0.8710491061210632,-1.0023610591888428,-0.18932297825813293,0.1337595283985138,-2.059940814971924
0.5669291615486145,0.33854562044143677,1.5750174522399902,1.148019552230835,0.9402862787246704,1.4334220886230469,1.1902822256088257,1.423665165901184,0.2261999547481537,-0.028642483055591583,-1.670211672782898,-1.1178323030471802,-1.0064170360565186,-0.17979301512241364,0.43844282627105713,1.0976085662841797,0.9937419891357422,0.2803786098957062,0.15880875289440155,0.27550020813941956,-0.32323235273361206,1.905540943145752,1.0847563743591309,1.3609458208084106,1.4166537523269653,-0.16165529191493988,0.1556597203016281,1.0110840797424316,0.911909282207489,-0.013433931395411491,-0.0992630273103714,-0.069748155772686,-0.09906604886054993,1.9008135795593262,1.417791485786438,1.4324630498886108,1.573686122894287,-1.9305938482284546,-0.5172022581100464,-0.11928090453147888,-0.39098459482192993,-0.06303838640451431,2.711538791656494,1.9408011436462402,-1.384167194366455,-0.7939153909683228,-0.1372690051794052,0.14937958121299744,-2.294320583343506
0.5748031735420227,0.352407306432724,1.5231022834777832,1.1388001441955566,1.018586277961731,1.3496007919311523,1.2234680652618408,1.4145159721374512,0.08798220008611679,0.013020000420510769,-1.6419416666030884,-1.1030385494232178,-1.0216994285583496,-0.1728621870279312,0.4124850928783417,1.0929991006851196,1.032891869544983,0.23846803605556488,0.17540165781974792,0.27092570066452026,-0.39234116673469543,1.9263725280761719,1.098891258239746,1.3683427572250366,1.4090124368667603,-0.1665363609790802,0.15424655377864838,1.0108482837677002,0.9108740091323853,-0.014243405312299728,-0.09240137785673141,-0.06481876224279404,-0.1045994982123375,1.9005454778671265,1.4172624349594116,1.4330248832702637,1.5676289796829224,-1.7997523546218872,-0.5321115851402283,-0.083705835044384,-0.19105076789855957,-0.12804333865642548,2.576448678970337,1.8924273252487183,-1.866052269935608,-0.5439416766166687,-0.09825004637241364,0.1711086630821228,-2.501430034637451
0.5826771855354309,0.3662690818309784,1.4711867570877075,1.129581093788147,1.0968862771987915,1.2657793760299683,1.2566537857055664,1.4053668975830078,-0.0502355620265007,0.05468246340751648,-1.6136716604232788,-1.0882446765899658,-1.0369818210601807,-0.16593123972415924,0.3865273892879486,1.0883893966674805,1.0720421075820923,0.19655723869800568,0.1919945478439331,0.2663511633872986,-0.46145009994506836,1.9472031593322754,1.11302649974823,1.3757398128509521,1.4013713598251343,-0.17141740024089813,0.15283332765102386,1.0106126070022583,0.9098390936851501,-0.01505286991596222,-0.08553972840309143,-0.05988936126232147,-0.11013294011354446,1.9002772569656372,1.4167331457138062,1.4335864782333374,1.5615718364715576,-1.6689116954803467,-0.5470209121704102,-0.04813080653548241,0.008883064612746239,-0.19304822385311127,2.441357135772705,1.8440533876419067,-2.34793758392334,-0.29396775364875793,-0.05923113599419594,0.19283775985240936,-2.7085397243499756
0.5905511975288391,0.3830077052116394,1.4171514511108398,1.1200931072235107,1.188938021659851,1.1821030378341675,1.283015489578247,1.41010320186615,-0.14363832771778107,0.1096256673336029,-1.5775424242019653,-1.0677659511566162,-1.0623608827590942,-0.1575619876384735,0.3595099151134491,1.0836451053619385,1.118067979812622,0.15471921861171722,0.2051754742860794,0.26871931552886963,-0.5081514716148376,1.9746752977371216,1.1310909986495972,1.3859790563583374,1.3886816501617432,-0.1754429042339325,0.15124915540218353,1.0103753805160522,0.9096728563308716,-0.01644716039299965,-0.07962389290332794,-0.05553055554628372,-0.1162010058760643,1.9018735885620117,1.4161717891693115,1.4343818426132202,1.555069923400879,-1.4982463121414185,-0.5762171745300293,-0.03224462643265724,0.20250023901462555,-0.29195231199264526,2.2348849773406982,1.7388683557510376,-2.698573112487793,0.01730095036327839,-0.04055634140968323,0.23476333916187286,-2.8533830642700195
0.5984252095222473,0.40665099024772644,1.3580292463302612,1.1099600791931152,1.3139917850494385,1.098775863647461,1.2929996252059937,1.4481641054153442,-0.12948516011238098,0.1964425891637802,-1.522549033164978,-1.033643126487732,-1.1119722127914429,-0.1457403600215912,0.329948753118515,1.0785787105560303,1.1805946826934814,0.11305554956197739,0.21016749739646912,0.287749707698822,-0.5010748505592346,2.0180838108062744,1.1585876941680908,1.4030406475067139,1.3638757467269897,-0.17741498351097107,0.1492546647787094,1.0101348161697388,0.9115920066833496,-0.019245045259594917,-0.07597792893648148,-0.05254120007157326,-0.12355214357376099,1.9079455137252808,1.4155325889587402,1.4357390403747559,1.547500729560852,-1.2320038080215454,-0.6397030353546143,-0.06361167877912521,0.38095739483833313,-0.47221434116363525,1.8571012020111084,1.4973376989364624,-2.73420786857605,0.4756771922111511,-0.07070726901292801,0.3251604735851288,-2.848787546157837
0.6062992215156555,0.43004515767097473,1.2994606494903564,1.0993915796279907,1.4376987218856812,1.0168370008468628,1.3031023740768433,1.4862855672836304,-0.11437628418207169,0.28229495882987976,-1.468353509902954,-0.9996675848960876,-1.161019206047058,-0.13404329121112823,0.3006645739078522,1.0732944011688232,1.242448091506958,0.07208624482154846,0.21521873772144318,0.3068104684352875,-0.49352049827575684,2.061009645462036,1.185685396194458,1.4200283288955688,1.3393527269363403,-0.17934133112430573,0.14726105332374573,1.0098798274993896,0.9135501980781555,-0.022038940340280533,-0.0723775178194046,-0.049602825194597244,-0.13090887665748596,1.9140411615371704,1.41492760181427,1.4371097087860107,1.5399326086044312,-0.9683646559715271,-0.7028569579124451,-0.09571897983551025,0.5587635040283203,-0.6499608159065247,1.4847908020019531,1.2564038038253784,-2.7680394649505615,0.9279235005378723,-0.09630134701728821,0.41584256291389465,-2.84672474861145
0.6141732335090637,0.4535854458808899,1.2415844202041626,1.0882599353790283,1.560364842414856,0.9368835687637329,1.3136687278747559,1.52483332157135,-0.09690368175506592,0.367413729429245,-1.4147870540618896,-0.9656992554664612,-1.2095834016799927,-0.12227315455675125,0.27172648906707764,1.067728877067566,1.3037813901901245,0.03210940957069397,0.22050194442272186,0.3260843753814697,-0.4847840368747711,2.103569507598877,1.2124683856964111,1.4370124340057373,1.3150701522827148,-0.18111629784107208,0.14525634050369263,1.0096077919006348,0.9156137108802795,-0.0248413048684597,-0.06891500949859619,-0.04677591472864151,-0.13830439746379852,1.9202704429626465,1.4143307209014893,1.4385145902633667,1.5323418378829956,-0.7024639248847961,-0.7653851509094238,-0.12914490699768066,0.7358450889587402,-0.8216421008110046,1.1183098554611206,1.0154407024383545,-2.7926440238952637,1.3753206729888916,-0.12236667424440384,0.5060514211654663,-2.840975522994995
0.6220472455024719,0.4774531424045563,1.1845782995224,1.076414704322815,1.6819249391555786,0.8595035672187805,1.3249174356460571,1.5640264749526978,-0.07609212398529053,0.4517587721347809,-1.3618965148925781,-0.931685209274292,-1.2576123476028442,-0.11033930629491806,0.24322323501110077,1.061806082725525,1.3645613193511963,-0.0065806154161691666,0.22612635791301727,0.3456808924674988,-0.47437840700149536,2.1457419395446777,1.238914132118225,1.4540196657180786,1.2910561561584473,-0.18267139792442322,0.14323383569717407,1.0093138217926025,0.9178285598754883,-0.02765854448080063,-0.06565139442682266,-0.04410412907600403,-0.145758718252182,1.9267005920410156,1.4137340784072876,1.439968466758728,1.524713397026062,-0.431987464427948,-0.8270605206489563,-0.1643519550561905,0.9120431542396545,-0.9847797751426697,0.7588398456573486,0.7741953730583191,-2.803459405899048,1.8175071477890015,-0.15096260607242584,0.5954050421714783,-2.828439235687256
0.6299212574958801,0.4999704360961914,1.1345294713974,1.0601885318756104,1.791577935218811,0.7977473735809326,1.340550184249878,1.6027450561523438,-0.050481148064136505,0.5267614722251892,-1.3160074949264526,-0.8999121189117432,-1.2987523078918457,-0.09908057004213333,0.21819885075092316,1.053693175315857,1.4193882942199707,-0.03745853528380394,0.23394276201725006,0.3650400638580322,-0.4615728259086609,2.1832430362701416,1.2618582248687744,1.4699058532714844,1.2704861164093018,-0.18362486362457275,0.14115774631500244,1.0089168548583984,0.9203492999076843,-0.030383393168449402,-0.06289783865213394,-0.04192890599370003,-0.15324585139751434,1.9333349466323853,1.4132530689239502,1.4415760040283203,1.5171995162963867,-0.16620588302612305,-0.8755294680595398,-0.2014840841293335,1.0799598693847656,-1.1097829341888428,0.4543123245239258,0.5413013696670532,-2.8055121898651123,2.196049690246582,-0.16533200442790985,0.6807624101638794,-2.8124608993530273
0.6377952694892883,0.5216777324676514,1.0886551141738892,1.0413336753845215,1.8940876722335815,0.7453662157058716,1.3588131666183472,1.6411781311035156,-0.021990498527884483,0.5961588621139526,-1.2743194103240967,-0.8694838285446167,-1.3357596397399902,-0.08822692930698395,0.19526176154613495,1.044265627861023,1.4706426858901978,-0.06364921480417252,0.2430741935968399,0.3842567503452301,-0.4473276138305664,2.217941999435425,1.2827026844024658,1.4851202964782715,1.25198233127594,-0.1842174232006073,0.1390494853258133,1.008457899093628,0.9230533838272095,-0.033052798360586166,-0.060450319200754166,-0.040051594376564026,-0.16075275838375092,1.9400923252105713,1.4128409624099731,1.443275809288025,1.5097546577453613,0.09675873816013336,-0.9160742163658142,-0.23977114260196686,1.2429077625274658,-1.2119050025939941,0.18275056779384613,0.31341734528541565,-2.8023080825805664,2.536407709121704,-0.17116546630859375,0.7637223601341248,-2.794416666030884
0.6456692814826965,0.5433850288391113,1.0427809953689575,1.022478699684143,1.9965970516204834,0.6929850578308105,1.3770755529403687,1.679611325263977,0.006500144023448229,0.6655563116073608,-1.2326312065124512,-0.8390556573867798,-1.3727660179138184,-0.07737335562705994,0.17232467234134674,1.034838080406189,1.521897554397583,-0.089839868247509,0.25220566987991333,0.40347349643707275,-0.4330822229385376,2.2526400089263916,1.3035463094711304,1.500334620475769,1.233479380607605,-0.18480992317199707,0.13694125413894653,1.0079987049102783,0.925757646560669,-0.03572222590446472,-0.05800282210111618,-0.03817429766058922,-0.16825969517230988,1.9468498229980469,1.4124294519424438,1.4449762105941772,1.5023093223571777,0.35972341895103455,-0.9566188454627991,-0.2780582308769226,1.4058555364608765,-1.314026951789856,-0.08881120383739471,0.08553354442119598,-2.7991034984588623,2.876765012741089,-0.17699891328811646,0.8466821312904358,-2.7763733863830566
0.6535432934761047,0.5649361610412598,1.0300530195236206,0.9890987277030945,2.0354902744293213,0.7164394855499268,1.4255872964859009,1.7029021978378296,0.020535940304398537,0.6870922446250916,-1.225266695022583,-0.8219279646873474,-1.3708949089050293,-0.06659770011901855,0.16596069931983948,1.0181483030319214,1.541344165802002,-0.07811260968446732,0.2764613628387451,0.4151187241077423,-0.4260643720626831,2.2634084224700928,1.3072288036346436,1.5088982582092285,1.2344146966934204,-0.18202190101146698,0.13466987013816833,1.007091760635376,0.929975152015686,-0.03739814832806587,-0.05746796354651451,-0.038758523762226105,-0.1757233589887619,1.9544323682785034,1.412247657775879,1.4475325345993042,1.4952071905136108,0.6262217164039612,-0.9407735466957092,-0.3065781593322754,1.5097596645355225,-1.1574809551239014,-0.09646602720022202,-0.05640726909041405,-2.791442632675171,2.9470746517181396,-0.15864844620227814,0.8920040130615234,-2.7267770767211914
0.6614173054695129,0.5864540934562683,1.024428129196167,0.9526059031486511,2.0607516765594482,0.7561444044113159,1.4805806875228882,1.7229478359222412,0.031474266201257706,0.6983723044395447,-1.2252569198608398,-0.807650625705719,-1.3606928586959839,-0.05583878234028816,0.1631481945514679,0.9999017119407654,1.5539748668670654,-0.05826009064912796,0.30395808815956116,0.4251415431499481,-0.4205951690673828,2.2690484523773193,1.307233452796936,1.5160373449325562,1.239515781402588,-0.17850954830646515,0.13236361742019653,1.0060886144638062,0.9345170855522156,-0.03886120021343231,-0.057342953979969025,-0.0398702509701252,-0.18317770957946777,1.9621918201446533,1.4121149778366089,1.4502719640731812,1.4881789684295654,0.8934774994850159,-0.9128446578979492,-0.33300527930259705,1.6010116338729858,-0.9455061554908752,-0.04756931588053703,-0.179931640625,-2.7828264236450195,2.959517240524292,-0.13511572778224945,0.9292603731155396,-2.6704189777374268
0.6692913174629211,0.6078901886940002,1.0191773176193237,0.9166226387023926,2.0845065116882324,0.797065258026123,1.5349186658859253,1.742585301399231,0.04270152375102043,0.7084640264511108,-1.225590467453003,-0.79349285364151,-1.349984049797058,-0.045120760798454285,0.16052278876304626,0.981909990310669,1.5658520460128784,-0.03779967501759529,0.33112725615501404,0.43496042490005493,-0.41498157382011414,2.274094343185425,1.3070669174194336,1.5231155157089233,1.2448699474334717,-0.17487095296382904,0.13005737960338593,1.0050642490386963,0.9391109943389893,-0.04025428369641304,-0.057227764278650284,-0.04106123372912407,-0.19061045348644257,1.969967007637024,1.4119899272918701,1.4530450105667114,1.4811794757843018,1.1583117246627808,-0.884770393371582,-0.35951414704322815,1.6889053583145142,-0.7310473322868347,0.004621777683496475,-0.30203038454055786,-2.7720398902893066,2.9670703411102295,-0.11139002442359924,0.9671839475631714,-2.611692190170288
0.6771653294563293,0.6291627287864685,1.014675498008728,0.8816578388214111,2.1052448749542236,0.8404176831245422,1.5879477262496948,1.761406660079956,0.05450661852955818,0.7161796689033508,-1.2266103029251099,-0.7795750498771667,-1.3382620811462402,-0.034484460949897766,0.15827184915542603,0.9644277691841125,1.5762213468551636,-0.016123460605740547,0.3576415777206421,0.44437119364738464,-0.40907904505729675,2.277951955795288,1.306557059288025,1.5300742387771606,1.2507307529449463,-0.1709800660610199,0.1277512162923813,1.0039979219436646,0.9438099265098572,-0.04150748997926712,-0.05713218078017235,-0.04241079464554787,-0.19799979031085968,1.977772831916809,1.411881685256958,1.4558857679367065,1.4742399454116821,1.4183025360107422,-0.8564057350158691,-0.3861868977546692,1.7700817584991455,-0.5116214752197266,0.06340169906616211,-0.42127764225006104,-2.756911516189575,2.964846134185791,-0.08727839589118958,1.0064412355422974,-2.5482287406921387
0.6850393414497375,0.6504352688789368,1.0101734399795532,0.8466928601264954,2.1259829998016357,0.8837701678276062,1.6409761905670166,1.7802282571792603,0.06631170213222504,0.7238950133323669,-1.2276298999786377,-0.7656570672988892,-1.3265392780303955,-0.02384817972779274,0.156020849943161,0.946945309638977,1.5865905284881592,0.005552744958549738,0.3841557800769806,0.45378172397613525,-0.40317651629447937,2.2818093299865723,1.3060466051101685,1.5370335578918457,1.2565923929214478,-0.16708916425704956,0.12544506788253784,1.0029312372207642,0.9485087990760803,-0.04276068136096001,-0.05703660473227501,-0.04376034066081047,-0.205389142036438,1.9855787754058838,1.4117733240127563,1.4587256908416748,1.4672996997833252,1.6782934665679932,-0.8280408978462219,-0.4128595292568207,1.8512589931488037,-0.29219481348991394,0.12218160182237625,-0.5405247807502747,-2.7417831420898438,2.9626212120056152,-0.06316675990819931,1.045699119567871,-2.484764575958252
0.6929134130477905,0.6716209650039673,1.0046539306640625,0.8181881308555603,2.144111394882202,0.9266927242279053,1.685067892074585,1.7956851720809937,0.082602858543396,0.728164553642273,-1.2270991802215576,-0.7515770196914673,-1.3161094188690186,-0.013255259953439236,0.15326093137264252,0.9326927661895752,1.5956542491912842,0.027014052495360374,0.4062016010284424,0.4615102708339691,-0.3950309157371521,2.2839443683624268,1.3063124418258667,1.5440737009048462,1.2618072032928467,-0.16267924010753632,0.12317189574241638,1.0017963647842407,0.9533291459083557,-0.04360492154955864,-0.05681837722659111,-0.04536731541156769,-0.21255628764629364,1.9933842420578003,1.411668300628662,1.4616833925247192,1.4606082439422607,1.9255763292312622,-0.8035795092582703,-0.437073677778244,1.9204306602478027,-0.07299941033124924,0.17465683817863464,-0.6524847149848938,-2.70481538772583,2.9603943824768066,-0.04822714626789093,1.0866361856460571,-2.41413950920105
0.7007874250411987,0.6927675008773804,0.9986708760261536,0.7926193475723267,2.1610515117645264,0.9694200754165649,1.725097417831421,1.8096128702163696,0.10093311965465546,0.7308673858642578,-1.225862979888916,-0.7374231815338135,-1.3062671422958374,-0.0026820586062967777,0.15026968717575073,0.9199085235595703,1.6041243076324463,0.048377666622400284,0.4262164533138275,0.46847426891326904,-0.3858657777309418,2.2852957248687744,1.306930661201477,1.5511506795883179,1.266728401184082,-0.1580333560705185,0.12091377377510071,1.0006306171417236,0.9582042694091797,-0.044263243675231934,-0.05654439330101013,-0.047091301530599594,-0.21962252259254456,2.001189947128296,1.4115651845932007,1.4646940231323242,1.4540297985076904,2.167083501815796,-0.7808923125267029,-0.4601702392101288,1.9841461181640625,0.14609111845493317,0.22426623106002808,-0.7611322402954102,-2.6579196453094482,2.9581665992736816,-0.037456635385751724,1.1283371448516846,-2.340259075164795
0.7086614370346069,0.7125149965286255,0.9893237352371216,0.7773206830024719,2.1745100021362305,1.0083725452423096,1.7475671768188477,1.8186216354370117,0.1290072649717331,0.726849377155304,-1.222565770149231,-0.721924364566803,-1.3000874519348145,0.0071916738525033,0.14559602737426758,0.9122592210769653,1.610853672027588,0.0678539052605629,0.43745142221450806,0.4729782044887543,-0.37182873487472534,2.2832870483398438,1.3085789680480957,1.5588998794555664,1.269818663597107,-0.15242591500282288,0.11870371550321579,0.9993423223495483,0.9632061719894409,-0.04393352195620537,-0.056096337735652924,-0.04935607686638832,-0.22603240609169006,2.0089926719665527,1.4114667177200317,1.468011498451233,1.4480206966400146,2.3597054481506348,-0.7672224044799805,-0.48558664321899414,2.0216758251190186,0.33757832646369934,0.2622806131839752,-0.8628345727920532,-2.557070016860962,2.9554269313812256,-0.03199787065386772,1.1797572374343872,-2.246387481689453
0.7165354490280151,0.7296977043151855,0.9738077521324158,0.7808504700660706,2.1815853118896484,1.0404043197631836,1.7378454208374023,1.818609356880188,0.17494527995586395,0.7105090022087097,-1.2154897451400757,-0.7039595246315002,-1.300621747970581,0.0157830398529768,0.13783800601959229,0.9140239357948303,1.6143912076950073,0.08386996388435364,0.4325902760028839,0.47297221422195435,-0.34885963797569275,2.275116443634033,1.312117338180542,1.5678825378417969,1.269551396369934,-0.1450556516647339,0.11658195406198502,0.9978287816047668,0.9684403538703918,-0.04179232567548752,-0.0553290881216526,-0.052612267434597015,-0.23123891651630402,2.0167901515960693,1.4113774299621582,1.471892237663269,1.4430534839630127,2.4627060890197754,-0.7700839638710022,-0.5152565836906433,2.0111966133117676,0.47845983505249023,0.2790371775627136,-0.9518038034439087,-2.3573057651519775,2.951749324798584,-0.03627729043364525,1.248996615409851,-2.1158666610717773
0.7244094610214233,0.7469713091850281,0.9585440158843994,0.7849670648574829,2.1887142658233643,1.0724676847457886,1.7277097702026367,1.8183363676071167,0.2211579829454422,0.6941253542900085,-1.2083733081817627,-0.6861027479171753,-1.3012946844100952,0.02441987581551075,0.13020619750022888,0.9160824418067932,1.617956280708313,0.09990139305591583,0.42752277851104736,0.47283583879470825,-0.3257533013820648,2.266925096511841,1.3156756162643433,1.5768107175827026,1.2692147493362427,-0.1376507431268692,0.11445526033639908,0.9963010549545288,0.9736707806587219,-0.039613042026758194,-0.05455688014626503,-0.05590149387717247,-0.23635388910770416,2.024587392807007,1.4112898111343384,1.475799560546875,1.438129186630249,2.563321113586426,-0.773390531539917,-0.5444174408912659,1.998939037322998,0.6168416142463684,0.2951011061668396,-1.0397038459777832,-2.152576208114624,2.9480087757110596,-0.0408233180642128,1.318015217781067,-1.9846669435501099
0.7322834730148315,0.7644816637039185,0.9439369440078735,0.7906080484390259,2.1959829330444336,1.1046103239059448,1.7165024280548096,1.8173846006393433,0.26808497309684753,0.6776300668716431,-1.2011514902114868,-0.6685270667076111,-1.3023282289505005,0.03317492455244064,0.12290260195732117,0.9189028143882751,1.6215900182724,0.1159728616476059,0.4219190180301666,0.4723600745201111,-0.30228978395462036,2.2586770057678223,1.319286584854126,1.5855987071990967,1.2686978578567505,-0.13015581667423248,0.11231587827205658,0.9947385787963867,0.9788933396339417,-0.037334688007831573,-0.053771838545799255,-0.05927662551403046,-0.24123069643974304,2.032384157180786,1.411207914352417,1.4797768592834473,1.4333152770996094,2.657731056213379,-0.7778527140617371,-0.5722550749778748,1.9820560216903687,0.7487244606018066,0.3093639612197876,-1.124822735786438,-1.9349368810653687,2.944103479385376,-0.046062566339969635,1.3864598274230957,-1.8517018556594849
0.7401574850082397,0.7819228172302246,0.9293404221534729,0.7960829138755798,2.203237295150757,1.1366379261016846,1.7051570415496826,1.8162394762039185,0.31500786542892456,0.6608179211616516,-1.1939842700958252,-0.6509116888046265,-1.3034085035324097,0.041895538568496704,0.11560434848070145,0.9216400980949402,1.6252174377441406,0.1319865882396698,0.4162462651729584,0.47178736329078674,-0.2788284122943878,2.2502706050872803,1.3228700160980225,1.5944064855575562,1.268157720565796,-0.12262940406799316,0.11017096042633057,0.9931721091270447,0.9841116070747375,-0.03502838686108589,-0.05297907814383507,-0.06266457587480545,-0.24603813886642456,2.0401809215545654,1.4111231565475464,1.4837619066238403,1.4285261631011963,2.750073194503784,-0.7830371856689453,-0.600962221622467,1.9643776416778564,0.8752511739730835,0.3235635757446289,-1.2101749181747437,-1.7122949361801147,2.9401981830596924,-0.05145055055618286,1.4556472301483154,-1.718268632888794
0.748031497001648,0.7993534207344055,0.9147456884384155,0.8015322089195251,2.210489511489868,1.1686475276947021,1.6937904357910156,1.8150646686553955,0.3619301915168762,0.6439570188522339,-1.1868247985839844,-0.6332900524139404,-1.3044967651367188,0.050610847771167755,0.10830695927143097,0.9243648052215576,1.6288436651229858,0.14799144864082336,0.4105629324913025,0.47119981050491333,-0.255367249250412,2.2418410778045654,1.3264498710632324,1.6032168865203857,1.2676140069961548,-0.11509812623262405,0.10802526772022247,0.9916052222251892,0.9893296360969543,-0.032717786729335785,-0.05218512937426567,-0.06605452299118042,-0.2508348226547241,2.0479772090911865,1.4110382795333862,1.4877485036849976,1.4237405061721802,2.842097520828247,-0.788332462310791,-0.6298033595085144,1.9465765953063965,1.0009537935256958,0.33775338530540466,-1.2955632209777832,-1.4888842105865479,2.9362924098968506,-0.05686144530773163,1.5249478816986084,-1.584763765335083
0.7559055089950562,0.8176892399787903,0.9004700779914856,0.8061313033103943,2.217555522918701,1.2003366947174072,1.6839052438735962,1.813931941986084,0.4068300426006317,0.6272432208061218,-1.1797842979431152,-0.6160652041435242,-1.305764079093933,0.059778809547424316,0.10116921365261078,0.926664412021637,1.632376790046692,0.16383610665798187,0.405620276927948,0.47063374519348145,-0.23291730880737305,2.2334837913513184,1.3299702405929565,1.6118296384811401,1.2669798135757446,-0.10748223960399628,0.10584660619497299,0.9899588823318481,0.9944522380828857,-0.030258849263191223,-0.051379311829805374,-0.06960610300302505,-0.25481125712394714,2.0556976795196533,1.4109355211257935,1.491894006729126,1.4192699193954468,2.9149107933044434,-0.7991258502006531,-0.6606905460357666,1.9195607900619507,1.0917874574661255,0.3495030701160431,-1.3768985271453857,-1.2371050119400024,2.9283337593078613,-0.06119326129555702,1.5961824655532837,-1.4542843103408813
0.7637795209884644,0.8363270163536072,0.8863010406494141,0.8104467988014221,2.224559783935547,1.2319194078445435,1.674513816833496,1.8128143548965454,0.45105570554733276,0.6105785369873047,-1.172782063484192,-0.598972499370575,-1.3070908784866333,0.06909768283367157,0.09408468008041382,0.9288224577903748,1.6358791589736938,0.17962737381458282,0.40092459321022034,0.4700746536254883,-0.21080443263053894,2.225151777267456,1.3334709405899048,1.6203762292861938,1.2663166522979736,-0.09983810782432556,0.10365697741508484,0.988286554813385,0.999542772769928,-0.02775046043097973,-0.0505695715546608,-0.07321155816316605,-0.258514404296875,2.0633926391601562,1.410826563835144,1.496092438697815,1.4149047136306763,2.981321096420288,-0.8117517828941345,-0.692259669303894,1.889472484588623,1.170998454093933,0.36043936014175415,-1.456883430480957,-0.9758701324462891,2.9190220832824707,-0.06516541540622711,1.668061375617981,-1.3248142004013062
0.7716535329818726,0.8628607988357544,0.8779075145721436,0.8150662779808044,2.231811761856079,1.2666069269180298,1.6731950044631958,1.8110616207122803,0.4851129651069641,0.5989615321159363,-1.1671134233474731,-0.5858738422393799,-1.309019923210144,0.0823645144701004,0.08988788723945618,0.9311317801475525,1.6395046710968018,0.196971133351326,0.40026524662971497,0.46919840574264526,-0.19377590715885162,2.2193427085876465,1.3363054990768433,1.6269252300262451,1.265352487564087,-0.09202458709478378,0.1012280136346817,0.9861827492713928,1.0039514303207397,-0.025161387398838997,-0.049793731421232224,-0.0776991993188858,-0.25790125131607056,2.070972442626953,1.4106898307800293,1.5012108087539673,1.4122880697250366,2.991614818572998,-0.842414915561676,-0.7231897115707397,1.8210500478744507,1.0826375484466553,0.34852349758148193,-1.5129770040512085,-0.5998825430870056,2.899432897567749,-0.06041627377271652,1.7350996732711792,-1.2037723064422607
0.7795275449752808,0.8906068801879883,0.8702859282493591,0.8194620013237,2.238938093185425,1.3018823862075806,1.6732091903686523,1.809305191040039,0.5173682570457458,0.5881033539772034,-1.1616137027740479,-0.5734066367149353,-1.3110178709030151,0.09623756259679794,0.08607716113328934,0.9333298802375793,1.643067717552185,0.21460884809494019,0.40027233958244324,0.4683201014995575,-0.1776481568813324,2.213914155960083,1.3390554189682007,1.6331590414047241,1.2643532752990723,-0.08418618142604828,0.09875877946615219,0.984017014503479,1.00823974609375,-0.022571193054318428,-0.04903146252036095,-0.08231416344642639,-0.25661104917526245,2.0785350799560547,1.4105509519577026,1.5064681768417358,1.4099448919296265,2.9937589168548584,-0.8754112720489502,-0.7536062598228455,1.7463655471801758,0.9724946022033691,0.3328395187854767,-1.5647830963134766,-0.20943216979503632,2.8782622814178467,-0.05454007536172867,1.8008906841278076,-1.0839053392410278
0.787401556968689,0.9189116358757019,0.862671434879303,0.8229315876960754,2.2455146312713623,1.3377655744552612,1.6741204261779785,1.8078293800354004,0.5480626225471497,0.577545702457428,-1.1560837030410767,-0.5612857341766357,-1.3129802942276,0.11038991063833237,0.08226992934942245,0.9350644946098328,1.6463558673858643,0.23255038261413574,0.40072792768478394,0.4675826132297516,-0.16230089962482452,2.2086355686187744,1.3418201208114624,1.6392192840576172,1.2633717060089111,-0.07633987069129944,0.09626013785600662,0.9818322658538818,1.0124266147613525,-0.020014720037579536,-0.048300839960575104,-0.08696306496858597,-0.2549654245376587,2.0860917568206787,1.4104163646697998,1.5117825269699097,1.4077446460723877,2.993577003479004,-0.908156156539917,-0.7825243473052979,1.6676552295684814,0.8643132448196411,0.3146313726902008,-1.6127310991287231,0.17808674275875092,2.856349468231201,-0.04878900945186615,1.8645786046981812,-0.9642161130905151
0.7952755689620972,0.9472160935401917,0.8550571799278259,0.82640141248703,2.252091646194458,1.3736485242843628,1.6750311851501465,1.8063544034957886,0.5787572860717773,0.5669879913330078,-1.1505532264709473,-0.5491647124290466,-1.314942717552185,0.12454231083393097,0.07846271991729736,0.9367995262145996,1.6496446132659912,0.2504918873310089,0.40118345618247986,0.4668448865413666,-0.14695368707180023,2.2033567428588867,1.3445855379104614,1.645280122756958,1.2623906135559082,-0.06849352270364761,0.09376146644353867,0.9796476364135742,1.0166137218475342,-0.017458248883485794,-0.04757021740078926,-0.09161199629306793,-0.2533198297023773,2.0936484336853027,1.4102808237075806,1.5170971155166626,1.405543565750122,2.993394613265991,-0.9409011602401733,-0.8114422559738159,1.588944911956787,0.7561320066452026,0.2964229881763458,-1.6606788635253906,0.5656057596206665,2.834437370300293,-0.043037984520196915,1.9282666444778442,-0.8445266485214233
0.8031495809555054,0.9755810499191284,0.8474717736244202,0.8298623561859131,2.2585747241973877,1.4097399711608887,1.6761422157287598,1.8049874305725098,0.609171450138092,0.5566003322601318,-1.1450444459915161,-0.5371046662330627,-1.3169244527816772,0.13872477412223816,0.07467003166675568,0.9385300874710083,1.6528865098953247,0.268537700176239,0.4017387628555298,0.46616148948669434,-0.1317465603351593,2.198162317276001,1.3473401069641113,1.6513099670410156,1.2613998651504517,-0.060646966099739075,0.09125856310129166,0.9774591326713562,1.0207939147949219,-0.01492229476571083,-0.0468418262898922,-0.09626434743404388,-0.25163957476615906,2.1012041568756104,1.4101463556289673,1.5224169492721558,1.4033567905426025,2.992962121963501,-0.9733909368515015,-0.8399884700775146,1.510067343711853,0.6489412784576416,0.277739018201828,-1.7080342769622803,0.9515200853347778,2.8125240802764893,-0.03728935122489929,1.991571068763733,-0.7248060703277588
0.8110235929489136,1.0040364265441895,0.8399298787117004,0.8333097696304321,2.2649197578430176,1.446144700050354,1.6775529384613037,1.8037841320037842,0.6391657590866089,0.5464672446250916,-1.1395680904388428,-0.525136411190033,-1.3189353942871094,0.1529523879289627,0.070899099111557,0.9402537941932678,1.65605890750885,0.28673994541168213,0.40244409441947937,0.4655596911907196,-0.11674951016902924,2.1930956840515137,1.3500781059265137,1.6572939157485962,1.2603946924209595,-0.052800022065639496,0.0887492448091507,0.9752656817436218,1.0249637365341187,-0.012417124584317207,-0.04611681401729584,-0.1009218841791153,-0.2499077171087265,2.1087610721588135,1.4100128412246704,1.5277446508407593,1.4011905193328857,2.992157459259033,-1.0054986476898193,-0.8679772019386292,1.4309399127960205,0.5432376861572266,0.25834161043167114,-1.7545024156570435,1.3350281715393066,2.79061222076416,-0.03154435008764267,2.054302453994751,-0.6050389409065247
0.8188976645469666,1.0333356857299805,0.8334763646125793,0.8355728983879089,2.2703988552093506,1.4854360818862915,1.6822386980056763,1.804042935371399,0.6648215055465698,0.5389573574066162,-1.1341912746429443,-0.5146484375,-1.321205496788025,0.16760197281837463,0.06767234206199646,0.9413850903511047,1.6587984561920166,0.30638575553894043,0.4047868549823761,0.465689092874527,-0.1039215624332428,2.189340829849243,1.3527666330337524,1.6625380516052246,1.2592592239379883,-0.0449531264603138,0.08614860475063324,0.9730091094970703,1.0289223194122314,-0.010300102643668652,-0.04550599306821823,-0.1056336984038353,-0.24736477434635162,2.1162021160125732,1.409919261932373,1.5331934690475464,1.399288296699524,2.991400957107544,-1.0354925394058228,-0.8905278444290161,1.3438725471496582,0.4458252489566803,0.2306758612394333,-1.789931058883667,1.6846657991409302,2.7607264518737793,-0.023968644440174103,2.1096978187561035,-0.4892128109931946
0.8267716765403748,1.0628682374954224,0.8277607560157776,0.8340434432029724,2.272840738296509,1.529051423072815,1.6918060779571533,1.8064908981323242,0.6805934309959412,0.5354748368263245,-1.1290305852890015,-0.5074430108070374,-1.3233188390731812,0.18236814439296722,0.06481452286243439,0.9406205415725708,1.6600192785263062,0.32819339632987976,0.40957069396972656,0.466913104057312,-0.09603554010391235,2.1875991821289062,1.3553465604782104,1.6661405563354492,1.2582025527954102,-0.03711288422346115,0.08334296196699142,0.9706798195838928,1.03203547000885,-0.009004591964185238,-0.04521676525473595,-0.11042452603578568,-0.24301108717918396,2.12333607673645,1.4099223613739014,1.5389066934585571,1.3981126546859741,2.9900906085968018,-1.060978651046753,-0.8988295197486877,1.226650357246399,0.37516430020332336,0.1865222156047821,-1.7978596687316895,1.950978398323059,2.7088260650634766,-0.014067093841731548,2.1466023921966553,-0.38458505272865295
0.834645688533783,1.0923818349838257,0.8227070569992065,0.8273504972457886,2.2712602615356445,1.5776641368865967,1.7072540521621704,1.8115590810775757,0.6835506558418274,0.5367855429649353,-1.1241577863693237,-0.5045421123504639,-1.3251086473464966,0.19712510704994202,0.06228773668408394,0.937274158000946,1.659229040145874,0.3524998724460602,0.41729477047920227,0.46944722533226013,-0.0945570319890976,2.1882553100585938,1.3577831983566284,1.6675909757614136,1.2573078870773315,-0.029282204806804657,0.08027134090662003,0.9682667851448059,1.033982276916504,-0.008761806413531303,-0.04536278545856476,-0.11530305445194244,-0.23629765212535858,2.1300442218780518,1.410050392150879,1.5449604988098145,1.3979146480560303,2.9879555702209473,-1.0806026458740234,-0.8885770440101624,1.0688673257827759,0.3386399447917938,0.12141125649213791,-1.7696608304977417,2.106964588165283,2.6261990070343018,-0.0013288939371705055,2.1590704917907715,-0.295107364654541
0.8425197005271912,1.1215311288833618,0.8174861073493958,0.819975733757019,2.2698233127593994,1.6251444816589355,1.7226300239562988,1.8164974451065063,0.6858813166618347,0.5376231670379639,-1.119347333908081,-0.5021563172340393,-1.3268266916275024,0.2116996943950653,0.059677232056856155,0.933586835861206,1.6585105657577515,0.3762396574020386,0.42498284578323364,0.4719162881374359,-0.09339171648025513,2.188674211502075,1.360188364982605,1.6687840223312378,1.2564489841461182,-0.021451883018016815,0.07718353718519211,0.965855598449707,1.035789132118225,-0.008554517291486263,-0.0455765500664711,-0.12014469504356384,-0.22938252985477448,2.1366257667541504,1.4101877212524414,1.5510214567184448,1.3978400230407715,2.9857373237609863,-1.0996357202529907,-0.8783717751502991,0.910590410232544,0.29538747668266296,0.0556543804705143,-1.7390600442886353,2.2506730556488037,2.534045934677124,0.011997062712907791,2.1693475246429443,-0.20788446068763733
0.8503937125205994,1.1506800651550293,0.8122649788856506,0.8126010298728943,2.2683868408203125,1.6726233959197998,1.738006830215454,1.8214361667633057,0.6882119178771973,0.5384608507156372,-1.1145364046096802,-0.4997704029083252,-1.3285443782806396,0.22627441585063934,0.05706672742962837,0.929899275302887,1.6577924489974976,0.39997947216033936,0.4326710104942322,0.47438547015190125,-0.09222641587257385,2.1890928745269775,1.3625938892364502,1.669977068901062,1.2555899620056152,-0.013621555641293526,0.07409579306840897,0.9634441137313843,1.0375958681106567,-0.008347224444150925,-0.045790329575538635,-0.12498628348112106,-0.22246749699115753,2.1432087421417236,1.4103245735168457,1.5570827722549438,1.397765040397644,2.983518362045288,-1.1186686754226685,-0.8681669235229492,0.7523132562637329,0.2521350085735321,-0.010102490894496441,-1.708458662033081,2.3943822383880615,2.441894292831421,0.025323016569018364,2.1796255111694336,-0.12066159397363663
0.8582677245140076,1.1798295974731445,0.8070440292358398,0.80522620677948,2.2669501304626465,1.720103144645691,1.7533828020095825,1.8263733386993408,0.6905423402786255,0.5392983555793762,-1.1097253561019897,-0.49738454818725586,-1.3302626609802246,0.24084897339344025,0.05445621535181999,0.926211953163147,1.6570738554000854,0.423719197511673,0.4403591454029083,0.4768546521663666,-0.09106113016605377,2.189511299133301,1.3649991750717163,1.6711698770523071,1.2547309398651123,-0.005791233852505684,0.07100803405046463,0.9610326886177063,1.0394028425216675,-0.00813993439078331,-0.04600409418344498,-0.12982791662216187,-0.215552419424057,2.1497905254364014,1.410461664199829,1.563144326210022,1.3976905345916748,2.9812989234924316,-1.1377019882202148,-0.8579616546630859,0.5940364599227905,0.20888261497020721,-0.07585936784744263,-1.677857518196106,2.538090229034424,2.3497426509857178,0.03864896297454834,2.1899032592773438,-0.03343871980905533
0.8661417365074158,1.208978533744812,0.8018229603767395,0.7978515028953552,2.2655131816864014,1.7675824165344238,1.7687588930130005,1.8313124179840088,0.6928730010986328,0.5401361584663391,-1.1049147844314575,-0.49499866366386414,-1.3319804668426514,0.25542357563972473,0.0518457293510437,0.922524631023407,1.6563557386398315,0.4474588930606842,0.44804713129997253,0.47932374477386475,-0.0898958295583725,2.1899306774139404,1.3674050569534302,1.672362208366394,1.2538725137710571,0.002039093291386962,0.0679202452301979,0.9586215019226074,1.0412102937698364,-0.007932642474770546,-0.046217866241931915,-0.13466954231262207,-0.2086372822523117,2.1563727855682373,1.4105985164642334,1.569205403327942,1.397615909576416,2.9790804386138916,-1.1567350625991821,-0.8477565050125122,0.43575942516326904,0.16563011705875397,-0.14161621034145355,-1.6472564935684204,2.681800127029419,2.2575910091400146,0.05197491496801376,2.2001795768737793,0.053784146904945374
0.874015748500824,1.237957239151001,0.7965713739395142,0.7904178500175476,2.264202356338501,1.8145971298217773,1.7838698625564575,1.8360471725463867,0.6953606605529785,0.5407376885414124,-1.1001160144805908,-0.49271997809410095,-1.3336741924285889,0.26991280913352966,0.049219850450754166,0.918807864189148,1.6557003259658813,0.47096627950668335,0.4556027352809906,0.4816911816596985,-0.08865189552307129,2.190230369567871,1.36980402469635,1.6735023260116577,1.2530251741409302,0.009869006462395191,0.06482832133769989,0.9562127590179443,1.0429785251617432,-0.007725339848548174,-0.04644889384508133,-0.13949589431285858,-0.20170608162879944,2.1629343032836914,1.4107364416122437,1.575264573097229,1.3975656032562256,2.976754903793335,-1.1757131814956665,-0.8374746441841125,0.2765386402606964,0.12237454950809479,-0.20749320089817047,-1.6160565614700317,2.823298215866089,2.163400173187256,0.06533157080411911,2.210085868835449,0.14034561812877655
0.8818897604942322,1.2640069723129272,0.7909558415412903,0.782162606716156,2.263315439224243,1.8563004732131958,1.795087456703186,1.838538408279419,0.6989455223083496,0.5396708250045776,-1.0956203937530518,-0.49165597558021545,-1.3351635932922363,0.28293755650520325,0.046412091702222824,0.9146799445152283,1.6552563905715942,0.49181798100471497,0.46121135354042053,0.4829367995262146,-0.0868595540523529,2.189697265625,1.3720513582229614,1.6740341186523438,1.252280831336975,0.017681162804365158,0.061714738607406616,0.9538083076477051,1.0443146228790283,-0.007529911119490862,-0.04693176969885826,-0.14415964484214783,-0.1946742832660675,2.168924570083618,1.4108806848526,1.581303358078003,1.3977160453796387,2.9732964038848877,-1.1903252601623535,-0.8287728428840637,0.12129215151071548,0.08356503397226334,-0.2770301103591919,-1.5776078701019287,2.939439296722412,2.0491509437561035,0.0751614049077034,2.2139036655426025,0.2232188880443573
0.8897637724876404,1.2769874334335327,0.7834446430206299,0.7688879370689392,2.2669570446014404,1.8750134706497192,1.7904341220855713,1.831093192100525,0.7065802216529846,0.5292214155197144,-1.092179536819458,-0.4964737594127655,-1.3359107971191406,0.289427787065506,0.04265643656253815,0.9080427885055542,1.6570773124694824,0.5011745095252991,0.4588848352432251,0.4792144298553467,-0.08304215967655182,2.1844732761383057,1.373772382736206,1.671625018119812,1.2519068717956543,0.02542266994714737,0.05860429257154465,0.9514758586883545,1.0441874265670776,-0.007388662546873093,-0.04821793735027313,-0.1479310244321823,-0.18734605610370636,2.172060966491699,1.4111193418502808,1.5869622230529785,1.3988906145095825,2.9642581939697266,-1.1811118125915527,-0.8352214097976685,0.06813375651836395,0.0742882564663887,-0.32606270909309387,-1.5036036968231201,2.9244961738586426,1.809496283531189,0.07410819083452225,2.1722373962402344,0.27531155943870544
0.8976377844810486,1.2879871129989624,0.7755274176597595,0.7553791403770447,2.270681858062744,1.891127109527588,1.7827450037002563,1.8221852779388428,0.7155138254165649,0.5178564786911011,-1.0891002416610718,-0.5021644234657288,-1.3365657329559326,0.29492777585983276,0.038697849959135056,0.9012884497642517,1.6589395999908447,0.5092313289642334,0.4550402760505676,0.4747603237628937,-0.07857543230056763,2.1787900924682617,1.375312089920044,1.668779969215393,1.2515792846679688,0.03313697502017021,0.055488478392362595,0.9491293430328369,1.0438786745071411,-0.007297273259609938,-0.04958561435341835,-0.15156060457229614,-0.18006004393100739,2.1746926307678223,1.4113610982894897,1.5925441980361938,1.4001787900924683,2.952303886413574,-1.170535922050476,-0.8452668786048889,0.0279232207685709,0.07180441170930862,-0.3691191077232361,-1.4255237579345703,2.88447904586792,1.5543513298034668,0.07042498886585236,2.124126672744751,0.31561246514320374
0.9055117964744568,1.298986554145813,0.7676101326942444,0.7418704032897949,2.274407148361206,1.9072414636611938,1.775056004524231,1.8132771253585815,0.7244471311569214,0.5064914226531982,-1.0860203504562378,-0.5078549385070801,-1.3372201919555664,0.3004276752471924,0.034739233553409576,0.8945336937904358,1.6608022451400757,0.517288088798523,0.451195627450943,0.4703061282634735,-0.07410871237516403,2.173107624053955,1.376852035522461,1.665934443473816,1.2512519359588623,0.04085127264261246,0.052372679114341736,0.9467831254005432,1.043569803237915,-0.007205887697637081,-0.050953298807144165,-0.1551901251077652,-0.1727740615606308,2.177324056625366,1.411603331565857,1.5981255769729614,1.4014673233032227,2.940349578857422,-1.1599609851837158,-0.8553121089935303,-0.012287290766835213,0.06932061165571213,-0.41217556595802307,-1.3474440574645996,2.844460964202881,1.299206018447876,0.06674179434776306,2.076016426086426,0.35591351985931396
0.913385808467865,1.3099868297576904,0.7596927881240845,0.7283613681793213,2.2781319618225098,1.9233540296554565,1.767366886138916,1.8043688535690308,0.7333806753158569,0.4951264560222626,-1.0829414129257202,-0.5135458111763,-1.3378750085830688,0.3059275448322296,0.03078063577413559,0.8877795338630676,1.6626648902893066,0.5253450274467468,0.44735100865364075,0.46585214138031006,-0.06964197754859924,2.1674253940582275,1.3783912658691406,1.663089394569397,1.2509244680404663,0.048565562814474106,0.04925686493515968,0.9444367289543152,1.0432612895965576,-0.007114501670002937,-0.052320968359708786,-0.1588197648525238,-0.1654880791902542,2.1799559593200684,1.411845326423645,1.6037073135375977,1.4027553796768188,2.9283955097198486,-1.1493853330612183,-0.8653573393821716,-0.05249780789017677,0.06683681905269623,-0.45523208379745483,-1.2693644762039185,2.804443597793579,1.0440616607666016,0.06305858492851257,2.0279064178466797,0.39621439576148987
0.9212598204612732,1.3209865093231201,0.7517757415771484,0.7148523926734924,2.2818570137023926,1.9394681453704834,1.759677767753601,1.79546058177948,0.7423142790794373,0.48376142978668213,-1.0798616409301758,-0.5192363858222961,-1.3385297060012817,0.31142744421958923,0.026822030544281006,0.8810248970985413,1.6645275354385376,0.5334017872810364,0.4435065686702728,0.46139806509017944,-0.06517525762319565,2.161742687225342,1.3799312114715576,1.6602438688278198,1.2505974769592285,0.05627986416220665,0.04614105075597763,0.9420907497406006,1.0429521799087524,-0.007023117505013943,-0.053688645362854004,-0.16244927048683167,-0.15820203721523285,2.1825876235961914,1.4120877981185913,1.6092894077301025,1.4040435552597046,2.916440010070801,-1.1388098001480103,-0.8754027485847473,-0.09270830452442169,0.06435299664735794,-0.49828848242759705,-1.1912842988967896,2.764425754547119,0.7889163494110107,0.05937536805868149,1.9797961711883545,0.43651553988456726
0.9291338324546814,1.3319863080978394,0.7438586950302124,0.7013434767723083,2.285581350326538,1.9555822610855103,1.7519882917404175,1.7865527868270874,0.7512474060058594,0.4723965525627136,-1.0767822265625,-0.5249271392822266,-1.3391852378845215,0.3169272840023041,0.022863416001200676,0.8742706179618835,1.6663898229599,0.5414586067199707,0.43966200947761536,0.4569438695907593,-0.06070854142308235,2.156060218811035,1.381470799446106,1.6573989391326904,1.2502700090408325,0.06399416923522949,0.043025244027376175,0.9397446513175964,1.0426439046859741,-0.006931730080395937,-0.05505632981657982,-0.1660788655281067,-0.15091603994369507,2.1852188110351562,1.4123300313949585,1.6148706674575806,1.4053328037261963,2.9044857025146484,-1.1282341480255127,-0.8854482769966125,-0.1329188346862793,0.06186917796730995,-0.5413448214530945,-1.1132045984268188,2.7244083881378174,0.5337713360786438,0.0556921623647213,1.9316860437393188,0.4768165051937103
0.9370078444480896,1.3429162502288818,0.7359198927879333,0.6878091096878052,2.289310932159424,1.9715688228607178,1.7441062927246094,1.7775498628616333,0.7603059411048889,0.46095550060272217,-1.0737299919128418,-0.5306845307350159,-1.3398375511169434,0.32239237427711487,0.018894100561738014,0.8675035834312439,1.6682543754577637,0.5494521260261536,0.4357207119464874,0.4524426758289337,-0.05617931857705116,2.1503398418426514,1.3829973936080933,1.6545199155807495,1.2499431371688843,0.07170362025499344,0.03991026058793068,0.9373940825462341,1.0423307418823242,-0.006840344984084368,-0.05642135441303253,-0.16969794034957886,-0.1436540186405182,2.1878139972686768,1.4125696420669556,1.620444893836975,1.4066330194473267,2.892172336578369,-1.1176254749298096,-0.8960067629814148,-0.1720816195011139,0.05938507616519928,-0.5833447575569153,-1.035037636756897,2.682715892791748,0.2774229645729065,0.05155833065509796,1.883134365081787,0.5176185369491577
0.9448819160461426,1.3473964929580688,0.7241198420524597,0.6759188175201416,2.2857863903045654,1.9763917922973633,1.7158223390579224,1.7616649866104126,0.7847834229469299,0.44354715943336487,-1.0747171640396118,-0.5387701392173767,-1.3392677307128906,0.32463255524635315,0.01299405749887228,0.8615581393241882,1.6664916276931763,0.5518634915351868,0.42157846689224243,0.44450026750564575,-0.04394060745835304,2.1416358947753906,1.3825035095214844,1.6504771709442139,1.2502281665802002,0.07909058034420013,0.03679528087377548,0.934762179851532,1.0417801141738892,-0.006749216001480818,-0.057869985699653625,-0.17240537703037262,-0.13793112337589264,2.187265634536743,1.412732481956482,1.625257968902588,1.408177137374878,2.8559072017669678,-1.1194690465927124,-0.9372696876525879,-0.19006305932998657,0.05720813572406769,-0.5594245791435242,-0.9536092281341553,2.4896914958953857,-0.012510945089161396,0.03342956304550171,1.8100001811981201,0.5847349166870117
0.9527559280395508,1.3446111679077148,0.7097548246383667,0.6681551933288574,2.2715158462524414,1.9717007875442505,1.6651884317398071,1.7380290031433105,0.8250961303710938,0.42128995060920715,-1.0793427228927612,-0.548077404499054,-1.337065577507019,0.32323983311653137,0.005811586976051331,0.8576762676239014,1.6593568325042725,0.5495180487632751,0.3962617814540863,0.4326820969581604,-0.02378430776298046,2.130507469177246,1.3801910877227783,1.64582359790802,1.2513295412063599,0.08614429831504822,0.03370567038655281,0.9319213628768921,1.041036605834961,-0.0066583710722625256,-0.059614408761262894,-0.17420130968093872,-0.13340018689632416,2.1838784217834473,1.4128788709640503,1.629352331161499,1.4098957777023315,2.7994601726531982,-1.1285709142684937,-0.996350884437561,-0.2010018676519394,0.05537959933280945,-0.5006260871887207,-0.8640503883361816,2.1839137077331543,-0.3179241716861725,0.011841153725981712,1.7172940969467163,0.6829957365989685
0.960629940032959,1.3418256044387817,0.6953897476196289,0.6603916883468628,2.257246255874634,1.9670096635818481,1.6145541667938232,1.7143926620483398,0.8654085397720337,0.3990327715873718,-1.083967685699463,-0.5573846697807312,-1.3348640203475952,0.3218470811843872,-0.0013708854094147682,0.8537946343421936,1.652221918106079,0.5471726059913635,0.3709450960159302,0.4208640158176422,-0.0036280201748013496,2.1193785667419434,1.3778780698776245,1.641169786453247,1.2524304389953613,0.09319803863763809,0.03061605803668499,0.929080605506897,1.0402933359146118,-0.006567526143044233,-0.06135882809758186,-0.1759973019361496,-0.1288692206144333,2.1804909706115723,1.4130250215530396,1.6334469318389893,1.4116140604019165,2.743014097213745,-1.1376726627349854,-1.0554320812225342,-0.21194075047969818,0.0535510890185833,-0.44182759523391724,-0.7744914889335632,1.8781352043151855,-0.6233371496200562,-0.009747256524860859,1.624587893486023,0.7812564373016357
0.9685039520263672,1.3390403985977173,0.6810250282287598,0.6526281237602234,2.242976665496826,1.9623193740844727,1.5639214515686035,1.690756916999817,0.905721127986908,0.37677550315856934,-1.0885932445526123,-0.5666919350624084,-1.3326621055603027,0.3204544186592102,-0.008553355932235718,0.8499128222465515,1.6450871229171753,0.544827401638031,0.3456283211708069,0.40904608368873596,0.016528265550732613,2.1082499027252197,1.3755652904510498,1.6365162134170532,1.2535313367843628,0.10025178641080856,0.02752644568681717,0.9262399077415466,1.0395499467849731,-0.006476677488535643,-0.06310326606035233,-0.1777932345867157,-0.12433823943138123,2.1771018505096436,1.4131711721420288,1.6375410556793213,1.4133328199386597,2.6865670680999756,-1.1467745304107666,-1.1145133972167969,-0.2228795886039734,0.05172255262732506,-0.38302913308143616,-0.6849325299263,1.5723562240600586,-0.9287506937980652,-0.031335655599832535,1.5318810939788818,0.8795174360275269
0.9763779640197754,1.3362549543380737,0.6666600108146667,0.6448643803596497,2.2287063598632812,1.9576283693313599,1.5132877826690674,1.6671202182769775,0.9460335373878479,0.3545182943344116,-1.093218207359314,-0.5759990811347961,-1.3304600715637207,0.3190616965293884,-0.015735825523734093,0.8460310697555542,1.6379523277282715,0.5424820184707642,0.3203115165233612,0.39722806215286255,0.036684550344944,2.097121000289917,1.3732528686523438,1.6318622827529907,1.2546321153640747,0.10730550438165665,0.02443682588636875,0.9233991503715515,1.0388067960739136,-0.0063858311623334885,-0.0648476853966713,-0.17958921194076538,-0.11980725824832916,2.173715114593506,1.4133175611495972,1.6416354179382324,1.4150512218475342,2.630121946334839,-1.1558765172958374,-1.1735947132110596,-0.2338184118270874,0.049894027411937714,-0.32423046231269836,-0.595373809337616,1.2665776014328003,-1.234163761138916,-0.05292407423257828,1.4391752481460571,0.9777781963348389
0.9842519760131836,1.3334698677062988,0.6522950530052185,0.6371008157730103,2.214437484741211,1.9529378414154053,1.4626541137695312,1.6434845924377441,0.986346423625946,0.3322610855102539,-1.0978437662124634,-0.5853065848350525,-1.3282580375671387,0.31766900420188904,-0.02291829325258732,0.8421491384506226,1.6308174133300781,0.5401365756988525,0.2949948012828827,0.3854099214076996,0.05684083327651024,2.0859920978546143,1.3709403276443481,1.6272087097167969,1.2557334899902344,0.11435925960540771,0.021347204223275185,0.9205584526062012,1.0380630493164062,-0.006294984836131334,-0.06659209728240967,-0.18138515949249268,-0.1152762621641159,2.1703271865844727,1.4134639501571655,1.6457297801971436,1.4167695045471191,2.5736753940582275,-1.1649779081344604,-1.2326756715774536,-0.24475723505020142,0.04806550592184067,-0.2654320299625397,-0.505814790725708,0.9607993364334106,-1.5395770072937012,-0.07451249659061432,1.3464686870574951,1.0760389566421509
0.9921259880065918,1.3306843042373657,0.6379302740097046,0.6293371319770813,2.200167179107666,1.9482473134994507,1.4120208024978638,1.619848370552063,1.0266591310501099,0.3100038766860962,-1.1024689674377441,-0.5946136713027954,-1.3260560035705566,0.31627628207206726,-0.03010076843202114,0.8382673263549805,1.6236823797225952,0.5377911329269409,0.269677996635437,0.37359192967414856,0.07699712365865707,2.074864387512207,1.368627667427063,1.6225552558898926,1.2568343877792358,0.1214129775762558,0.018257590010762215,0.917717695236206,1.0373198986053467,-0.006204136181622744,-0.06833652406930923,-0.18318113684654236,-0.11074528843164444,2.1669392585754395,1.4136102199554443,1.6498241424560547,1.4184882640838623,2.517228364944458,-1.1740800142288208,-1.2917572259902954,-0.2556961178779602,0.04623698070645332,-0.20663343369960785,-0.4162561595439911,0.655020534992218,-1.8449904918670654,-0.09610088914632797,1.2537626028060913,1.1742998361587524
1.0,1.3278989791870117,0.623565137386322,0.6215735077857971,2.1858978271484375,1.9435560703277588,1.3613873720169067,1.5962120294570923,1.0669714212417603,0.28774669766426086,-1.107094168663025,-0.6039209961891174,-1.3238543272018433,0.31488358974456787,-0.03728323429822922,0.8343855738639832,1.616547703742981,0.5354459285736084,0.24436123669147491,0.361773818731308,0.09715341776609421,2.063735246658325,1.3663150072097778,1.6179016828536987,1.2579354047775269,0.12846671044826508,0.015167970210313797,0.9148768186569214,1.0365766286849976,-0.006113291252404451,-0.0700809434056282,-0.18497714400291443,-0.10621432960033417,2.1635513305664062,1.4137564897537231,1.6539185047149658,1.4202065467834473,2.460782766342163,-1.1831820011138916,-1.3508386611938477,-0.2666349411010742,0.04440845921635628,-0.1478349268436432,-0.3266972601413727,0.34924206137657166,-2.1504037380218506,-0.11768927425146103,1.1610560417175293,1.272560715675354
