phase,action_mean_BL_coxa_joint,action_mean_BR_coxa_joint,action_mean_ML_coxa_joint,action_mean_MR_coxa_joint,action_mean_BL_femur_joint,action_mean_BR_femur_joint,action_mean_ML_femur_joint,action_mean_MR_femur_joint,action_mean_BL_tibia_joint,action_mean_BR_tibia_joint,action_mean_ML_tibia_joint,action_mean_MR_tibia_joint,target_pos_mean_rad_BL_coxa_joint,target_pos_mean_rad_BR_coxa_joint,target_pos_mean_rad_ML_coxa_joint,target_pos_mean_rad_MR_coxa_joint,target_pos_mean_rad_BL_femur_joint,target_pos_mean_rad_BR_femur_joint,target_pos_mean_rad_ML_femur_joint,target_pos_mean_rad_MR_femur_joint,target_pos_mean_rad_BL_tibia_joint,target_pos_mean_rad_BR_tibia_joint,target_pos_mean_rad_ML_tibia_joint,target_pos_mean_rad_MR_tibia_joint,actual_pos_mean_rad_BL_coxa_joint,actual_pos_mean_rad_BR_coxa_joint,actual_pos_mean_rad_ML_coxa_joint,actual_pos_mean_rad_MR_coxa_joint,actual_pos_mean_rad_BL_femur_joint,actual_pos_mean_rad_BR_femur_joint,actual_pos_mean_rad_ML_femur_joint,actual_pos_mean_rad_MR_femur_joint,actual_pos_mean_rad_BL_tibia_joint,actual_pos_mean_rad_BR_tibia_joint,actual_pos_mean_rad_ML_tibia_joint,actual_pos_mean_rad_MR_tibia_joint,actual_vel_mean_radps_BL_coxa_joint,actual_vel_mean_radps_BR_coxa_joint,actual_vel_mean_radps_ML_coxa_joint,actual_vel_mean_radps_MR_coxa_joint,actual_vel_mean_radps_BL_femur_joint,actual_vel_mean_radps_BR_femur_joint,actual_vel_mean_radps_ML_femur_joint,actual_vel_mean_radps_MR_femur_joint,actual_vel_mean_radps_BL_tibia_joint,actual_vel_mean_radps_BR_tibia_joint,actual_vel_mean_radps_ML_tibia_joint,actual_vel_mean_radps_MR_tibia_joint
0.0,0.9240322709083557,0.7692627906799316,0.8147371411323547,1.444291353225708,1.896109938621521,0.03131604194641113,0.9746359586715698,1.7671480178833008,-0.06039787828922272,-1.0991005897521973,-0.6529500484466553,-1.169060468673706,0.11295019090175629,0.03556562215089798,0.930967390537262,1.2457445859909058,0.5117225646972656,-0.42067432403564453,0.05098561942577362,0.44724172353744507,1.8896632194519043,1.3703118562698364,1.5933870077133179,1.335331916809082,0.1298283338546753,-0.005003562197089195,0.8838551044464111,1.0078203678131104,-0.026965104043483734,-0.14087653160095215,-0.19300577044487,-0.12546662986278534,2.1118040084838867,1.4529660940170288,1.6722567081451416,1.4677757024765015,0.291151225566864,-0.270923912525177,-0.3129194974899292,-0.6439263820648193,-0.02688966877758503,-2.7111711502075195,1.0400234460830688,-0.15683507919311523,-0.7201530337333679,0.5022311806678772,-0.45601901412010193,0.9681350588798523
0.007874015718698502,0.8819106221199036,0.8297151923179626,0.8768900036811829,1.3630821704864502,1.9524967670440674,-0.033822670578956604,0.8015520572662354,1.7146354913711548,-0.09622180461883545,-1.0987539291381836,-0.6961227655410767,-1.1194404363632202,0.09188943356275558,0.06579175591468811,0.9620438814163208,1.2051399946212769,0.5399160981178284,-0.4532436728477478,-0.03555629029870033,0.4209854006767273,1.8717511892318726,1.3704850673675537,1.5718008279800415,1.3601418733596802,0.12699857354164124,-0.00352385058067739,0.8852090835571289,1.0069375038146973,-0.026928652077913284,-0.14817768335342407,-0.1977696567773819,-0.12584100663661957,2.1092755794525146,1.454838514328003,1.6662814617156982,1.470274806022644,0.03952383995056152,-0.07429452985525131,-0.13615652918815613,-0.589276909828186,-0.024934690445661545,-2.715965747833252,0.5739767551422119,-0.13624504208564758,-0.7831571102142334,0.5084816813468933,-0.7512933015823364,0.9638200998306274
0.015748031437397003,0.8397889733314514,0.8901673555374146,0.9390433430671692,1.2818732261657715,2.0088841915130615,-0.09896138310432434,0.6284680962562561,1.6621227264404297,-0.1320457011461258,-1.098407506942749,-0.7392956018447876,-1.0698202848434448,0.07082867622375488,0.09601788967847824,0.9931203722953796,1.1645350456237793,0.5681096911430359,-0.48581308126449585,-0.12209822982549667,0.39472901821136475,1.8538391590118408,1.370658278465271,1.5502142906188965,1.3849519491195679,0.12416885793209076,-0.0020441412925720215,0.8865631222724915,1.0060545206069946,-0.02689221128821373,-0.1554788500070572,-0.2025335729122162,-0.12621541321277618,2.106747627258301,1.4567110538482666,1.6603062152862549,1.4727740287780762,-0.21210357546806335,0.12233484536409378,0.04060641676187515,-0.5346273183822632,-0.022979672998189926,-2.7207605838775635,0.10792998969554901,-0.11565501242876053,-0.8461612462997437,0.5147321224212646,-1.046567678451538,0.9595051407814026
0.023622047156095505,0.7976675033569336,0.9506196975708008,1.001196265220642,1.2006639242172241,2.0652706623077393,-0.16410009562969208,0.45538440346717834,1.609609842300415,-0.1678696572780609,-1.0980608463287354,-0.7824681997299194,-1.0202000141143799,0.04976789653301239,0.12624403834342957,1.0241971015930176,1.12393057346344,0.5963031053543091,-0.5183822512626648,-0.20864011347293854,0.3684725761413574,1.8359272480010986,1.3708314895629883,1.528627872467041,1.4097621440887451,0.12133911997079849,-0.0005644290358759463,0.8879175186157227,1.0051720142364502,-0.026855768635869026,-0.1627800017595291,-0.2072974443435669,-0.126589834690094,2.104219436645508,1.4585838317871094,1.6543309688568115,1.4752733707427979,-0.46373099088668823,0.31896424293518066,0.21736939251422882,-0.4799777567386627,-0.02102464810013771,-2.725555896759033,-0.35811665654182434,-0.09506496787071228,-0.9091653823852539,0.5209826827049255,-1.3418420553207397,0.9551903009414673
0.031496062874794006,0.7555460333824158,1.0110719203948975,1.0633491277694702,1.1194546222686768,2.1216580867767334,-0.22923880815505981,0.28230053186416626,1.557097315788269,-0.20369359850883484,-1.0977144241333008,-0.8256410360336304,-0.970579981803894,0.028707142919301987,0.1564701795578003,1.055273413658142,1.0833263397216797,0.6244966983795166,-0.5509517192840576,-0.2951820492744446,0.34221622347831726,1.818015217781067,1.3710049390792847,1.5070416927337646,1.4345722198486328,0.11850937455892563,0.0009152823477052152,0.8892714381217957,1.004289150238037,-0.026819324120879173,-0.1700812131166458,-0.2120613306760788,-0.12696418166160583,2.1016910076141357,1.4604567289352417,1.6483558416366577,1.47777259349823,-0.7153584361076355,0.5155937075614929,0.3941323757171631,-0.4253282845020294,-0.019069641828536987,-2.7303500175476074,-0.8241634964942932,-0.07447495311498642,-0.9721692800521851,0.5272331237792969,-1.6371164321899414,0.9508752822875977
0.03937007859349251,0.7134245038032532,1.0715243816375732,1.125502347946167,1.038245439529419,2.1780452728271484,-0.29437753558158875,0.10921671241521835,1.5045841932296753,-0.23951750993728638,-1.097367763519287,-0.8688137531280518,-0.9209595918655396,0.007646378595381975,0.18669630587100983,1.0863500833511353,1.0427213907241821,0.6526902318000793,-0.5835211277008057,-0.38172397017478943,0.3159598410129547,1.8001034259796143,1.3711782693862915,1.4854551553726196,1.459382176399231,0.11567964404821396,0.002394992858171463,0.890625536441803,1.0034064054489136,-0.02678287960588932,-0.17738234996795654,-0.2168252319097519,-0.12733858823776245,2.099163055419922,1.4623291492462158,1.6423805952072144,1.4802716970443726,-0.9669860005378723,0.7122231125831604,0.5708953738212585,-0.3706788122653961,-0.01711461693048477,-2.7351455688476562,-1.2902098894119263,-0.05388490483164787,-1.0351732969284058,0.533483624458313,-1.9323904514312744,0.9465605616569519
0.04724409431219101,0.6739799976348877,1.130768895149231,1.1863054037094116,0.9603947401046753,2.2334203720092773,-0.35959863662719727,-0.06027018651366234,1.453444004058838,-0.27558717131614685,-1.098304033279419,-0.9103052616119385,-0.8725903034210205,-0.012075765058398247,0.21631868183612823,1.1167513132095337,1.0037962198257446,0.6803779006004333,-0.6161317229270935,-0.46646735072135925,0.2903897166252136,1.7820684909820557,1.3707102537155151,1.4647095203399658,1.4835671186447144,0.1128171980381012,0.003942413721233606,0.8920238614082336,1.0025277137756348,-0.02674674242734909,-0.18465372920036316,-0.22159036993980408,-0.12773117423057556,2.096635580062866,1.4642267227172852,1.6364048719406128,1.4827940464019775,-1.210923433303833,0.90535569190979,0.7463788390159607,-0.3150225281715393,-0.015532740391790867,-2.7368316650390625,-1.7562991380691528,-0.0328877791762352,-1.0989571809768677,0.5314112305641174,-2.227694511413574,0.9407761693000793
0.05511811003088951,0.6356382369995117,1.1895164251327515,1.2465529441833496,0.8839265704154968,2.288378953933716,-0.42485377192497253,-0.22827596962451935,1.4028687477111816,-0.3117579519748688,-1.099768042564392,-0.9511045217514038,-0.824735701084137,-0.031246699392795563,0.2456923872232437,1.146875262260437,0.9655619859695435,0.7078572511672974,-0.6487592458724976,-0.550470232963562,0.2651020586490631,1.763982892036438,1.3699779510498047,1.444309949874878,1.5074940919876099,0.1099412813782692,0.005517715588212013,0.8934399485588074,1.0016511678695679,-0.026710718870162964,-0.19191275537014008,-0.22635599970817566,-0.12813125550746918,2.094109058380127,1.4661344289779663,1.6304289102554321,1.4853256940841675,-1.4516947269439697,1.0970485210418701,0.9213355183601379,-0.25895172357559204,-0.014104500412940979,-2.737238645553589,-2.222405195236206,-0.011723005212843418,-1.1630620956420898,0.5259118676185608,-2.523010730743408,0.9343865513801575
0.06299212574958801,0.6154041290283203,1.2344328165054321,1.30396568775177,0.8368628621101379,2.3115456104278564,-0.43126776814460754,-0.3165511190891266,1.3688119649887085,-0.3044537901878357,-1.0629956722259521,-0.9974342584609985,-0.7909794449806213,-0.041363734751939774,0.2681505084037781,1.175581455230713,0.9420303106307983,0.7194405794143677,-0.6519662141799927,-0.5946078896522522,0.24807363748550415,1.7676352262496948,1.388364553451538,1.4211450815200806,1.5243725776672363,0.10642033815383911,0.00836262945085764,0.8958348631858826,1.0008245706558228,-0.02670382894575596,-0.19922707974910736,-0.23199252784252167,-0.12839224934577942,2.0916483402252197,1.4696881771087646,1.6238911151885986,1.4879024028778076,-1.6086722612380981,1.2647897005081177,1.0733057260513306,-0.22694894671440125,-0.006688789464533329,-2.7282373905181885,-2.5048470497131348,-0.0021913715172559023,-1.1705594062805176,0.6170408129692078,-2.7075774669647217,0.9324399828910828
0.07086614519357681,0.6263749599456787,1.254842758178711,1.35344660282135,0.8401986360549927,2.2859134674072266,-0.35844147205352783,-0.28619295358657837,1.3613126277923584,-0.2421249896287918,-0.9725747108459473,-1.0495407581329346,-0.7815830111503601,-0.035878315567970276,0.2783554494380951,1.200321912765503,0.943697988986969,0.706624448299408,-0.6155531406402588,-0.5794287323951721,0.2443239986896515,1.7987996339797974,1.433574914932251,1.3950916528701782,1.5290707349777222,0.10204736143350601,0.013033787719905376,0.8997341990470886,1.0000569820404053,-0.02674701251089573,-0.20653027296066284,-0.23893806338310242,-0.12850019335746765,2.089301586151123,1.475874900817871,1.6165603399276733,1.4905503988265991,-1.6349385976791382,1.3926565647125244,1.1881356239318848,-0.22397342324256897,0.0016206379514187574,-2.7026607990264893,-2.503283977508545,-0.008968254551291466,-1.1245797872543335,0.8577641844749451,-2.7281479835510254,0.9310757517814636
0.07874015718698502,0.6365914940834045,1.2753947973251343,1.4024829864501953,0.8433427810668945,2.261525869369507,-0.2878683805465698,-0.25715211033821106,1.3556218147277832,-0.18118911981582642,-0.8823105692863464,-1.100758671760559,-0.7730073928833008,-0.03077014535665512,0.2886315882205963,1.2248402833938599,0.9452701210975647,0.6944305300712585,-0.580266535282135,-0.5649083852767944,0.24147851765155792,1.8292676210403442,1.4787068367004395,1.3694827556610107,1.5333582162857056,0.09766118228435516,0.017672449350357056,0.9036045670509338,0.9992825984954834,-0.026794282719492912,-0.21374745666980743,-0.245826855301857,-0.12860210239887238,2.0869452953338623,1.481885552406311,1.6092932224273682,1.493186116218567,-1.6615023612976074,1.5183560848236084,1.3010321855545044,-0.22112123668193817,0.01122277695685625,-2.6892385482788086,-2.5122427940368652,-0.018812580034136772,-1.0798594951629639,1.1091943979263306,-2.7488853931427,0.9258602857589722
0.08661417663097382,0.6457785964012146,1.2962135076522827,1.4512139558792114,0.8455598950386047,2.237997055053711,-0.21761734783649445,-0.22786220908164978,1.3503313064575195,-0.12058057636022568,-0.7929210662841797,-1.1517572402954102,-0.764503002166748,-0.02617654576897621,0.2990407645702362,1.2492058277130127,0.946378767490387,0.6826660633087158,-0.5451409220695496,-0.5502634048461914,0.23883339762687683,1.8595720529556274,1.5234014987945557,1.3439834117889404,1.537610650062561,0.09328044205904007,0.022312261164188385,0.9074742197990417,0.9985122680664062,-0.026842936873435974,-0.22087916731834412,-0.2525821030139923,-0.12870462238788605,2.0845847129821777,1.4878828525543213,1.602036714553833,1.4958226680755615,-1.6894922256469727,1.6423022747039795,1.4122982025146484,-0.2186146080493927,0.020688889548182487,-2.6732072830200195,-2.510763645172119,-0.02821296639740467,-1.0351319313049316,1.3614383935928345,-2.768655300140381,0.9200851321220398
0.09448818862438202,0.6536062359809875,1.3173887729644775,1.4995648860931396,0.8465002775192261,2.215535879135132,-0.1475745439529419,-0.1980818212032318,1.345407247543335,-0.060280200093984604,-0.7047393918037415,-1.202545166015625,-0.7560101747512817,-0.02226273901760578,0.30962860584259033,1.273381233215332,0.9468488693237305,0.6714354157447815,-0.5101194977760315,-0.5353732109069824,0.23637139797210693,1.8897221088409424,1.5674926042556763,1.3185895681381226,1.5418568849563599,0.08890870213508606,0.026957178488373756,0.9113465547561646,0.9977489113807678,-0.02689310722053051,-0.22790026664733887,-0.25915634632110596,-0.12880858778953552,2.0822207927703857,1.4938801527023315,1.5947881937026978,1.4984636306762695,-1.719446063041687,1.7640279531478882,1.5214892625808716,-0.21657858788967133,0.02982540801167488,-2.6522161960601807,-2.493540048599243,-0.03666152432560921,-0.9902586936950684,1.6136690378189087,-2.787055253982544,0.9139410257339478
0.10236220806837082,0.6614338159561157,1.3385642766952515,1.5479165315628052,0.8474404215812683,2.1930744647979736,-0.07753177732229233,-0.16830134391784668,1.34048330783844,2.0177023543510586e-05,-0.6165575981140137,-1.2533328533172607,-0.747517466545105,-0.01834891177713871,0.3202163279056549,1.2975573539733887,0.9473190307617188,0.6602049469947815,-0.475098192691803,-0.5204829573631287,0.23390933871269226,1.9198724031448364,1.6115831136703491,1.2931956052780151,1.5461033582687378,0.08453696966171265,0.03160209581255913,0.9152185916900635,0.9969851970672607,-0.02694329060614109,-0.2349214255809784,-0.26573053002357483,-0.1289125680923462,2.0798566341400146,1.4998773336410522,1.587539553642273,1.501104474067688,-1.7493994235992432,1.8857539892196655,1.6306800842285156,-0.21454259753227234,0.038961946964263916,-2.6312239170074463,-2.4763166904449463,-0.045110076665878296,-0.9453852772712708,1.865899682044983,-2.805454969406128,0.90779709815979
0.11023622006177902,0.6692614555358887,1.359739899635315,1.5962680578231812,0.8483806848526001,2.1706135272979736,-0.007489001844078302,-0.13852094113826752,1.3355592489242554,0.06032054126262665,-0.528376042842865,-1.3041207790374756,-0.7390246391296387,-0.014435095712542534,0.33080410957336426,1.3217328786849976,0.947789192199707,0.6489744186401367,-0.4400767683982849,-0.5055928230285645,0.23144732415676117,1.9500224590301514,1.6556740999221802,1.2678015232086182,1.5503499507904053,0.08016522973775864,0.03624701499938965,0.9190908074378967,0.9962216019630432,-0.026993462815880775,-0.24194267392158508,-0.27230480313301086,-0.12901654839515686,2.0774919986724854,1.5058741569519043,1.5802907943725586,1.503745198249817,-1.7793532609939575,2.0074799060821533,1.7398713827133179,-0.21250665187835693,0.04809845611453056,-2.6102325916290283,-2.459092378616333,-0.05355864390730858,-0.9005118608474731,2.1181304454803467,-2.8238542079925537,0.9016529321670532
0.11811023950576782,0.6785828471183777,1.3782821893692017,1.6404443979263306,0.847411572933197,2.1478145122528076,0.06244756653904915,-0.10549573600292206,1.334093451499939,0.11964353919029236,-0.4397745728492737,-1.3525468111038208,-0.729526698589325,-0.009774398058652878,0.3400752544403076,1.3438210487365723,0.9473046660423279,0.6375751495361328,-0.40510857105255127,-0.4890802800655365,0.23071447014808655,1.9796839952468872,1.699974775314331,1.2435886859893799,1.5550988912582397,0.07595685124397278,0.04097457975149155,0.9230844974517822,0.9955480098724365,-0.02705531381070614,-0.24873821437358856,-0.27883654832839966,-0.12916649878025055,2.0753254890441895,1.5120817422866821,1.5729541778564453,1.5062514543533325,-1.7956162691116333,2.1163532733917236,1.8360464572906494,-0.2196073681116104,0.05356031656265259,-2.5706586837768555,-2.4376022815704346,-0.0636601522564888,-0.8474543690681458,2.37164306640625,-2.832439422607422,0.8978082537651062
0.12598425149917603,0.7014716267585754,1.3846086263656616,1.647706151008606,0.8761907815933228,2.13594651222229,0.10872876644134521,-0.0366613008081913,1.3431488275527954,0.13985523581504822,-0.40088772773742676,-1.368628978729248,-0.7221371531486511,0.0016699581174179912,0.3432384431362152,1.3474518060684204,0.9616941213607788,0.6316408514976501,-0.3819679021835327,-0.45466291904449463,0.23524218797683716,1.9897897243499756,1.7194181680679321,1.235547661781311,1.5587934255599976,0.07219259440898895,0.04677169397473335,0.9280905723571777,0.9949504137039185,-0.027136394754052162,-0.25405940413475037,-0.2837665379047394,-0.1293540894985199,2.073340892791748,1.5188884735107422,1.5655460357666016,1.508656620979309,-1.7151979207992554,2.1533164978027344,1.8854551315307617,-0.20121009647846222,0.04679456353187561,-2.400094747543335,-2.2568581104278564,-0.06190783530473709,-0.8356917500495911,2.459127187728882,-2.830247163772583,0.8795716166496277
0.13385826349258423,0.7220513820648193,1.3903857469558716,1.6442633867263794,0.9073941111564636,2.128761053085327,0.1438627690076828,0.035790931433439255,1.3537425994873047,0.1495947539806366,-0.3858131468296051,-1.3736847639083862,-0.713742733001709,0.01195987593382597,0.3461269438266754,1.3457304239273071,0.9772958159446716,0.628048300743103,-0.3644009232521057,-0.4184368848800659,0.24053895473480225,1.994659662246704,1.726955533027649,1.2330197095870972,1.5629909038543701,0.06851441413164139,0.05274916812777519,0.9333221316337585,0.994356632232666,-0.027248110622167587,-0.25858452916145325,-0.28704696893692017,-0.1295541375875473,2.0713865756988525,1.5257446765899658,1.558249831199646,1.511055588722229,-1.625431776046753,2.1634068489074707,1.9123295545578003,-0.18013185262680054,0.0374148003757,-2.19295072555542,-1.9854494333267212,-0.05791761353611946,-0.8295897245407104,2.4569311141967773,-2.820747137069702,0.8620163202285767
0.14173229038715363,0.7426312565803528,1.396162748336792,1.640820860862732,0.9385974407196045,2.1215758323669434,0.17899677157402039,0.10824315994977951,1.3643360137939453,0.15933430194854736,-0.37073853611946106,-1.3787407875061035,-0.7053481936454773,0.022249793633818626,0.34901538491249084,1.3440090417861938,0.9928973317146301,0.6244555711746216,-0.3468339741230011,-0.38221076130867004,0.24583569169044495,1.9995291233062744,1.7344928979873657,1.2304919958114624,1.5671883821487427,0.06483622640371323,0.05872664600610733,0.9385533928871155,0.993762731552124,-0.027359819039702415,-0.2631096839904785,-0.2903275489807129,-0.12975414097309113,2.0694327354431152,1.532600998878479,1.5509535074234009,1.5134543180465698,-1.5356661081314087,2.173497200012207,1.939204454421997,-0.15905359387397766,0.028035061433911324,-1.985806941986084,-1.7140403985977173,-0.05392739921808243,-0.8234878778457642,2.454735279083252,-2.811246871948242,0.8444609642028809
0.14960630238056183,0.7642778158187866,1.4030436277389526,1.6369165182113647,0.9697452187538147,2.1143453121185303,0.21590420603752136,0.18063749372959137,1.374868392944336,0.16988614201545715,-0.35490328073501587,-1.3836687803268433,-0.6966466903686523,0.03307313099503517,0.3524560034275055,1.3420568704605103,1.0084713697433472,0.620840311050415,-0.3283802270889282,-0.3460135757923126,0.25110191106796265,2.004805326461792,1.7424105405807495,1.2280277013778687,1.5715388059616089,0.06122882664203644,0.06463170051574707,0.9436140060424805,0.9931593537330627,-0.027495285496115685,-0.2676697373390198,-0.2937343418598175,-0.12984400987625122,2.0673940181732178,1.539470911026001,1.5436677932739258,1.515863060951233,-1.4408713579177856,2.18660306930542,1.9607160091400146,-0.14068512618541718,0.014839698560535908,-1.7807188034057617,-1.4472609758377075,-0.042373549193143845,-0.8217820525169373,2.457340717315674,-2.800567626953125,0.8265417814254761
0.15748031437397003,0.7861023545265198,1.4101085662841797,1.6329345703125,1.0008832216262817,2.107106924057007,0.2531072497367859,0.25302213430404663,1.3853906393051147,0.18057341873645782,-0.3389413058757782,-1.388575792312622,-0.6878941059112549,0.04398537054657936,0.3559885621070862,1.3400660753250122,1.0240404605865479,0.6172209978103638,-0.30977869033813477,-0.3098212480545044,0.25636300444602966,2.010148763656616,1.7503913640975952,1.225574254989624,1.575914978981018,0.05763322860002518,0.07052469998598099,0.9486460089683533,0.9925540089607239,-0.02763470821082592,-0.2722355127334595,-0.29716208577156067,-0.1299155205488205,2.0653417110443115,1.5463427305221558,1.5363839864730835,1.5182729959487915,-1.345238447189331,2.2002105712890625,1.9813340902328491,-0.12276825308799744,0.0010083779925480485,-1.5759732723236084,-1.1812541484832764,-0.02955910563468933,-0.820809006690979,2.460747003555298,-2.789691209793091,0.8085620999336243
0.16535432636737823,0.8079267740249634,1.4171738624572754,1.628953456878662,1.0320215225219727,2.099868059158325,0.2903102934360504,0.32540684938430786,1.395912766456604,0.1912606805562973,-0.3229793906211853,-1.3934826850891113,-0.6791413426399231,0.05489761382341385,0.3595212399959564,1.3380753993988037,1.039609670639038,0.6136019229888916,-0.2911771535873413,-0.2736288905143738,0.2616240978240967,2.0154919624328613,1.7583723068237305,1.2231206893920898,1.580291509628296,0.05403764173388481,0.07641768455505371,0.9536778926849365,0.9919489026069641,-0.027774138376116753,-0.2768014967441559,-0.300589919090271,-0.12998703122138977,2.063289165496826,1.5532150268554688,1.5291004180908203,1.5206832885742188,-1.2496052980422974,2.213817834854126,2.0019519329071045,-0.10485139489173889,-0.012822920456528664,-1.371227741241455,-0.9152466058731079,-0.016744647175073624,-0.8198358416557312,2.4641525745391846,-2.7788150310516357,0.7905822992324829
0.17322835326194763,0.8295590281486511,1.4241831302642822,1.6243133544921875,1.0642555952072144,2.0927951335906982,0.3285510838031769,0.399345338344574,1.406551480293274,0.20110982656478882,-0.3061613142490387,-1.3989015817642212,-0.6706374883651733,0.06571360677480698,0.3630256950855255,1.335755467414856,1.0557266473770142,0.6100651621818542,-0.27205678820610046,-0.23665964603424072,0.26694348454475403,2.0204172134399414,1.7667814493179321,1.2204114198684692,1.5845433473587036,0.050415534526109695,0.0822293758392334,0.9585853815078735,0.9913302659988403,-0.027924807742238045,-0.2813587784767151,-0.3039993345737457,-0.13007083535194397,2.061243772506714,1.559793472290039,1.5219389200210571,1.5231114625930786,-1.1542390584945679,2.227382183074951,2.01780366897583,-0.08545735478401184,-0.024275587871670723,-1.16517972946167,-0.6537439823150635,-0.002874021651223302,-0.8213115930557251,2.4736056327819824,-2.769301414489746,0.7713924050331116
0.18110236525535583,0.8304892778396606,1.4375308752059937,1.6193498373031616,1.073113203048706,2.0947072505950928,0.35688817501068115,0.4674919545650482,1.4177803993225098,0.20906572043895721,-0.3137374818325043,-1.3993051052093506,-0.662585437297821,0.06617879867553711,0.36969953775405884,1.3332738876342773,1.0601551532745361,0.6110213398933411,-0.2578882575035095,-0.2025863081216812,0.2725578844547272,2.024394989013672,1.762993335723877,1.2202094793319702,1.5885692834854126,0.04694068431854248,0.08791795372962952,0.9634473323822021,0.9906995296478271,-0.02809801697731018,-0.28416958451271057,-0.304002583026886,-0.13014332950115204,2.0591588020324707,1.565980315208435,1.5148842334747314,1.525547742843628,-1.1155592203140259,2.2079691886901855,1.9995766878128052,-0.08256202936172485,-0.03851952776312828,-0.942242443561554,-0.28285521268844604,0.006669002119451761,-0.8180012702941895,2.441685199737549,-2.7430732250213623,0.7650254368782043
0.18897637724876404,0.8157467246055603,1.455634355545044,1.6146894693374634,1.0630598068237305,2.102975845336914,0.37632113695144653,0.5279926657676697,1.428711175918579,0.21572421491146088,-0.34116819500923157,-1.3953698873519897,-0.6551218032836914,0.05880753695964813,0.3787515163421631,1.3309437036514282,1.0551286935806274,0.6151556372642517,-0.24817170202732086,-0.17233595252037048,0.278023362159729,2.027724266052246,1.74927818775177,1.222177267074585,1.592301368713379,0.0435793399810791,0.09348946809768677,0.9682711958885193,0.9900571703910828,-0.028305256739258766,-0.2855549454689026,-0.30121877789497375,-0.13021159172058105,2.0570523738861084,1.5717676877975464,1.5079377889633179,1.5280016660690308,-1.1198078393936157,2.161349058151245,1.9547723531723022,-0.09321073442697525,-0.056539639830589294,-0.7113932967185974,0.15561409294605255,0.011777826584875584,-0.8092387914657593,2.3650448322296143,-2.7002997398376465,0.7696605324745178
0.19685038924217224,0.7957662343978882,1.4750874042510986,1.6119235754013062,1.0426324605941772,2.1116321086883545,0.38784006237983704,0.5738717913627625,1.436631441116333,0.22199448943138123,-0.38011935353279114,-1.388155221939087,-0.6489890217781067,0.04881729930639267,0.3884778618812561,1.32956063747406,1.044914960861206,0.6194838285446167,-0.24241229891777039,-0.1493964046239853,0.281983345746994,2.0308592319488525,1.7298027276992798,1.2257846593856812,1.595367670059204,0.04024716466665268,0.09887783229351044,0.9729912877082825,0.9893935322761536,-0.02859838679432869,-0.2860560715198517,-0.29667922854423523,-0.13030336797237396,2.0549798011779785,1.5768312215805054,1.5012092590332031,1.5305155515670776,-1.1382962465286255,2.0968353748321533,1.8952813148498535,-0.11160769313573837,-0.08101332932710648,-0.4966995120048523,0.552394449710846,0.011439571157097816,-0.792853593826294,2.223780632019043,-2.637362003326416,0.7823397517204285
0.20472441613674164,0.7757857441902161,1.4945405721664429,1.609157919883728,1.022205114364624,2.120288848876953,0.39935898780822754,0.6197510361671448,1.4445514678955078,0.22826485335826874,-0.4190704822540283,-1.3809411525726318,-0.6428560614585876,0.03882705792784691,0.39820435643196106,1.328177571296692,1.0347014665603638,0.6238120198249817,-0.23665283620357513,-0.12645681202411652,0.28594329953193665,2.033994436264038,1.7103266716003418,1.2293915748596191,1.5984340906143188,0.036914974451065063,0.10426618158817291,0.9777116179466248,0.9887297749519348,-0.02889152243733406,-0.28655728697776794,-0.2921397387981415,-0.13039512932300568,2.0529074668884277,1.581894874572754,1.494481086730957,1.5330297946929932,-1.1567845344543457,2.0323219299316406,1.835790753364563,-0.1300046741962433,-0.10548698902130127,-0.2820058763027191,0.9491748213768005,0.011101320385932922,-0.7764682173728943,2.08251690864563,-2.5744235515594482,0.7950192093849182
0.21259842813014984,0.7559323310852051,1.5140163898468018,1.6062766313552856,1.0017435550689697,2.1290810108184814,0.41087329387664795,0.6655776500701904,1.4527559280395508,0.2343226820230484,-0.45826801657676697,-1.3738899230957031,-0.6367048025131226,0.02890029549598694,0.4079422652721405,1.3267370462417603,1.0244706869125366,0.6282082796096802,-0.23089566826820374,-0.10354349762201309,0.29004567861557007,2.0370233058929443,1.6907281875610352,1.232917308807373,1.601509690284729,0.033583395183086395,0.10960611701011658,0.9823973774909973,0.9880484342575073,-0.029134614393115044,-0.28706344962120056,-0.28767919540405273,-0.1304890215396881,2.050793170928955,1.5869238376617432,1.487815260887146,1.535538673400879,-1.1745299100875854,1.9683009386062622,1.7809022665023804,-0.1500125676393509,-0.12576667964458466,-0.06886749714612961,1.338811993598938,0.010773798450827599,-0.7633962631225586,1.9480863809585571,-2.512056350708008,0.8067808151245117
0.22047244012355804,0.7358124256134033,1.5334371328353882,1.6028372049331665,0.9812942743301392,2.1378087997436523,0.4235367178916931,0.7116369605064392,1.4615472555160522,0.24001941084861755,-0.49793586134910583,-1.3663820028305054,-0.6305772662162781,0.0188403632491827,0.41765275597572327,1.3250173330307007,1.0142461061477661,0.6325719952583313,-0.22456395626068115,-0.08051387220621109,0.2944413423538208,2.0398716926574707,1.6708941459655762,1.2366710901260376,1.6045736074447632,0.0302426815032959,0.11486987769603729,0.9870326519012451,0.9873560070991516,-0.02939247339963913,-0.28747159242630005,-0.28328582644462585,-0.13051006197929382,2.0486440658569336,1.5919241905212402,1.481196641921997,1.5379984378814697,-1.1917855739593506,1.904842495918274,1.7339084148406982,-0.16925452649593353,-0.14872866868972778,0.1522112637758255,1.7266137599945068,0.014116763137280941,-0.7498190402984619,1.8194303512573242,-2.4507620334625244,0.8165461421012878
0.22834645211696625,0.714195728302002,1.5536327362060547,1.5973304510116577,0.959883451461792,2.147343635559082,0.4345840513706207,0.7598841786384583,1.471228837966919,0.2433168739080429,-0.5408228635787964,-1.3574929237365723,-0.6238008737564087,0.008032099343836308,0.42775049805641174,1.3222639560699463,1.0035403966903687,0.6373394727706909,-0.21904030442237854,-0.05639021471142769,0.2992820739746094,2.041520595550537,1.6494507789611816,1.2411160469055176,1.6079617738723755,0.02695484459400177,0.12010382115840912,0.9916607737541199,0.9866650104522705,-0.029647132381796837,-0.28778666257858276,-0.278786301612854,-0.13052217662334442,2.0465188026428223,1.5969456434249878,1.4745768308639526,1.5404428243637085,-1.2172120809555054,1.8429397344589233,1.6880052089691162,-0.18790970742702484,-0.17011232674121857,0.3663630187511444,2.128247022628784,0.022871308028697968,-0.7447897791862488,1.6819425821304321,-2.389376163482666,0.8292859792709351
0.23622047901153564,0.694277822971344,1.5735828876495361,1.5921850204467773,0.9398024678230286,2.154616117477417,0.44212403893470764,0.8023172616958618,1.4796853065490723,0.24508528411388397,-0.5851406455039978,-1.3479382991790771,-0.617738664150238,-0.001926841912791133,0.43772536516189575,1.3196914196014404,0.9935000538825989,0.6409757733345032,-0.2152702957391739,-0.035173751413822174,0.3035103678703308,2.042404890060425,1.6272920370101929,1.2458927631378174,1.6109929084777832,0.023655515164136887,0.12520229816436768,0.9961948990821838,0.9859514236450195,-0.029934225603938103,-0.2879258394241333,-0.27399125695228577,-0.1305609494447708,2.0444276332855225,1.6014004945755005,1.468131422996521,1.5429199934005737,-1.2416799068450928,1.7773648500442505,1.6394073963165283,-0.20660695433616638,-0.19091346859931946,0.5576099157333374,2.4962546825408936,0.031003447249531746,-0.7416284680366516,1.5080007314682007,-2.3192718029022217,0.8436866402626038
0.24409449100494385,0.6900884509086609,1.5899865627288818,1.593910813331604,0.931782066822052,2.1430888175964355,0.4274957478046417,0.7966155409812927,1.4772491455078125,0.24042156338691711,-0.633443295955658,-1.3360084295272827,-0.6184471845626831,-0.004021578934043646,0.44592729210853577,1.3205537796020508,0.9894898533821106,0.6352120637893677,-0.22258445620536804,-0.03802452236413956,0.3022921681404114,2.0400731563568115,1.6031405925750732,1.2518579959869385,1.6106384992599487,0.02015097439289093,0.1293279230594635,1.0000243186950684,0.9850650429725647,-0.030504774302244186,-0.28688350319862366,-0.26720720529556274,-0.13077500462532043,2.0425403118133545,1.6015634536743164,1.4629981517791748,1.545646071434021,-1.2415295839309692,1.6810038089752197,1.5706031322479248,-0.22563248872756958,-0.2143683135509491,0.5973246097564697,2.5848891735076904,0.02501116879284382,-0.7322278022766113,1.0795750617980957,-2.184321880340576,0.8634561896324158
0.25196850299835205,0.6861738562583923,1.606191635131836,1.595276117324829,0.9251330494880676,2.130817413330078,0.41278305649757385,0.7909829616546631,1.4756379127502441,0.23445376753807068,-0.6809821128845215,-1.3242498636245728,-0.6199589967727661,-0.005978874396532774,0.4540298879146576,1.3212368488311768,0.9861654043197632,0.6290763020515442,-0.22994081676006317,-0.04084085300564766,0.30148664116859436,2.0370891094207764,1.5793709754943848,1.2577372789382935,1.6098824739456177,0.016607187688350677,0.13330841064453125,1.0037200450897217,0.9841512441635132,-0.031097620725631714,-0.2856738567352295,-0.2603188455104828,-0.13099287450313568,2.0406394004821777,1.6011656522750854,1.458077073097229,1.5483896732330322,-1.241810917854309,1.5829819440841675,1.497346043586731,-0.24343514442443848,-0.23878547549247742,0.6315836310386658,2.657426357269287,0.020383033901453018,-0.7236891984939575,0.6412152051925659,-2.0465304851531982,0.8820635676383972
0.25984251499176025,0.6830840110778809,1.6218008995056152,1.595562219619751,0.9225988388061523,2.116314649581909,0.397816926240921,0.7855567932128906,1.476502537727356,0.22457371652126312,-0.7262290120124817,-1.3130054473876953,-0.6238800883293152,-0.007523845881223679,0.46183472871780396,1.3213800191879272,0.9848981499671936,0.6218248605728149,-0.237423837184906,-0.04355389624834061,0.30191895365715027,2.032149314880371,1.556747555732727,1.263359546661377,1.6079221963882446,0.012945660389959812,0.13685353100299835,1.0070151090621948,0.9831558465957642,-0.03175737336277962,-0.2839614450931549,-0.25311726331710815,-0.13122209906578064,2.0386993885040283,1.5990855693817139,1.4537906646728516,1.5511845350265503,-1.2433873414993286,1.4799766540527344,1.4107316732406616,-0.2575691342353821,-0.26608920097351074,0.649475634098053,2.681673526763916,0.01984729990363121,-0.7177371978759766,0.1730528175830841,-1.9002138376235962,0.8971840739250183
0.26771652698516846,0.6799939870834351,1.6374106407165527,1.5958482027053833,0.9200645685195923,2.101811408996582,0.3828507959842682,0.7801306843757629,1.4773672819137573,0.21469362080097198,-0.7714760899543762,-1.3017610311508179,-0.6278011798858643,-0.00906881969422102,0.4696394205093384,1.3215227127075195,0.9836311340332031,0.6145732998847961,-0.24490688741207123,-0.046266935765743256,0.3023512363433838,2.0272090435028076,1.5341241359710693,1.268981695175171,1.605961561203003,0.009284133091568947,0.14039865136146545,1.0103100538253784,0.9821603894233704,-0.032417118549346924,-0.2822491228580475,-0.2459157109260559,-0.13145124912261963,2.0367586612701416,1.5970057249069214,1.4495047330856323,1.5539796352386475,-1.2449642419815063,1.3769718408584595,1.3241174221038818,-0.2717030346393585,-0.2933928370475769,0.6673676371574402,2.705920696258545,0.01931156776845455,-0.7117851972579956,-0.29510945081710815,-1.753896713256836,0.9123048782348633
0.27559053897857666,0.6769042015075684,1.6530200242996216,1.596134066581726,0.9175301790237427,2.087308645248413,0.36788469552993774,0.7747047543525696,1.4782317876815796,0.20481355488300323,-0.816723108291626,-1.29051673412323,-0.6317223310470581,-0.010613792575895786,0.4774441421031952,1.32166588306427,0.9823638796806335,0.6073217391967773,-0.25238996744155884,-0.0489799790084362,0.3027835190296173,2.0222690105438232,1.511500597000122,1.2746037244796753,1.6040009260177612,0.005622606724500656,0.14394377171993256,1.013604998588562,0.9811648726463318,-0.033076878637075424,-0.2805366814136505,-0.23871414363384247,-0.1316804140806198,2.034818410873413,1.5949257612228394,1.4452190399169922,1.556774377822876,-1.2465406656265259,1.2739667892456055,1.2375030517578125,-0.2858370244503021,-0.32069647312164307,0.6852596402168274,2.7301673889160156,0.018775830045342445,-0.7058331966400146,-0.763271689414978,-1.6075801849365234,0.9274252653121948
0.28346458077430725,0.6738141179084778,1.6686292886734009,1.5964202880859375,0.9149957895278931,2.072805404663086,0.3529186248779297,0.7692786455154419,1.4790961742401123,0.19493348896503448,-0.8619701862335205,-1.2792726755142212,-0.6356433629989624,-0.012158763594925404,0.48524895310401917,1.321808934211731,0.981096625328064,0.6000701785087585,-0.25987303256988525,-0.05169302225112915,0.3032158315181732,2.017329216003418,1.488877296447754,1.2802259922027588,1.602040410041809,0.0019610801246017218,0.14748890697956085,1.0169000625610352,0.9801693558692932,-0.033736634999513626,-0.2788243591785431,-0.2315126210451126,-0.13190962374210358,2.0328779220581055,1.5928456783294678,1.4409327507019043,1.5595695972442627,-1.248117446899414,1.1709620952606201,1.1508883237838745,-0.2999708950519562,-0.3480001389980316,0.7031517028808594,2.7544143199920654,0.01824011094868183,-0.6998811960220337,-1.2314341068267822,-1.4612634181976318,0.9425461888313293
0.29133859276771545,0.6698487997055054,1.6829376220703125,1.598307490348816,0.9108024835586548,2.058920383453369,0.33774545788764954,0.7631071209907532,1.475071907043457,0.18615394830703735,-0.906496524810791,-1.2689307928085327,-0.6394971609115601,-0.014141455292701721,0.49240291118621826,1.3227523565292358,0.9790000915527344,0.5931276679039001,-0.2674596309661865,-0.054778747260570526,0.3012036383152008,2.012939214706421,1.4666138887405396,1.285396695137024,1.6001135110855103,-0.0016739681595936418,0.15099310874938965,1.0201689004898071,0.9791643619537354,-0.03440476208925247,-0.2770707607269287,-0.2242812216281891,-0.1320858597755432,2.030978202819824,1.590767502784729,1.4366294145584106,1.562338948249817,-1.2553902864456177,1.068485140800476,1.068458080291748,-0.31612712144851685,-0.3629099428653717,0.7140734791755676,2.7820684909820557,0.008512051776051521,-0.6886581182479858,-1.7007770538330078,-1.3161342144012451,0.9593715071678162
0.29921260476112366,0.6574733257293701,1.6947319507598877,1.592271089553833,0.8997560143470764,2.0550777912139893,0.33653393387794495,0.7819604873657227,1.4730305671691895,0.1697670966386795,-0.9430044889450073,-1.2676410675048828,-0.6421330571174622,-0.020329151302576065,0.49830010533332825,1.3197342157363892,0.9734769463539124,0.5912065505981445,-0.26806533336639404,-0.045352134853601456,0.300182968378067,2.0047457218170166,1.4483598470687866,1.2860418558120728,1.598795771598816,-0.005520110484212637,0.15352579951286316,1.0220471620559692,0.9780270457267761,-0.034931108355522156,-0.2749235928058624,-0.2169230878353119,-0.13226361572742462,2.028903007507324,1.5862703323364258,1.4335535764694214,1.5651832818984985,-1.2789959907531738,0.9640516042709351,0.9510738849639893,-0.33764445781707764,-0.33413994312286377,0.7418429851531982,2.8003852367401123,-0.0014662619214504957,-0.7032052874565125,-1.9845257997512817,-1.1853352785110474,0.9727797508239746
0.30708661675453186,0.6409452557563782,1.7061342000961304,1.5812712907791138,0.8867966532707214,2.056828737258911,0.34407418966293335,0.8165522217750549,1.4756275415420532,0.14881651103496552,-0.9758666753768921,-1.2703579664230347,-0.6442427039146423,-0.028593195602297783,0.5040013194084167,1.3142343759536743,0.9669970870018005,0.5920820832252502,-0.2642952501773834,-0.028056202456355095,0.3014813959598541,1.9942703247070312,1.4319288730621338,1.2846832275390625,1.5977407693862915,-0.009464425034821033,0.1555527001619339,1.0231775045394897,0.9768356084823608,-0.035358741879463196,-0.27261999249458313,-0.20954523980617523,-0.13250677287578583,2.026698589324951,1.5803947448730469,1.4311752319335938,1.5681110620498657,-1.3091400861740112,0.8584353923797607,0.8121302127838135,-0.35882502794265747,-0.2876145541667938,0.7884586453437805,2.8106849193573,-0.0067953006364405155,-0.7352771759033203,-2.168498992919922,-1.0628690719604492,0.9826932549476624
0.31496062874794006,0.624364972114563,1.7175534963607788,1.5692272186279297,0.8741297721862793,2.059760570526123,0.35340631008148193,0.8545217514038086,1.4796241521835327,0.1268749237060547,-1.0082060098648071,-1.2740291357040405,-0.6465502977371216,-0.03688336908817291,0.509710967540741,1.3082125186920166,0.9606636166572571,0.5935478210449219,-0.25962916016578674,-0.00907138455659151,0.3034798502922058,1.9832994937896729,1.4157589673995972,1.28284752368927,1.596587061882019,-0.013448148034512997,0.1574014276266098,1.024032711982727,0.9756081700325012,-0.035673558712005615,-0.2702735364437103,-0.2023160755634308,-0.13278047740459442,2.0243847370147705,1.5741698741912842,1.429049015045166,1.5710620880126953,-1.3377046585083008,0.7543365359306335,0.6715673208236694,-0.3839930295944214,-0.2286239117383957,0.8330534100532532,2.7900960445404053,-0.011807573027908802,-0.7801352143287659,-2.318026065826416,-0.929767370223999,0.9901976585388184
0.32283464074134827,0.6076696515083313,1.7290105819702148,1.5548877716064453,0.8621067404747009,2.0652883052825928,0.36668047308921814,0.8999225497245789,1.486701250076294,0.10275299847126007,-1.0393955707550049,-1.279799461364746,-0.6492925882339478,-0.04523102194070816,0.5154393911361694,1.3010425567626953,0.9546521902084351,0.5963118076324463,-0.25299209356307983,0.013628984801471233,0.3070182800292969,1.9712382555007935,1.4001641273498535,1.2799625396728516,1.5952160358428955,-0.017518574371933937,0.1588582545518875,1.024282455444336,0.9743013381958008,-0.035740211606025696,-0.26783305406570435,-0.1954139769077301,-0.13312146067619324,2.021829128265381,1.5671770572662354,1.4274777173995972,1.5740644931793213,-1.362793207168579,0.653576135635376,0.5274432897567749,-0.4179333746433258,-0.14220967888832092,0.8732025623321533,2.7015540599823,-0.016122890636324883,-0.8531224131584167,-2.391772985458374,-0.7732678651809692,0.9924017786979675
0.33070865273475647,0.5909742712974548,1.7404675483703613,1.5405480861663818,0.8500834107398987,2.0708162784576416,0.3799547553062439,0.9453231692314148,1.493777871131897,0.07863107323646545,-1.0705852508544922,-1.2855699062347412,-0.6520349979400635,-0.05357867851853371,0.5211679935455322,1.293872594833374,0.9486405253410339,0.5990756750106812,-0.24635495245456696,0.036329351365566254,0.3105567395687103,1.9591777324676514,1.3845692873001099,1.2770771980285645,1.5938447713851929,-0.021588999778032303,0.1603151112794876,1.0245320796966553,0.9729946851730347,-0.03580685704946518,-0.26539263129234314,-0.18851187825202942,-0.13346241414546967,2.019273519515991,1.5601838827133179,1.4259061813354492,1.5770666599273682,-1.387881875038147,0.5528159737586975,0.38331934809684753,-0.4518738090991974,-0.05579550191760063,0.9133517742156982,2.613011598587036,-0.020438212901353836,-0.9261095523834229,-2.465519428253174,-0.6167682409286499,0.9946058988571167
0.3385826647281647,0.5758963823318481,1.7514150142669678,1.527152419090271,0.8404948711395264,2.0755839347839355,0.39301127195358276,0.9873137474060059,1.498134970664978,0.054876700043678284,-1.1013636589050293,-1.2910226583480835,-0.6537520885467529,-0.061117615550756454,0.5266417860984802,1.2871750593185425,0.9438463449478149,0.601459801197052,-0.23982666432857513,0.05732455849647522,0.3127349615097046,1.9473005533218384,1.3691805601119995,1.2743510007858276,1.59298574924469,-0.0256618931889534,0.1617666333913803,1.0248072147369385,0.971708357334137,-0.035794757306575775,-0.26302435994148254,-0.1815621256828308,-0.1339133381843567,2.016754627227783,1.5532697439193726,1.4243210554122925,1.5799474716186523,-1.4096473455429077,0.45368602871894836,0.24032418429851532,-0.47874635457992554,0.03417912498116493,0.947567880153656,2.508413076400757,-0.04086097329854965,-0.9990638494491577,-2.5403530597686768,-0.4593038856983185,0.9903481602668762
0.34645670652389526,0.5616272687911987,1.7621084451675415,1.5142285823822021,0.8321235775947571,2.079972267150879,0.40595921874046326,1.0275989770889282,1.5011310577392578,0.031306080520153046,-1.131937026977539,-1.2963166236877441,-0.6549564003944397,-0.06825220584869385,0.5319884419441223,1.2807132005691528,0.9396605491638184,0.6036538481712341,-0.2333526909351349,0.0774671733379364,0.3142331540584564,1.93551504611969,1.353893518447876,1.2717037200927734,1.5923839807510376,-0.029736028984189034,0.1632155328989029,1.025094985961914,0.9704325199127197,-0.035743288695812225,-0.2606922388076782,-0.17458853125572205,-0.134419247508049,2.014253616333008,1.5463953018188477,1.4227291345596313,1.582767367362976,-1.4297511577606201,0.355371356010437,0.09789346903562546,-0.5020850896835327,0.1259339600801468,0.9788172245025635,2.395787000656128,-0.069337397813797,-1.072001576423645,-2.615729570388794,-0.3013575077056885,0.9828591346740723
0.35433071851730347,0.5489266514778137,1.7731395959854126,1.5007591247558594,0.8263311982154846,2.0834498405456543,0.416943222284317,1.0656648874282837,1.5052909851074219,0.007155746221542358,-1.1646479368209839,-1.3018088340759277,-0.6569446921348572,-0.07460255175828934,0.5375040173530579,1.2739784717559814,0.9367645382881165,0.6053926348686218,-0.227860689163208,0.09650004655122757,0.316313236951828,1.9234400987625122,1.3375381231307983,1.2689579725265503,1.5913898944854736,-0.03382251784205437,0.16444869339466095,1.0252395868301392,0.9690366387367249,-0.035557691007852554,-0.25840985774993896,-0.16819383203983307,-0.1348945051431656,2.0114386081695557,1.5395214557647705,1.4215316772460938,1.5855603218078613,-1.4471060037612915,0.26076871156692505,-0.02757379040122032,-0.5310617089271545,0.2093256562948227,0.994859516620636,2.2541332244873047,-0.09060297161340714,-1.1564555168151855,-2.6730387210845947,-0.14002639055252075,0.9711065292358398
0.36220473051071167,0.5441351532936096,1.7855267524719238,1.484884262084961,0.8339827060699463,2.082261800765991,0.4189984202384949,1.093196988105774,1.514286994934082,-0.01943954825401306,-1.2071183919906616,-1.3082292079925537,-0.6622228026390076,-0.076998271048069,0.5436975955963135,1.2660406827926636,0.9405902028083801,0.6047987341880798,-0.22683310508728027,0.11026626825332642,0.32081127166748047,1.9101423025131226,1.3163026571273804,1.2657474279403687,1.5887507200241089,-0.037975016981363297,0.16465309262275696,1.0247323513031006,0.9670988917350769,-0.03474567085504532,-0.25635936856269836,-0.16448046267032623,-0.135381817817688,2.007214307785034,1.5326502323150635,1.4221748113632202,1.588200569152832,-1.4495205879211426,0.18393176794052124,-0.07303733378648758,-0.5829348564147949,0.2535713016986847,0.9399782419204712,1.9756395816802979,-0.08872543275356293,-1.2906978130340576,-2.646016836166382,0.03765146806836128,0.9384351372718811
0.3700787425041199,0.5396714210510254,1.7977911233901978,1.4690868854522705,0.8424163460731506,2.0808424949645996,0.4211845397949219,1.1206320524215698,1.5229531526565552,-0.045890193432569504,-1.2494701147079468,-1.3146525621414185,-0.6672958731651306,-0.07923013716936111,0.5498296618461609,1.258142352104187,0.9448068737983704,0.6040887832641602,-0.22574003040790558,0.12398374080657959,0.32514429092407227,1.8969173431396484,1.2951271533966064,1.262535810470581,1.5862141847610474,-0.04213213920593262,0.1648452877998352,1.0242345333099365,0.9651706218719482,-0.033933352679014206,-0.25430867075920105,-0.1607559323310852,-0.13595539331436157,2.003021001815796,1.525778889656067,1.4228190183639526,1.590827226638794,-1.4507607221603394,0.10734103620052338,-0.11803361028432846,-0.6329116225242615,0.2977513074874878,0.8851213455200195,1.6963788270950317,-0.09268537908792496,-1.422743320465088,-2.6189873218536377,0.21563570201396942,0.905196487903595
0.3779527544975281,0.5353396534919739,1.8100653886795044,1.4522699117660522,0.8542763590812683,2.0766232013702393,0.42690515518188477,1.1544722318649292,1.5417684316635132,-0.06962094455957413,-1.293488621711731,-1.3173317909240723,-0.6768747568130493,-0.08139604330062866,0.5559669733047485,1.249733567237854,0.9507369995117188,0.6019793748855591,-0.22287975251674652,0.14090369641780853,0.33455178141593933,1.8850518465042114,1.2731175422668457,1.2611961364746094,1.5814249515533447,-0.04628530517220497,0.1649056226015091,1.0236517190933228,0.9632343649864197,-0.03308401256799698,-0.2518855631351471,-0.1575578898191452,-0.13635462522506714,1.9987269639968872,1.518963098526001,1.4237961769104004,1.5932116508483887,-1.4529768228530884,0.03440047800540924,-0.1577625572681427,-0.6723746657371521,0.3137061893939972,0.859912633895874,1.4557243585586548,-0.059661924839019775,-1.5345364809036255,-2.5791544914245605,0.3523855209350586,0.8613871335983276
0.3858267664909363,0.5312277674674988,1.8223572969436646,1.4337533712387085,0.8718473315238953,2.067737579345703,0.43851640820503235,1.1989872455596924,1.5774980783462524,-0.08881857991218567,-1.3402858972549438,-1.3137707710266113,-0.6939631700515747,-0.08345197886228561,0.5621126890182495,1.2404754161834717,0.9595224857330322,0.5975367426872253,-0.21707412600517273,0.16316121816635132,0.3524166941642761,1.8754527568817139,1.249719262123108,1.262976884841919,1.572880506515503,-0.050431907176971436,0.16474618017673492,1.022928237915039,0.9612851738929749,-0.032172974199056625,-0.24884161353111267,-0.15523743629455566,-0.1364632546901703,1.994265079498291,1.5122392177581787,1.4253273010253906,1.5951913595199585,-1.4568184614181519,-0.03245635703206062,-0.18871259689331055,-0.6943153142929077,0.28261899948120117,0.8841174840927124,1.2794147729873657,0.03500056266784668,-1.6125743389129639,-2.51798415184021,0.4204113185405731,0.799959659576416
0.3937007784843445,0.5271158814430237,1.8346483707427979,1.4152368307113647,0.8894181251525879,2.058852434158325,0.4501276910305023,1.243502140045166,1.6132279634475708,-0.10801619291305542,-1.3870830535888672,-1.3102093935012817,-0.7110515832901001,-0.08550790697336197,0.5682584047317505,1.231217384338379,0.9683080315589905,0.5930939316749573,-0.21126849949359894,0.18541871011257172,0.3702816963195801,1.8658541440963745,1.2263203859329224,1.264757513999939,1.5643365383148193,-0.0545785054564476,0.16458670794963837,1.0222039222717285,0.9593361020088196,-0.03126193955540657,-0.24579770863056183,-0.15291698276996613,-0.13657192885875702,1.989803671836853,1.5055148601531982,1.4268591403961182,1.5971715450286865,-1.4606602191925049,-0.09931322187185287,-0.2196626365184784,-0.7162558436393738,0.2515318691730499,0.908322274684906,1.103105068206787,0.12966306507587433,-1.690612554550171,-2.456813335418701,0.48843705654144287,0.7385324835777283
0.4015747904777527,0.5230039954185486,1.8469396829605103,1.396720290184021,0.9069890975952148,2.049967050552368,0.4617389142513275,1.28801691532135,1.6489578485488892,-0.12721382081508636,-1.4338804483413696,-1.3066480159759521,-0.728140115737915,-0.08756382763385773,0.5744040608406067,1.2219589948654175,0.9770932793617249,0.5886512994766235,-0.20546284317970276,0.2076762169599533,0.3881465196609497,1.8562551736831665,1.202921986579895,1.266538143157959,1.5557920932769775,-0.05872509256005287,0.1644272357225418,1.0214802026748657,0.9573867917060852,-0.03035091608762741,-0.24275371432304382,-0.150596484541893,-0.13668060302734375,1.9853415489196777,1.4987907409667969,1.428390383720398,1.5991519689559937,-1.4645017385482788,-0.16617004573345184,-0.25061267614364624,-0.7381963133811951,0.2204447239637375,0.9325270652770996,0.9267953038215637,0.22432555258274078,-1.768650770187378,-2.3956427574157715,0.5564629435539246,0.6771050691604614
0.4094488322734833,0.5188921689987183,1.8592311143875122,1.3782037496566772,0.924560010433197,2.0410819053649902,0.4733501970767975,1.332532286643982,1.6846877336502075,-0.1464114636182785,-1.480677604675293,-1.3030869960784912,-0.7452285289764404,-0.08961975574493408,0.5805498361587524,1.2127007246017456,0.9858788847923279,0.584208607673645,-0.19965721666812897,0.2299337089061737,0.40601152181625366,1.846656322479248,1.179523229598999,1.268318772315979,1.5472477674484253,-0.06287170946598053,0.16426777839660645,1.0207563638687134,0.9554374814033508,-0.029439888894557953,-0.23970982432365417,-0.1482759714126587,-0.1367892175912857,1.9808796644210815,1.4920666217803955,1.429922103881836,1.6011320352554321,-1.4683438539505005,-0.23302693665027618,-0.2815627455711365,-0.7601367831230164,0.18935759365558624,0.9567320942878723,0.7504856586456299,0.3189880847930908,-1.8466888666152954,-2.3344719409942627,0.6244885325431824,0.6156775951385498
0.4173228442668915,0.5062282681465149,1.8670477867126465,1.3632328510284424,0.9375919699668884,2.029679775238037,0.5119930505752563,1.3853378295898438,1.7215379476547241,-0.14334450662136078,-1.517484426498413,-1.2837958335876465,-0.7746502757072449,-0.09595170617103577,0.5844579935073853,1.2052150964736938,0.9923946857452393,0.5785075426101685,-0.18033578991889954,0.25633668899536133,0.4244365394115448,1.8481897115707397,1.1611199378967285,1.2779641151428223,1.5325372219085693,-0.06749840080738068,0.16373449563980103,1.0197116136550903,0.9534401893615723,-0.028978997841477394,-0.23488633334636688,-0.14610058069229126,-0.13546083867549896,1.9763922691345215,1.4861912727355957,1.4313852787017822,1.6021641492843628,-1.5058685541152954,-0.2664170265197754,-0.3223833441734314,-0.7418057322502136,0.16381318867206573,1.1559392213821411,0.7259399890899658,0.46732133626937866,-1.8255575895309448,-2.2422983646392822,0.5973778963088989,0.49981749057769775
0.4251968562602997,0.4906315803527832,1.8757561445236206,1.3478342294692993,0.9448902606964111,2.022799253463745,0.5655953884124756,1.4411128759384155,1.7567403316497803,-0.13440409302711487,-1.5524019002914429,-1.2587922811508179,-0.8057875037193298,-0.10375002771615982,0.5888122916221619,1.1975160837173462,0.9960439205169678,0.5750672817230225,-0.1535346508026123,0.28422412276268005,0.4420379102230072,1.852660059928894,1.1436611413955688,1.2904659509658813,1.5169682502746582,-0.07207426428794861,0.1630297601222992,1.0184831619262695,0.9515085220336914,-0.028705675154924393,-0.2295101433992386,-0.1441989690065384,-0.13352255523204803,1.9719551801681519,1.4807418584823608,1.432891845703125,1.6028114557266235,-1.551478385925293,-0.28132572770118713,-0.367910772562027,-0.70890212059021,0.1405845433473587,1.4497466087341309,0.7694036364555359,0.6279680728912354,-1.781730055809021,-2.150036334991455,0.5298789739608765,0.3627198338508606
0.4330708682537079,0.47525280714035034,1.884766936302185,1.3322598934173584,0.9537191987037659,2.0160553455352783,0.6182021498680115,1.4972587823867798,1.7955440282821655,-0.12522880733013153,-1.5871230363845825,-1.2335091829299927,-0.8377127647399902,-0.11143946647644043,0.5933175683021545,1.1897286176681519,1.0004583597183228,0.5716953277587891,-0.1272311955690384,0.312296986579895,0.46143972873687744,1.8572479486465454,1.126300573348999,1.303107500076294,1.50100576877594,-0.07660750299692154,0.16231203079223633,1.017263650894165,0.9496080875396729,-0.028397267684340477,-0.22416362166404724,-0.14231297373771667,-0.13161452114582062,1.967629075050354,1.4753026962280273,1.4344048500061035,1.603454828262329,-1.5944944620132446,-0.2956973612308502,-0.4148348867893219,-0.6773586869239807,0.11526515334844589,1.7382993698120117,0.807980477809906,0.7988203167915344,-1.7412569522857666,-2.0531005859375,0.46418097615242004,0.2286491096019745
0.4409448802471161,0.45887014269828796,1.8896678686141968,1.3175894021987915,0.9555102586746216,2.0086047649383545,0.666344165802002,1.5404587984085083,1.8168468475341797,-0.11456868052482605,-1.6142927408218384,-1.2104724645614624,-0.8673100471496582,-0.11963074654340744,0.5957680940628052,1.1823934316635132,1.0013540983200073,0.5679702162742615,-0.10316023230552673,0.33389708399772644,0.47209101915359497,1.8625775575637817,1.1127159595489502,1.314625859260559,1.486207127571106,-0.08125176280736923,0.16147279739379883,1.016026496887207,0.9476228952407837,-0.02816939726471901,-0.218557670712471,-0.14017292857170105,-0.12940353155136108,1.9634798765182495,1.4701781272888184,1.4357680082321167,1.6038494110107422,-1.6385160684585571,-0.3102084994316101,-0.4521072804927826,-0.6632382869720459,0.1036328673362732,1.9814032316207886,0.851673424243927,0.9607312679290771,-1.6939622163772583,-1.9426032304763794,0.4089982807636261,0.10538142174482346
0.4488188922405243,0.4404314160346985,1.8884385824203491,1.3028850555419922,0.9468233585357666,1.999639868736267,0.7127922773361206,1.5695983171463013,1.8103318214416504,-0.10232648998498917,-1.6325613260269165,-1.1905401945114136,-0.8928719758987427,-0.12885014712810516,0.5951535105705261,1.1750413179397583,0.9970105886459351,0.563487708568573,-0.07993622869253159,0.34846699237823486,0.4688335955142975,1.8686987161636353,1.1035815477371216,1.324592113494873,1.4734262228012085,-0.08607973158359528,0.16045045852661133,1.014758586883545,0.9454990029335022,-0.0280255489051342,-0.21256689727306366,-0.13765054941177368,-0.12681274116039276,1.9594513177871704,1.4654186964035034,1.436930537223816,1.6039284467697144,-1.6863378286361694,-0.32801586389541626,-0.4756219685077667,-0.6702460646629333,0.10802941769361496,2.181565999984741,0.9159784317016602,1.0921270847320557,-1.6346620321273804,-1.8202407360076904,0.36560264229774475,-0.006914826110005379
0.4566929042339325,0.42154809832572937,1.8867647647857666,1.2870879173278809,0.9381734728813171,1.9902945756912231,0.7617093324661255,1.6010913848876953,1.8023418188095093,-0.09016463160514832,-1.6513248682022095,-1.1705646514892578,-0.9182083010673523,-0.13829177618026733,0.5943166613578796,1.1671427488327026,0.9926853775978088,0.558815062046051,-0.05547766014933586,0.3642132580280304,0.46483856439590454,1.8747800588607788,1.0941998958587646,1.3345798254013062,1.4607579708099365,-0.09090758115053177,0.15939640998840332,1.0134912729263306,0.9433755278587341,-0.02783903479576111,-0.20655784010887146,-0.1350957751274109,-0.12425313889980316,1.955423355102539,1.4606343507766724,1.4380931854248047,1.6040080785751343,-1.734165072441101,-0.34790247678756714,-0.49913543462753296,-0.6772846579551697,0.10955802351236343,2.3900668621063232,0.9877416491508484,1.2161803245544434,-1.5753618478775024,-1.698731541633606,0.32221052050590515,-0.11921045929193497
0.4645669162273407,0.40095439553260803,1.8843191862106323,1.2739391326904297,0.9287798404693604,1.979188323020935,0.8067651391029358,1.6318340301513672,1.7962608337402344,-0.0779770240187645,-1.6690735816955566,-1.150430679321289,-0.9445095658302307,-0.14858867228031158,0.5930936336517334,1.1605682373046875,0.9879887104034424,0.5532616972923279,-0.0329497829079628,0.37958478927612305,0.4617979824542999,1.8808740377426147,1.0853252410888672,1.3446468114852905,1.447607398033142,-0.09562668949365616,0.15834231674671173,1.01219642162323,0.9412763118743896,-0.027652520686388016,-0.20051291584968567,-0.13262391090393066,-0.12162196636199951,1.9513949155807495,1.4558050632476807,1.4393075704574585,1.6041431427001953,-1.7954238653182983,-0.37026533484458923,-0.5224728584289551,-0.6875725388526917,0.11108403652906418,2.5944714546203613,1.0602415800094604,1.3535887002944946,-1.5160611867904663,-1.571410059928894,0.28009435534477234,-0.22844421863555908
0.4724409580230713,0.3819015622138977,1.8768621683120728,1.2610938549041748,0.9135156273841858,1.9626070261001587,0.846440851688385,1.652005672454834,1.7681478261947632,-0.06939418613910675,-1.681815266609192,-1.1342374086380005,-0.9668551683425903,-0.15811508893966675,0.5893653035163879,1.1541458368301392,0.9803565144538879,0.544971227645874,-0.013111853040754795,0.38967055082321167,0.4477415382862091,1.8851649761199951,1.0789546966552734,1.3527436256408691,1.4364346265792847,-0.10044361650943756,0.15724921226501465,1.0108942985534668,0.9390669465065002,-0.027467114850878716,-0.19416959583759308,-0.12988018989562988,-0.11873850226402283,1.947508454322815,1.4514076709747314,1.4404011964797974,1.6039403676986694,-1.851561427116394,-0.3952431380748749,-0.5343291163444519,-0.7140626907348633,0.11330452561378479,2.7511706352233887,1.1404504776000977,1.4696781635284424,-1.458726406097412,-1.439706802368164,0.2420172244310379,-0.3293093740940094
0.4803149700164795,0.3693195879459381,1.8537794351577759,1.2469700574874878,0.8798073530197144,1.9297428131103516,0.8719345927238464,1.6384618282318115,1.6667977571487427,-0.07254889607429504,-1.67914879322052,-1.1309852600097656,-0.9755193591117859,-0.16440603137016296,0.5778239369392395,1.1470838785171509,0.9635025262832642,0.5285390019416809,-0.0003650214057415724,0.3828986585140228,0.397066593170166,1.8835874795913696,1.0802878141403198,1.3543694019317627,1.4321026802062988,-0.1056714653968811,0.15602917969226837,1.0095930099487305,0.9364773631095886,-0.027285322546958923,-0.18688739836215973,-0.1261821985244751,-0.11509620398283005,1.944083571434021,1.4484513998031616,1.4410582780838013,1.6025910377502441,-1.879568099975586,-0.42660123109817505,-0.5090228319168091,-0.7904314398765564,0.11778464913368225,2.756331205368042,1.2450809478759766,1.505060076713562,-1.4077789783477783,-1.2987360954284668,0.21597608923912048,-0.4055955708026886
0.4881889820098877,0.3567377030849457,1.830696702003479,1.2328463792800903,0.8460990786552429,1.8968780040740967,0.8974283337593079,1.6249182224273682,1.5654480457305908,-0.07570360600948334,-1.6764824390411377,-1.1277332305908203,-0.9841834902763367,-0.17069700360298157,0.5662825703620911,1.1400219202041626,0.9466484189033508,0.5121068358421326,0.012381811626255512,0.376126766204834,0.34639158844947815,1.8820103406906128,1.0816209316253662,1.3559952974319458,1.4277704954147339,-0.11089926958084106,0.1548091024160385,1.0082916021347046,0.9338880181312561,-0.02710353396832943,-0.17960524559020996,-0.12248419225215912,-0.11145391315221786,1.9406585693359375,1.4454952478408813,1.4417152404785156,1.6012409925460815,-1.9075748920440674,-0.45795926451683044,-0.48371651768684387,-0.8668000102043152,0.12226476520299911,2.7614927291870117,1.3497111797332764,1.540441632270813,-1.3568313121795654,-1.1577651500701904,0.18993496894836426,-0.48188164830207825
0.4960629940032959,0.34415575861930847,1.8076139688491821,1.2187227010726929,0.8123908042907715,1.864013433456421,0.9229219555854797,1.6113743782043457,1.4640980958938599,-0.07885832339525223,-1.6738163232803345,-1.1244810819625854,-0.9928476810455322,-0.1769879311323166,0.5547412037849426,1.1329602003097534,0.929794192314148,0.49567458033561707,0.025128640234470367,0.3693549335002899,0.29571670293807983,1.880433201789856,1.082953929901123,1.3576215505599976,1.4234384298324585,-0.11612711101770401,0.15358906984329224,1.0069901943206787,0.9312987327575684,-0.026921741664409637,-0.1723230630159378,-0.11878622323274612,-0.10781161487102509,1.9372340440750122,1.442539095878601,1.4423723220825195,1.5998913049697876,-1.935581922531128,-0.48931726813316345,-0.4584103226661682,-0.9431686401367188,0.1267448514699936,2.7666537761688232,1.4543416500091553,1.5758233070373535,-1.3058840036392212,-1.0167943239212036,0.16389380395412445,-0.5581678748130798
0.5039370059967041,0.3363540470600128,1.7822645902633667,1.2046047449111938,0.7920258641242981,1.8259427547454834,0.9542281031608582,1.594785451889038,1.3449805974960327,-0.07981599122285843,-1.6707810163497925,-1.1210658550262451,-0.9992007613182068,-0.180888831615448,0.5420664548873901,1.1259011030197144,0.9196116924285889,0.4766390025615692,0.0407816544175148,0.36106038093566895,0.2361580729484558,1.8799540996551514,1.0844717025756836,1.359329342842102,1.4202616214752197,-0.1213344857096672,0.15233086049556732,1.0058059692382812,0.9288374781608582,-0.026711292564868927,-0.16506868600845337,-0.1149313673377037,-0.10512510687112808,1.933956265449524,1.440019130706787,1.443029761314392,1.5979441404342651,-1.9497214555740356,-0.5115033388137817,-0.42774415016174316,-0.9838209748268127,0.13297560811042786,2.778496026992798,1.5509192943572998,1.5133215188980103,-1.2540606260299683,-0.8855577111244202,0.1406882107257843,-0.6702153086662292
0.5118110179901123,0.33333253860473633,1.7546484470367432,1.1904929876327515,0.7850041389465332,1.7826652526855469,0.9913464188575745,1.5751514434814453,1.2080961465835571,-0.07857664674520493,-1.6673775911331177,-1.1174870729446411,-1.0032427310943604,-0.18239958584308624,0.5282583236694336,1.1188452243804932,0.9161009788513184,0.45500028133392334,0.05934085696935654,0.35124334692955017,0.16771569848060608,1.8805739879608154,1.086173415184021,1.3611184358596802,1.4182406663894653,-0.12652136385440826,0.15103453397750854,1.0047391653060913,0.9265044927597046,-0.02647218480706215,-0.15784208476543427,-0.11091969907283783,-0.10339430719614029,1.9308258295059204,1.4379348754882812,1.4436872005462646,1.5953998565673828,-1.9499945640563965,-0.5245174169540405,-0.39171817898750305,-0.9887571334838867,0.14095693826675415,2.7970175743103027,1.6394442319869995,1.3529354333877563,-1.2013612985610962,-0.7640554904937744,0.12031816691160202,-0.8180242776870728
0.5196850299835205,0.33031097054481506,1.7270323038101196,1.1763811111450195,0.7779825329780579,1.7393876314163208,1.028464674949646,1.5555171966552734,1.071211338043213,-0.07733729481697083,-1.6639735698699951,-1.113908052444458,-1.0072847604751587,-0.18391035497188568,0.5144503116607666,1.111789345741272,0.912589967250824,0.4333614110946655,0.07790005952119827,0.341426283121109,0.09927333146333694,1.88119375705719,1.0878750085830688,1.3629080057144165,1.41621994972229,-0.1317082792520523,0.14973819255828857,1.0036721229553223,0.9241716861724854,-0.026233069598674774,-0.15061545372009277,-0.10690800845623016,-0.10166353732347488,1.927695631980896,1.4358505010604858,1.444345474243164,1.5928549766540527,-1.9502679109573364,-0.5375313758850098,-0.3556922376155853,-0.9936932325363159,0.14893828332424164,2.815540313720703,1.727968692779541,1.1925495862960815,-1.1486623287200928,-0.6425531506538391,0.09994813054800034,-0.9658330678939819
0.5275590419769287,0.3272894322872162,1.699416160583496,1.162269115447998,0.7709608674049377,1.6961098909378052,1.0655832290649414,1.535882830619812,0.934326708316803,-0.07609794288873672,-1.6605701446533203,-1.110329270362854,-1.011326551437378,-0.18542112410068512,0.5006421804428101,1.1047334671020508,0.909079372882843,0.4117225408554077,0.0964592769742012,0.33160921931266785,0.0308309867978096,1.8818130493164062,1.089577078819275,1.3646973371505737,1.414198875427246,-0.13689522445201874,0.148441880941391,1.0026049613952637,0.9218388199806213,-0.025993958115577698,-0.14338883757591248,-0.10289634019136429,-0.09993276000022888,1.924565076828003,1.43376624584198,1.4450032711029053,1.5903104543685913,-1.9505407810211182,-0.5505455732345581,-0.3196662962436676,-0.9986294507980347,0.1569196581840515,2.834062099456787,1.8164936304092407,1.0321636199951172,-1.0959632396697998,-0.5210509896278381,0.07957805693149567,-1.1136419773101807
0.5354330539703369,0.33389556407928467,1.660849690437317,1.150555968284607,0.8116474747657776,1.6329431533813477,1.1082602739334106,1.5160223245620728,0.7690020203590393,-0.05926840007305145,-1.6482508182525635,-1.103637933731079,-1.013500452041626,-0.1821180135011673,0.48135900497436523,1.098876714706421,0.9294225573539734,0.38013941049575806,0.11779775470495224,0.3216788172721863,-0.05183126777410507,1.890228033065796,1.0957368612289429,1.368043303489685,1.4131120443344116,-0.14177149534225464,0.14714044332504272,1.002091646194458,0.9203283190727234,-0.025933971628546715,-0.13621091842651367,-0.09824076294898987,-0.1028793603181839,1.9226512908935547,1.432718276977539,1.4455238580703735,1.5856572389602661,-1.8982319831848145,-0.5547788143157959,-0.2720382511615753,-0.8593450784683228,0.15068437159061432,2.8351962566375732,1.8580775260925293,0.5672680735588074,-0.9847577810287476,-0.436847984790802,0.0760762169957161,-1.3457882404327393
0.5433070659637451,0.34346142411231995,1.618875503540039,1.1394027471542358,0.8670318722724915,1.5635676383972168,1.1525955200195312,1.496097445487976,0.594929039478302,-0.03773684799671173,-1.6332142353057861,-1.096030831336975,-1.015093445777893,-0.17733514308929443,0.46037182211875916,1.093300223350525,0.9571146368980408,0.3454515039920807,0.1399654895067215,0.3117164075374603,-0.13886785507202148,1.900993824005127,1.103254795074463,1.3718467950820923,1.4123153686523438,-0.14701659977436066,0.14536812901496887,1.0012764930725098,0.9185053110122681,-0.02645098604261875,-0.1294601708650589,-0.09377334266901016,-0.10740578174591064,1.9207863807678223,1.4326127767562866,1.4464479684829712,1.5809177160263062,-1.8330836296081543,-0.5549981594085693,-0.21998612582683563,-0.6764123439788818,0.1401299685239792,2.8309848308563232,1.887396216392517,0.005195265170186758,-0.8589035868644714,-0.36391904950141907,0.07496968656778336,-1.6044368743896484
0.5511810779571533,0.3530171811580658,1.576755404472351,1.1275715827941895,0.9224851131439209,1.4938513040542603,1.1967339515686035,1.4761954545974731,0.42086362838745117,-0.01656624674797058,-1.6182801723480225,-1.0885826349258423,-1.0166643857955933,-0.1725572794675827,0.43931183218955994,1.0873847007751465,0.9848411679267883,0.31059345602989197,0.16203466057777405,0.3017652928829193,-0.22590051591396332,1.9115790128707886,1.1107220649719238,1.3755708932876587,1.4115301370620728,-0.15402622520923615,0.14181233942508698,0.9986696243286133,0.9145335555076599,-0.028951218351721764,-0.12427571415901184,-0.09077389538288116,-0.11246688663959503,1.917685866355896,1.4348759651184082,1.4490662813186646,1.5783147811889648,-1.7806243896484375,-0.5502311587333679,-0.16468776762485504,-0.4962433874607086,0.12978559732437134,2.8267922401428223,1.924990177154541,-0.5701090693473816,-0.7457901835441589,-0.2902199327945709,0.06324271112680435,-1.8651846647262573
0.5590550899505615,0.36269211769104004,1.5350933074951172,1.1158963441848755,0.9777504801750183,1.4244118928909302,1.2379980087280273,1.4546383619308472,0.24913254380226135,0.004228909034281969,-1.603228211402893,-1.0808354616165161,-1.0187642574310303,-0.16771982610225677,0.41848066449165344,1.0815471410751343,1.0124741792678833,0.2758735716342926,0.18266667425632477,0.2909868657588959,-0.31176599860191345,1.9219763278961182,1.1182479858398438,1.3794444799423218,1.41048002243042,-0.1610361486673355,0.13825185596942902,0.9960261583328247,0.9105618000030518,-0.031450726091861725,-0.11906306445598602,-0.08776325732469559,-0.11749326437711716,1.9145370721817017,1.4371193647384644,1.4517110586166382,1.575711965560913,-1.7281619310379028,-0.5428493618965149,-0.1123233512043953,-0.31602081656455994,0.11873163282871246,2.8178207874298096,1.9588522911071777,-1.1371827125549316,-0.6364806294441223,-0.21811947226524353,0.0536205917596817,-2.1259288787841797
0.5669291615486145,0.3759329319000244,1.4897652864456177,1.1055846214294434,1.0463473796844482,1.35106360912323,1.2689365148544312,1.4414619207382202,0.11394895613193512,0.0366295762360096,-1.5807000398635864,-1.0682452917099,-1.0297011137008667,-0.1610993593931198,0.395816832780838,1.0763909816741943,1.0467724800109863,0.2391994744539261,0.19813591241836548,0.2843987047672272,-0.37935784459114075,1.9381768703460693,1.129512071609497,1.3857393264770508,1.4050116539001465,-0.16752846539020538,0.13455764949321747,0.993366539478302,0.9071765542030334,-0.03443064168095589,-0.11440257728099823,-0.08503489196300507,-0.1230839192867279,1.9128350019454956,1.4394575357437134,1.454520583152771,1.5726888179779053,-1.636661171913147,-0.5449475646018982,-0.07923027127981186,-0.1323424130678177,0.07146233320236206,2.7342491149902344,1.9367083311080933,-1.6005555391311646,-0.46167051792144775,-0.16363245248794556,0.06237350031733513,-2.3347325325012207
0.5748031735420227,0.391358882188797,1.4408283233642578,1.096663236618042,1.1249717473983765,1.274113416671753,1.2929916381835938,1.435739517211914,0.005429271142929792,0.07787811011075974,-1.5521178245544434,-1.0523847341537476,-1.0471967458724976,-0.15338638424873352,0.37134823203086853,1.0719304084777832,1.0860846042633057,0.2007242888212204,0.21016353368759155,0.2815374732017517,-0.4336177408695221,1.958801507949829,1.143803358078003,1.3936697244644165,1.3962639570236206,-0.1735786646604538,0.13076990842819214,0.9907293319702148,0.9042293429374695,-0.037795763462781906,-0.11020553112030029,-0.08256354182958603,-0.1290886551141739,1.9122624397277832,1.4418901205062866,1.4574317932128906,1.5693581104278564,-1.518553614616394,-0.5576578974723816,-0.05802399665117264,0.052046120166778564,-0.007023286074399948,2.591735363006592,1.8749470710754395,-1.9855157136917114,-0.2352081835269928,-0.11840389668941498,0.08343175798654556,-2.503063917160034
0.5826771855354309,0.40615442395210266,1.3914721012115479,1.0883854627609253,1.202896237373352,1.1967716217041016,1.3148516416549683,1.4291205406188965,-0.10241368412971497,0.11840172111988068,-1.5230618715286255,-1.0367997884750366,-1.06496000289917,-0.14598864316940308,0.3466702699661255,1.0677915811538696,1.1250468492507935,0.1620534211397171,0.22109341621398926,0.278227835893631,-0.4875390827655792,1.979062795639038,1.1583316326141357,1.4014625549316406,1.3873820304870605,-0.17957662045955658,0.12698990106582642,0.9880926012992859,0.9012574553489685,-0.04117533937096596,-0.1060173287987709,-0.08012767881155014,-0.1350153684616089,1.9116348028182983,1.4443233013153076,1.460341453552246,1.5660532712936401,-1.4054508209228516,-0.5712968707084656,-0.03648485615849495,0.2338670790195465,-0.09049393236637115,2.4417977333068848,1.8136050701141357,-2.3627970218658447,-0.012733248062431812,-0.06932626664638519,0.10457006841897964,-2.6712918281555176
0.5905511975288391,0.4142635464668274,1.3310216665267944,1.0708296298980713,1.2800434827804565,1.1009472608566284,1.3207956552505493,1.4301180839538574,-0.17472942173480988,0.16406114399433136,-1.4852876663208008,-1.0094510316848755,-1.0847586393356323,-0.1419340968132019,0.3164450526237488,1.059013843536377,1.1636205911636353,0.11414133012294769,0.22406548261642456,0.2787267565727234,-0.5236970782279968,2.0018930435180664,1.1772185564041138,1.415136694908142,1.3774827718734741,-0.18321391940116882,0.12511631846427917,0.9874693751335144,0.9012997150421143,-0.04308537766337395,-0.1010207086801529,-0.0765363797545433,-0.1410583257675171,1.9136592149734497,1.4439806938171387,1.4615110158920288,1.5603002309799194,-1.2552540302276611,-0.6118308305740356,-0.05090505629777908,0.4021386206150055,-0.22475236654281616,2.2177722454071045,1.6944137811660767,-2.633762836456299,0.25787484645843506,-0.04655168950557709,0.1688418686389923,-2.773094892501831
0.5984252095222473,0.42655783891677856,1.266910433769226,1.0521678924560547,1.3823626041412354,1.0059986114501953,1.3090665340423584,1.459594964981079,-0.1483651101589203,0.23539499938488007,-1.4316582679748535,-0.9703924059867859,-1.1248376369476318,-0.13578693568706512,0.28438931703567505,1.0496826171875,1.2147800922393799,0.06666705757379532,0.21820101141929626,0.29346519708633423,-0.5105148553848267,2.037559986114502,1.2040330171585083,1.4346657991409302,1.3574429750442505,-0.18497374653816223,0.12307441979646683,0.9870368838310242,0.9033601880073547,-0.04622679948806763,-0.0977630689740181,-0.0739331915974617,-0.14806492626667023,1.9195138216018677,1.443245530128479,1.4629701375961304,1.5535163879394531,-1.0267505645751953,-0.6806120276451111,-0.10823183506727219,0.5492147207260132,-0.44567620754241943,1.8311336040496826,1.4488499164581299,-2.628967046737671,0.6426873207092285,-0.07417034357786179,0.27856525778770447,-2.743333339691162
0.6062992215156555,0.43885213136672974,1.202798843383789,1.0335062742233276,1.4846813678741455,0.9110503196716309,1.297337532043457,1.4890718460083008,-0.1220008134841919,0.30672886967658997,-1.3780289888381958,-0.9313334822654724,-1.1649163961410522,-0.12963977456092834,0.2523336112499237,1.0403519868850708,1.265939474105835,0.019192788749933243,0.21233655512332916,0.30820363759994507,-0.4973326623439789,2.0732262134552,1.230847716331482,1.454195261001587,1.3374041318893433,-0.18673357367515564,0.12103249877691269,0.9866043925285339,0.9054206609725952,-0.04936821758747101,-0.0945054218173027,-0.0713300108909607,-0.15507155656814575,1.9253687858581543,1.4425095319747925,1.4644297361373901,1.546733021736145,-0.798247218132019,-0.7493932843208313,-0.1655586212873459,0.6962907910346985,-0.6666001677513123,1.4444955587387085,1.2032862901687622,-2.624171733856201,1.0274999141693115,-0.10178900510072708,0.388288676738739,-2.7135722637176514
0.6141732335090637,0.4511464238166809,1.1386876106262207,1.0148446559906006,1.5870003700256348,0.8161017894744873,1.2856086492538452,1.5185487270355225,-0.09563649445772171,0.3780626952648163,-1.3243995904922485,-0.8922746777534485,-1.2049951553344727,-0.12349262088537216,0.22027793526649475,1.0310211181640625,1.3170987367630005,-0.028281476348638535,0.20647206902503967,0.3229420483112335,-0.4841505289077759,2.108893394470215,1.2576624155044556,1.4737248420715332,1.3173646926879883,-0.18849340081214905,0.11899057030677795,0.9861719608306885,0.9074811935424805,-0.05250963568687439,-0.09124776721000671,-0.0687268003821373,-0.1620781570672989,1.9312238693237305,1.441773772239685,1.4658889770507812,1.5399494171142578,-0.5697437524795532,-0.8181747198104858,-0.222885400056839,0.8433669209480286,-0.8875239491462708,1.0578573942184448,0.9577226638793945,-2.6193759441375732,1.412312388420105,-0.12940764427185059,0.49801215529441833,-2.6838114261627197
0.6220472455024719,0.46344074606895447,1.0745761394500732,0.9961827993392944,1.689319372177124,0.7211531400680542,1.2738797664642334,1.5480256080627441,-0.06927217543125153,0.4493964910507202,-1.2707701921463013,-0.8532160520553589,-1.2450740337371826,-0.11734544485807419,0.18822221457958221,1.0216901302337646,1.3682583570480347,-0.07575574517250061,0.20060758292675018,0.3376804292201996,-0.4709683656692505,2.1445603370666504,1.2844772338867188,1.4932541847229004,1.2973252534866333,-0.19025324285030365,0.11694865673780441,0.9857393503189087,0.9095417261123657,-0.05565106123685837,-0.08799014240503311,-0.06612361967563629,-0.16908475756645203,1.937078833580017,1.4410381317138672,1.467348337173462,1.533165693283081,-0.34124037623405457,-0.8869560360908508,-0.2802121937274933,0.9904429912567139,-1.1084476709365845,0.6712188720703125,0.7121590971946716,-2.614579439163208,1.7971247434616089,-0.15702632069587708,0.6077355146408081,-2.654050350189209
0.6299212574958801,0.4803180694580078,1.031633734703064,0.9815129041671753,1.785487174987793,0.6605464816093445,1.27188241481781,1.5743736028671265,-0.03854627534747124,0.5117942690849304,-1.2292990684509277,-0.8265324234962463,-1.280295491218567,-0.1089068055152893,0.1667509824037552,1.0143550634384155,1.4163423776626587,-0.10605903714895248,0.1996089369058609,0.35085445642471313,-0.4556053876876831,2.1757590770721436,1.3052127361297607,1.5065958499908447,1.279714584350586,-0.19108761847019196,0.11484256386756897,0.9851511120796204,0.9121633172035217,-0.05863421410322189,-0.08546608686447144,-0.06412634998559952,-0.17605602741241455,1.943094253540039,1.4402661323547363,1.4689197540283203,1.5263410806655884,-0.10076958686113358,-0.9288253784179688,-0.31475767493247986,1.1450185775756836,-1.2394694089889526,0.37709930539131165,0.49015334248542786,-2.593980312347412,2.103095769882202,-0.1963072419166565,0.6796263456344604,-2.639490842819214
0.6377952694892883,0.4999452233314514,1.0013926029205322,0.9692376255989075,1.877963900566101,0.6205450892448425,1.2757244110107422,1.598844289779663,-0.0052034021355211735,0.5688304305076599,-1.1951228380203247,-0.8072738647460938,-1.3126025199890137,-0.0990932285785675,0.15163034200668335,1.008217692375183,1.462580680847168,-0.12605978548526764,0.20152980089187622,0.36308979988098145,-0.43893396854400635,2.204277753829956,1.3223005533218384,1.5162253379821777,1.2635608911514282,-0.1913667470216751,0.11269795894622803,0.9844694137573242,0.9151215553283691,-0.06152241677045822,-0.08338221907615662,-0.06249264255166054,-0.18300607800483704,1.9492050409317017,1.4394727945327759,1.4705584049224854,1.5194915533065796,0.14688166975975037,-0.9545478820800781,-0.3356342911720276,1.3040944337844849,-1.3165485858917236,0.1384909600019455,0.28228241205215454,-2.5638978481292725,2.3617610931396484,-0.2425854504108429,0.7288177609443665,-2.6340525150299072
0.6456692814826965,0.5198802947998047,0.9713169932365417,0.9569168090820312,1.9703534841537476,0.5808685421943665,1.2801613807678223,1.6234434843063354,0.02758220210671425,0.6262697577476501,-1.1610275506973267,-0.7880951762199402,-1.3449021577835083,-0.08912573754787445,0.13659270107746124,1.0020573139190674,1.5087754726409912,-0.14589805901050568,0.2037484049797058,0.3753894567489624,-0.42254120111465454,2.232996940612793,1.3393484354019165,1.5258146524429321,1.2474111318588257,-0.19164572656154633,0.11054465919733047,0.9837833046913147,0.918077826499939,-0.06441061943769455,-0.08131500333547592,-0.060861628502607346,-0.18989679217338562,1.955316424369812,1.4386913776397705,1.4722042083740234,1.512649655342102,0.3942906856536865,-0.9802308082580566,-0.35590872168540955,1.4628711938858032,-1.392732858657837,-0.1016399934887886,0.07541140168905258,-2.5363097190856934,2.620427131652832,-0.28808844089508057,0.7774910926818848,-2.6282968521118164
0.6535432934761047,0.5401039719581604,0.9683103561401367,0.9307933449745178,2.009704113006592,0.6050699353218079,1.3140941858291626,1.6346395015716553,0.043119724839925766,0.645446240901947,-1.1564464569091797,-0.7795795798301697,-1.3448909521102905,-0.07901380956172943,0.13508932292461395,0.988995373249054,1.5284509658813477,-0.1337973177433014,0.22071480751037598,0.3809874355792999,-0.41477251052856445,2.2425856590270996,1.3416389226913452,1.5300723314285278,1.2474167346954346,-0.18914389610290527,0.10822799056768417,0.9827249646186829,0.9222937226295471,-0.06638064980506897,-0.08101532608270645,-0.0613689161837101,-0.196736678481102,1.962095022201538,1.4381179809570312,1.474576473236084,1.5061054229736328,0.6419510245323181,-0.9574896693229675,-0.3645147383213043,1.5725152492523193,-1.207135796546936,-0.10550812631845474,-0.0450918935239315,-2.515493869781494,2.6575193405151367,-0.29923754930496216,0.7912327647209167,-2.6033008098602295
0.6614173054695129,0.5602710247039795,0.971039891242981,0.9017295837402344,2.0377235412597656,0.6428342461585999,1.354117751121521,1.6429136991500854,0.055176157504320145,0.6562680006027222,-1.1581584215164185,-0.7733184695243835,-1.3379582166671753,-0.06893032789230347,0.13645406067371368,0.9744635224342346,1.5424607992172241,-0.1149151548743248,0.24072660505771637,0.3851245641708374,-0.40874433517456055,2.2479963302612305,1.3407829999923706,1.5332030057907104,1.2508831024169922,-0.18604618310928345,0.10587970167398453,0.9815885424613953,0.9267804622650146,-0.06815393269062042,-0.08108799904584885,-0.06233338639140129,-0.203588604927063,1.9690170288085938,1.4375847578048706,1.4771018028259277,1.4996225833892822,0.889758825302124,-0.9243869185447693,-0.3708527088165283,1.671746015548706,-0.9657877087593079,-0.058161184191703796,-0.1474735140800476,-2.4951682090759277,2.6471309661865234,-0.3033239543437958,0.7976886034011841,-2.5743041038513184
0.6692913174629211,0.5815047025680542,0.9720576405525208,0.8731377124786377,2.0601258277893066,0.6857344508171082,1.4005781412124634,1.6520417928695679,0.06562114506959915,0.6687487959861755,-1.156823754310608,-0.7667060494422913,-1.3284581899642944,-0.058313485234975815,0.13696299493312836,0.9601675868034363,1.5536617040634155,-0.09346512705087662,0.2639567255973816,0.38968855142593384,-0.40352168679237366,2.2542364597320557,1.3414503335952759,1.5365089178085327,1.2556331157684326,-0.1828865259885788,0.10355012118816376,0.9805659651756287,0.9313357472419739,-0.06992758065462112,-0.08117193728685379,-0.06341180205345154,-0.21045298874378204,1.9760713577270508,1.4371764659881592,1.4795193672180176,1.493032455444336,1.144905924797058,-0.8916677236557007,-0.37407779693603516,1.7590217590332031,-0.7244067788124084,-0.008909125812351704,-0.2527296245098114,-2.481252431869507,2.6451590061187744,-0.2916959226131439,0.8062819242477417,-2.5344810485839844
0.6771653294563293,0.6048718690872192,0.9696518778800964,0.8454898595809937,2.0712921619415283,0.7389059066772461,1.4599117040634155,1.6628769636154175,0.0728432685136795,0.6845481395721436,-1.149395227432251,-0.7593913078308105,-1.3138223886489868,-0.0466298945248127,0.13576018810272217,0.9463437795639038,1.5592448711395264,-0.06687929481267929,0.29362356662750244,0.39510613679885864,-0.39991071820259094,2.2621359825134277,1.34516441822052,1.5401663780212402,1.2629508972167969,-0.17960302531719208,0.10125792026519775,0.9797698855400085,0.9360281825065613,-0.07170195877552032,-0.08127841353416443,-0.0647180899977684,-0.21734237670898438,1.9833921194076538,1.4370179176330566,1.4817211627960205,1.4862290620803833,1.4147318601608276,-0.8597148656845093,-0.37107735872268677,1.8223870992660522,-0.4829595983028412,0.04415315389633179,-0.363734632730484,-2.4801571369171143,2.660020112991333,-0.24863870441913605,0.8191496729850769,-2.4730029106140137
0.6850393414497375,0.628239095211029,0.9672464728355408,0.8178421854972839,2.08245849609375,0.7920776605606079,1.5192456245422363,1.673712134361267,0.08006535470485687,0.7003476023674011,-1.1419668197631836,-0.7520768046379089,-1.2991868257522583,-0.03494630753993988,0.13455741107463837,0.9325198531150818,1.564827799797058,-0.04029347375035286,0.3232903778553009,0.40052372217178345,-0.39629966020584106,2.270035982131958,1.3488788604736328,1.5438238382339478,1.2702687978744507,-0.17631952464580536,0.09896569699048996,0.9789741635322571,0.9407203793525696,-0.07347633689641953,-0.08138491213321686,-0.06602436304092407,-0.2242317497730255,1.9907128810882568,1.4368596076965332,1.4839231967926025,1.4794254302978516,1.6845579147338867,-0.8277618885040283,-0.3680768609046936,1.8857522010803223,-0.24151235818862915,0.0972154289484024,-0.474739670753479,-2.4790613651275635,2.6748812198638916,-0.2055814266204834,0.8320176005363464,-2.4115254878997803
0.6929134130477905,0.6490658521652222,0.9612973928451538,0.7984402179718018,2.088057518005371,0.8422659635543823,1.5623555183410645,1.680195927619934,0.09456796944141388,0.7101225256919861,-1.1328556537628174,-0.7428363561630249,-1.2877191305160522,-0.024532951414585114,0.13158288598060608,0.9228188395500183,1.5676275491714478,-0.01519931759685278,0.3448454439640045,0.4037657082080841,-0.38904833793640137,2.27492356300354,1.353434443473816,1.5484440326690674,1.2760026454925537,-0.17218266427516937,0.09670881181955338,0.9780609011650085,0.9455639719963074,-0.074494868516922,-0.08131074905395508,-0.06775344163179398,-0.23063163459300995,1.9980334043502808,1.436711072921753,1.486322283744812,1.4730944633483887,1.9159419536590576,-0.8010655045509338,-0.36987781524658203,1.9301891326904297,-0.01511981151998043,0.13845500349998474,-0.5857992172241211,-2.433518171310425,2.6897387504577637,-0.15915547311306,0.8571617007255554,-2.3397088050842285
0.7007874250411987,0.6687377095222473,0.9537378549575806,0.7827864289283752,2.0911262035369873,0.8910982608795166,1.5980911254882812,1.6847025156021118,0.11237989366054535,0.7171593904495239,-1.122979760169983,-0.7327207922935486,-1.2776914834976196,-0.014696972444653511,0.12780307233333588,0.9149919748306274,1.5691620111465454,0.009216814301908016,0.36271318793296814,0.40601882338523865,-0.3801423907279968,2.2784416675567627,1.3583723306655884,1.553501844406128,1.2810165882110596,-0.1676580160856247,0.09446799755096436,0.9770945906639099,0.9504760503768921,-0.07516982406377792,-0.08115449547767639,-0.06967464089393616,-0.23680907487869263,2.0053536891937256,1.4365676641464233,1.488810420036316,1.4669790267944336,2.129852294921875,-0.7767584323883057,-0.373861163854599,1.9660218954086304,0.2044297605752945,0.17432069778442383,-0.6968836188316345,-2.3677711486816406,2.704594373703003,-0.11119827628135681,0.8878859877586365,-2.263192653656006
0.7086614370346069,0.6880384087562561,0.9434975981712341,0.775344729423523,2.0922772884368896,0.9364345073699951,1.61875319480896,1.685703992843628,0.13945475220680237,0.7174389958381653,-1.1117267608642578,-0.7210737466812134,-1.2708736658096313,-0.00504663959145546,0.12268299609422684,0.9112710952758789,1.5697373151779175,0.03188489004969597,0.37304434180259705,0.40651971101760864,-0.3666049540042877,2.2785818576812744,1.3639987707138062,1.5593253374099731,1.2844254970550537,-0.1622699797153473,0.09228384494781494,0.976046085357666,0.9554938077926636,-0.07485193014144897,-0.0808316096663475,-0.07206280529499054,-0.24255140125751495,2.012676239013672,1.4364465475082397,1.4915488958358765,1.4613314867019653,2.3072879314422607,-0.7602237462997437,-0.38140520453453064,1.9799976348876953,0.39626556634902954,0.20001786947250366,-0.8045587539672852,-2.2609386444091797,2.718186855316162,-0.06989150494337082,0.9288031458854675,-2.1688270568847656
0.7165354490280151,0.706261932849884,0.9275027513504028,0.7764133214950562,2.10243821144104,0.9666804671287537,1.6090196371078491,1.6893032789230347,0.18639372289180756,0.6987953186035156,-1.1035404205322266,-0.7044950723648071,-1.2732256650924683,0.004065133631229401,0.11468542367219925,0.9118055701255798,1.5748177766799927,0.04700789228081703,0.3681775629520416,0.40831926465034485,-0.34313544631004333,2.2692596912384033,1.3680921792984009,1.5676147937774658,1.2832492589950562,-0.1549750119447708,0.09033810347318649,0.9749197959899902,0.9607445597648621,-0.07271286100149155,-0.08013692498207092,-0.07536230236291885,-0.2474227398633957,2.020028829574585,1.4364842176437378,1.4947298765182495,1.4565598964691162,2.4171085357666016,-0.7557970285415649,-0.411204069852829,1.9662761688232422,0.5372743606567383,0.21923816204071045,-0.8990477919578552,-2.0686070919036865,2.7083523273468018,-0.06924111396074295,0.9990814328193665,-2.0417308807373047
0.7244094610214233,0.724132776260376,0.912031352519989,0.7781602144241333,2.1125192642211914,0.9969967603683472,1.5992186069488525,1.6915467977523804,0.23358729481697083,0.6802377104759216,-1.0953967571258545,-0.6877775192260742,-1.2751020193099976,0.013000561855733395,0.1069498360157013,0.9126790165901184,1.5798587799072266,0.06216605752706528,0.36327701807022095,0.4094410538673401,-0.3195386528968811,2.2599806785583496,1.3721637725830078,1.575973391532898,1.2823110818862915,-0.14768008887767792,0.08844243735074997,0.9738478660583496,0.9659613370895386,-0.07057420909404755,-0.07957250624895096,-0.07874844968318939,-0.2522801458835602,2.0273215770721436,1.436597228050232,1.4979071617126465,1.4518336057662964,2.526931047439575,-0.7478097081184387,-0.4394538700580597,1.9552983045578003,0.6782711744308472,0.24172627925872803,-0.9988934993743896,-1.882076621055603,2.702903985977173,-0.0682552307844162,1.0702393054962158,-1.9146091938018799
0.7322834730148315,0.7420036196708679,0.8965601325035095,0.7799070477485657,2.122600793838501,1.027313232421875,1.5894176959991455,1.693790078163147,0.2807809114456177,0.6616801023483276,-1.087253212928772,-0.6710593700408936,-1.2769782543182373,0.021935991942882538,0.09921423345804214,0.9135522842407227,1.5848991870880127,0.07732425630092621,0.3583764135837555,0.4105627238750458,-0.29594191908836365,2.250702142715454,1.3762353658676147,1.5843323469161987,1.2813730239868164,-0.14038510620594025,0.08654674142599106,0.972775936126709,0.971177875995636,-0.06843552738428116,-0.07900809496641159,-0.08213460445404053,-0.25713759660720825,2.034614324569702,1.4367107152938843,1.501084566116333,1.4471067190170288,2.6367533206939697,-0.7398223280906677,-0.467703640460968,1.9443198442459106,0.8192680478096008,0.26421430706977844,-1.0987392663955688,-1.69554603099823,2.697455644607544,-0.06726930290460587,1.1413971185684204,-1.7874877452850342
0.7401574850082397,0.7598745226860046,0.8810887932777405,0.7816538214683533,2.1326818466186523,1.0576292276382446,1.5796165466308594,1.6960334777832031,0.327974408864975,0.6431225538253784,-1.0791096687316895,-0.6543418169021606,-1.2788549661636353,0.030871421098709106,0.091478630900383,0.9144256711006165,1.5899397134780884,0.09248243272304535,0.3534759283065796,0.411684513092041,-0.2723451256752014,2.2414233684539795,1.3803073167800903,1.592691421508789,1.2804346084594727,-0.13309016823768616,0.08465106785297394,0.9717043042182922,0.976394772529602,-0.06629686057567596,-0.07844366878271103,-0.08552074432373047,-0.26199501752853394,2.0419058799743652,1.4368237257003784,1.5042616128921509,1.4423803091049194,2.7465755939483643,-0.731834888458252,-0.49595338106155396,1.9333417415618896,0.9602645039558411,0.2867024540901184,-1.1985849142074585,-1.5090152025222778,2.692007064819336,-0.06628342717885971,1.2125550508499146,-1.6603660583496094
0.748031497001648,0.7777453660964966,0.8656177520751953,0.7834005951881409,2.142763614654541,1.0879459381103516,1.5698151588439941,1.6982771158218384,0.3751679062843323,0.6245648264884949,-1.0709662437438965,-0.6376239061355591,-1.2807310819625854,0.03980685770511627,0.08374305069446564,0.9152989983558655,1.5949804782867432,0.10764061659574509,0.348575234413147,0.4128062427043915,-0.24874834716320038,2.232144594192505,1.3843791484832764,1.6010500192642212,1.2794965505599976,-0.1257951855659485,0.08275537937879562,0.9706324934959412,0.9816113114356995,-0.06415819376707077,-0.07787926495075226,-0.08890688419342041,-0.266852468252182,2.049198865890503,1.436936855316162,1.507439136505127,1.437653660774231,2.8563973903656006,-0.7238476276397705,-0.5242030620574951,1.922363519668579,1.1012614965438843,0.3091905117034912,-1.2984304428100586,-1.3224848508834839,2.686558723449707,-0.06529749929904938,1.2837128639221191,-1.533244252204895
0.7559055089950562,0.7977759838104248,0.8531639575958252,0.7857688069343567,2.1488027572631836,1.1235089302062988,1.5635513067245483,1.700751781463623,0.42008176445961,0.6079124212265015,-1.0664350986480713,-0.6216979026794434,-1.281396508216858,0.04982220381498337,0.07751616835594177,0.9164832830429077,1.598000168800354,0.1254221498966217,0.34544339776039124,0.41404348611831665,-0.2262914776802063,2.22381854057312,1.3866443634033203,1.6090131998062134,1.2791639566421509,-0.11834677308797836,0.08088971674442291,0.9693905711174011,0.9866647124290466,-0.0616135336458683,-0.07704164832830429,-0.09234223514795303,-0.2700466811656952,2.0564868450164795,1.4370503425598145,1.510923981666565,1.4334759712219238,2.9305455684661865,-0.7234551310539246,-0.5512164831161499,1.8930583000183105,1.198599100112915,0.32707589864730835,-1.3690712451934814,-1.0932471752166748,2.6799912452697754,-0.0614536888897419,1.355352520942688,-1.410977840423584
0.7637795209884644,0.8185267448425293,0.8417159914970398,0.7883442044258118,2.1534957885742188,1.1608209609985352,1.5584665536880493,1.7033032178878784,0.4642355740070343,0.5918951034545898,-1.063107967376709,-0.6060354709625244,-1.2816575765609741,0.060197532176971436,0.07179217785596848,0.9177709221839905,1.6003464460372925,0.14407818019390106,0.34290099143981934,0.4153193533420563,-0.20421451330184937,2.2158095836639404,1.3883081674575806,1.6168445348739624,1.2790331840515137,-0.11084719747304916,0.07903405278921127,0.968092143535614,0.9916636943817139,-0.05893354490399361,-0.07611297816038132,-0.09579399228096008,-0.27268654108047485,2.0637729167938232,1.437163233757019,1.5145117044448853,1.4294811487197876,2.9928014278411865,-0.7255945205688477,-0.5778179168701172,1.857643961906433,1.2813836336135864,0.34342697262763977,-1.4299765825271606,-0.8497738838195801,2.673051118850708,-0.05665719881653786,1.427153468132019,-1.290329933166504
0.7716535329818726,0.8444397449493408,0.835257887840271,0.7931563258171082,2.159055709838867,1.198941946029663,1.5586140155792236,1.7044702768325806,0.50059574842453,0.5800609588623047,-1.0607092380523682,-0.5939857959747314,-1.2824057340621948,0.07315400242805481,0.0685630515217781,0.9201770424842834,1.6031264066696167,0.16313855350017548,0.34297460317611694,0.4159027636051178,-0.1860344111919403,2.209892511367798,1.389507532119751,1.6228693723678589,1.2786592245101929,-0.1031646803021431,0.0769851952791214,0.966413140296936,0.9960685968399048,-0.056094828993082047,-0.07515251636505127,-0.10006121546030045,-0.2716269791126251,2.0709495544433594,1.4372353553771973,1.518910527229309,1.4269225597381592,2.9999916553497314,-0.7438880205154419,-0.6064550876617432,1.7904503345489502,1.202232837677002,0.3434502184391022,-1.4717254638671875,-0.4718679189682007,2.6545205116271973,-0.04775358363986015,1.4951142072677612,-1.178537368774414
0.7795275449752808,0.8712581396102905,0.8294814825057983,0.7986472845077515,2.165217161178589,1.2370303869247437,1.5595518350601196,1.7053370475769043,0.5358155369758606,0.5689331889152527,-1.058012843132019,-0.5824185609817505,-1.2834645509719849,0.08656321465969086,0.06567493081092834,0.9229224920272827,1.606207251548767,0.18218283355236053,0.3434436023235321,0.4163362979888916,-0.16842453181743622,2.204328775405884,1.3908555507659912,1.628652572631836,1.2781298160552979,-0.09545762091875076,0.07490559667348862,0.9646840691566467,1.0003820657730103,-0.05323674529790878,-0.0741887241601944,-0.10444525629281998,-0.27008548378944397,2.0781173706054688,1.4373033046722412,1.5234147310256958,1.4245777130126953,2.999840259552002,-0.7648500204086304,-0.6352324485778809,1.7190003395080566,1.101407766342163,0.3424334228038788,-1.508529543876648,-0.076622873544693,2.6360809803009033,-0.03765666112303734,1.5616029500961304,-1.0665117502212524
0.787401556968689,0.8987601399421692,0.8236945867538452,0.8054265975952148,2.1730620861053467,1.2744492292404175,1.5606764554977417,1.705756664276123,0.5707172155380249,0.5581915974617004,-1.0538355112075806,-0.570896327495575,-1.2853727340698242,0.10031422227621078,0.06278149038553238,0.9263121485710144,1.610129952430725,0.2008923441171646,0.3440057635307312,0.4165460169315338,-0.15097369253635406,2.198957920074463,1.3929446935653687,1.6344139575958252,1.2771756649017334,-0.08775226771831512,0.07280953228473663,0.9629567861557007,1.004648208618164,-0.0503850132226944,-0.07323905825614929,-0.10884910821914673,-0.26858311891555786,2.0852911472320557,1.4373782873153687,1.5279077291488647,1.4223127365112305,2.9994137287139893,-0.7875521183013916,-0.6636431813240051,1.6474632024765015,1.0002920627593994,0.3457705080509186,-1.5368437767028809,0.3164159655570984,2.6220710277557373,-0.025590604171156883,1.6245744228363037,-0.9496871829032898
0.7952755689620972,0.9267587661743164,0.818055272102356,0.8123365640640259,2.181297540664673,1.3109103441238403,1.5595951080322266,1.7035797834396362,0.6058102250099182,0.5467208027839661,-1.0505216121673584,-0.5592178106307983,-1.2866758108139038,0.11431349068880081,0.059961821883916855,0.9297669529914856,1.6142475605010986,0.21912282705307007,0.3434651792049408,0.41545769572257996,-0.1334272176027298,2.1932225227355957,1.3946012258529663,1.6402534246444702,1.2765241861343384,-0.08005475997924805,0.07076799124479294,0.9612337350845337,1.0088971853256226,-0.047364190220832825,-0.07230523973703384,-0.11308234184980392,-0.2670026421546936,2.0924124717712402,1.4374654293060303,1.5323891639709473,1.4200676679611206,2.997959613800049,-0.8113498091697693,-0.6923666596412659,1.575832724571228,0.8924195170402527,0.33728161454200745,-1.5771732330322266,0.6982028484344482,2.603221893310547,-0.014588640071451664,1.6869637966156006,-0.8321468234062195
0.8031495809555054,0.9556761384010315,0.8128899335861206,0.81959468126297,2.1900644302368164,1.3470155000686646,1.5565097332000732,1.6985275745391846,0.6409711241722107,0.5349684357643127,-1.0482556819915771,-0.5471693277359009,-1.2873058319091797,0.12877225875854492,0.057379115372896194,0.93339604139328,1.6186308860778809,0.2371753752231598,0.34192246198654175,0.4129314124584198,-0.11584679782390594,2.1873462200164795,1.3957343101501465,1.6462777853012085,1.2762091159820557,-0.07235737890005112,0.06878644227981567,0.9595111012458801,1.0131458044052124,-0.04414359852671623,-0.07134293764829636,-0.1171504408121109,-0.26533153653144836,2.0995335578918457,1.437552809715271,1.5368709564208984,1.4178318977355957,2.996488332748413,-0.8367043733596802,-0.7210570573806763,1.5041725635528564,0.7765614986419678,0.31319496035575867,-1.6322506666183472,1.067378044128418,2.5842790603637695,-0.003584314603358507,1.7493482828140259,-0.713110625743866
0.8110235929489136,0.9845937490463257,0.8077244758605957,0.8268527984619141,2.198831081390381,1.3831202983856201,1.5534242391586304,1.693474531173706,0.6761318445205688,0.5232160687446594,-1.0459893941879272,-0.535120964050293,-1.287935733795166,0.14323097467422485,0.05479641631245613,0.9370251297950745,1.623014211654663,0.2552279233932495,0.34037983417510986,0.41040509939193726,-0.09826638549566269,2.1814701557159424,1.3968675136566162,1.652301549911499,1.2758944034576416,-0.06465999037027359,0.066804900765419,0.9577885270118713,1.0173944234848022,-0.040922991931438446,-0.07038065046072006,-0.1212184876203537,-0.2636603116989136,2.106654167175293,1.437639832496643,1.5413525104522705,1.4155964851379395,2.995018482208252,-0.862058699131012,-0.7497472763061523,1.432511806488037,0.6607035398483276,0.2891083061695099,-1.6873281002044678,1.4365532398223877,2.5653364658355713,0.00742002809420228,1.8117327690124512,-0.5940742492675781
0.8188976645469666,1.0138750076293945,0.8040541410446167,0.8318975567817688,2.206245183944702,1.4222044944763184,1.553558111190796,1.6896789073944092,0.7054941058158875,0.514798104763031,-1.043560266494751,-0.5257158279418945,-1.2886052131652832,0.15787167847156525,0.052961211651563644,0.9395475387573242,1.6267213821411133,0.27476993203163147,0.34044691920280457,0.40850716829299927,-0.08358532190322876,2.1772615909576416,1.3980821371078491,1.6570042371749878,1.2755595445632935,-0.05696261301636696,0.06468215584754944,0.955994188785553,1.0211747884750366,-0.0383792519569397,-0.06966710090637207,-0.125387042760849,-0.26077476143836975,2.113691806793213,1.4378259181976318,1.5460553169250488,1.4138094186782837,2.9936163425445557,-0.8828949928283691,-0.7652179598808289,1.3380587100982666,0.5721507668495178,0.25258445739746094,-1.720839023590088,1.7513983249664307,2.5364887714385986,0.0190886277705431,1.8599112033843994,-0.48408928513526917
0.8267716765403748,1.043769121170044,0.8008257150650024,0.8331822156906128,2.2099239826202393,1.4666982889175415,1.5592912435531616,1.6884655952453613,0.7242890000343323,0.5109986066818237,-1.041149377822876,-0.5193039178848267,-1.289131999015808,0.1728186458349228,0.0513470284640789,0.940189778804779,1.628561019897461,0.2970169186592102,0.34331315755844116,0.40790045261383057,-0.07418779283761978,2.1753616333007812,1.3992873430252075,1.6602102518081665,1.2752959728240967,-0.049265306442976,0.062349021434783936,0.9541195631027222,1.024117112159729,-0.03673756122589111,-0.06924455612897873,-0.12968063354492188,-0.2561275064945221,2.1204922199249268,1.438109278678894,1.551047444343567,1.4126814603805542,2.9923079013824463,-0.9006766080856323,-0.7661765217781067,1.2119204998016357,0.5115470290184021,0.1984868347644806,-1.7283706665039062,1.9837522506713867,2.491580009460449,0.03387457877397537,1.891855239868164,-0.38355588912963867
0.834645688533783,1.0741981267929077,0.7977001667022705,0.8298351764678955,2.208681344985962,1.5177907943725586,1.5726276636123657,1.6911391019821167,0.729787290096283,0.5127226114273071,-1.0384738445281982,-0.516325056552887,-1.2895066738128662,0.18803317844867706,0.049784209579229355,0.9385163187980652,1.6279393434524536,0.3225630819797516,0.34998151659965515,0.4092370867729187,-0.071438729763031,2.1762232780456543,1.400625228881836,1.661699652671814,1.2751089334487915,-0.04156813398003578,0.05976307764649391,0.952151358127594,1.0260169506072998,-0.03615978732705116,-0.06914983689785004,-0.1341208517551422,-0.2493640035390854,2.126946449279785,1.438498854637146,1.5563806295394897,1.4123848676681519,2.991105794906616,-0.9161500334739685,-0.7521613240242004,1.0480302572250366,0.4804008901119232,0.1261104792356491,-1.7072384357452393,2.115962505340576,2.423916816711426,0.052893057465553284,1.9055278301239014,-0.29133594036102295
0.8425197005271912,1.1035264730453491,0.7943950891494751,0.8265379667282104,2.207279920578003,1.5681474208831787,1.5893030166625977,1.6968724727630615,0.7347217798233032,0.5145701169967651,-1.0340741872787476,-0.5134900212287903,-1.2901966571807861,0.20269735157489777,0.04813167452812195,0.9368679523468018,1.6272387504577637,0.3477412760257721,0.3583191931247711,0.41210392117500305,-0.0689714327454567,2.177147150039673,1.4028252363204956,1.6631172895431519,1.2747637033462524,-0.03387127444148064,0.05718328431248665,0.9501741528511047,1.0279163122177124,-0.035574089735746384,-0.06902570277452469,-0.1385665386915207,-0.24260036647319794,2.1332154273986816,1.4388880729675293,1.5617156028747559,1.4122756719589233,2.98988938331604,-0.9344525933265686,-0.7451395988464355,0.8841394186019897,0.44191494584083557,0.06736622750759125,-1.6928073167800903,2.2471249103546143,2.3408708572387695,0.07190237939357758,1.9203802347183228,-0.18809418380260468
0.8503937125205994,1.132854700088501,0.7910898327827454,0.8232407569885254,2.205878496170044,1.618503212928772,1.605978012084961,1.7026057243347168,0.7396564483642578,0.5164176225662231,-1.0296744108200073,-0.5106549263000488,-1.2908873558044434,0.2173614650964737,0.04647913575172424,0.9352191090583801,1.6265381574630737,0.37291935086250305,0.3666567802429199,0.4149705171585083,-0.06650412082672119,2.1780707836151123,1.4050248861312866,1.6645346879959106,1.2744184732437134,-0.026174411177635193,0.054603490978479385,0.9481973648071289,1.029815673828125,-0.0349883958697319,-0.06890156120061874,-0.1430121809244156,-0.23583675920963287,2.13948392868042,1.4392776489257812,1.5670503377914429,1.4121664762496948,2.9886717796325684,-0.9527552127838135,-0.7381178140640259,0.7202483415603638,0.40342897176742554,0.00862198881804943,-1.6783764362335205,2.3782877922058105,2.2578248977661133,0.09091170877218246,1.9352329969406128,-0.0848524197936058
0.8582677245140076,1.1620922088623047,0.7877093553543091,0.8197155594825745,2.204342842102051,1.6687573194503784,1.6228281259536743,1.7090281248092651,0.744659960269928,0.5183019638061523,-1.0251802206039429,-0.5077383518218994,-1.2915855646133423,0.23198026418685913,0.04478885978460312,0.933456540107727,1.6257703304290771,0.3980464041233063,0.37508174777030945,0.41818156838417053,-0.06400231271982193,2.179013252258301,1.4072719812393188,1.6659928560256958,1.2740694284439087,-0.018488939851522446,0.052028875797986984,0.9462213516235352,1.0317081212997437,-0.03440268337726593,-0.06877687573432922,-0.14745645225048065,-0.2290877252817154,2.145728826522827,1.4396770000457764,1.5723812580108643,1.4120546579360962,2.9868125915527344,-0.9718741178512573,-0.7319263219833374,0.5563625693321228,0.36494386196136475,-0.04908484220504761,-1.6627808809280396,2.50919508934021,2.174602746963501,0.10950109362602234,1.9499287605285645,0.018969079479575157
0.8661417365074158,1.1907854080200195,0.7838760614395142,0.8148223757743835,2.2020018100738525,1.718398928642273,1.6407243013381958,1.7195823192596436,0.7500776648521423,0.5204070210456848,-1.020119309425354,-0.5043326616287231,-1.2923321723937988,0.24632684886455536,0.04287218675017357,0.9310101270675659,1.624599814414978,0.42286717891693115,0.3840298354625702,0.42345884442329407,-0.06129343807697296,2.180065631866455,1.4098026752471924,1.6676958799362183,1.273695945739746,-0.01087180059403181,0.04948534443974495,0.9442504644393921,1.0335577726364136,-0.03381677716970444,-0.06864872574806213,-0.15189248323440552,-0.22242584824562073,2.1518306732177734,1.4401352405548096,1.5776894092559814,1.4119268655776978,2.9810993671417236,-0.9958907961845398,-0.730714738368988,0.39250648021698,0.3264639377593994,-0.10056718438863754,-1.6401994228363037,2.6385715007781982,2.0903289318084717,0.12557095289230347,1.9636822938919067,0.1262691468000412
0.874015748500824,1.2194786071777344,0.7800426483154297,0.8099291920661926,2.1996610164642334,1.7680402994155884,1.6586205959320068,1.7301366329193115,0.7554954290390015,0.5225121378898621,-1.0150585174560547,-0.5009270310401917,-1.2930785417556763,0.2606734335422516,0.04095550253987312,0.9285635948181152,1.623429298400879,0.44768786430358887,0.3929779529571533,0.4287361204624176,-0.05858456715941429,2.1811180114746094,1.4123328924179077,1.6693986654281616,1.2733228206634521,-0.003254662500694394,0.046941790729761124,0.9422798156738281,1.0354070663452148,-0.03323087468743324,-0.06852061301469803,-0.15632855892181396,-0.21576398611068726,2.157933473587036,1.4405931234359741,1.5829969644546509,1.4117991924285889,2.9753875732421875,-1.0199074745178223,-0.7295030951499939,0.22865042090415955,0.2879839241504669,-0.15204952657222748,-1.6176179647445679,2.7679481506347656,2.006054639816284,0.1416407972574234,1.9774366617202759,0.23356924951076508
0.8818897604942322,1.2419503927230835,0.7758410573005676,0.7983164191246033,2.197439193725586,1.8099955320358276,1.6688060760498047,1.7396929264068604,0.7665545344352722,0.51902836561203,-1.0121216773986816,-0.49785739183425903,-1.2934551239013672,0.27190929651260376,0.03885475546121597,0.9227571487426758,1.622318148612976,0.4686654210090637,0.3980708122253418,0.43351414799690247,-0.053055062890052795,2.1793763637542725,1.4138013124465942,1.6709333658218384,1.2731343507766724,0.00435612304136157,0.04439883306622505,0.9401129484176636,1.0365400314331055,-0.032645076513290405,-0.06889653950929642,-0.16059312224388123,-0.20903730392456055,2.162843704223633,1.4409598112106323,1.5884965658187866,1.4121041297912598,2.968264102935791,-1.0351914167404175,-0.7341868281364441,0.08217505365610123,0.25420647859573364,-0.2157890647649765,-1.5778030157089233,2.839198589324951,1.8780931234359741,0.1423119306564331,1.9858927726745605,0.32096269726753235
0.8897637724876404,1.2523162364959717,0.7712339162826538,0.7818491458892822,2.200028896331787,1.8311491012573242,1.665043592453003,1.7404425144195557,0.7813175916671753,0.5069278478622437,-1.0098097324371338,-0.4998287856578827,-1.293060064315796,0.27709224820137024,0.036551088094711304,0.9145233035087585,1.6236131191253662,0.47924211621284485,0.39618948101997375,0.4338890612125397,-0.0456734336912632,2.173326015472412,1.4149575233459473,1.669947862625122,1.2733319997787476,0.01196249108761549,0.041876744478940964,0.9380133748054504,1.0364512205123901,-0.032108407467603683,-0.07009487599134445,-0.16412174701690674,-0.20195452868938446,2.1654295921325684,1.441438913345337,1.5937542915344238,1.4132460355758667,2.960193634033203,-1.0235389471054077,-0.7485297322273254,0.03242499753832817,0.2519263029098511,-0.26824951171875,-1.5031752586364746,2.7907583713531494,1.6452337503433228,0.13378234207630157,1.9534415006637573,0.38396936655044556
0.8976377844810486,1.2600995302200317,0.768619954586029,0.7655937671661377,2.1991372108459473,1.8536843061447144,1.657326340675354,1.7384518384933472,0.7961629033088684,0.49319490790367126,-1.00846266746521,-0.5031294226646423,-1.2917635440826416,0.2809840142726898,0.035244181752204895,0.9063956141471863,1.6231675148010254,0.49050983786582947,0.3923308253288269,0.4328936040401459,-0.0382508710026741,2.166459560394287,1.4156310558319092,1.668297529220581,1.2739804983139038,0.019568519666790962,0.039387304335832596,0.9359368681907654,1.0362273454666138,-0.03156757727265358,-0.07149545848369598,-0.1675107181072235,-0.19484248757362366,2.167856454849243,1.4419444799423218,1.5989587306976318,1.4144470691680908,2.952072858810425,-1.0017895698547363,-0.7595852613449097,-0.01397879421710968,0.2522476613521576,-0.3328751027584076,-1.4258219003677368,2.7395291328430176,1.3995531797409058,0.12444397062063217,1.9187732934951782,0.4377959668636322
0.9055117964744568,1.267883062362671,0.7660061717033386,0.7493383884429932,2.198246717453003,1.8762202262878418,1.6496092081069946,1.7364612817764282,0.8110080361366272,0.47946199774742126,-1.0071154832839966,-0.5064300298690796,-1.2904669046401978,0.2848757207393646,0.033937275409698486,0.8982680439949036,1.6227223873138428,0.5017777681350708,0.38847222924232483,0.4318982660770416,-0.030828312039375305,2.159593343734741,1.416304349899292,1.6666473150253296,1.2746286392211914,0.027174541726708412,0.03689786419272423,0.9338603615760803,1.0360029935836792,-0.031026754528284073,-0.0728960782289505,-0.1708996742963791,-0.18773043155670166,2.1702840328216553,1.4424505233764648,1.6041631698608398,1.4156477451324463,2.9439520835876465,-0.9800397753715515,-0.7706407904624939,-0.060382597148418427,0.2525689899921417,-0.39750075340270996,-1.3484681844711304,2.688300132751465,1.153871774673462,0.11510556191205978,1.8841058015823364,0.49162253737449646
0.913385808467865,1.2756667137145996,0.763392448425293,0.733083188533783,2.1973559856414795,1.8987560272216797,1.6418918371200562,1.7344708442687988,0.8258531093597412,0.4657290279865265,-1.0057684183120728,-0.509730875492096,-1.2891703844070435,0.28876742720603943,0.03263036534190178,0.8901402950286865,1.6222765445709229,0.5130455493927002,0.384613573551178,0.4309030771255493,-0.02340574562549591,2.152726411819458,1.416978120803833,1.6649967432022095,1.2752771377563477,0.03478056564927101,0.03440842777490616,0.9317837357521057,1.0357788801193237,-0.030485929921269417,-0.07429667562246323,-0.17428863048553467,-0.18061839044094086,2.172711133956909,1.4429559707641602,1.6093672513961792,1.41684889793396,2.935831069946289,-0.9582903385162354,-0.7816965579986572,-0.10678640753030777,0.25289037823677063,-0.46212631464004517,-1.2711149454116821,2.637070894241333,0.908190906047821,0.10576716810464859,1.8494380712509155,0.5454492568969727
0.9212598204612732,1.282936692237854,0.7598029971122742,0.7209513783454895,2.195784568786621,1.9193028211593628,1.633872151374817,1.7276207208633423,0.835142970085144,0.4546574056148529,-1.0043632984161377,-0.5143799781799316,-1.2886581420898438,0.292402446269989,0.030835652723908424,0.8840745091438293,1.6214910745620728,0.5233190655708313,0.38060376048088074,0.42747801542282104,-0.01876094937324524,2.147191047668457,1.4176805019378662,1.6626720428466797,1.2755329608917236,0.04230577498674393,0.03191967308521271,0.9296854138374329,1.0353912115097046,-0.02994537726044655,-0.07584454864263535,-0.17760366201400757,-0.17361168563365936,2.1751246452331543,1.4432114362716675,1.61453378200531,1.4180232286453247,2.920328140258789,-0.9364245533943176,-0.7859834432601929,-0.14462147653102875,0.25322431325912476,-0.5321518182754517,-1.1918672323226929,2.6088569164276123,0.6704387664794922,0.09598633646965027,1.8079640865325928,0.5903883576393127
0.9291338324546814,1.2897541522979736,0.7555806040763855,0.7118368744850159,2.1935436725616455,1.9384347200393677,1.6253185272216797,1.7171765565872192,0.8406107425689697,0.4454232156276703,-1.0029475688934326,-0.5200117826461792,-1.2886935472488403,0.2958112061023712,0.02872447669506073,0.8795171976089478,1.6203703880310059,0.532884955406189,0.3763269782066345,0.4222559928894043,-0.016026929020881653,2.142573595046997,1.4183881282806396,1.6598562002182007,1.2755154371261597,0.04976951703429222,0.029433924704790115,0.9275708794593811,1.0348858833312988,-0.029405035078525543,-0.07750740647315979,-0.1808578222990036,-0.16668693721294403,2.177518129348755,1.4432849884033203,1.6196683645248413,1.4191874265670776,2.899545669555664,-0.9142457842826843,-0.7852683663368225,-0.17644476890563965,0.2535674273967743,-0.6069815754890442,-1.1108903884887695,2.5974810123443604,0.43873167037963867,0.08591894805431366,1.7615240812301636,0.6282519102096558
0.9370078444480896,1.2954543828964233,0.7521891593933105,0.7036550641059875,2.1889054775238037,1.9576345682144165,1.6126294136047363,1.7051335573196411,0.8479856848716736,0.4353596270084381,-1.001927375793457,-0.5258954167366028,-1.2885658740997314,0.29866132140159607,0.027028709650039673,0.8754262924194336,1.618051528930664,0.5424849987030029,0.3699824810028076,0.4162346124649048,-0.012339485809206963,2.1375417709350586,1.418898582458496,1.6569143533706665,1.2755793333053589,0.05718472972512245,0.026980848982930183,0.9254451394081116,1.0343682765960693,-0.028864707797765732,-0.07929772138595581,-0.1840076595544815,-0.15984952449798584,2.1797802448272705,1.4433120489120483,1.6247378587722778,1.4204601049423218,2.8786661624908447,-0.889072060585022,-0.7823762893676758,-0.2096807211637497,0.2539128065109253,-0.6941226720809937,-1.0250301361083984,2.5912933349609375,0.21198755502700806,0.07623403519392014,1.7137250900268555,0.6566609740257263
0.9448819160461426,1.2947733402252197,0.7428814172744751,0.6965526342391968,2.177062749862671,1.9633780717849731,1.5790807008743286,1.6876448392868042,0.8727599382400513,0.41866013407707214,-1.0058741569519043,-0.5340734124183655,-1.2868469953536987,0.29832085967063904,0.022374838590621948,0.8718751668930054,1.6121301651000977,0.5453565716743469,0.3532082438468933,0.4074901342391968,4.7679670387879014e-05,2.129192352294922,1.4169251918792725,1.6528252363204956,1.27643883228302,0.06430916488170624,0.02458091452717781,0.9230851531028748,1.033665418624878,-0.028325160965323448,-0.08121529966592789,-0.18619294464588165,-0.15437191724777222,2.1785707473754883,1.4433220624923706,1.6290476322174072,1.422113060951233,2.8307111263275146,-0.8795104622840881,-0.8128699064254761,-0.23372896015644073,0.25547853112220764,-0.7035383582115173,-0.9373267889022827,2.411637544631958,-0.06094487011432648,0.04917898774147034,1.64204740524292,0.7172708511352539
0.9527559280395508,1.289513111114502,0.7301433682441711,0.6906698942184448,2.159633159637451,1.9607875347137451,1.5307780504226685,1.6662229299545288,0.9092867970466614,0.3972393274307251,-1.0130494832992554,-0.5433724522590637,-1.2839316129684448,0.29569071531295776,0.016005894169211388,0.8689336776733398,1.6034152507781982,0.5440614223480225,0.32905668020248413,0.3967791497707367,0.018311023712158203,2.1184821128845215,1.4133374691009521,1.6481760740280151,1.2778962850570679,0.0713023766875267,0.02222455106675625,0.9206082820892334,1.032841444015503,-0.02778632938861847,-0.08333666622638702,-0.18773153424263,-0.14958806335926056,2.1752073764801025,1.4433619976043701,1.632878065109253,1.4239407777786255,2.7687463760375977,-0.8773730397224426,-0.8611605167388916,-0.2555532157421112,0.2580059766769409,-0.6742429733276367,-0.8467918038368225,2.1293294429779053,-0.36090201139450073,0.01960093155503273,1.5570586919784546,0.7883567810058594
0.960629940032959,1.2850205898284912,0.7170633673667908,0.6840955018997192,2.1430554389953613,1.9580633640289307,1.484768271446228,1.6452528238296509,0.9451034665107727,0.3755876123905182,-1.019278645515442,-0.5523278117179871,-1.2812187671661377,0.2934444844722748,0.00946581270545721,0.8656464219093323,1.5951265096664429,0.5426994562149048,0.3060517907142639,0.3862942159175873,0.03621947020292282,2.1076560020446777,1.4102230072021484,1.6436980962753296,1.2792528867721558,0.0782298669219017,0.019868286326527596,0.9181358218193054,1.032002329826355,-0.02724749967455864,-0.08537261188030243,-0.18927423655986786,-0.1447242945432663,2.171844005584717,1.443390130996704,1.6367145776748657,1.4257220029830933,2.7076761722564697,-0.87525874376297,-0.9091092348098755,-0.2768156826496124,0.26053309440612793,-0.6303167343139648,-0.7575108408927917,1.846522331237793,-0.6608147025108337,-0.005138272885233164,1.472667932510376,0.8592509627342224
0.9685039520263672,1.282392978668213,0.7031519412994385,0.675840437412262,2.128546953201294,1.955015778541565,1.444327712059021,1.6253808736801147,0.9791968464851379,0.3533749282360077,-1.0232099294662476,-0.5604494214057922,-1.2789974212646484,0.292130708694458,0.00251011666841805,0.8615190982818604,1.5878721475601196,0.5411756038665771,0.28583160042762756,0.3763580918312073,0.053266044706106186,2.0965497493743896,1.4082571268081665,1.6396375894546509,1.28036367893219,0.08499781042337418,0.01751226745545864,0.9156740307807922,1.031126856803894,-0.026708664372563362,-0.08720121532678604,-0.19082704186439514,-0.13966622948646545,2.1684811115264893,1.4433913230895996,1.6405682563781738,1.427389144897461,2.6487796306610107,-0.8731998205184937,-0.9562283158302307,-0.29671362042427063,0.2630594074726105,-0.5508584976196289,-0.6712751388549805,1.5625051259994507,-0.9606199264526367,-0.018125995993614197,1.3897279500961304,0.9296797513961792
0.9763779640197754,1.2797654867172241,0.6892405152320862,0.6675856113433838,2.1140382289886475,1.9519681930541992,1.4038872718811035,1.6055090427398682,1.0132898092269897,0.33116230368614197,-1.0271409749984741,-0.5685708522796631,-1.27677583694458,0.290816992521286,-0.004445577971637249,0.8573916554450989,1.5806182622909546,0.5396516919136047,0.26561135053634644,0.366422176361084,0.07031259685754776,2.0854434967041016,1.4062913656234741,1.6355764865875244,1.2814738750457764,0.09176573902368546,0.015156248584389687,0.9132122993469238,1.030251383781433,-0.026169827207922935,-0.08902981877326965,-0.19237984716892242,-0.1346081644296646,2.1651175022125244,1.4433919191360474,1.6444215774536133,1.429056167602539,2.5898828506469727,-0.8711411952972412,-1.003347396850586,-0.31661155819892883,0.2655857801437378,-0.4714002311229706,-0.5850393176078796,1.2784881591796875,-1.2604248523712158,-0.031113695353269577,1.3067885637283325,1.0001085996627808
0.9842519760131836,1.277138113975525,0.6753291487693787,0.6593307852745056,2.099529981613159,1.9489203691482544,1.3634469509124756,1.5856367349624634,1.0473828315734863,0.30894964933395386,-1.0310726165771484,-0.5766923427581787,-1.2745546102523804,0.28950318694114685,-0.011401272378861904,0.8532641530036926,1.573364019393921,0.5381278991699219,0.2453911155462265,0.35648614168167114,0.08735916018486023,2.0743370056152344,1.4043259620666504,1.6315160989761353,1.2825847864151,0.09853366762399673,0.012800231575965881,0.9107503890991211,1.0293759107589722,-0.02563098631799221,-0.09085841476917267,-0.19393260776996613,-0.12955008447170258,2.161754608154297,1.4433929920196533,1.6482748985290527,1.4307233095169067,2.5309858322143555,-0.8690824508666992,-1.0504662990570068,-0.3365095555782318,0.2681121230125427,-0.39194196462631226,-0.4988037049770355,0.9944713115692139,-1.5602296590805054,-0.044101424515247345,1.2238489389419556,1.0705373287200928
0.9921259880065918,1.2745106220245361,0.6614177227020264,0.6510758996009827,2.08502197265625,1.9458726644515991,1.323006272315979,1.5657649040222168,1.0814762115478516,0.28673699498176575,-1.035003662109375,-0.5848138332366943,-1.2723331451416016,0.28818944096565247,-0.018356969580054283,0.8491368293762207,1.5661098957061768,0.5366039872169495,0.22517089545726776,0.3465501368045807,0.1044057160615921,2.063230514526367,1.4023600816726685,1.6274551153182983,1.2836954593658447,0.1053016185760498,0.010444211773574352,0.9082885980606079,1.0285004377365112,-0.025092152878642082,-0.09268703311681747,-0.1954854279756546,-0.12449204921722412,2.158391237258911,1.4433938264846802,1.6521282196044922,1.4323902130126953,2.4720890522003174,-0.8670237064361572,-1.0975852012634277,-0.3564074635505676,0.2706384062767029,-0.31248363852500916,-0.41256794333457947,0.7104542851448059,-1.8600348234176636,-0.057089146226644516,1.1409090757369995,1.1409660577774048
1.0,1.2718830108642578,0.6475063562393188,0.6428210735321045,2.0705134868621826,1.9428248405456543,1.282565712928772,1.5458928346633911,1.1155693531036377,0.2645243704319,-1.0389350652694702,-0.59293532371521,-1.2701117992401123,0.2868756353855133,-0.02531266212463379,0.8450093865394592,1.558855414390564,0.5350801944732666,0.20495066046714783,0.33661413192749023,0.12145227938890457,2.0521240234375,1.4003945589065552,1.6233946084976196,1.284806251525879,0.1120695248246193,0.008088193833827972,0.9058266878128052,1.0276248455047607,-0.024553315714001656,-0.0945156142115593,-0.19703823328018188,-0.11943397670984268,2.1550278663635254,1.443394660949707,1.6559815406799316,1.4340572357177734,2.4131922721862793,-0.8649650812149048,-1.1447043418884277,-0.3763054609298706,0.2731648087501526,-0.2330254465341568,-0.3263322412967682,0.42643728852272034,-2.159839630126953,-0.0700768530368805,1.057969570159912,1.211395025253296
