step,time_s,cmd_x,cmd_y,cmd_yaw,root_vx_b,root_vy_b,root_vz_b,root_wx_b,root_wy_b,root_wz_b,contact_BL_FOOT,contact_BR_FOOT,contact_ML_FOOT,contact_MR_FOOT,action_BL_coxa_joint,action_BR_coxa_joint,action_ML_coxa_joint,action_MR_coxa_joint,action_BL_femur_joint,action_BR_femur_joint,action_ML_femur_joint,action_MR_femur_joint,action_BL_tibia_joint,action_BR_tibia_joint,action_ML_tibia_joint,action_MR_tibia_joint,target_pos_rad_BL_coxa_joint,target_pos_rad_BR_coxa_joint,target_pos_rad_ML_coxa_joint,target_pos_rad_MR_coxa_joint,target_pos_rad_BL_femur_joint,target_pos_rad_BR_femur_joint,target_pos_rad_ML_femur_joint,target_pos_rad_MR_femur_joint,target_pos_rad_BL_tibia_joint,target_pos_rad_BR_tibia_joint,target_pos_rad_ML_tibia_joint,target_pos_rad_MR_tibia_joint,actual_pos_rad_BL_coxa_joint,actual_pos_rad_BR_coxa_joint,actual_pos_rad_ML_coxa_joint,actual_pos_rad_MR_coxa_joint,actual_pos_rad_BL_femur_joint,actual_pos_rad_BR_femur_joint,actual_pos_rad_ML_femur_joint,actual_pos_rad_MR_femur_joint,actual_pos_rad_BL_tibia_joint,actual_pos_rad_BR_tibia_joint,actual_pos_rad_ML_tibia_joint,actual_pos_rad_MR_tibia_joint,actual_vel_radps_BL_coxa_joint,actual_vel_radps_BR_coxa_joint,actual_vel_radps_ML_coxa_joint,actual_vel_radps_MR_coxa_joint,actual_vel_radps_BL_femur_joint,actual_vel_radps_BR_femur_joint,actual_vel_radps_ML_femur_joint,actual_vel_radps_MR_femur_joint,actual_vel_radps_BL_tibia_joint,actual_vel_radps_BR_tibia_joint,actual_vel_radps_ML_tibia_joint,actual_vel_radps_MR_tibia_joint
0,0.0,0.0,0.30000001192092896,0.0,0.029500426724553108,0.6470241546630859,0.4977377951145172,0.10896330326795578,-0.11798146367073059,0.37373435497283936,1,0,1,1,-1.0788825750350952,-0.9080857634544373,-0.2796458303928375,-1.1005061864852905,-0.8889584541320801,-1.2360751628875732,-0.9032005071640015,-0.7376686334609985,-0.9646497368812561,-0.1675495058298111,0.2976534068584442,0.5264502167701721,-0.8885071277618408,-0.8031086921691895,0.38377588987350464,-0.026654303073883057,-0.8808115720748901,-1.0543699264526367,-0.887932538986206,-0.8051666021347046,1.4375373125076294,1.8360873460769653,2.0686888694763184,2.1830873489379883,-0.32329845428466797,-0.3699396550655365,0.48380184173583984,0.4889494478702545,-0.4841408431529999,-0.4199691712856293,-0.49019962549209595,-0.4463694393634796,1.951296091079712,1.9337037801742554,1.9767378568649292,1.9043712615966797,-2.6901111602783203,-2.8883330821990967,-2.0168182849884033,-2.7608642578125,-2.8842480182647705,-3.0531721115112305,-3.161147356033325,-2.8826141357421875,-2.9605278968811035,-0.22071368992328644,2.6421637535095215,3.0603389739990234
1,0.02,0.0,0.30000001192092896,0.0,-0.07410599291324615,0.3267960250377655,0.3623791038990021,-0.062954381108284,-0.021694207563996315,-0.42090192437171936,0,1,0,1,-0.9153338074684143,0.2334047257900238,1.196601152420044,0.9515276551246643,-1.2721017599105835,-1.5309176445007324,-1.3550721406936646,-1.165637493133545,0.03805183619260788,0.03298831731081009,-0.06943145394325256,-0.27981552481651306,-0.8067327737808228,-0.2323634773492813,1.1218993663787842,0.999362587928772,-1.072383165359497,-1.2017911672592163,-1.1138683557510376,-1.0191510915756226,1.9388880729675293,1.9363563060760498,1.8851463794708252,1.779954433441162,-0.3830115497112274,-0.3889908492565155,0.5091220140457153,0.49360916018486023,-0.54399573802948,-0.4798433482646942,-0.5505617260932922,-0.5064833164215088,1.922199010848999,1.9376707077026367,1.9922959804534912,1.9298046827316284,-2.999518394470215,0.4245786666870117,2.9946000576019287,3.017881155014038,-3.0026395320892334,-2.999768018722534,-2.980180263519287,-3.0042457580566406,-0.7809542417526245,0.3528793156147003,-0.8130072355270386,-0.9006794095039368
2,0.04,0.0,0.30000001192092896,0.0,-0.04232901334762573,0.2995806336402893,0.17395098507404327,-0.09423135221004486,-0.0752410814166069,-0.20688919723033905,0,0,0,0,-0.04085499048233032,-0.13139986991882324,1.5858685970306396,0.7762945294380188,-1.4016473293304443,-0.3643040955066681,-0.9841899871826172,-0.3001822531223297,0.9389901161193848,1.51680326461792,-0.6682431697845459,-0.6050747036933899,-0.3694933354854584,-0.41476577520370483,1.316533088684082,0.9117460250854492,-1.1371560096740723,-0.618484377861023,-0.9284273386001587,-0.5864234566688538,2.389357089996338,2.6782636642456055,1.585740566253662,1.6173248291015625,-0.42329227924346924,-0.38773515820503235,0.5693522691726685,0.5534864068031311,-0.6041655540466309,-0.5400303602218628,-0.6104000210762024,-0.560962438583374,1.9739338159561157,1.9940546751022339,1.9353245496749878,1.874050498008728,-1.2183326482772827,-0.2468985766172409,3.010058641433716,2.9945051670074463,-3.0001230239868164,-3.0032718181610107,-2.996654510498047,-2.422511100769043,3.0004043579101562,3.0020689964294434,-3.0019848346710205,-2.998958110809326
3,0.06,0.0,0.30000001192092896,0.0,-0.020857295021414757,0.240791916847229,0.07037623971700668,-0.341696172952652,-0.783191978931427,0.05009760707616806,0,0,0,0,0.5534706711769104,0.10868129879236221,1.7395838499069214,1.3237727880477905,-0.9223394989967346,0.17174598574638367,-0.48609140515327454,-0.1194247379899025,0.953946053981781,2.0311832427978516,-1.0216013193130493,-0.7623286843299866,-0.07233050465583801,-0.2947251796722412,1.3933906555175781,1.1854851245880127,-0.897502064704895,-0.35045933723449707,-0.6793780326843262,-0.49604469537734985,2.3968350887298584,2.9354538917541504,1.4090614318847656,1.5386978387832642,-0.3901212215423584,-0.3810619115829468,0.6297758221626282,0.6133897304534912,-0.6641688346862793,-0.5440053939819336,-0.6664413213729858,-0.5788266658782959,2.0339410305023193,2.0541555881500244,1.87522292137146,1.8140801191329956,3.000143051147461,0.885166585445404,2.9982993602752686,3.0037662982940674,-3.0000598430633545,1.839347004890442,-2.500138759613037,0.22546404600143433,3.000332832336426,3.00057315826416,-3.000932216644287,-3.000795602798462
4,0.08,0.0,0.30000001192092896,0.0,-0.006238863337785006,0.22418376803398132,0.023845143616199493,-0.49155375361442566,-0.17450307309627533,-0.01054923515766859,0,0,0,0,0.5196502804756165,0.13570080697536469,1.4442511796951294,1.0787118673324585,-0.12796565890312195,0.050072140991687775,0.1980290710926056,0.3278016149997711,0.6542741656303406,1.6999876499176025,-0.8564311265945435,-0.7183791995048523,-0.08924070000648499,-0.2812154293060303,1.2457244396209717,1.0629546642303467,-0.5003151297569275,-0.4112962484359741,-0.3373177647590637,-0.27243149280548096,2.2469992637634277,2.7698559761047363,1.4916465282440186,1.5606725215911865,-0.33004188537597656,-0.352807879447937,0.6896025538444519,0.6735846996307373,-0.6722536683082581,-0.4941129982471466,-0.6430845856666565,-0.5321747660636902,2.093942403793335,2.114150285720825,1.8152415752410889,1.754013180732727,3.002986431121826,1.7221055030822754,2.9946095943450928,3.0014166831970215,1.4884827136993408,2.7990572452545166,3.011998414993286,2.987863063812256,3.0000855922698975,2.9999139308929443,-2.999345064163208,-3.0012946128845215
5,0.1,0.0,0.30000001192092896,0.0,-0.012102183885872364,0.21101154386997223,-0.17694640159606934,-0.4023345410823822,0.19170573353767395,-0.10431203991174698,0,0,0,0,0.8849167227745056,0.4154961109161377,1.5010182857513428,1.210254192352295,0.36256638169288635,-0.20082694292068481,-0.05766358971595764,0.8346838355064392,0.3953680694103241,1.3346600532531738,-0.7920835018157959,-0.4789074957370758,0.0933925211429596,-0.14131778478622437,1.2741079330444336,1.1287258863449097,-0.25504910945892334,-0.5367457866668701,-0.4651641249656677,-0.018990397453308105,2.1175460815429688,2.5871920585632324,1.523820400238037,1.6804083585739136,-0.2700252830982208,-0.29860955476760864,0.7495129704475403,0.7337602972984314,-0.6140254735946655,-0.46400782465934753,-0.582733154296875,-0.47252315282821655,2.134979724884033,2.1741549968719482,1.7552706003189087,1.699615716934204,2.9994375705718994,2.997927665710449,2.999318838119507,3.0021932125091553,3.0025784969329834,0.45684486627578735,3.0095112323760986,2.98801589012146,1.2733572721481323,3.0002150535583496,-2.999439001083374,-2.286137580871582
6,0.12,0.0,0.30000001192092896,0.0,-0.03185657039284706,0.19884221255779266,-0.22988031804561615,-0.4682649075984955,-1.526759147644043,-0.24208053946495056,0,0,0,1,0.972093403339386,0.6396244764328003,1.457365870475769,1.1951584815979004,1.040334701538086,0.2597905695438385,0.48796650767326355,1.2754613161087036,0.2570628821849823,1.1579033136367798,-0.7448933124542236,-0.2525879740715027,0.13698086142539978,-0.029253602027893066,1.252281665802002,1.1211780309677124,0.08383503556251526,-0.30643701553344727,-0.19234906136989594,0.2013983428478241,2.048393487930298,2.4988138675689697,1.5474154949188232,1.7935681343078613,-0.21003010869026184,-0.23868882656097412,0.8095327019691467,0.78077232837677,-0.5539398193359375,-0.425239235162735,-0.5230468511581421,-0.42181262373924255,2.1294801235198975,2.234163761138916,1.6952522993087769,1.6896458864212036,3.00148606300354,2.995054244995117,2.997354030609131,0.4649800658226013,3.002662181854248,2.999581813812256,3.017902135848999,0.8069825172424316,-1.3122879266738892,2.999666452407837,-2.9990503787994385,0.505376935005188
7,0.14,0.0,0.30000001192092896,0.0,0.06915245950222015,0.11617165803909302,0.02917858213186264,0.773374617099762,0.3795791566371918,0.5984994173049927,1,0,1,1,0.10260789096355438,1.2178099155426025,1.0840699672698975,0.03873899579048157,2.3222992420196533,-0.8350878357887268,0.8788690567016602,2.3815433979034424,-0.13732710480690002,0.3428792655467987,-0.4585212767124176,-0.03572646528482437,-0.2977618873119354,0.25983911752700806,1.065633773803711,0.5429682731628418,0.7248172760009766,-0.8538762331008911,0.003102213144302368,0.7544393539428711,1.8511985540390015,2.091301679611206,1.6906014680862427,1.9019988775253296,-0.16866165399551392,-0.17865459620952606,0.8181638717651367,0.769953191280365,-0.4945013225078583,-0.45606687664985657,-0.5084718465805054,-0.4208202064037323,2.073702573776245,2.238698959350586,1.689002275466919,1.7088608741760254,-0.047463059425354004,2.838338613510132,-0.017902523279190063,-1.446913242340088,2.477637767791748,-2.760887622833252,1.2435203790664673,0.1943303793668747,-2.127013683319092,-1.7262002229690552,0.1207999438047409,0.7398382425308228
8,0.16,0.0,0.30000001192092896,0.0,-0.055788639932870865,0.29826149344444275,0.40837007761001587,0.3235935866832733,0.635280191898346,0.030421147122979164,1,0,1,1,-0.35785940289497375,1.4888157844543457,0.9951314926147461,0.4891110062599182,1.8762089014053345,0.42964208126068115,1.3527401685714722,2.1664175987243652,-0.2847214341163635,-0.6372637152671814,0.016202790662646294,-0.09247749298810959,-0.5279955267906189,0.39534205198287964,1.0211645364761353,0.7681542634963989,0.5017721652984619,-0.22151127457618713,0.24003776907920837,0.6468764543533325,1.7775014638900757,1.601230263710022,1.9279634952545166,1.8736233711242676,-0.20003598928451538,-0.11812964826822281,0.8261898159980774,0.7430104613304138,-0.43867284059524536,-0.43986159563064575,-0.45601633191108704,-0.41632476449012756,2.0232975482940674,2.178640604019165,1.6995186805725098,1.7104606628417969,-2.937037944793701,3.0138094425201416,0.3600885272026062,-1.3354682922363281,2.963827610015869,2.9953720569610596,2.848132371902466,1.270970106124878,-2.9646072387695312,-3.0050413608551025,1.018454670906067,-0.5449165105819702
9,0.18,0.0,0.30000001192092896,0.0,-0.08169255405664444,0.2067229151725769,0.5537755489349365,0.2048196792602539,0.09758827835321426,0.017180239781737328,1,0,1,1,0.2957179844379425,1.5015501976013184,1.1712100505828857,0.7685110569000244,1.2480992078781128,0.3587905764579773,1.5828410387039185,2.1039257049560547,-0.31416693329811096,-0.4484879672527313,-0.34202930331230164,-0.6494377255439758,-0.20120684802532196,0.40170925855636597,1.109203815460205,0.9078543186187744,0.1877172887325287,-0.25693702697753906,0.3550882041454315,0.6156305074691772,1.762778639793396,1.6956181526184082,1.748847484588623,1.5951433181762695,-0.23160478472709656,-0.058550622314214706,0.8396652936935425,0.7212503552436829,-0.378913015127182,-0.37987300753593445,-0.39811602234840393,-0.36976563930511475,1.96989107131958,2.118621349334717,1.704503059387207,1.6837668418884277,-1.0354269742965698,2.9928884506225586,0.9439889788627625,-0.89699387550354,3.0084190368652344,2.9981179237365723,2.9132080078125,2.925801992416382,-3.0057249069213867,-2.9989242553710938,-0.06484305113554001,-1.7882014513015747
10,0.2,0.0,0.30000001192092896,0.0,-0.10353652387857437,0.09360146522521973,0.5373912453651428,0.1166459396481514,0.05549085512757301,0.19433431327342987,1,0,1,1,0.3266497254371643,1.328292965888977,1.2129511833190918,0.6022235155105591,0.9541997909545898,0.6648682355880737,1.3535512685775757,1.1158798933029175,-0.14803606271743774,-0.3416617214679718,-0.4425269663333893,-0.7814775109291077,-0.18574097752571106,0.3150806427001953,1.130074381828308,0.8247105479240417,0.04076758027076721,-0.10389819741249084,0.24044331908226013,0.12160763144493103,1.8458441495895386,1.7490313053131104,1.6985986232757568,1.5291234254837036,-0.24294565618038177,0.001156230689957738,0.8610467314720154,0.7038930058479309,-0.31882816553115845,-0.31974413990974426,-0.34048908948898315,-0.312544047832489,1.9171611070632935,2.0586514472961426,1.6910818815231323,1.6427305936813354,-0.1752423346042633,2.9960625171661377,1.1664340496063232,-0.8406732082366943,2.9970808029174805,2.99657940864563,2.9217236042022705,2.9009194374084473,-2.4601612091064453,-2.998931407928467,-0.9584696292877197,-2.29778790473938
11,0.22,0.0,0.30000001192092896,0.0,-0.14729063212871552,0.04916544258594513,0.4562123417854309,0.09309659898281097,0.33970773220062256,0.13790912926197052,1,0,1,1,0.11258821189403534,1.2113064527511597,1.0238107442855835,0.4898601770401001,0.8042965531349182,0.8718264698982239,1.2344732284545898,0.49455007910728455,-0.17386680841445923,-0.3773866593837738,-0.42212510108947754,-0.7847317457199097,-0.29277172684669495,0.2565873861312866,1.0355041027069092,0.7685288786888123,-0.034184038639068604,-0.0004190802574157715,0.1809042990207672,-0.18905727565288544,1.8329287767410278,1.7311688661575317,1.7087996006011963,1.527496337890625,-0.251620888710022,0.06119127944111824,0.8837400674819946,0.6867796182632446,-0.25880616903305054,-0.25973910093307495,-0.2827453315258026,-0.2642863988876343,1.8745911121368408,1.998624563217163,1.672513723373413,1.5968241691589355,-0.5466794967651367,3.004467248916626,1.2674434185028076,-0.8571321964263916,3.001326560974121,2.999159574508667,2.940340995788574,2.02178692817688,-1.9400594234466553,-3.0006606578826904,-0.7900277376174927,-2.2803077697753906
12,0.24,0.0,0.30000001192092896,0.0,-0.1674456149339676,0.013717211782932281,0.45893415808677673,-0.7017002701759338,0.5034328699111938,-0.07827260345220566,0,1,1,0,0.12668728828430176,0.9631045460700989,0.8823961019515991,0.49569422006607056,0.5660976767539978,1.0188865661621094,1.3470779657363892,0.1816791445016861,-0.25975877046585083,-0.4593879282474518,-0.4303281009197235,-0.7884047627449036,-0.28572219610214233,0.13248643279075623,0.9647968411445618,0.7714458703994751,-0.1532834768295288,0.07311096787452698,0.23720666766166687,-0.34549275040626526,1.789982795715332,1.6901681423187256,1.704698085784912,1.5256597995758057,-0.26621952652931213,0.09625524282455444,0.9039003849029541,0.6862850785255432,-0.19919247925281525,-0.20521774888038635,-0.23156122863292694,-0.24899646639823914,1.8339779376983643,1.938547134399414,1.651089072227478,1.5542690753936768,-0.7529727220535278,1.0901747941970825,0.9860785603523254,0.6082983613014221,2.9174742698669434,2.718846559524536,2.41396427154541,-0.12045679986476898,-1.9936151504516602,-3.163214683532715,-1.4088172912597656,-1.8182393312454224
13,0.26,0.0,0.30000001192092896,0.0,0.030880793929100037,0.1961343139410019,0.3096843361854553,0.0780961886048317,-0.24801918864250183,0.26363006234169006,0,1,1,0,0.6783928871154785,-0.12377225607633591,-0.0742836743593216,1.5596100091934204,-0.8940897583961487,0.8368273973464966,1.4789944887161255,-3.454647958278656e-05,-0.24408720433712006,-0.1825549155473709,-0.24072156846523285,-1.2106471061706543,-0.009869396686553955,-0.41095197200775146,0.486456960439682,1.3034038543701172,-0.883377194404602,-0.01791861653327942,0.30316492915153503,-0.4363496005535126,1.7978185415267944,1.8285846710205078,1.7995014190673828,1.314538598060608,-0.2410469800233841,0.06529008597135544,0.8967390060424805,0.7315837740898132,-0.24073411524295807,-0.15924935042858124,-0.20329967141151428,-0.2697390615940094,1.804853081703186,1.8887765407562256,1.6391806602478027,1.5063754320144653,2.6889984607696533,-2.9274282455444336,-1.715198040008545,2.9929816722869873,-3.0023229122161865,2.05240797996521,1.314989686012268,-1.9842371940612793,-1.1879897117614746,-2.120863914489746,0.10432012379169464,-2.7199530601501465
14,0.28,0.0,0.30000001192092896,0.0,0.06105738878250122,0.3047674298286438,0.29361066222190857,0.4442134201526642,-0.8786765336990356,0.3280995786190033,0,1,1,0,0.519309937953949,0.4217430651187897,0.41120246052742004,2.291095733642578,-0.4299847185611725,0.9941074252128601,1.8796501159667969,0.6913226246833801,0.3344860076904297,-0.1420494168996811,-0.2861202359199524,-1.3801027536392212,-0.08941087126731873,-0.13819430768489838,0.729200005531311,1.6691466569900513,-0.6513246893882751,0.060721397399902344,0.5034927129745483,-0.09067100286483765,2.0871052742004395,1.8488374948501587,1.7768020629882812,1.2298107147216797,-0.18177081644535065,0.010725757107138634,0.8716044425964355,0.791313648223877,-0.3009820282459259,-0.1117231622338295,-0.18808890879154205,-0.2598505914211273,1.8455787897109985,1.8500707149505615,1.6370939016342163,1.4510658979415894,3.0000925064086914,-2.736783742904663,-1.2435275316238403,2.989635944366455,-3.0003459453582764,2.4301252365112305,0.5866358876228333,2.1559393405914307,3.0002212524414062,-1.982469916343689,-0.21369284391403198,-2.5458762645721436
15,0.3,0.0,0.30000001192092896,0.0,0.09966656565666199,0.3277325928211212,0.26479822397232056,-0.2447812855243683,0.3103387951850891,0.314483642578125,0,1,1,0,0.6787233948707581,0.6515536308288574,0.6742408275604248,2.1588315963745117,0.8201360106468201,1.6228471994400024,1.9403544664382935,-0.05362037569284439,0.7068583369255066,-0.12502457201480865,-0.2770785391330719,-1.360439658164978,-0.009704142808914185,-0.023289024829864502,0.8607192039489746,1.603014588356018,-0.026264309883117676,0.3750912845134735,0.5338449478149414,-0.4631425142288208,2.2732913494110107,1.8573498725891113,1.7813228368759155,1.2396423816680908,-0.1217307299375534,-0.03300844877958298,0.8556488156318665,0.8513246178627014,-0.28279560804367065,-0.07865526527166367,-0.16241124272346497,-0.26939958333969116,1.9055871963500977,1.8141342401504517,1.6404352188110352,1.415014386177063,3.0002708435058594,-1.7480659484863281,-0.5358530879020691,3.0319831371307373,2.9998068809509277,1.3073903322219849,2.48049259185791,-2.27899432182312,3.00038743019104,-1.687603235244751,1.2216172218322754,-1.1614686250686646
16,0.32,0.0,0.30000001192092896,0.0,0.018449027091264725,0.35357365012168884,0.2635915279388428,-0.27375200390815735,-0.0632617175579071,-0.1020590215921402,0,1,1,0,1.1147518157958984,0.686124324798584,0.4290207326412201,2.6733176708221436,0.7447574734687805,1.2619489431381226,1.8923667669296265,1.3898252248764038,0.2258274108171463,-0.4693281650543213,-0.2805131673812866,-1.5327850580215454,0.208310067653656,-0.006003677845001221,0.7381091713905334,1.860257625579834,-0.06395357847213745,0.19464215636253357,0.5098510980606079,0.2585802972316742,2.03277587890625,1.6851980686187744,1.7796056270599365,1.1534695625305176,-0.06173095479607582,-0.06182211637496948,0.8390249013900757,0.9116032719612122,-0.22279563546180725,-0.0455370731651783,-0.13922461867332458,-0.24468693137168884,1.965491771697998,1.7705010175704956,1.6455518007278442,1.3969863653182983,2.9998581409454346,-1.1284540891647339,-1.159289002418518,3.0186657905578613,3.0006113052368164,1.8998117446899414,1.27553129196167,3.001976490020752,2.969909191131592,-2.5100624561309814,0.5727906227111816,-0.5401890277862549
17,0.34,0.0,0.30000001192092896,0.0,0.1114039495587349,0.4200640320777893,0.20222674310207367,-0.06163734197616577,0.15673093497753143,-0.01716054230928421,0,1,1,0,1.4523988962173462,0.28564682602882385,0.29669538140296936,2.4200284481048584,1.1999326944351196,1.5069670677185059,2.002924919128418,1.0537617206573486,0.003117556683719158,-0.3455798923969269,-0.608319878578186,-1.47948157787323,0.3771336078643799,-0.2062424272298813,0.6719464659690857,1.7336130142211914,0.1636340320110321,0.3171512186527252,0.5651301145553589,0.0905485451221466,1.921420931816101,1.7470722198486328,1.6157021522521973,1.1801214218139648,-0.0017506068106740713,-0.09194821864366531,0.8148913979530334,0.9713301062583923,-0.16265451908111572,-0.020148031413555145,-0.1180572435259819,-0.18440324068069458,1.9899845123291016,1.729902982711792,1.6430684328079224,1.3961611986160278,2.999370813369751,-1.8005808591842651,-1.3415217399597168,2.9298431873321533,3.005162239074707,0.846954345703125,1.2479379177093506,3.0093510150909424,-0.038596898317337036,-1.6960275173187256,-0.26103484630584717,0.29460692405700684
18,0.36,0.0,0.30000001192092896,0.0,0.1732221394777298,0.40561985969543457,0.23820003867149353,-0.272270143032074,0.6025164723396301,0.014959716238081455,0,1,1,0,1.43025541305542,0.4399067461490631,0.456410676240921,2.4734976291656494,1.4350556135177612,1.1099298000335693,1.6678494215011597,1.3695178031921387,-0.03138633817434311,-0.5783015489578247,-0.9484133124351501,-1.5256956815719604,0.36606186628341675,-0.12911246716976166,0.7518041133880615,1.760347604751587,0.2811954915523529,0.11863258481025696,0.3975923955440521,0.24842658638954163,1.904168963432312,1.630711317062378,1.4456554651260376,1.1570143699645996,0.05823207274079323,-0.1240246519446373,0.7913442850112915,1.0253260135650635,-0.10257672518491745,-0.0051753888837993145,-0.08525019884109497,-0.12421499192714691,1.968674659729004,1.6975560188293457,1.629207730293274,1.4045989513397217,2.999546527862549,-1.4206175804138184,-1.0252944231033325,2.4071907997131348,3.0018153190612793,0.7289883494377136,2.0237913131713867,3.0055136680603027,-1.6633208990097046,-1.6032246351242065,-1.079180121421814,0.4777827262878418
19,0.38,0.0,0.30000001192092896,0.0,0.1101900190114975,0.3928622901439667,-0.029911136254668236,0.0023669549264013767,-0.41710934042930603,0.11773188412189484,0,0,0,1,1.3763467073440552,0.46363067626953125,0.8742095232009888,2.3230865001678467,1.4872894287109375,-0.22553694248199463,0.07914932072162628,1.576982021331787,-0.32657504081726074,-0.6615235805511475,-1.6440116167068481,-1.4380730390548706,0.3391075134277344,-0.11725050210952759,0.9607035517692566,1.6851420402526855,0.30731239914894104,-0.5491007566452026,-0.39675766229629517,0.35215869545936584,1.7565746307373047,1.5891003608703613,1.0978562831878662,1.2008256912231445,0.11712802201509476,-0.14727315306663513,0.7981109619140625,1.0319675207138062,-0.04598548635840416,-0.054755114018917084,-0.10595861822366714,-0.08319542557001114,1.9118049144744873,1.6573847532272339,1.5778652429580688,1.398342251777649,2.7702531814575195,-0.8443022966384888,1.3096450567245483,-2.344229221343994,2.557573080062866,-3.001925468444824,-2.9916529655456543,0.39354783296585083,-3.000110149383545,-2.3062446117401123,-2.999227523803711,-1.6471574306488037
20,0.4,0.0,0.30000001192092896,0.0,-0.02710014581680298,0.2678399980068207,-0.1775142401456833,0.4868524968624115,-1.3030591011047363,-0.2162623256444931,0,0,0,1,1.204846978187561,0.8751011490821838,1.721287488937378,1.0498796701431274,2.4698286056518555,-0.22866588830947876,-0.7912638187408447,1.8740229606628418,0.00553955789655447,0.2530558109283447,-1.427817702293396,-1.1077489852905273,0.2533576488494873,0.0884847342967987,1.3842425346374512,1.0485386848449707,0.7985819578170776,-0.5506652593612671,-0.8319642543792725,0.5006791353225708,1.9226319789886475,2.0463900566101074,1.2059533596038818,1.3659876585006714,0.1640884280204773,-0.12200538069009781,0.8473836779594421,1.0154714584350586,-5.761427019024268e-06,-0.11507569998502731,-0.16614286601543427,-0.06818008422851562,1.8787928819656372,1.697304129600525,1.5178921222686768,1.4026740789413452,1.8685612678527832,2.767570972442627,2.985706090927124,0.3602619767189026,-4.172325134277344e-05,-2.976626396179199,-3.065652370452881,1.0914528369903564,-0.4945773780345917,3.0046629905700684,-2.998875617980957,1.4519516229629517
21,0.42,0.0,0.30000001192092896,0.0,-0.019509050995111465,0.2434018850326538,-0.09703639149665833,-0.5606743097305298,-0.6495685577392578,-0.047447964549064636,1,0,0,1,1.0405465364456177,0.9197275638580322,1.5662074089050293,0.9675691723823547,2.519202947616577,-0.40871334075927734,-0.15219584107398987,1.9224687814712524,-0.11688370257616043,0.39705130457878113,-1.3255597352981567,-0.8584198951721191,0.17120742797851562,0.1107979416847229,1.3067024946212769,1.0073833465576172,0.8232691287994385,-0.6406890153884888,-0.5124302506446838,0.5249021053314209,1.8614202737808228,2.1183876991271973,1.257082223892212,1.4906522035598755,0.15760599076747894,-0.06204673647880554,0.9077706336975098,1.0213935375213623,-0.022607950493693352,-0.17464914917945862,-0.22511139512062073,-0.07189764827489853,1.8830833435058594,1.7572354078292847,1.4596362113952637,1.4254231452941895,-0.5098753571510315,3.005796432495117,3.002338171005249,0.24415305256843567,-1.038893699645996,-3.0078160762786865,-2.974771499633789,-0.5556557774543762,0.22168518602848053,2.9978716373443604,-2.6660728454589844,1.322198510169983
22,0.44,0.0,0.30000001192092896,0.0,-0.0620562806725502,0.30173754692077637,-0.1644926369190216,-0.20406757295131683,-0.15361084043979645,0.022587832063436508,1,0,0,1,0.8216774463653564,1.4398154020309448,1.5732977390289307,0.6992762088775635,2.4237899780273438,0.01588442176580429,0.805107593536377,1.7466793060302734,0.22237716615200043,0.08253007382154465,-1.43380606174469,-0.6454907655715942,0.06177288293838501,0.3708418607711792,1.3102476596832275,0.873236894607544,0.7755626440048218,-0.42839011549949646,-0.03377851843833923,0.437007337808609,2.031050682067871,1.9611271619796753,1.2029590606689453,1.5971167087554932,0.13691453635692596,-0.0017178879352286458,0.9676096439361572,1.0168651342391968,-0.03396761789917946,-0.23493991792201996,-0.2309603989124298,-0.09148786962032318,1.910622239112854,1.8171552419662476,1.4148753881454468,1.4598561525344849,-1.3839423656463623,3.0088729858398438,2.96639347076416,-0.5815183520317078,-0.1860780417919159,-3.009418249130249,1.6648054122924805,-1.160513997077942,2.067992687225342,2.9974558353424072,-1.732127070426941,1.9213764667510986
23,0.46,0.0,0.30000001192092896,0.0,-0.07282108068466187,0.3046049177646637,-0.16477468609809875,-0.36284351348876953,0.09121324121952057,-0.029411064460873604,1,0,1,1,0.940799355506897,1.5734796524047852,1.520984172821045,1.0433000326156616,2.3758482933044434,0.13410881161689758,1.001367449760437,1.6489431858062744,0.004497072659432888,-0.3963899314403534,-1.2887698411941528,-0.607923150062561,0.12133383750915527,0.43767398595809937,1.2840908765792847,1.0452487468719482,0.7515918016433716,-0.3692778944969177,0.0643514096736908,0.3881392776966095,1.922110676765442,1.7216671705245972,1.2754771709442139,1.6159005165100098,0.10928822308778763,0.05843231827020645,1.0201188325881958,1.0050257444381714,-0.046790897846221924,-0.29332900047302246,-0.1740984469652176,-0.12084632366895676,1.9249590635299683,1.8303310871124268,1.3928714990615845,1.49945068359375,-1.303707480430603,2.987921714782715,1.6369950771331787,-0.5336402058601379,-0.31408390402793884,-2.84549880027771,2.3622188568115234,-1.5451067686080933,0.2464761734008789,-0.9529829621315002,-0.811177134513855,1.9022573232650757
24,0.48,0.0,0.30000001192092896,0.0,0.04106727987527847,0.27150171995162964,0.03171462193131447,-0.05098296329379082,0.9213205575942993,-0.021556545048952103,1,0,1,1,0.6863084435462952,1.8748869895935059,1.3029545545578003,1.0459495782852173,2.4040513038635254,0.394872784614563,1.6601377725601196,2.209911823272705,-0.2899910807609558,-1.0804158449172974,-1.109357476234436,-0.5362194180488586,-0.00591161847114563,0.5883776545524597,1.1750760078430176,1.0465736389160156,0.7656933069229126,-0.23889592289924622,0.3937365710735321,0.6686235666275024,1.7748665809631348,1.3796541690826416,1.3651833534240723,1.6517524719238281,0.07997983694076538,0.11683684587478638,1.0222876071929932,0.985137403011322,-0.020947009325027466,-0.3264947533607483,-0.16466934978961945,-0.15792442858219147,1.903071641921997,1.7727723121643066,1.4123575687408447,1.537319540977478,-1.6739106178283691,2.754894971847534,-0.042381517589092255,-0.969204843044281,1.6754305362701416,-0.3909720182418823,1.0197041034698486,-1.4736788272857666,-1.4781194925308228,-3.0016934871673584,0.5848017930984497,1.6773403882980347
25,0.5,0.0,0.30000001192092896,0.0,0.04937564581632614,0.25588375329971313,0.10919629037380219,0.4042049050331116,0.3626158535480499,-0.10081487894058228,1,0,1,1,0.5892120599746704,1.923710823059082,1.3656309843063354,1.0295817852020264,2.255845546722412,0.48819059133529663,1.6203749179840088,2.260502815246582,-0.2877185046672821,-1.453906536102295,-1.1378511190414429,-0.7401937246322632,-0.05445981025695801,0.6127895712852478,1.2064142227172852,1.0383896827697754,0.691590428352356,-0.1922370195388794,0.3738551437854767,0.6939190626144409,1.7760028839111328,1.1929088830947876,1.3509366512298584,1.5497653484344482,0.04016263782978058,0.16579237580299377,1.015817642211914,0.9693387746810913,8.63502937136218e-05,-0.3027798533439636,-0.1401463747024536,-0.17109045386314392,1.869195818901062,1.7127386331558228,1.4202256202697754,1.5616692304611206,-2.284055709838867,2.0584282875061035,-0.6215209364891052,-0.6866819858551025,-0.030551433563232422,2.2673580646514893,1.2025506496429443,0.28024619817733765,-1.8143483400344849,-2.9999985694885254,0.31888529658317566,0.8103371858596802
26,0.52,0.0,0.30000001192092896,0.0,-0.026122407987713814,0.277319997549057,0.18414843082427979,0.8726954460144043,0.4065694808959961,-0.003586827078834176,1,0,1,1,0.4282887279987335,1.8297739028930664,1.32716703414917,0.5829566717147827,2.123328685760498,0.5276524424552917,1.576399326324463,2.0905303955078125,-0.2397601455450058,-1.4463926553726196,-1.1138519048690796,-0.909242570400238,-0.13492147624492645,0.56582111120224,1.1871823072433472,0.8150771260261536,0.6253319978713989,-0.17250609397888184,0.35186734795570374,0.6089328527450562,1.7999820709228516,1.1966657638549805,1.36293625831604,1.4652408361434937,-0.011074245907366276,0.19460216164588928,1.0039035081863403,0.9489617347717285,-8.52496214065468e-06,-0.24593672156333923,-0.1049129068851471,-0.1547146588563919,1.8485442399978638,1.6526552438735962,1.423392653465271,1.570747971534729,-2.610438585281372,0.928617000579834,-0.5176177620887756,-1.356391191482544,0.04992680251598358,2.991259813308716,2.2933409214019775,1.2034094333648682,-0.8082236647605896,-3.0030131340026855,0.01797592267394066,0.13274744153022766
27,0.54,0.0,0.30000001192092896,0.0,-0.06928538531064987,0.2233610451221466,0.11987225711345673,0.9235678911209106,0.6476912498474121,-0.006745769176632166,1,0,1,1,0.46147340536117554,1.4718440771102905,1.2290890216827393,0.7799386978149414,1.4637842178344727,0.9305726289749146,1.3792319297790527,0.5492420196533203,-0.1985575407743454,-1.2864139080047607,-1.063274621963501,-1.0462812185287476,-0.11832913756370544,0.38685619831085205,1.1381433010101318,0.9135681390762329,0.2955597937107086,0.028953999280929565,0.25328364968299866,-0.16171130537986755,1.8205833435058594,1.2766551971435547,1.3882248401641846,1.396721601486206,-0.0645667240023613,0.2046239674091339,0.9971219301223755,0.9189400672912598,5.303651778376661e-05,-0.18592073023319244,-0.0573313944041729,-0.13857004046440125,1.836958885192871,1.5926481485366821,1.4232077598571777,1.5740716457366943,-2.628065347671509,0.1573169231414795,-0.17523916065692902,-1.6047956943511963,0.026899415999650955,3.0058557987213135,2.441997528076172,0.5591895580291748,-0.41844579577445984,-2.9981746673583984,-0.05043000727891922,0.1276007741689682
28,0.56,0.0,0.30000001192092896,0.0,-0.0779758021235466,0.21039383113384247,0.10635180026292801,-0.11138284206390381,0.24047201871871948,-0.10920924693346024,0,1,1,0,0.406793475151062,1.200268268585205,1.076893925666809,0.8535099625587463,1.0976519584655762,1.1621015071868896,1.4164127111434937,-0.24683791399002075,-0.07540600746870041,-1.231931209564209,-1.053530216217041,-1.0178141593933105,-0.1456691026687622,0.2510682940483093,1.0620458126068115,0.950353741645813,0.11249366402626038,0.14471843838691711,0.2718740403652191,-0.5597512722015381,1.8821591138839722,1.3038965463638306,1.3930970430374146,1.4109550714492798,-0.11092047393321991,0.1943027228116989,0.9984875917434692,0.8995578289031982,-3.1767526706971694e-06,-0.14380890130996704,-0.018830575048923492,-0.18209302425384521,1.8406860828399658,1.5335031747817993,1.4272165298461914,1.5472708940505981,-1.6113172769546509,-1.0846673250198364,-0.01240072213113308,-0.23832957446575165,0.00018177948368247598,0.8520544767379761,0.61363285779953,-2.860290765762329,0.5297501683235168,-1.0537419319152832,0.5018671154975891,-1.9854447841644287
29,0.58,0.0,0.30000001192092896,0.0,-0.0481552854180336,0.2442154735326767,0.05655481293797493,-0.2583240568637848,-0.706506609916687,0.05120673403143883,0,1,1,0,0.7208356261253357,0.8286908864974976,0.724037230014801,2.095888376235962,0.7096297740936279,1.6370733976364136,1.7618509531021118,-0.07325223833322525,0.5568149089813232,-0.9538784027099609,-0.7336724400520325,-1.344347357749939,0.011351972818374634,0.06527960300445557,0.8856173753738403,1.5715429782867432,-0.08151742815971375,0.3822043836116791,0.4445931613445282,-0.47295844554901123,2.1982696056365967,1.4429229497909546,1.5530259609222412,1.2476885318756104,-0.1174929141998291,0.18131542205810547,0.9896777868270874,0.9104483723640442,-0.018108701333403587,-0.11670736968517303,-0.030522793531417847,-0.24085406959056854,1.8958159685134888,1.505262017250061,1.4496697187423706,1.4943379163742065,0.6307755708694458,-0.7789210677146912,-0.6643032431602478,1.1516563892364502,-1.384162425994873,2.0286192893981934,-1.228858232498169,-2.9594016075134277,3.0003085136413574,-1.5632003545761108,1.4404187202453613,-2.888230562210083
30,0.6,0.0,0.30000001192092896,0.0,-0.005258460994809866,0.2427971214056015,0.007566042244434357,-0.39732295274734497,-0.7018252611160278,0.14854715764522552,0,1,1,0,0.795681357383728,0.9771416783332825,0.8184572458267212,2.250185489654541,1.2174811363220215,1.7076432704925537,1.8812127113342285,0.31530115008354187,0.6702700853347778,-0.8042367696762085,-0.6497179865837097,-1.3541001081466675,0.0487748384475708,0.13950499892234802,0.9328274130821228,1.6486915349960327,0.17240825295448303,0.41748932003974915,0.5042740106582642,-0.27868175506591797,2.2549972534179688,1.5177438259124756,1.5950031280517578,1.242812156677246,-0.08348167687654495,0.16515731811523438,0.977016031742096,0.9426866769790649,-0.02060847170650959,-0.07697689533233643,-0.06174509599804878,-0.288139671087265,1.9558228254318237,1.4781570434570312,1.4803990125656128,1.440851092338562,2.4382314682006836,-0.8506353497505188,-0.5958912372589111,1.918097972869873,0.803769588470459,1.8872735500335693,-1.6406524181365967,-1.8314073085784912,3.0002992153167725,-1.2038129568099976,1.5131492614746094,-2.3065953254699707
31,0.62,0.0,0.30000001192092896,0.0,-0.006377933081239462,0.2628568708896637,-0.07314202189445496,-0.12331969290971756,-0.8534167408943176,0.15164540708065033,0,1,1,0,0.9917101263999939,0.9355041980743408,0.794166624546051,2.2739198207855225,1.4238444566726685,1.7290685176849365,1.8965085744857788,0.5786299109458923,0.5818174481391907,-0.8277941942214966,-0.5006440281867981,-1.3566406965255737,0.14678922295570374,0.1186862587928772,0.9206820726394653,1.6605587005615234,0.2755899131298065,0.42820194363594055,0.5119220018386841,-0.14701735973358154,2.210770845413208,1.505964994430542,1.6695401668548584,1.241541862487793,-0.02437119372189045,0.14478740096092224,0.9630787968635559,0.9827685356140137,4.4932599507774285e-07,-0.0442952960729599,-0.09951241314411163,-0.28900381922721863,2.015826940536499,1.4591339826583862,1.5161926746368408,1.4054667949676514,3.000016450881958,-1.258181095123291,-0.9237396121025085,2.0134127140045166,-0.0008234080160036683,1.3449008464813232,-2.1123671531677246,1.314234733581543,3.0001609325408936,-0.6742295026779175,2.0806450843811035,-1.2300000190734863
32,0.64,0.0,0.30000001192092896,0.0,-0.026498014107346535,0.29656893014907837,-0.13050276041030884,0.05345277860760689,-0.61440509557724,0.11113537847995758,0,1,1,0,1.2470837831497192,0.8986091613769531,0.7824552655220032,2.285841464996338,1.797156572341919,1.897653341293335,1.956972360610962,0.5986079573631287,0.6455710530281067,-0.8698256015777588,-0.434458464384079,-1.3668824434280396,0.2744760513305664,0.10023874044418335,0.9148263931274414,1.6665195226669312,0.46224597096443176,0.5124943256378174,0.5421538352966309,-0.13702833652496338,2.242647647857666,1.4849493503570557,1.7026329040527344,1.2364208698272705,0.035627368837594986,0.1185564398765564,0.9454538226127625,1.0194005966186523,4.129474362457586e-08,-0.027896836400032043,-0.139715775847435,-0.24353373050689697,2.0758299827575684,1.4497894048690796,1.5602552890777588,1.3924603462219238,2.999896287918091,-1.3695361614227295,-0.8430695533752441,1.6212780475616455,2.552098158048466e-05,0.36706188321113586,-1.8001618385314941,2.8397812843322754,3.000122308731079,-0.2928982675075531,2.2246205806732178,-0.18281564116477966
33,0.66,0.0,0.30000001192092896,0.0,-0.03747796267271042,0.3331242501735687,-0.14610132575035095,0.1132524386048317,-0.21791109442710876,0.051083263009786606,0,1,1,0,1.4026206731796265,0.8332368731498718,0.7072944641113281,2.350534439086914,2.044445037841797,1.9284284114837646,1.919937252998352,0.7201553583145142,0.584931492805481,-0.9137085676193237,-0.4284389019012451,-1.375308632850647,0.35224449634552,0.0675525963306427,0.8772460222244263,1.6988660097122192,0.5858901739120483,0.5278818607330322,0.5236363410949707,-0.07625463604927063,2.2123279571533203,1.463007926940918,1.7056427001953125,1.2322077751159668,0.09503407031297684,0.090851329267025,0.9294217824935913,1.0454021692276,-4.04022806321791e-08,-0.030678296461701393,-0.17110568284988403,-0.18338261544704437,2.135831356048584,1.4468344449996948,1.6055378913879395,1.3962746858596802,2.8676514625549316,-1.359012246131897,-0.751314640045166,0.9998934864997864,2.37400035985047e-05,-0.4945339262485504,-1.2351707220077515,3.007657766342163,3.000001907348633,-0.08851125836372375,2.197775363922119,0.4377906024456024
34,0.68,0.0,0.30000001192092896,0.0,-0.022191626951098442,0.3778012990951538,-0.11177574098110199,0.10215669125318527,0.17419825494289398,0.00021243390801828355,0,1,1,0,1.4657386541366577,0.7549708485603333,0.6191490292549133,2.4196109771728516,2.0700979232788086,1.8226795196533203,1.8342304229736328,0.860036313533783,0.40887370705604553,-0.930438756942749,-0.492842435836792,-1.376177191734314,0.38380348682403564,0.028419584035873413,0.8331732749938965,1.733404278755188,0.5987166166305542,0.47500744462013245,0.4807828962802887,-0.0063141584396362305,2.1242990493774414,1.4546427726745605,1.673440933227539,1.2317736148834229,0.1453564465045929,0.06280359625816345,0.9152964353561401,1.0459966659545898,7.241770617838483e-06,-0.04679622873663902,-0.1883537471294403,-0.12298782169818878,2.168567180633545,1.4450515508651733,1.6470603942871094,1.4068318605422974,2.1139538288116455,-1.3197059631347656,-0.7438622713088989,-0.13832610845565796,-0.00021775033383164555,-0.9526087045669556,-0.4449734389781952,3.0156853199005127,0.5832674503326416,-0.16014695167541504,1.8716990947723389,0.5542897582054138
35,0.7000000000000001,0.0,0.30000001192092896,0.0,0.041172899305820465,0.3877014219760895,0.022340741008520126,0.2978617250919342,-0.0759931281208992,-0.12404601275920868,0,1,1,1,1.5061661005020142,0.6560533046722412,0.5119417905807495,2.450510025024414,2.0427608489990234,1.5320031642913818,1.6575617790222168,1.1159507036209106,0.2484293431043625,-0.9639638662338257,-0.6522595882415771,-1.4050236940383911,0.40401721000671387,-0.021039187908172607,0.779569685459137,1.7488538026809692,0.5850480794906616,0.3296692669391632,0.3924485743045807,0.12164303660392761,2.044076919555664,1.437880277633667,1.5937323570251465,1.2173502445220947,0.17693030834197998,0.03418305143713951,0.8932395577430725,1.0330047607421875,5.72918179386761e-06,-0.06056293100118637,-0.19188252091407776,-0.088872030377388,2.1451830863952637,1.4394891262054443,1.6774518489837646,1.39143705368042,1.1521960496902466,-1.4246822595596313,-1.433996319770813,-0.7524687051773071,-0.0004962904495187104,-0.18855397403240204,0.14294739067554474,1.1966201066970825,-2.242800235748291,-0.5623766779899597,1.1254115104675293,0.17148089408874512
36,0.72,0.0,0.30000001192092896,0.0,0.09926459938287735,0.23753979802131653,0.12416473776102066,0.4141730070114136,0.5333566069602966,0.06842640042304993,1,0,1,1,1.2958444356918335,0.741013765335083,0.7663058638572693,1.657570481300354,2.0953049659729004,0.10662279278039932,0.8531537055969238,1.907275676727295,0.0052272966131567955,-1.1084647178649902,-0.8393976092338562,-1.3865796327590942,0.29885637760162354,0.02144104242324829,0.9067517518997192,1.352384090423584,0.6113201379776001,-0.38302090764045715,-0.009755462408065796,0.5173054933547974,1.922475814819336,1.36562979221344,1.5001633167266846,1.2265722751617432,0.1839800775051117,0.01206715777516365,0.8717086315155029,1.0202730894088745,-1.0833068699866999e-06,-0.10774367302656174,-0.1672414094209671,-0.08642175048589706,2.105278253555298,1.4314844608306885,1.6813232898712158,1.4189155101776123,-0.4511537551879883,-0.9021320939064026,-0.6757107973098755,-0.7759395837783813,-0.07210953533649445,-3.0038669109344482,1.9062800407409668,-0.008915282785892487,-1.6733037233352661,-0.3548479974269867,-0.6869274973869324,1.0900548696517944
37,0.74,0.0,0.30000001192092896,0.0,0.07223096489906311,0.27291566133499146,0.11063139140605927,0.047401681542396545,0.024210616946220398,0.020910853520035744,1,0,0,1,0.7024377584457397,1.3833668231964111,1.4327293634414673,0.8453876972198486,2.4510302543640137,-0.6100727915763855,-0.9769057035446167,1.3572120666503906,-0.21826721727848053,-1.2691168785095215,-1.0910030603408813,-0.9391511678695679,0.00215303897857666,0.34261757135391235,1.2399635314941406,0.9462926387786865,0.7891827821731567,-0.7413687109947205,-0.9247851371765137,0.2422737181186676,1.8107285499572754,1.2853037118911743,1.3743605613708496,1.450286626815796,0.15421724319458008,0.015003077685832977,0.8797762989997864,1.011433720588684,0.00023254174448084086,-0.1675151288509369,-0.2117616981267929,-0.08372710645198822,2.083554983139038,1.4258067607879639,1.629891276359558,1.4394718408584595,-1.796971321105957,0.9916458129882812,1.1858781576156616,-0.3615648150444031,0.006222790107131004,-3.0066311359405518,-2.9695181846618652,0.2907608151435852,-1.0689589977264404,-0.26431289315223694,-2.9971134662628174,0.9527713656425476
38,0.76,0.0,0.30000001192092896,0.0,0.02983490191400051,0.2784646451473236,0.06828958541154861,-0.049474574625492096,0.03192512318491936,0.004713527858257294,1,0,0,1,0.8258927464485168,1.3570568561553955,1.7621018886566162,0.8310273289680481,2.1682705879211426,-0.010621927678585052,-0.4599764049053192,1.3875155448913574,0.12338005751371384,-0.2824614942073822,-1.4684444665908813,-0.7968524694442749,0.06388053297996521,0.32946258783340454,1.4046497344970703,0.9391124248504639,0.6478029489517212,-0.44164326786994934,-0.6663205027580261,0.257425457239151,1.9815521240234375,1.7786314487457275,1.1856398582458496,1.5214359760284424,0.11988470703363419,0.04863620921969414,0.9170348048210144,1.0034860372543335,-1.800295831344556e-05,-0.22791054844856262,-0.2711236774921417,-0.08208920806646347,2.065770387649536,1.4768956899642944,1.5699080228805542,1.4601166248321533,-1.6852023601531982,2.130657196044922,2.3277671337127686,-0.4477619230747223,0.05684678629040718,-3.004610061645508,-2.977390766143799,0.0017166286706924438,-0.8656798601150513,2.997985363006592,-2.9993860721588135,1.0189146995544434
39,0.78,0.0,0.30000001192092896,0.0,0.03493157774209976,0.26107046008110046,0.028831221163272858,-0.2617444396018982,-0.15484873950481415,0.0367974229156971,1,0,0,1,0.9294384121894836,1.4443060159683228,1.6759252548217773,1.0764284133911133,2.164320945739746,0.31760311126708984,0.30530741810798645,1.4757194519042969,0.22172428667545319,-0.1909024864435196,-1.468266248703003,-0.6726894378662109,0.11565336585044861,0.37308716773986816,1.3615614175796509,1.0618129968643188,0.645828127861023,-0.2775307595729828,-0.2836785912513733,0.3015274107456207,2.030724287033081,1.8244109153747559,1.1857290267944336,1.5835174322128296,0.09263063967227936,0.0958370491862297,0.9677005410194397,0.9968981146812439,-0.001963328802958131,-0.2747451961040497,-0.31488916277885437,-0.0852973461151123,2.051344633102417,1.5368674993515015,1.5098844766616821,1.4824129343032837,-1.081661581993103,2.427539348602295,2.5915536880493164,-0.22831709682941437,-0.13820472359657288,-1.7227063179016113,-1.5048441886901855,-0.16974836587905884,-0.7425993084907532,2.999788999557495,-3.00162935256958,1.108180284500122
40,0.8,0.0,0.30000001192092896,0.0,0.02210102044045925,0.3032429814338684,0.005791543982923031,-0.1954781860113144,-0.09584558010101318,-0.009261365979909897,1,0,0,1,0.7191000580787659,1.6074624061584473,1.6417036056518555,0.8656352758407593,2.3285679817199707,0.4687483310699463,0.8944047689437866,1.5862780809402466,0.26166021823883057,-0.5016793608665466,-1.39923894405365,-0.5937718152999878,0.010484188795089722,0.4546653628349304,1.34445059299469,0.9564164280891418,0.7279516458511353,-0.20195814967155457,0.0108700692653656,0.3568067252635956,2.050692319869995,1.6690224409103394,1.2202427387237549,1.622976303100586,0.0653676986694336,0.14118953049182892,1.0151361227035522,0.9900584816932678,-0.005281182937324047,-0.286098450422287,-0.28263893723487854,-0.09172394126653671,2.0379703044891357,1.596731424331665,1.4511185884475708,1.5076535940170288,-1.5154045820236206,2.031980276107788,2.1048779487609863,-0.36210083961486816,-0.26854556798934937,0.408588707447052,3.001573324203491,-0.2923547625541687,-0.6303015947341919,2.9718358516693115,-2.6823065280914307,1.3239214420318604
41,0.8200000000000001,0.0,0.30000001192092896,0.0,0.017271719872951508,0.3476713299751282,-0.042757298797369,-0.3009898066520691,-0.14089199900627136,-0.043688587844371796,1,0,0,1,0.7562330365180969,1.7152793407440186,1.6994266510009766,0.8194448351860046,2.181821346282959,0.2519300580024719,0.6848994493484497,1.5063450336456299,0.20922760665416718,-0.9401097893714905,-1.2856872081756592,-0.5875016450881958,0.02905067801475525,0.5085738301277161,1.3733121156692505,0.9333212375640869,0.6545783281326294,-0.31036728620529175,-0.09388259053230286,0.31684020161628723,2.0244760513305664,1.4498072862625122,1.2770185470581055,1.6261112689971924,0.03526013717055321,0.17289751768112183,1.04722261428833,0.9810817837715149,-0.013348755426704884,-0.27820247411727905,-0.22220338881015778,-0.10245507210493088,2.02827787399292,1.5982791185379028,1.4110956192016602,1.5380847454071045,-1.5919297933578491,1.2089271545410156,0.007824599742889404,-0.38975974917411804,-0.4503862261772156,0.34615373611450195,3.0051679611206055,-0.575113832950592,-0.490103542804718,-1.8762173652648926,-1.3879610300064087,1.6308177709579468
42,0.84,0.0,0.30000001192092896,0.0,-0.015170319005846977,0.43077152967453003,-0.00581196928396821,-0.49884071946144104,-0.08610695600509644,0.061883118003606796,1,0,0,1,0.5710142850875854,1.8844101428985596,1.5754318237304688,0.6716974377632141,2.2795751094818115,0.3616813123226166,1.0240461826324463,1.6691123247146606,-0.053754426538944244,-1.407710075378418,-1.3568263053894043,-0.5676616430282593,-0.06355869770050049,0.5931392312049866,1.3113147020339966,0.8594474792480469,0.7034552097320557,-0.2554916739463806,0.07569077610969543,0.3982238471508026,1.8929849863052368,1.216007113456726,1.241448998451233,1.6360313892364502,0.0010974268661811948,0.18621759116649628,1.0450668334960938,0.9695582389831543,-0.016266116872429848,-0.2638886570930481,-0.16158835589885712,-0.11755093932151794,2.0118777751922607,1.5411450862884521,1.3966723680496216,1.5733364820480347,-1.6919289827346802,0.22713030874729156,-0.19123907387256622,-0.7404844760894775,0.13422510027885437,0.909509539604187,3.022226095199585,-0.7072926163673401,-1.1036458015441895,-3.0034024715423584,-0.21036352217197418,1.748642921447754
43,0.86,0.0,0.30000001192092896,0.0,0.059200651943683624,0.38788363337516785,0.10466065257787704,-0.05340520292520523,0.3990841805934906,0.16162727773189545,1,0,1,1,0.532238245010376,1.9920731782913208,1.4396872520446777,0.8513265252113342,2.2239787578582764,0.3000653386116028,1.2627419233322144,1.7733547687530518,-0.25484418869018555,-1.6601088047027588,-1.411394476890564,-0.6346902251243591,-0.08294671773910522,0.6469707489013672,1.243442416191101,0.9492620229721069,0.6756570339202881,-0.2862996459007263,0.19503864645957947,0.45034506916999817,1.7924400568008423,1.0898077487945557,1.2141649723052979,1.602517008781433,-0.03403408080339432,0.18523091077804565,1.039509654045105,0.9505642652511597,6.99314841767773e-05,-0.2537836730480194,-0.1361876279115677,-0.13159361481666565,1.9746878147125244,1.4813542366027832,1.4071382284164429,1.605494737625122,-1.8114991188049316,-0.28766074776649475,-0.47161394357681274,-1.0212236642837524,0.030074775218963623,0.15348011255264282,0.6530190706253052,-0.0951787531375885,-2.6244568824768066,-2.9128434658050537,0.8597666621208191,1.3885142803192139
44,0.88,0.0,0.30000001192092896,0.0,0.027491051703691483,0.35049009323120117,0.2112254947423935,0.2528097629547119,-0.04676546901464462,0.06599222868680954,1,0,1,1,0.3692668080329895,2.0658352375030518,1.341423511505127,0.8098119497299194,2.115419864654541,0.8136943578720093,1.7508260011672974,2.1872920989990234,-0.13628362119197845,-1.9001669883728027,-1.1755086183547974,-0.8550398349761963,-0.16443243622779846,0.6838517785072327,1.1943105459213257,0.9285047650337219,0.6213775873184204,-0.02948513627052307,0.43908068537712097,0.6573137044906616,1.8517203330993652,0.9697786569595337,1.3321077823638916,1.492342233657837,-0.0776224434375763,0.1783071905374527,1.0275697708129883,0.9314875602722168,2.304176268808078e-05,-0.20920608937740326,-0.12250163406133652,-0.11670996248722076,1.9326578378677368,1.429128885269165,1.4218212366104126,1.6194969415664673,-2.3299999237060547,-0.37647855281829834,-0.7250076532363892,-0.9189471006393433,0.0030581159517169,2.995448589324951,1.00047767162323,1.3858073949813843,-1.873286485671997,-2.1196377277374268,0.4928678274154663,0.220967099070549
45,0.9,0.0,0.30000001192092896,0.0,-0.052336204797029495,0.34359997510910034,0.26317352056503296,0.6730847954750061,0.09823363274335861,0.12828108668327332,1,0,1,1,0.27155402302742004,1.8585262298583984,1.203134298324585,0.4743500351905823,1.8072938919067383,1.0020068883895874,1.6281694173812866,1.2803187370300293,-0.2107003629207611,-1.8615237474441528,-1.1592313051223755,-0.9692695140838623,-0.2132888287305832,0.580197274684906,1.1251659393310547,0.760773777961731,0.46731463074684143,0.06467112898826599,0.3777523934841156,0.20382705330848694,1.814512014389038,0.9891002774238586,1.3402464389801025,1.435227394104004,-0.1256093680858612,0.16879421472549438,1.015241265296936,0.9046852588653564,6.139850302133709e-05,-0.1494261473417282,-0.09123311191797256,-0.0832635760307312,1.9013406038284302,1.4005582332611084,1.4282453060150146,1.615874171257019,-2.436140537261963,-0.5399730801582336,-0.5083250999450684,-1.637203335762024,-0.0028658402152359486,3.0019009113311768,2.0179524421691895,1.9922261238098145,-1.4392231702804565,-0.8307539820671082,0.16103284060955048,-0.5162899494171143
46,0.92,0.0,0.30000001192092896,0.0,0.0006699986988678575,0.2929971218109131,0.06956741958856583,0.6101301908493042,1.004446268081665,0.05573400855064392,0,0,1,0,0.33655068278312683,1.4764652252197266,1.1222169399261475,0.9580976366996765,1.1563146114349365,1.3839017152786255,1.4064491987228394,-0.44036462903022766,-0.04476433992385864,-1.7245850563049316,-1.1182385683059692,-0.9648861885070801,-0.1807904988527298,0.38916677236557007,1.084707260131836,1.0026476383209229,0.14182499051094055,0.25561854243278503,0.26689228415489197,-0.6565146446228027,1.8974800109863281,1.0575696229934692,1.3607428073883057,1.437419056892395,-0.17091108858585358,0.16010577976703644,1.011788010597229,0.8921531438827515,-2.7106016204925254e-06,-0.0894521027803421,-0.047308001667261124,-0.12498583644628525,1.8842034339904785,1.39371919631958,1.4309864044189453,1.5738892555236816,-1.9876558780670166,-0.37072673439979553,-0.036101970821619034,0.23116439580917358,5.4848394938744605e-05,2.998112678527832,2.295644998550415,-3.0036299228668213,-0.45862284302711487,0.055811040103435516,0.09926481544971466,-3.0003347396850586
47,0.9400000000000001,0.0,0.30000001192092896,0.0,-0.01263398863375187,0.2488054782152176,0.0455225445330143,-0.009358549490571022,-0.07643897086381912,0.05033059045672417,0,1,1,0,0.4907102584838867,1.0448157787322998,1.0853863954544067,2.0062432289123535,0.5327494740486145,1.351778507232666,1.7237060070037842,-0.04957125335931778,0.6766344308853149,-1.282341480255127,-0.8561772704124451,-1.3849964141845703,-0.10371071100234985,0.1733420491218567,1.0662920475006104,1.526720404624939,-0.16995757818222046,0.2395569384098053,0.4255206882953644,-0.4611179530620575,2.2581794261932373,1.2786914110183716,1.4917734861373901,1.22736394405365,-0.18927519023418427,0.14446642994880676,1.0081783533096313,0.9139057397842407,-0.03060212917625904,-0.0644974485039711,-0.024971269071102142,-0.18376755714416504,1.9352498054504395,1.3899245262145996,1.4426698684692383,1.5140562057495117,-0.1492428332567215,-1.023766040802002,-0.3393476605415344,1.6874836683273315,-2.347386598587036,-0.07775583863258362,-0.023483432829380035,-2.9351582527160645,3.0003390312194824,0.4882742464542389,0.9582168459892273,-2.994865655899048
48,0.96,0.0,0.30000001192092896,0.0,0.05108490213751793,0.226414754986763,-0.02903006598353386,-0.24094973504543304,-0.15264767408370972,0.06852617114782333,0,1,1,0,0.6953772902488708,1.0192960500717163,0.7583202123641968,2.200083017349243,0.877995491027832,1.7883676290512085,1.8665531873703003,0.048696838319301605,0.7552789449691772,-1.242524266242981,-0.7539292573928833,-1.2662278413772583,-0.001377195119857788,0.16058218479156494,0.9027588963508606,1.6236402988433838,0.0026654303073883057,0.45785149931907654,0.49694427847862244,-0.4119839072227478,2.297501564025879,1.2985999584197998,1.5428974628448486,1.2867481708526611,-0.1641765981912613,0.1276153326034546,0.9988395571708679,0.9557321667671204,-0.05548645928502083,-0.05937061831355095,-0.03495782986283302,-0.24351507425308228,1.995256781578064,1.3889356851577759,1.4634265899658203,1.4563078880310059,2.243753671646118,-0.7326051592826843,-0.5284720659255981,2.3298749923706055,-0.34678953886032104,0.42417600750923157,-0.8230255842208862,-2.9931442737579346,3.000302791595459,-0.24908441305160522,1.1028215885162354,-2.6188039779663086
49,0.98,0.0,0.30000001192092896,0.0,0.05576460808515549,0.2668789029121399,-0.08105015754699707,-0.3146812915802002,-0.3055838644504547,0.06396416574716568,0,1,1,0,0.7794604301452637,0.8598676919937134,0.7721051573753357,2.225236415863037,1.1376781463623047,1.6930935382843018,1.8760346174240112,0.40834447741508484,0.6241012811660767,-1.1808031797409058,-0.591096818447113,-1.300249695777893,0.04066437482833862,0.08086800575256348,0.9096513986587524,1.6362169981002808,0.13250675797462463,0.41021445393562317,0.5016850233078003,-0.2321600764989853,2.231912851333618,1.329460620880127,1.6243137121200562,1.2697372436523438,-0.10633525997400284,0.11153759062290192,0.986581563949585,1.0006924867630005,-0.03789399564266205,-0.04911492392420769,-0.05965964496135712,-0.28288501501083374,2.055259943008423,1.3843719959259033,1.4924505949020386,1.4144024848937988,3.0003907680511475,-0.8392133712768555,-0.6982598900794983,2.109037399291992,1.72721529006958,0.5527186393737793,-1.4338955879211426,-1.1171395778656006,3.000133752822876,-0.2598254978656769,1.6243057250976562,-1.5580356121063232
50,1.0,0.0,0.30000001192092896,0.0,0.025577500462532043,0.30461710691452026,-0.16527937352657318,-0.022789878770709038,-0.6404638886451721,0.05583752319216728,0,1,1,0,1.0447827577590942,0.8315038084983826,0.7974590063095093,2.3204333782196045,1.468470811843872,1.7634053230285645,1.8780521154403687,0.6541478037834167,0.5431403517723083,-1.1508221626281738,-0.46792322397232056,-1.3320084810256958,0.1733255386352539,0.06668606400489807,0.9223282933235168,1.6838154792785645,0.2979030907154083,0.4453703463077545,0.502693772315979,-0.10925841331481934,2.191432237625122,1.3444510698318481,1.6859005689620972,1.2538578510284424,-0.046341586858034134,0.09208820760250092,0.9695976376533508,1.0362379550933838,3.0569926821044646e-06,-0.03980087488889694,-0.09442698955535889,-0.2676157057285309,2.1152613162994385,1.37969172000885,1.5321807861328125,1.3941872119903564,2.997365713119507,-1.2111315727233887,-1.1832494735717773,1.447668194770813,-0.001211404800415039,0.4585667550563812,-2.0414044857025146,2.2047483921051025,3.0000205039978027,-0.07846783101558685,2.3515899181365967,-0.5149089097976685
51,1.02,0.0,0.30000001192092896,0.0,-0.004504187498241663,0.3353980481624603,-0.19489151239395142,0.01597737893462181,-0.37912309169769287,0.07181724160909653,0,1,1,0,1.279473900794983,0.8284465670585632,0.7908544540405273,2.322021007537842,1.917203426361084,1.9161183834075928,1.9306708574295044,0.631834089756012,0.6227019429206848,-1.1228141784667969,-0.45204779505729675,-1.3540114164352417,0.29067111015319824,0.0651574432849884,0.9190260171890259,1.684609293937683,0.5222693681716919,0.5217268466949463,0.5290031433105469,-0.12041527032852173,2.231213092803955,1.3584550619125366,1.6938382387161255,1.242856502532959,0.013656271621584892,0.06582710891962051,0.9496950507164001,1.046560287475586,1.854851234384114e-06,-0.03987681493163109,-0.13543492555618286,-0.21092644333839417,2.174861431121826,1.3797762393951416,1.5822362899780273,1.3928450345993042,2.9997732639312744,-1.307222843170166,-0.8766186833381653,-0.12049993872642517,0.00026896223425865173,-0.3106815218925476,-1.8256269693374634,3.0045583248138428,2.8795368671417236,0.0554269440472126,2.4692060947418213,0.27398714423179626
52,1.04,0.0,0.30000001192092896,0.0,0.0169686246663332,0.3475007712841034,-0.18003559112548828,-0.015632521361112595,-0.0023677549324929714,-0.015416305512189865,0,1,1,0,1.3670536279678345,0.765470564365387,0.6812169551849365,2.369713544845581,2.0352694988250732,1.8735499382019043,1.8318537473678589,0.6785693764686584,0.5093671083450317,-1.0894460678100586,-0.489670991897583,-1.3553446531295776,0.334460973739624,0.03366944193840027,0.8642072677612305,1.7084555625915527,0.5813024044036865,0.500442624092102,0.47959455847740173,-0.09704762697219849,2.1745457649230957,1.3751391172409058,1.6750266551971436,1.242189884185791,0.07361943274736404,0.04144575446844101,0.9322418570518494,1.0427488088607788,6.34306661595474e-06,-0.052776239812374115,-0.16642731428146362,-0.15069042146205902,2.2089548110961914,1.382606029510498,1.6287215948104858,1.4023386240005493,2.9926505088806152,-1.1149687767028809,-0.8538875579833984,-0.2360471487045288,-0.00016283185686916113,-0.8307881355285645,-1.192889928817749,2.9853787422180176,0.7688742876052856,0.14632730185985565,2.1024489402770996,0.5732141137123108
53,1.06,0.0,0.30000001192092896,0.0,0.01106628030538559,0.31408751010894775,-0.019831638783216476,0.28063562512397766,-0.5257523655891418,-0.11155492812395096,0,1,1,1,1.3864810466766357,0.5872514247894287,0.5515567064285278,2.3255701065063477,1.9552147388458252,1.5955753326416016,1.711768388748169,0.948676347732544,0.33385151624679565,-1.1291342973709106,-0.5595948696136475,-1.3350050449371338,0.34417468309402466,-0.05544012784957886,0.7993771433830261,1.686383843421936,0.5412750244140625,0.36145535111427307,0.41955187916755676,0.03800585865974426,2.0867879390716553,1.355294942855835,1.6400647163391113,1.2523596286773682,0.12935596704483032,0.01763112097978592,0.9118409156799316,1.0373609066009521,5.8972927945433185e-06,-0.0676368772983551,-0.18452315032482147,-0.10567336529493332,2.1886627674102783,1.386574149131775,1.6649549007415771,1.4148941040039062,2.5534162521362305,-1.1861579418182373,-1.4058125019073486,-0.09287795424461365,-0.00044549425365403295,0.2185191512107849,-0.6987566947937012,-0.2830267548561096,-2.1108827590942383,0.12001577019691467,1.3987022638320923,2.3792428970336914
54,1.08,0.0,0.30000001192092896,0.0,0.07322075963020325,0.20178428292274475,0.07019791752099991,0.3665387034416199,0.6209343671798706,0.012632004916667938,1,0,1,1,0.9667273163795471,0.795455813407898,0.8013829588890076,1.649673342704773,1.9244062900543213,-0.14490151405334473,1.0529884099960327,1.964015007019043,-0.14634518325328827,-1.2585563659667969,-0.6754269003868103,-1.3086899518966675,0.13429781794548035,0.04866206645965576,0.9242902994155884,1.348435401916504,0.5258708000183105,-0.5087831020355225,0.09016188979148865,0.5456751585006714,1.8466895818710327,1.2905839681625366,1.5821486711502075,1.265517234802246,0.16527792811393738,0.004530785139650106,0.8882079124450684,1.0267868041992188,0.0003077347937505692,-0.11870215833187103,-0.17155024409294128,-0.106055848300457,2.139556407928467,1.3988277912139893,1.6806433200836182,1.445874571800232,0.3221198320388794,-0.29068300127983093,-0.7153884172439575,-0.6697389483451843,0.3571028709411621,-2.8708651065826416,1.745849847793579,-0.023331940174102783,-0.21597778797149658,0.8052682280540466,-0.1588248312473297,1.134676456451416
55,1.1,0.0,0.30000001192092896,0.0,0.0897463783621788,0.27166831493377686,0.10017918795347214,-0.11345471441745758,0.06276510655879974,0.08458522707223892,1,0,0,1,0.6376746296882629,1.3195730447769165,1.3079832792282104,0.8373392224311829,2.490703821182251,-0.6154381036758423,-0.5822253227233887,1.4042983055114746,-0.44013267755508423,-1.4144482612609863,-1.027496576309204,-0.786514401435852,-0.030228525400161743,0.31072068214416504,1.1775903701782227,0.9422683715820312,0.8090195655822754,-0.7440513372421265,-0.7274450063705444,0.2658168375492096,1.6997958421707153,1.212638020515442,1.406113862991333,1.5266048908233643,0.1400725394487381,0.016106562688946724,0.8935474157333374,1.01842200756073,0.00027045936440117657,-0.17817041277885437,-0.21330562233924866,-0.11126921325922012,2.115832805633545,1.415507197380066,1.6327636241912842,1.4685609340667725,-1.771070957183838,1.2228097915649414,0.9264214634895325,-0.3684881329536438,-0.12784215807914734,-2.9882936477661133,-2.986971616744995,-0.06446102261543274,-1.5716009140014648,0.7186499834060669,-2.9978115558624268,1.1777440309524536
56,1.12,0.0,0.30000001192092896,0.0,0.02209932543337345,0.307163804769516,0.0687793716788292,-0.057928796857595444,0.03705843910574913,-0.071804478764534,1,0,0,1,0.686924934387207,1.4534838199615479,1.7420711517333984,0.825589120388031,2.225314140319824,0.03612653166055679,-0.3334520161151886,1.3266568183898926,0.20416416227817535,-0.4362756907939911,-1.4596319198608398,-0.7415287494659424,-0.005603373050689697,0.3776760697364807,1.3946343660354614,0.9363933801651001,0.676324725151062,-0.4182690382003784,-0.6030583381652832,0.22699609398841858,2.021944284439087,1.7017242908477783,1.1900461912155151,1.5490977764129639,0.10202839225530624,0.05356757342815399,0.9236438870429993,1.0109076499938965,-0.0004357317229732871,-0.2386661171913147,-0.2725346088409424,-0.11243303120136261,2.0964043140411377,1.4696474075317383,1.5728257894515991,1.492209553718567,-2.0691492557525635,2.299710512161255,1.9236648082733154,-0.42210400104522705,0.020487772300839424,-3.010672092437744,-2.973618507385254,-0.029299676418304443,-0.8809807300567627,2.996011257171631,-2.9977259635925293,1.1019837856292725
57,1.1400000000000001,0.0,0.30000001192092896,0.0,0.02863849699497223,0.27714234590530396,0.06642045825719833,-0.3211916387081146,-0.266863077878952,0.05598071590065956,1,0,0,1,0.9322876334190369,1.466116189956665,1.677401065826416,1.1001355648040771,2.1737077236175537,0.35623693466186523,0.3389100432395935,1.4493250846862793,0.2381211370229721,-0.2628645598888397,-1.476500391960144,-0.6435345411300659,0.11707797646522522,0.3839922547340393,1.3622993230819702,1.0736665725708008,0.6505215167999268,-0.2582138478755951,-0.26687729358673096,0.28833022713661194,2.0389227867126465,1.788429856300354,1.1816120147705078,1.5980949401855469,0.07170943170785904,0.10222074389457703,0.967957615852356,1.0049632787704468,-0.0015987481456249952,-0.27874720096588135,-0.31323590874671936,-0.112632617354393,2.0793912410736084,1.529632806777954,1.5127795934677124,1.5129575729370117,-1.0535078048706055,2.4200472831726074,2.3527286052703857,-0.1965218484401703,-0.08434388786554337,-1.169586420059204,-1.254704475402832,0.12797194719314575,-0.9380378127098083,3.00042986869812,-3.0024311542510986,0.8963775038719177
58,1.16,0.0,0.30000001192092896,0.0,0.009875990450382233,0.3245965540409088,0.055538978427648544,-0.23762185871601105,-0.20558799803256989,0.030775967985391617,1,0,0,1,0.6636952757835388,1.644310712814331,1.628767490386963,0.8520906567573547,2.323490619659424,0.453983873128891,0.8743546009063721,1.5635404586791992,0.26283231377601624,-0.6097977161407471,-1.4019969701766968,-0.5668789148330688,-0.017218202352523804,0.4730895161628723,1.3379825353622437,0.9496440887451172,0.7254129648208618,-0.20934037864208221,0.0008449852466583252,0.3454379141330719,2.0512783527374268,1.6149632930755615,1.2188637256622314,1.6364226341247559,0.04464196413755417,0.14628466963768005,1.0117956399917603,0.9981415271759033,-0.003460692474618554,-0.2820710837841034,-0.2789817154407501,-0.11202232539653778,2.061493396759033,1.5845264196395874,1.4539350271224976,1.5335440635681152,-1.5295255184173584,1.9226012229919434,1.9756771326065063,-0.39981600642204285,-0.17576022446155548,0.6667773723602295,3.0043516159057617,0.09786642342805862,-0.8831461071968079,2.364326238632202,-2.70150089263916,1.0443851947784424
59,1.18,0.0,0.30000001192092896,0.0,-0.013156889006495476,0.35353848338127136,0.01609122008085251,-0.3302401602268219,-0.28688323497772217,0.06696102023124695,1,0,0,1,0.7026076912879944,1.7575290203094482,1.7007486820220947,0.8567183613777161,2.151613712310791,0.2597104609012604,0.6581549644470215,1.4791259765625,0.21254418790340424,-0.9773823022842407,-1.3033442497253418,-0.5874974727630615,0.0022380053997039795,0.5296986699104309,1.3739731311798096,0.9519579410552979,0.6394745111465454,-0.30647706985473633,-0.10725483298301697,0.3032306730747223,2.0261342525482178,1.43117094039917,1.2681900262832642,1.6261134147644043,0.014620515517890453,0.1758139729499817,1.044499397277832,0.9890064001083374,-0.00958081055432558,-0.27008453011512756,-0.21849729120731354,-0.11351780593395233,2.0466971397399902,1.5772807598114014,1.4131226539611816,1.5574169158935547,-1.4362552165985107,1.0635062456130981,1.3165823221206665,-0.49325478076934814,-0.3496800363063812,0.4828973710536957,3.013484239578247,-0.08247628808021545,-0.7292834520339966,-2.1622262001037598,-1.423105239868164,1.2189544439315796
60,1.2,0.0,0.30000001192092896,0.0,-0.032860878854990005,0.4380664527416229,0.04663419350981712,-0.5342172980308533,-0.28978511691093445,0.04477294534444809,1,0,0,1,0.5390409827232361,1.8697046041488647,1.5721335411071777,0.7299782633781433,2.2265193462371826,0.39026927947998047,1.0768200159072876,1.6023750305175781,-0.011524626053869724,-1.246316909790039,-1.3509234189987183,-0.5800103545188904,-0.07954534888267517,0.5857864618301392,1.309665560722351,0.8885879516601562,0.6769273281097412,-0.24119767546653748,0.10207769274711609,0.36485520005226135,1.9140998125076294,1.2967036962509155,1.2444005012512207,1.6298569440841675,-0.01886296458542347,0.18780836462974548,1.0456355810165405,0.9786885380744934,-0.011772267520427704,-0.2525261640548706,-0.15793326497077942,-0.11742906272411346,2.026655673980713,1.5193085670471191,1.3974997997283936,1.5843842029571533,-1.6791914701461792,0.19094058871269226,-0.17205074429512024,-0.6215490698814392,0.12724672257900238,1.0726701021194458,3.02010178565979,-0.13361787796020508,-1.2519527673721313,-3.0031776428222656,-0.2719920873641968,1.3147821426391602
61,1.22,0.0,0.30000001192092896,0.0,0.06221599131822586,0.3955254554748535,0.149580180644989,0.03161051869392395,0.24992141127586365,0.2448747307062149,1,0,1,1,0.5082278251647949,1.9930274486541748,1.418630838394165,0.823077380657196,2.2169182300567627,0.32832321524620056,1.2621159553527832,1.750028133392334,-0.273684561252594,-1.6877321004867554,-1.43290376663208,-0.6307852864265442,-0.09495192766189575,0.6474478840827942,1.2329142093658447,0.9351375102996826,0.6721267700195312,-0.2721707224845886,0.1947256624698639,0.4386817514896393,1.7830199003219604,1.0759961605072021,1.203410267829895,1.6044695377349854,-0.053897254168987274,0.18508541584014893,1.039811372756958,0.9585601091384888,0.00014434457989409566,-0.24216851592063904,-0.13899998366832733,-0.12076212465763092,1.9841424226760864,1.4614317417144775,1.4084581136703491,1.6100575923919678,-1.7722028493881226,-0.41346997022628784,-0.390621155500412,-1.20302152633667,-0.030554715543985367,0.23800668120384216,0.8315219879150391,0.3026890456676483,-2.5344834327697754,-2.64042329788208,0.6866230964660645,1.1336445808410645
62,1.24,0.0,0.30000001192092896,0.0,0.02448558434844017,0.3540871739387512,0.2511194348335266,0.27979403734207153,-0.1036870926618576,0.09549707919359207,1,0,1,1,0.3228797912597656,2.0781259536743164,1.3164191246032715,0.850179135799408,2.093101978302002,0.8934106230735779,1.6814016103744507,2.01877760887146,-0.14198154211044312,-1.9591385126113892,-1.1516014337539673,-0.912867546081543,-0.1876259446144104,0.689997136592865,1.181808352470398,0.9486883878707886,0.6102186441421509,0.01037299633026123,0.40436848998069763,0.5730564594268799,1.8488713502883911,0.9402928948402405,1.3440613746643066,1.4634283781051636,-0.09724385291337967,0.17677706480026245,1.0277873277664185,0.9383174180984497,2.1618043319904245e-05,-0.19526655972003937,-0.12161190062761307,-0.09691561758518219,1.940315842628479,1.4170135259628296,1.4196749925613403,1.6183935403823853,-2.365375280380249,-0.3955390453338623,-0.7328535318374634,-0.9559576511383057,0.0009535278659313917,2.9958348274230957,1.1702466011047363,1.7632942199707031,-2.0946264266967773,-1.665527582168579,0.33760496973991394,-0.0846460610628128
63,1.26,0.0,0.30000001192092896,0.0,-0.0535290502011776,0.3348797559738159,0.2668820023536682,0.6411497592926025,0.12182597070932388,0.10773850977420807,1,0,1,1,0.22202911972999573,1.8527724742889404,1.1939196586608887,0.538862943649292,1.7458242177963257,1.1290321350097656,1.5514640808105469,0.9457265734672546,-0.16205854713916779,-1.9270226955413818,-1.1570271253585815,-0.971068263053894,-0.23805128037929535,0.577320396900177,1.1205586194992065,0.7930302619934082,0.43657979369163513,0.1281837522983551,0.3393997251987457,0.03653097152709961,1.8388328552246094,0.9563508033752441,1.341348648071289,1.4343280792236328,-0.14866329729557037,0.16782861948013306,1.0155829191207886,0.9116736054420471,9.160402441921178e-06,-0.1354544311761856,-0.08876939117908478,-0.0603279210627079,1.9046717882156372,1.396721601486206,1.4242173433303833,1.61160147190094,-2.6803269386291504,-0.46930497884750366,-0.48891666531562805,-1.6164880990982056,0.001860779244452715,2.998633861541748,2.0267207622528076,1.9436328411102295,-1.69144606590271,-0.479347825050354,0.11173896491527557,-0.5670301914215088
64,1.28,0.0,0.30000001192092896,0.0,-0.005368698853999376,0.2857193350791931,0.070291668176651,0.5844025611877441,1.012241005897522,0.040284160524606705,0,0,1,0,0.291044682264328,1.4847276210784912,1.121666669845581,0.9580326080322266,1.162482738494873,1.3988512754440308,1.3745379447937012,-0.45515137910842896,-0.0205523818731308,-1.7806649208068848,-1.1186357736587524,-0.9503106474876404,-0.2035434991121292,0.3932979702949524,1.0844321250915527,1.0026150941848755,0.1449090540409088,0.26309332251548767,0.2509366571903229,-0.6639080047607422,1.909585952758789,1.0295296907424927,1.360544204711914,1.4447067975997925,-0.19698677957057953,0.16036318242549896,1.0127122402191162,0.8984683156013489,-3.5710934298549546e-06,-0.07548562437295914,-0.04476022347807884,-0.10333149880170822,1.886349081993103,1.3950358629226685,1.426535725593567,1.571044921875,-2.090991497039795,-0.32524722814559937,-0.00453738309442997,0.1547449231147766,9.805481386138126e-05,2.998842477798462,2.2769248485565186,-3.003314971923828,-0.3702772557735443,0.22853931784629822,0.09567157924175262,-3.0002260208129883
65,1.3,0.0,0.30000001192092896,0.0,0.0018029888160526752,0.23577174544334412,0.015836644917726517,0.0920715406537056,0.06385795027017593,0.11592802405357361,0,1,1,0,0.47115036845207214,1.0369670391082764,1.074535608291626,1.9979270696640015,0.5385726690292358,1.3673865795135498,1.7281506061553955,-0.08765698224306107,0.6825008988380432,-1.3067617416381836,-0.8600591421127319,-1.3811670541763306,-0.11349065601825714,0.16941767930984497,1.0608665943145752,1.5225622653961182,-0.1670459806919098,0.2473609745502472,0.42774298787117004,-0.48016080260276794,2.261112689971924,1.2664812803268433,1.4898326396942139,1.229278564453125,-0.21488919854164124,0.14628878235816956,1.0098522901535034,0.9186064600944519,-0.031102806329727173,-0.0489242784678936,-0.021756023168563843,-0.16239796578884125,1.9378917217254639,1.3943086862564087,1.4375536441802979,1.5110214948654175,0.04184797406196594,-1.0364842414855957,-0.31935498118400574,1.6210556030273438,-2.4328837394714355,-0.16770443320274353,0.0896105021238327,-2.9880738258361816,3.0003392696380615,-0.22752678394317627,0.8431097865104675,-2.9991414546966553
66,1.32,0.0,0.30000001192092896,0.0,0.046245042234659195,0.22545640170574188,-0.044212762266397476,-0.20921771228313446,-0.11641281098127365,0.06357783079147339,0,1,1,0,0.6221861839294434,1.0034688711166382,0.7536648511886597,2.172485113143921,0.8827173113822937,1.8077406883239746,1.8972514867782593,-0.020084654912352562,0.7987837195396423,-1.2471034526824951,-0.7540804743766785,-1.2854877710342407,-0.03797274827957153,0.15266859531402588,0.900431215763092,1.6098413467407227,0.005026340484619141,0.4675380289554596,0.5122934579849243,-0.44637465476989746,2.319253921508789,1.2963104248046875,1.5428218841552734,1.27711820602417,-0.18939651548862457,0.12877070903778076,1.0015912055969238,0.9591366648674011,-0.05665997788310051,-0.047644663602113724,-0.031069232150912285,-0.22208163142204285,1.997898817062378,1.3905490636825562,1.4586601257324219,1.4535484313964844,2.148798942565918,-0.7407875061035156,-0.5036510825157166,2.2561511993408203,-0.34272247552871704,0.2471955418586731,-0.8050755858421326,-2.9927282333374023,3.000328540802002,-0.158305823802948,1.1512480974197388,-2.577684164047241
67,1.34,0.0,0.30000001192092896,0.0,0.050667598843574524,0.26347604393959045,-0.09933328628540039,-0.33262747526168823,-0.2127489298582077,0.05169709399342537,0,1,1,0,0.7658495903015137,0.879473865032196,0.7845721244812012,2.227733612060547,1.1708468198776245,1.7324377298355103,1.8843841552734375,0.3608950078487396,0.6572326421737671,-1.2107347249984741,-0.6046860218048096,-1.3030790090560913,0.03385895490646362,0.09067109227180481,0.9158848524093628,1.6374655961990356,0.14909109473228455,0.4298865497112274,0.5058597326278687,-0.2558848261833191,2.248478412628174,1.3144948482513428,1.6175191402435303,1.2683227062225342,-0.1317533552646637,0.11325196921825409,0.9906307458877563,1.0025660991668701,-0.03812830522656441,-0.041864752769470215,-0.05546075478196144,-0.26939117908477783,2.0579030513763428,1.388366937637329,1.4887480735778809,1.4132661819458008,3.000389337539673,-0.7772567868232727,-0.6189019083976746,2.0350794792175293,1.7930446863174438,0.316604346036911,-1.416585087776184,-1.7809460163116455,3.000152111053467,-0.14513961970806122,1.6763476133346558,-1.462894320487976
68,1.36,0.0,0.30000001192092896,0.0,0.01737237721681595,0.29595187306404114,-0.17529389262199402,-0.04154496639966965,-0.5624467730522156,0.04434027895331383,0,1,1,0,1.0075560808181763,0.8444411754608154,0.8221212029457092,2.3438210487365723,1.423390507698059,1.7204116582870483,1.8448675870895386,0.6826306581497192,0.5341964960098267,-1.173629641532898,-0.48531487584114075,-1.3287054300308228,0.15471220016479492,0.0731547474861145,0.9346593618392944,1.6955093145370483,0.27536293864250183,0.42387351393699646,0.4861014783382416,-0.09501698613166809,2.186960458755493,1.3330473899841309,1.6772047281265259,1.255509376525879,-0.07175951451063156,0.09509748220443726,0.9751937389373779,1.0367337465286255,2.501157723600045e-06,-0.03611026704311371,-0.09024401009082794,-0.2633236050605774,2.1178925037384033,1.3853949308395386,1.5295225381851196,1.3941795825958252,2.999006748199463,-1.1738868951797485,-1.1489535570144653,1.3858250379562378,-0.0026840120553970337,0.3407595455646515,-2.0838260650634766,1.9078713655471802,2.992560863494873,0.013949409127235413,2.426867961883545,-0.49061304330825806
69,1.3800000000000001,0.0,0.30000001192092896,0.0,-0.01221540942788124,0.32868361473083496,-0.2010800540447235,0.011044004000723362,-0.376468688249588,0.061635572463274,0,1,1,0,1.2585396766662598,0.8244715332984924,0.796359658241272,2.3216652870178223,1.8755364418029785,1.8956961631774902,1.9181902408599854,0.6335259675979614,0.6119111776351929,-1.1352790594100952,-0.4634400010108948,-1.3473566770553589,0.28020399808883667,0.063169926404953,0.9217786192893982,1.6844314336776733,0.5014358758926392,0.511515736579895,0.5227627754211426,-0.119569331407547,2.2258176803588867,1.3522226810455322,1.68814218044281,1.2461838722229004,-0.01176140084862709,0.06998921930789948,0.9563459753990173,1.0465452671051025,2.5084239041461842e-06,-0.03777730092406273,-0.13161101937294006,-0.20990706980228424,2.176992177963257,1.3860979080200195,1.5804665088653564,1.3930354118347168,2.999753475189209,-1.265705943107605,-0.8451895713806152,-0.122578464448452,0.00023349178081844002,-0.33997491002082825,-1.8564571142196655,3.00591778755188,2.7906739711761475,0.06452330946922302,2.512580394744873,0.2676236629486084
70,1.4000000000000001,0.0,0.30000001192092896,0.0,0.008328882046043873,0.34515833854675293,-0.18600331246852875,-0.014238717034459114,-0.02244650386273861,-0.01985803246498108,0,1,1,0,1.355385661125183,0.7599482536315918,0.6875811815261841,2.3595283031463623,2.0257174968719482,1.8842558860778809,1.8386520147323608,0.6577048897743225,0.5185961127281189,-1.0931651592254639,-0.4879680573940277,-1.353078007698059,0.32862699031829834,0.030908286571502686,0.8673893809318542,1.7033629417419434,0.576526403427124,0.5057955980300903,0.4829936921596527,-0.10747987031936646,2.1791601181030273,1.3732795715332031,1.6758781671524048,1.2433230876922607,0.04822644963860512,0.04608859866857529,0.9393677711486816,1.0426006317138672,6.049770490790252e-06,-0.05086272954940796,-0.16362719237804413,-0.14982201159000397,2.2105629444122314,1.3889042139053345,1.628185510635376,1.4024688005447388,2.9994752407073975,-1.1054974794387817,-0.8350526690483093,-0.24631965160369873,-0.00014919982641004026,-0.8291231393814087,-1.2556620836257935,2.937084197998047,0.7896771430969238,0.13764318823814392,2.176546573638916,0.5767770409584045
71,1.42,0.0,0.30000001192092896,0.0,0.016753967851400375,0.3256206512451172,-0.05202636122703552,0.2380927950143814,-0.38604217767715454,-0.08006972819566727,0,1,1,1,1.3746411800384521,0.5963291525840759,0.5741691589355469,2.3284554481506348,1.9563312530517578,1.6251329183578491,1.7263864278793335,0.9225676655769348,0.360298216342926,-1.1248456239700317,-0.5413233041763306,-1.3384453058242798,0.33825474977493286,-0.05090126395225525,0.8106833696365356,1.6878265142440796,0.5418332815170288,0.37623414397239685,0.42686089873313904,0.024951517581939697,2.1000113487243652,1.3574392795562744,1.649200439453125,1.2506394386291504,0.10684136301279068,0.022588621824979782,0.9202733635902405,1.0363078117370605,5.522755600395612e-06,-0.06679847836494446,-0.1829439103603363,-0.10011453181505203,2.193289041519165,1.3923009634017944,1.666182279586792,1.4143590927124023,2.805279016494751,-1.1706217527389526,-1.2983272075653076,-0.31261324882507324,-0.00039525050669908524,0.1969897747039795,-0.762946605682373,-0.044430434703826904,-1.8811546564102173,0.1833067089319229,1.5270875692367554,1.719056248664856
72,1.44,0.0,0.30000001192092896,0.0,0.05704110115766525,0.21069715917110443,0.0188625305891037,0.5785666108131409,0.41387462615966797,-0.008820036426186562,1,0,1,1,0.9942393898963928,0.7476402521133423,0.7857919931411743,1.6810556650161743,1.8919708728790283,0.01792026311159134,1.1398425102233887,1.8863834142684937,-0.05837569385766983,-1.2445988655090332,-0.653732419013977,-1.2951889038085938,0.1480538547039032,0.02475428581237793,0.9164947867393494,1.3641266822814941,0.5096530914306641,-0.42737218737602234,0.13358893990516663,0.5068594217300415,1.890674352645874,1.2975627183914185,1.5929958820343018,1.2722676992416382,0.152476504445076,0.005575650371611118,0.8978568315505981,1.0240272283554077,3.629910497693345e-05,-0.11502864211797714,-0.17219100892543793,-0.1027277261018753,2.14361572265625,1.4038046598434448,1.6839300394058228,1.4463258981704712,1.0697203874588013,-0.6128937602043152,-0.4908376932144165,-0.7456927299499512,-0.432442843914032,-2.9830055236816406,1.4263683557510376,-0.178716778755188,-0.6784113645553589,0.7428367733955383,-0.24392512440681458,1.1808221340179443
73,1.46,0.0,0.30000001192092896,0.0,0.08292431384325027,0.26311564445495605,0.09500224143266678,-0.13611525297164917,0.010337324813008308,0.07820513099431992,1,0,0,1,0.6293217539787292,1.219389796257019,1.2998497486114502,0.8460421562194824,2.4890387058258057,-0.6729975938796997,-0.508877158164978,1.4439826011657715,-0.4367544651031494,-1.219294548034668,-0.9790403246879578,-0.846522867679596,-0.03440496325492859,0.2606290578842163,1.1735236644744873,0.9466198682785034,0.8081870079040527,-0.7728310823440552,-0.6907708644866943,0.28565898537635803,1.7014849185943604,1.310214877128601,1.4303419589996338,1.4966007471084595,0.13359352946281433,0.012151687406003475,0.9062082171440125,1.0158401727676392,0.000303437263937667,-0.17431354522705078,-0.2143392264842987,-0.10728231817483902,2.124901294708252,1.4185758829116821,1.635687232017517,1.4684765338897705,-1.5361778736114502,1.0691204071044922,0.9766153693199158,-0.28297364711761475,-0.10376223176717758,-2.9970099925994873,-2.9664602279663086,0.029869962483644485,-1.3841378688812256,0.6089352965354919,-2.997107744216919,1.0984596014022827
74,1.48,0.0,0.30000001192092896,0.0,0.015781668946146965,0.30739322304725647,0.06805692613124847,-0.0947747528553009,0.023045143112540245,-0.03896103799343109,1,0,0,1,0.6752941608428955,1.4382978677749634,1.7276976108551025,0.7607867121696472,2.256359577178955,0.0268099382519722,-0.30201253294944763,1.3679143190383911,0.18178029358386993,-0.4272497594356537,-1.4453074932098389,-0.7422641515731812,-0.011418759822845459,0.3700830936431885,1.3874475955963135,0.9039921760559082,0.6918474435806274,-0.4229273498058319,-0.5873385667800903,0.24762484431266785,2.0107522010803223,1.7062373161315918,1.1972084045410156,1.5487301349639893,0.09838537871837616,0.04726838320493698,0.9356898665428162,1.008397102355957,-2.058753125311341e-05,-0.23476147651672363,-0.2735975384712219,-0.10848673433065414,2.105954647064209,1.4721697568893433,1.5757430791854858,1.4911975860595703,-1.9932464361190796,2.20755672454834,1.8320422172546387,-0.45579078793525696,0.053691837936639786,-3.0091731548309326,-2.973076820373535,-0.050861015915870667,-0.8985732197761536,2.9961671829223633,-2.9978463649749756,1.1017746925354004
75,1.5,0.0,0.30000001192092896,0.0,0.025381317362189293,0.28217175602912903,0.06850416958332062,-0.3554937541484833,-0.2524278163909912,0.0498243011534214,1,0,0,1,0.911162793636322,1.47344970703125,1.6681938171386719,1.0882841348648071,2.1864166259765625,0.35226303339004517,0.3475736379623413,1.4538066387176514,0.22854585945606232,-0.28167423605918884,-1.4691208600997925,-0.6438729763031006,0.1065155565738678,0.3876590132713318,1.3576956987380981,1.0677409172058105,0.6568759679794312,-0.2602007985115051,-0.26254549622535706,0.290571004152298,2.034135103225708,1.7790250778198242,1.1853017807006836,1.5979256629943848,0.068565234541893,0.09545551985502243,0.9765762090682983,1.001997709274292,-0.00022729937336407602,-0.2760039269924164,-0.31326115131378174,-0.10946376621723175,2.088287591934204,1.532152771949768,1.5157009363174438,1.5120426416397095,-1.0666123628616333,2.452824115753174,2.129356861114502,-0.20729264616966248,0.007026828825473785,-1.2618385553359985,-1.1655482053756714,0.07088802754878998,-0.9915990233421326,3.000641107559204,-3.002777099609375,0.933279275894165
76,1.52,0.0,0.30000001192092896,0.0,0.011016350239515305,0.32914552092552185,0.05734763666987419,-0.2904805541038513,-0.221073180437088,0.028804857283830643,1,0,0,1,0.6662180423736572,1.6544973850250244,1.626943588256836,0.8562158942222595,2.323660373687744,0.46145617961883545,0.8627368211746216,1.5595438480377197,0.2599131762981415,-0.6438596248626709,-1.4028345346450806,-0.562118411064148,-0.0159568190574646,0.478182852268219,1.3370705842971802,0.9517067670822144,0.725497841835022,-0.20560422539710999,-0.004963904619216919,0.34343960881233215,2.049818754196167,1.5979323387145996,1.21844482421875,1.6388030052185059,0.04165669158101082,0.1408039927482605,1.0157376527786255,0.9954391121864319,-0.0007630722830072045,-0.2800206243991852,-0.27866461873054504,-0.10971833765506744,2.0691487789154053,1.5824378728866577,1.4566682577133179,1.5329675674438477,-1.4963879585266113,2.0104732513427734,1.7446659803390503,-0.3681662082672119,-0.12692800164222717,0.6705456376075745,3.0051183700561523,0.06238881126046181,-0.94447922706604,1.9976691007614136,-2.7365715503692627,1.074689269065857
77,1.54,0.0,0.30000001192092896,0.0,-0.014562576077878475,0.3631206154823303,0.018437005579471588,-0.37050092220306396,-0.29105114936828613,0.06402274966239929,1,0,0,1,0.6814371347427368,1.781204342842102,1.6950302124023438,0.8381661772727966,2.170691967010498,0.2631796896457672,0.6569557189941406,1.496455430984497,0.20895357429981232,-1.0148696899414062,-1.3071160316467285,-0.5892699956893921,-0.008347272872924805,0.5415363311767578,1.371113896369934,0.9426819086074829,0.6490136384963989,-0.3047424554824829,-0.1078544557094574,0.3118954002857208,2.024338960647583,1.412427306175232,1.2663041353225708,1.6252272129058838,0.011511526070535183,0.17228396236896515,1.0442800521850586,0.9865562915802002,-0.005813091993331909,-0.26822713017463684,-0.21817448735237122,-0.11189732700586319,2.0530431270599365,1.5685672760009766,1.4148671627044678,1.5572640895843506,-1.4709137678146362,1.1659823656082153,1.136399745941162,-0.49703848361968994,-0.30119726061820984,0.46771684288978577,3.0148303508758545,-0.11742016673088074,-0.7974998950958252,-2.4411709308624268,-1.4792158603668213,1.2544772624969482
78,1.56,0.0,0.30000001192092896,0.0,-0.035209301859140396,0.4452694356441498,0.047919899225234985,-0.5713462233543396,-0.3207670748233795,0.045217446982860565,1,0,0,1,0.5343798995018005,1.8890329599380493,1.571239948272705,0.7390813231468201,2.2351393699645996,0.39095550775527954,1.067401647567749,1.6119933128356934,-0.005236753262579441,-1.2640423774719238,-1.355980634689331,-0.5841593742370605,-0.08187589049339294,0.5954506397247314,1.3092187643051147,0.8931394815444946,0.6812373399734497,-0.24085456132888794,0.0973685085773468,0.36966434121131897,1.9172437191009521,1.2878409624099731,1.2418718338012695,1.6277824640274048,-0.02182920277118683,0.18633264303207397,1.0456936359405518,0.9761127233505249,-0.007511610630899668,-0.25122594833374023,-0.15761840343475342,-0.11598405987024307,2.032274007797241,1.5094934701919556,1.3981733322143555,1.584348201751709,-1.6756376028060913,0.2956186830997467,-0.17271161079406738,-0.6087599396705627,0.1262555569410324,1.0491161346435547,3.0194647312164307,-0.12630468606948853,-1.2793183326721191,-3.003040075302124,-0.322428435087204,1.3214253187179565
79,1.58,0.0,0.30000001192092896,0.0,0.08019963651895523,0.3921405076980591,0.15171878039836884,0.1002202257514,0.2530781328678131,0.2702123820781708,1,0,1,1,0.5025119185447693,2.0048117637634277,1.413560390472412,0.8301149010658264,2.223642349243164,0.3250172734260559,1.267187476158142,1.7551844120025635,-0.26453667879104614,-1.7022863626480103,-1.4359824657440186,-0.624789297580719,-0.09780988097190857,0.6533400416374207,1.2303789854049683,0.938656210899353,0.6754888296127319,-0.27382367849349976,0.19726142287254333,0.44125989079475403,1.7875938415527344,1.0687189102172852,1.2018709182739258,1.607467532157898,-0.056358736008405685,0.18532386422157288,1.0387604236602783,0.9547304511070251,0.0001375439460389316,-0.24345071613788605,-0.14492225646972656,-0.11786595731973648,1.9893828630447388,1.4529989957809448,1.4136818647384644,1.6101579666137695,-1.770302414894104,-0.34567171335220337,-0.38963383436203003,-1.2287635803222656,-0.04646487534046173,0.16571609675884247,0.8589733839035034,0.3410851061344147,-2.3456342220306396,-2.488204002380371,0.6455904245376587,1.1864646673202515
80,1.6,0.0,0.30000001192092896,0.0,0.033505119383335114,0.3542725741863251,0.2562560439109802,0.32772576808929443,-0.05982297286391258,0.07904165983200073,1,0,1,1,0.29047587513923645,2.0810163021087646,1.3186261653900146,0.847676157951355,2.094115734100342,0.9290241599082947,1.6410279273986816,1.9521310329437256,-0.12629912793636322,-2.013014078140259,-1.1322396993637085,-0.9246222972869873,-0.203827902674675,0.6914423108100891,1.1829118728637695,0.9474368691444397,0.6107255220413208,0.02817976474761963,0.3841816484928131,0.5397331714630127,1.8567125797271729,0.9133551120758057,1.3537423610687256,1.4575510025024414,-0.10088497400283813,0.17838604748249054,1.0259482860565186,0.9341894388198853,1.841910125222057e-05,-0.19620275497436523,-0.12504978477954865,-0.09302419424057007,1.9474197626113892,1.4121909141540527,1.4230648279190063,1.6186304092407227,-2.4835641384124756,-0.3283493220806122,-0.7726678252220154,-0.9655186533927917,0.002209925325587392,2.9947190284729004,1.316811203956604,1.7875834703445435,-2.0860331058502197,-1.4719977378845215,0.24059996008872986,-0.06972552835941315
81,1.62,0.0,0.30000001192092896,0.0,-0.04102174937725067,0.32692769169807434,0.2472597062587738,0.6383785605430603,0.2607603669166565,0.09923139214515686,1,0,1,1,0.20894375443458557,1.8409624099731445,1.205221176147461,0.542707085609436,1.7153254747390747,1.1480227708816528,1.4930771589279175,0.8519864082336426,-0.1443694531917572,-1.9652453660964966,-1.1478735208511353,-0.9650911092758179,-0.24459396302700043,0.571415364742279,1.1262093782424927,0.7949523329734802,0.42133042216300964,0.1376790702342987,0.31020626425743103,-0.010339111089706421,1.84767746925354,0.9372394680976868,1.3459253311157227,1.437316656112671,-0.15577687323093414,0.17046765983104706,1.0139564275741577,0.9066604971885681,-1.7589568415132817e-06,-0.13633993268013,-0.08969633281230927,-0.05990881100296974,1.9094218015670776,1.395285725593567,1.4260839223861694,1.613849401473999,-2.8994197845458984,-0.43451908230781555,-0.4379650950431824,-1.6543442010879517,0.0006883861497044563,2.9985756874084473,2.117724895477295,1.6371734142303467,-1.88518226146698,-0.3392767310142517,0.04358722269535065,-0.39540180563926697
82,1.6400000000000001,0.0,0.30000001192092896,0.0,0.0043772077187895775,0.28055331110954285,0.0530720129609108,0.5906939506530762,1.1171879768371582,0.04705346003174782,0,0,1,0,0.25735509395599365,1.4967658519744873,1.1234956979751587,0.917156994342804,1.1684215068817139,1.3273375034332275,1.3230470418930054,-0.30573880672454834,-0.03402405232191086,-1.824794054031372,-1.1058897972106934,-0.9333605170249939,-0.2203882932662964,0.39931708574295044,1.0853466987609863,0.9821772575378418,0.14787843823432922,0.22733643651008606,0.22519120573997498,-0.5892016887664795,1.9028501510620117,1.007465124130249,1.3669172525405884,1.4531818628311157,-0.2087877094745636,0.16297166049480438,1.0121064186096191,0.8907013535499573,-3.6141200325801037e-06,-0.07636556029319763,-0.04396728798747063,-0.10249266773462296,1.886099934577942,1.3956611156463623,1.4273158311843872,1.5765050649642944,-2.3266429901123047,-0.35000839829444885,0.056290507316589355,-0.055317409336566925,6.982377090025693e-05,2.9990434646606445,2.3569066524505615,-2.997159004211426,-0.6443346738815308,0.29468175768852234,0.03727676346898079,-2.948802947998047
83,1.6600000000000001,0.0,0.30000001192092896,0.0,0.11229541152715683,0.18753579258918762,-0.12024161219596863,0.3569483757019043,0.21675315499305725,0.33696094155311584,0,1,1,0,0.4526015818119049,1.010135293006897,1.0710891485214233,1.9609191417694092,0.44935306906700134,1.330543875694275,1.693600058555603,-0.10313350707292557,0.6900951862335205,-1.3278348445892334,-0.8464134931564331,-1.3719438314437866,-0.12276504933834076,0.15600180625915527,1.059143304824829,1.5040583610534668,-0.21165578067302704,0.22893962264060974,0.4104677140712738,-0.4878990650177002,2.2649097442626953,1.2559447288513184,1.4966554641723633,1.2338902950286865,-0.22244471311569214,0.14939649403095245,1.009921908378601,0.9049347043037415,-0.032641034573316574,-0.06331604719161987,-0.023839036002755165,-0.157883420586586,1.9348301887512207,1.368109107017517,1.4371483325958252,1.5264424085617065,0.5390369296073914,-0.7241937518119812,-0.2795352339744568,1.2275649309158325,-2.5412728786468506,-0.32766422629356384,0.0642419084906578,-2.9719955921173096,3.0003514289855957,-1.6150952577590942,0.6275666952133179,-2.357288360595703
84,1.68,0.0,0.30000001192092896,0.0,0.09201548993587494,0.22234129905700684,-0.11717935651540756,-0.16650335490703583,-0.25241997838020325,0.032907336950302124,0,1,1,0,0.4182910621166229,0.9558449983596802,0.7341884970664978,1.9236011505126953,0.8357866406440735,1.804636001586914,1.828016757965088,-0.21686604619026184,0.8082770705223083,-1.518249273300171,-0.692842423915863,-1.2796694040298462,-0.13992030918598175,0.12885665893554688,0.8906930685043335,1.4853993654251099,-0.018438994884490967,0.4659856855869293,0.47767606377601624,-0.5447653532028198,2.324000597000122,1.1607375144958496,1.5734409093856812,1.2800273895263672,-0.20661737024784088,0.13284236192703247,0.9980188012123108,0.9414050579071045,-0.06188486889004707,-0.06635487079620361,-0.04131615161895752,-0.21722401678562164,1.9948376417160034,1.3711704015731812,1.4619954824447632,1.47255539894104,1.0388332605361938,-0.7612211108207703,-0.7727550864219666,2.1917178630828857,-0.6773601770401001,0.003596324473619461,-1.3108394145965576,-2.982083797454834,3.0003392696380615,0.3868078589439392,1.4075788259506226,-2.6861252784729004
85,1.7,0.0,0.30000001192092896,0.0,0.0970413088798523,0.22962136566638947,-0.14690040051937103,-0.4977717995643616,-0.1745772808790207,0.09195037186145782,0,1,1,0,0.7245221734046936,0.9716202616691589,0.857491135597229,2.1400279998779297,1.138831377029419,1.8439828157424927,1.8659089803695679,0.1952841579914093,0.8351519107818604,-1.3876217603683472,-0.585590124130249,-1.2612704038619995,0.013195246458053589,0.13674429059028625,0.9523443579673767,1.593612790107727,0.13308337330818176,0.48565909266471863,0.4966221749782562,-0.33869022130966187,2.3374381065368652,1.2260513305664062,1.6270670890808105,1.28922700881958,-0.1598258912563324,0.11896825581789017,0.9856489300727844,0.985825777053833,-0.04439506307244301,-0.06510183215141296,-0.07439592480659485,-0.27693918347358704,2.054842948913574,1.3796064853668213,1.4929980039596558,1.4270753860473633,3.0004138946533203,-0.6153724789619446,-0.5392959713935852,2.170168399810791,1.9474610090255737,0.1319238245487213,-1.7707469463348389,-2.9404726028442383,3.0002753734588623,0.342964768409729,1.597171425819397,-1.8049641847610474
86,1.72,0.0,0.30000001192092896,0.0,0.05323273316025734,0.26850655674934387,-0.20315590500831604,-0.1906483918428421,-0.7059016227722168,0.06401718407869339,0,1,1,0,0.9120895266532898,0.8685022592544556,0.8297396898269653,2.2844533920288086,1.2258954048156738,1.6603267192840576,1.766534686088562,0.6696580052375793,0.5820314288139343,-1.271104097366333,-0.45272204279899597,-1.2601615190505981,0.10697892308235168,0.08518528938293457,0.9384686350822449,1.6658254861831665,0.1766153872013092,0.3938310444355011,0.4469350278377533,-0.10150331258773804,2.2108778953552246,1.2843101024627686,1.6935011148452759,1.2897813320159912,-0.09983139485120773,0.10446987301111221,0.9721243381500244,1.0241189002990723,6.331243639579043e-06,-0.05986320227384567,-0.11547963321208954,-0.28690433502197266,2.11484432220459,1.3834341764450073,1.5313092470169067,1.400052785873413,2.991877794265747,-0.8543457984924316,-0.7865327596664429,1.6366335153579712,0.21291780471801758,0.3923458456993103,-2.2490315437316895,1.4847650527954102,3.0001049041748047,0.07534902542829514,2.0498738288879395,-0.8783233165740967
87,1.74,0.0,0.30000001192092896,0.0,0.016958633437752724,0.32511818408966064,-0.21090494096279144,-0.06428197771310806,-0.49963217973709106,0.1064109355211258,0,1,1,0,1.194236397743225,0.7912569642066956,0.7446905374526978,2.1891775131225586,1.778147578239441,1.8307925462722778,1.8692981004714966,0.6308869123458862,0.6242292523384094,-1.1945220232009888,-0.37986841797828674,-1.2945696115493774,0.24805235862731934,0.046562641859054565,0.8959440588951111,1.6181875467300415,0.45274147391319275,0.4790639579296112,0.4983167350292206,-0.1208888590335846,2.2319767475128174,1.322601079940796,1.729927897453308,1.2725772857666016,-0.03983358293771744,0.08193114399909973,0.9521030187606812,1.0472018718719482,1.752619027683977e-06,-0.05743052065372467,-0.1637202352285385,-0.23625525832176208,2.174499988555908,1.3875927925109863,1.5805519819259644,1.3925514221191406,2.9998154640197754,-1.295697569847107,-0.8997555375099182,-0.0003442615270614624,0.0002743049990385771,-0.10606846213340759,-2.1896986961364746,3.0087082386016846,2.890252113342285,0.1687614470720291,2.4970874786376953,0.029886674135923386
88,1.76,0.0,0.30000001192092896,0.0,0.0232244785875082,0.34517768025398254,-0.18239419162273407,-0.07418821007013321,-0.07570688426494598,-0.0074776639230549335,0,1,1,0,1.3474031686782837,0.803511917591095,0.6849907636642456,2.3293399810791016,1.9605910778045654,1.8882417678833008,1.8420230150222778,0.6670534014701843,0.5791922807693481,-1.1003531217575073,-0.4277644455432892,-1.329460859298706,0.32463574409484863,0.05269011855125427,0.866094172000885,1.688268780708313,0.5439631938934326,0.5077885389328003,0.4846791923046112,-0.10280561447143555,2.209458351135254,1.3696856498718262,1.7059799432754517,1.255131721496582,0.020156515762209892,0.05780957639217377,0.9345979690551758,1.045082926750183,5.082507414044812e-06,-0.06624551862478256,-0.2006443738937378,-0.1759367436170578,2.2169768810272217,1.3910181522369385,1.6278138160705566,1.399138331413269,2.9995193481445312,-1.0988694429397583,-0.854179859161377,-0.18397557735443115,-3.9819708035793155e-05,-0.6404854655265808,-1.4206315279006958,3.012556791305542,1.4317928552627563,0.11799292266368866,2.1464591026306152,0.5049536824226379
89,1.78,0.0,0.30000001192092896,0.0,0.02784758247435093,0.3269933760166168,-0.03876187279820442,0.2098255306482315,-0.34695684909820557,-0.0782255083322525,0,1,1,1,1.3873943090438843,0.6267150044441223,0.5493704676628113,2.3047430515289307,1.9051380157470703,1.6457874774932861,1.7371219396591187,0.9031566381454468,0.389166921377182,-1.1064411401748657,-0.4973747134208679,-1.3177320957183838,0.3446313142776489,-0.035708338022232056,0.7982840538024902,1.6759703159332275,0.5162366628646851,0.38656142354011536,0.4322286546230316,0.015246003866195679,2.114445686340332,1.3666415214538574,1.6711747646331787,1.2609961032867432,0.0800623968243599,0.034596726298332214,0.9155318737030029,1.0395984649658203,6.549812951561762e-06,-0.07943346351385117,-0.22104007005691528,-0.1258613020181656,2.209244966506958,1.3935660123825073,1.6645629405975342,1.4104734659194946,2.9867703914642334,-1.140753984451294,-1.2656664848327637,-0.28044384717941284,-0.00038499417132698,0.36711585521698,-0.7432698011398315,-0.05040183663368225,-1.54794180393219,0.15912961959838867,1.4439756870269775,1.7102307081222534
90,1.8,0.0,0.30000001192092896,0.0,0.08364418894052505,0.20177987217903137,0.08243730664253235,0.45027998089790344,0.5929471254348755,0.08411575853824615,1,0,1,1,0.977538526058197,0.759545087814331,0.7662527561187744,1.6704626083374023,1.8423476219177246,-0.0005544424057006836,1.1559373140335083,1.898258924484253,-0.040537022054195404,-1.2172927856445312,-0.6355371475219727,-1.2802314758300781,0.1397034227848053,0.030706703662872314,0.9067251682281494,1.3588300943374634,0.4848414957523346,-0.43660953640937805,0.14163634181022644,0.5127971172332764,1.8995935916900635,1.3112157583236694,1.6020935773849487,1.279746413230896,0.12619324028491974,0.016062231734395027,0.896388828754425,1.0277427434921265,-0.00095247698482126,-0.12604820728302002,-0.20661433041095734,-0.12954413890838623,2.170625686645508,1.4046663045883179,1.6764377355575562,1.441892147064209,1.232634425163269,-0.7158113718032837,-0.49575600028038025,-0.7434421181678772,0.050403572618961334,-3.017242908477783,1.6408376693725586,-0.3104824423789978,-1.1301846504211426,0.7215929627418518,-0.47019731998443604,1.1761999130249023
91,1.82,0.0,0.30000001192092896,0.0,0.09161148965358734,0.26617589592933655,0.12643733620643616,-0.09159167110919952,-0.013362769968807697,0.09128653258085251,1,0,0,1,0.5687620043754578,1.2833245992660522,1.331636667251587,0.867807924747467,2.422447919845581,-0.6461586356163025,-0.6117990016937256,1.3720009326934814,-0.3145473003387451,-1.2276248931884766,-0.9984530806541443,-0.8289796113967896,-0.06468483805656433,0.2925964593887329,1.1894171237945557,0.9575027227401733,0.7748916149139404,-0.759411633014679,-0.7422318458557129,0.249668151140213,1.7625885009765625,1.3060497045516968,1.4206355810165405,1.5053722858428955,0.11083762347698212,0.019906749948859215,0.9042791724205017,1.019374132156372,0.0003382331342436373,-0.18543972074985504,-0.248805969953537,-0.13094624876976013,2.147846221923828,1.4189053773880005,1.6259512901306152,1.463155746459961,-1.4492954015731812,0.9364570379257202,0.9516024589538574,-0.2860707938671112,-0.03167593851685524,-2.9850728511810303,-2.975461006164551,0.2183876633644104,-1.3743174076080322,0.5756596922874451,-2.998466730117798,1.0235605239868164
92,1.84,0.0,0.30000001192092896,0.0,0.026104271411895752,0.3066239058971405,0.10420479625463486,-0.07634295523166656,-0.03307368606328964,-0.011183356866240501,1,0,0,1,0.6440063118934631,1.4424583911895752,1.7329849004745483,0.7825363278388977,2.2042558193206787,0.05224255472421646,-0.299378365278244,1.3451340198516846,0.20993280410766602,-0.3999023139476776,-1.4462840557098389,-0.7371885776519775,-0.027062684297561646,0.3721633553504944,1.3900911808013916,0.9148669242858887,0.6657955646514893,-0.4102110266685486,-0.5860214829444885,0.23623469471931458,2.0248284339904785,1.719910979270935,1.1967201232910156,1.5512678623199463,0.07635791599750519,0.05202538147568703,0.9339327812194824,1.0123873949050903,-1.0092043339682277e-05,-0.24585266411304474,-0.30806708335876465,-0.12754906713962555,2.1260013580322266,1.4727734327316284,1.566009521484375,1.483708381652832,-1.9496761560440063,2.044438362121582,1.854963779449463,-0.42562198638916016,0.032111357897520065,-3.006638526916504,-2.9753594398498535,0.20129336416721344,-1.0597693920135498,2.996581792831421,-2.9978795051574707,0.9614694118499756
93,1.86,0.0,0.30000001192092896,0.0,0.03731474652886391,0.28731489181518555,0.11101747304201126,-0.3128591477870941,-0.3015299141407013,0.0815315768122673,1,0,0,1,0.8594101071357727,1.4901212453842163,1.6671780347824097,1.0828919410705566,2.163689613342285,0.39283591508865356,0.3722567856311798,1.441122055053711,0.25962722301483154,-0.28260305523872375,-1.4620842933654785,-0.63758385181427,0.08063921332359314,0.39599478244781494,1.3571877479553223,1.0650447607040405,0.6455124616622925,-0.23991435766220093,-0.2502039074897766,0.28422871232032776,2.049675703048706,1.7785606384277344,1.1888200044631958,1.6010701656341553,0.04694543778896332,0.09694977104663849,0.9754496216773987,1.0063776969909668,-0.00023900180531200022,-0.2819446921348572,-0.33988094329833984,-0.12261280417442322,2.1045827865600586,1.5327540636062622,1.505968689918518,1.5018045902252197,-1.0646191835403442,2.292637825012207,2.1614532470703125,-0.2030351161956787,0.005210086703300476,-0.834498941898346,-0.5006855726242065,0.3897540271282196,-1.1869964599609375,3.0003957748413086,-3.002444267272949,0.7809147834777832
94,1.8800000000000001,0.0,0.30000001192092896,0.0,0.0165123138576746,0.335628867149353,0.08561055362224579,-0.24444007873535156,-0.2614952623844147,0.06988012790679932,1,0,0,1,0.6250646114349365,1.6743903160095215,1.640411615371704,0.8402028679847717,2.279594898223877,0.4384479522705078,0.7824299335479736,1.5223236083984375,0.2988932728767395,-0.6815341711044312,-1.3740832805633545,-0.5720160603523254,-0.03653353452682495,0.48812931776046753,1.3438045978546143,0.9437001943588257,0.7034651041030884,-0.2171083390712738,-0.045117348432540894,0.32482948899269104,2.0693087577819824,1.5790951251983643,1.2328205108642578,1.6338541507720947,0.020214326679706573,0.13946478068828583,1.015354871749878,0.9994428157806396,-0.0014019428053870797,-0.2806953191757202,-0.2992270886898041,-0.11740058660507202,2.082629680633545,1.5786749124526978,1.447953462600708,1.5205329656600952,-1.4926040172576904,1.8878059387207031,1.7847306728363037,-0.41186198592185974,-0.17847375571727753,0.7899758219718933,3.0037243366241455,0.30244311690330505,-1.055921196937561,1.6471775770187378,-2.5849313735961914,1.0004299879074097
95,1.9000000000000001,0.0,0.30000001192092896,0.0,-0.009572046808898449,0.36896467208862305,0.04371445253491402,-0.3260657787322998,-0.32103613018989563,0.07508071511983871,1,0,0,1,0.6293883919715881,1.7972540855407715,1.6978833675384521,0.85895174741745,2.138728618621826,0.2666941285133362,0.6562639474868774,1.4783247709274292,0.23222295939922333,-1.0126827955245972,-1.3023808002471924,-0.6111993193626404,-0.034371644258499146,0.5495612025260925,1.3725404739379883,0.9530746936798096,0.633031964302063,-0.3029852509498596,-0.10820034146308899,0.3028300702571869,2.03597354888916,1.4135208129882812,1.2686717510223389,1.6142624616622925,-0.010363375768065453,0.1695443093776703,1.0443521738052368,0.9902215600013733,-0.007285661064088345,-0.26697903871536255,-0.2387368530035019,-0.1152079626917839,2.064424753189087,1.5614744424819946,1.4100415706634521,1.5431402921676636,-1.5130550861358643,1.1373846530914307,1.145334243774414,-0.4966711699962616,-0.3297920823097229,0.5385487675666809,3.014190435409546,0.0884375274181366,-0.8971939086914062,-2.4702446460723877,-1.271526575088501,1.1635689735412598
96,1.92,0.0,0.30000001192092896,0.0,-0.02753652073442936,0.4467296302318573,0.07214570045471191,-0.5546615719795227,-0.3402554988861084,0.055581096559762955,1,0,0,1,0.5016674399375916,1.8963284492492676,1.5658427476882935,0.7597901225090027,2.2169084548950195,0.39906489849090576,1.089866280555725,1.6053847074508667,0.004205397330224514,-1.2791577577590942,-1.3496133089065552,-0.6093032956123352,-0.09823212027549744,0.5990983843803406,1.3065202236175537,0.9034938812255859,0.6721218824386597,-0.23679986596107483,0.10860082507133484,0.36636003851890564,1.9219648838043213,1.2802832126617432,1.2450554370880127,1.6152105331420898,-0.04392760246992111,0.1836775839328766,1.0456746816635132,0.9800808429718018,-0.0088253328576684,-0.24843475222587585,-0.17818976938724518,-0.11576835066080093,2.0410778522491455,1.5024306774139404,1.3969465494155884,1.5686839818954468,-1.6613225936889648,0.32115116715431213,-0.17456722259521484,-0.5831491947174072,0.16369974613189697,1.1225173473358154,3.021284341812134,0.027440667152404785,-1.4215365648269653,-3.0031707286834717,-0.17556974291801453,1.2441145181655884
97,1.94,0.0,0.30000001192092896,0.0,0.0795828253030777,0.3961905241012573,0.16806085407733917,0.08150935918092728,0.25837215781211853,0.27632296085357666,1,0,1,1,0.4681755602359772,2.012913227081299,1.4086391925811768,0.8385495543479919,2.2085814476013184,0.3299866318702698,1.275622844696045,1.758582592010498,-0.2497534304857254,-1.7149937152862549,-1.4242192506790161,-0.6527698040008545,-0.11497806012630463,0.6573907732963562,1.2279183864593506,0.9428735971450806,0.6679583787918091,-0.2713389992713928,0.20147910714149475,0.4429589807987213,1.7949854135513306,1.0623652935028076,1.2077524662017822,1.5934772491455078,-0.07837978005409241,0.1833420693874359,1.0383919477462769,0.9597558379173279,0.00011971643834840506,-0.23909208178520203,-0.16087041795253754,-0.11594381183385849,1.9962689876556396,1.4473248720169067,1.4081146717071533,1.5935019254684448,-1.7395905256271362,-0.2945198118686676,-0.3705384135246277,-1.2364580631256104,-0.05863267183303833,0.14199063181877136,0.8618082404136658,0.39631685614585876,-2.593726873397827,-2.36037015914917,0.6608886122703552,1.1267577409744263
98,1.96,0.0,0.30000001192092896,0.0,0.03920862078666687,0.3524342179298401,0.2624422013759613,0.3348802328109741,-0.04957405850291252,0.0973832756280899,1,0,1,1,0.26612767577171326,2.0883848667144775,1.3185542821884155,0.8757402896881104,2.08064341545105,0.9327302575111389,1.6412694454193115,1.95350980758667,-0.09584464877843857,-2.006530523300171,-1.1241329908370972,-0.9317650198936462,-0.21600200235843658,0.6951265931129456,1.1828758716583252,0.9614689350128174,0.6039893627166748,0.030032813549041748,0.38430240750312805,0.5404225587844849,1.871939778327942,0.9165968894958496,1.3577957153320312,1.4539796113967896,-0.12211816757917404,0.1774824857711792,1.0260812044143677,0.9392867684364319,1.1525668014655821e-05,-0.1922583431005478,-0.14040176570415497,-0.09073506295681,1.9513607025146484,1.4094061851501465,1.4172544479370117,1.6019763946533203,-2.436196804046631,-0.27537012100219727,-0.7433422803878784,-0.96895432472229,0.0012064415495842695,2.9956979751586914,1.346778392791748,1.788623332977295,-2.1590726375579834,-1.329658031463623,0.22055993974208832,-0.06597045809030533
99,1.98,0.0,0.30000001192092896,0.0,-0.032655734568834305,0.32137951254844666,0.2436968982219696,0.6596806049346924,0.3159777820110321,0.10220769792795181,1,0,1,1,0.17049098014831543,1.8542457818984985,1.2024664878845215,0.5711154937744141,1.6975507736206055,1.1558641195297241,1.4903984069824219,0.8375412821769714,-0.11617479473352432,-1.9671827554702759,-1.1343060731887817,-0.974675178527832,-0.2638203501701355,0.578057050704956,1.124832034111023,0.8091565370559692,0.412443071603775,0.14159974455833435,0.3088668882846832,-0.017561674118041992,1.8617748022079468,0.9362707734107971,1.3527090549468994,1.432524561882019,-0.17679086327552795,0.17072820663452148,1.0147068500518799,0.91182941198349,-8.560575224692002e-06,-0.13238394260406494,-0.1040574461221695,-0.05864308401942253,1.912601113319397,1.3948183059692383,1.419904112815857,1.5982677936553955,-2.910080909729004,-0.3743363320827484,-0.4099574387073517,-1.6766026020050049,-0.0003386596217751503,2.999398946762085,2.1794674396514893,1.5402711629867554,-1.8894740343093872,-0.25009405612945557,0.023556075990200043,-0.33282822370529175
100,2.0,0.0,0.30000001192092896,0.0,0.011736398562788963,0.27824634313583374,0.050795599818229675,0.6342943906784058,1.1958377361297607,0.052607376128435135,0,0,1,0,0.22094061970710754,1.498610258102417,1.1229822635650635,0.9271391034126282,1.1393063068389893,1.3192600011825562,1.320021390914917,-0.30165648460388184,-0.011730016209185123,-1.8182250261306763,-1.0903292894363403,-0.939967155456543,-0.23859553039073944,0.4002392888069153,1.085089921951294,0.9871683120727539,0.13332083821296692,0.22329768538475037,0.2236783802509308,-0.587160587310791,1.9139971733093262,1.0107495784759521,1.3746974468231201,1.4498785734176636,-0.22960661351680756,0.16404464840888977,1.0133187770843506,0.8955532312393188,-3.8789407881267834e-06,-0.07240733504295349,-0.056337982416152954,-0.10197313129901886,1.8910540342330933,1.3963218927383423,1.4204994440078735,1.56454336643219,-2.3040285110473633,-0.3259907364845276,0.07741191983222961,-0.071119025349617,9.687471901997924e-05,2.9992682933807373,2.4833383560180664,-2.9976372718811035,-0.4966006278991699,0.3244985342025757,-0.0041536130011081696,-2.7016334533691406
101,2.02,0.0,0.30000001192092896,0.0,-0.011049374006688595,0.23601320385932922,0.029667213559150696,0.007881312631070614,-0.04555189236998558,0.06808796525001526,0,1,1,0,0.4283461272716522,1.017005205154419,1.0635424852371216,1.970216155052185,0.39434754848480225,1.3142801523208618,1.6943902969360352,-0.13222143054008484,0.6995593309402466,-1.320604681968689,-0.8390457630157471,-1.373921513557434,-0.1348927766084671,0.15943676233291626,1.0553700923919678,1.50870680809021,-0.2391585409641266,0.2208077609539032,0.41086283326148987,-0.5024430155754089,2.269641876220703,1.2595598697662354,1.5003392696380615,1.2329013347625732,-0.24865753948688507,0.14806291460990906,1.010778546333313,0.9120398163795471,-0.04252434894442558,-0.05059436708688736,-0.03367966040968895,-0.16060517728328705,1.9421359300613403,1.397965669631958,1.4320393800735474,1.5051988363265991,0.0005197450518608093,-1.04863440990448,-0.3224855959415436,1.4667757749557495,-3.000012159347534,-0.25639808177948,-0.13971413671970367,-2.9860148429870605,3.0003414154052734,1.06596040725708,1.0033581256866455,-2.9998655319213867
102,2.04,0.0,0.30000001192092896,0.0,0.05694861710071564,0.2083253413438797,-0.0363231897354126,-0.2341356873512268,-0.07607176154851913,0.1168568879365921,0,1,1,0,0.6358875632286072,1.0113286972045898,0.7795754671096802,2.136328935623169,0.8239625692367554,1.7609976530075073,1.778322696685791,0.049736104905605316,0.6806250810623169,-1.3628348112106323,-0.7930572032928467,-1.2507092952728271,-0.031122058629989624,0.1565985083580017,0.9133865237236023,1.5917632579803467,-0.024351030588150024,0.44416651129722595,0.4528290331363678,-0.41146427392959595,2.2601747512817383,1.2384448051452637,1.5233335494995117,1.2945075035095215,-0.21700787544250488,0.13072730600833893,1.0035731792449951,0.950188934803009,-0.0785549134016037,-0.04933379590511322,-0.04298391193151474,-0.22037704288959503,2.002141237258911,1.4043362140655518,1.4519258737564087,1.449530839920044,2.679292678833008,-0.7440088987350464,-0.3791998624801636,2.1767830848693848,-0.7833951115608215,0.19761508703231812,-0.7259601354598999,-2.9891517162323,3.000242233276367,-0.022571850568056107,0.972196102142334,-2.4163260459899902
103,2.06,0.0,0.30000001192092896,0.0,0.06360989063978195,0.2784631550312042,-0.08497815579175949,-0.3652285039424896,-0.15086494386196136,0.040965039283037186,0,1,1,0,0.6967211961746216,0.818022608757019,0.7173348665237427,2.175901412963867,1.0126261711120605,1.6667896509170532,1.8678799867630005,0.28089484572410583,0.6162416934967041,-1.2200452089309692,-0.6051326394081116,-1.2739958763122559,-0.0007052421569824219,0.05994546413421631,0.8822662234306335,1.6115494966506958,0.06998077034950256,0.3970625102519989,0.49760767817497253,-0.295884907245636,2.227982997894287,1.3098394870758057,1.6172958612442017,1.2828642129898071,-0.15726551413536072,0.11542922258377075,0.9929119348526001,0.9936038851737976,-0.062111757695674896,-0.044213440269231796,-0.06502828747034073,-0.2745566964149475,2.0621440410614014,1.402537226676941,1.4802314043045044,1.412759780883789,3.0005710124969482,-0.7892132997512817,-0.6215766072273254,2.087042808532715,1.9160574674606323,0.3278603255748749,-1.2930293083190918,-2.3457324504852295,3.0001182556152344,-0.19183185696601868,1.5845609903335571,-1.2960489988327026
104,2.08,0.0,0.30000001192092896,0.0,0.024200506508350372,0.31738099455833435,-0.12041856348514557,-0.23475168645381927,-0.3278881311416626,0.00154391722753644,0,1,1,0,0.9658333659172058,0.853543221950531,0.8368752002716064,2.365769386291504,1.313100814819336,1.660407543182373,1.8207896947860718,0.7104607224464417,0.5207822918891907,-1.1473575830459595,-0.49305954575538635,-1.326647400856018,0.1338508427143097,0.07770577073097229,0.9420363903045654,1.7064834833145142,0.22021809220314026,0.3938714563846588,0.4740625321865082,-0.08110195398330688,2.180253267288208,1.3461833000183105,1.6733323335647583,1.2565383911132812,-0.09725913405418396,0.0977315753698349,0.9777210354804993,1.0297152996063232,-0.011974639259278774,-0.0371023491024971,-0.09650041908025742,-0.27369847893714905,2.121830463409424,1.3970012664794922,1.5188522338867188,1.3952677249908447,2.9999828338623047,-0.9589778780937195,-0.8316630125045776,1.5174318552017212,2.8208260536193848,0.33433547616004944,-1.6419941186904907,1.7979397773742676,2.8992018699645996,-0.35100412368774414,2.106590509414673,-0.48449277877807617
105,2.1,0.0,0.30000001192092896,0.0,-0.00512316171079874,0.35477200150489807,-0.18460150063037872,0.01822606660425663,-0.4042550325393677,0.02885821834206581,0,1,1,0,1.3319240808486938,0.8148026466369629,0.763035237789154,2.3794422149658203,1.738328456878662,1.9428794384002686,1.9359281063079834,0.69598788022995,0.5149505734443665,-1.091137170791626,-0.4644409716129303,-1.3547258377075195,0.3168962001800537,0.05833548307418823,0.9051164388656616,1.7133198976516724,0.43283191323280334,0.5351073741912842,0.5316317081451416,-0.08833837509155273,2.177337408065796,1.374293565750122,1.6876416206359863,1.2424992322921753,-0.037277717143297195,0.07341860979795456,0.9572752118110657,1.047202706336975,5.073333340988029e-06,-0.035614870488643646,-0.1353694200515747,-0.21763481199741364,2.171016216278076,1.3939419984817505,1.5682826042175293,1.3941556215286255,2.999622344970703,-1.3354865312576294,-0.9842719435691833,-0.0011111372150480747,2.920171755249612e-05,-0.20668645203113556,-1.8329492807388306,3.006222724914551,1.902622938156128,-0.08483852446079254,2.5441362857818604,0.2713285982608795
106,2.12,0.0,0.30000001192092896,0.0,0.005454918369650841,0.3642701506614685,-0.17061513662338257,-0.015381701290607452,-0.0017042021499946713,-0.04110098257660866,0,1,1,0,1.361505150794983,0.7815535664558411,0.7286257147789001,2.3781027793884277,1.9752516746520996,1.8532215356826782,1.853967308998108,0.7206557989120483,0.5454691648483276,-1.042065978050232,-0.50626540184021,-1.3647253513336182,0.33168673515319824,0.04171094298362732,0.8879116773605347,1.712650179862976,0.5512934923171997,0.4902784526348114,0.49065133929252625,-0.07600441575050354,2.192596673965454,1.3988292217254639,1.66672945022583,1.237499475479126,0.02271472103893757,0.04862125590443611,0.9387347102165222,1.0448732376098633,3.4258268897247035e-06,-0.04695934057235718,-0.16610640287399292,-0.15734119713306427,2.198425054550171,1.3941491842269897,1.6164233684539795,1.403245210647583,2.9996347427368164,-1.1313037872314453,-0.8707656264305115,-0.19980262219905853,-3.584656224120408e-05,-0.777004599571228,-1.1674765348434448,3.0124518871307373,0.898166298866272,0.028426576405763626,2.1944169998168945,0.5414007902145386
107,2.14,0.0,0.30000001192092896,0.0,0.014302016235888004,0.33251261711120605,-0.032233208417892456,0.23233045637607574,-0.39444848895072937,-0.0880391076207161,0,1,1,1,1.3989489078521729,0.6094002723693848,0.5715142488479614,2.347895622253418,1.9124231338500977,1.6479806900024414,1.7482925653457642,0.9025949239730835,0.3660960793495178,-1.0752679109573364,-0.5780797004699707,-1.342180848121643,0.3504086136817932,-0.04436570405960083,0.8093559145927429,1.6975466012954712,0.5198792219161987,0.387658029794693,0.43781396746635437,0.014965146780014038,2.102910280227661,1.382228136062622,1.6308223009109497,1.2487716674804688,0.08266555517911911,0.024862060323357582,0.9191074371337891,1.039116621017456,5.277434411254944e-06,-0.06205163151025772,-0.18317508697509766,-0.10888118296861649,2.1859548091888428,1.3954687118530273,1.6540833711624146,1.4161006212234497,2.999871253967285,-1.1652061939239502,-1.3285486698150635,-0.29143786430358887,-0.0003700847446452826,0.06577636301517487,-0.6218600869178772,-0.09491036832332611,-1.5708476305007935,-0.05944118648767471,1.4978941679000854,1.834704041481018
108,2.16,0.0,0.30000001192092896,0.0,0.022959046065807343,0.22640462219715118,-0.0421077236533165,1.0812358856201172,0.36593079566955566,-0.17853422462940216,0,0,1,1,1.0036581754684448,0.747783362865448,0.7686585783958435,1.7083770036697388,1.8589636087417603,0.035640448331832886,1.1628326177597046,1.8549895286560059,-0.07519655674695969,-1.2228004932403564,-0.6916579008102417,-1.3010505437850952,0.1527632474899292,0.024825841188430786,0.9079281091690063,1.3777873516082764,0.4931494891643524,-0.41851210594177246,0.14508399367332458,0.4911624491214752,1.8822638988494873,1.3084619045257568,1.574033260345459,1.2693369388580322,0.13858363032341003,0.008665763773024082,0.894989013671875,1.0267040729522705,3.7315612644306384e-07,-0.1116017997264862,-0.17077811062335968,-0.10846313089132309,2.1278672218322754,1.4031431674957275,1.6722898483276367,1.447394609451294,2.532498598098755,-0.47697967290878296,-1.1933823823928833,-0.8012285232543945,-0.0007064631208777428,-3.0004115104675293,1.4510629177093506,0.29777687788009644,-3.000199794769287,0.5226561427116394,0.4290321171283722,1.2241570949554443
109,2.18,0.0,0.30000001192092896,0.0,0.08606180548667908,0.14132694900035858,0.11124613136053085,-0.22575394809246063,-0.2378312647342682,0.23598386347293854,1,0,0,1,0.9155300259590149,1.0018266439437866,1.2104942798614502,1.202355146408081,2.468863010406494,-0.5270068049430847,-0.2813487946987152,1.793975591659546,-0.3760319948196411,-1.0414178371429443,-0.9739599227905273,-1.0351450443267822,0.10869917273521423,0.1518474817276001,1.1288459300994873,1.1247763633728027,0.798099160194397,-0.6998357176780701,-0.5770066976547241,0.46065548062324524,1.7318460941314697,1.399153232574463,1.4328821897506714,1.402289628982544,0.14504602551460266,0.017260419204831123,0.8980205059051514,1.0199800729751587,0.00037556904135271907,-0.17019668221473694,-0.20729972422122955,-0.10749796032905579,2.1117072105407715,1.4166866540908813,1.630059838294983,1.4613888263702393,0.008594967424869537,1.151543140411377,0.9537901282310486,-0.06351647526025772,0.012989822775125504,-2.988640546798706,-2.9692606925964355,0.41408872604370117,-1.0582760572433472,0.6457069516181946,-2.9998679161071777,0.4197190999984741
110,2.2,0.0,0.30000001192092896,0.0,0.017424825578927994,0.2762124836444855,0.07070980966091156,-0.068302221596241,0.016673831269145012,-0.015848996117711067,1,0,0,1,0.5209721326828003,1.4511922597885132,1.634437918663025,0.6974995732307434,2.4958033561706543,0.02119714766740799,-0.4356759488582611,1.392992377281189,0.0745973065495491,-0.5355088710784912,-1.4469496011734009,-0.6829138994216919,-0.08857977390289307,0.3765302896499634,1.3408176898956299,0.8723485469818115,0.811569333076477,-0.425733745098114,-0.6541702747344971,0.2601638734340668,1.9571608304977417,1.6521077156066895,1.1963872909545898,1.5784051418304443,0.1252599060535431,0.052284806966781616,0.9259656071662903,1.0151041746139526,5.119813067722134e-05,-0.23082824051380157,-0.266422837972641,-0.10473904013633728,2.094237804412842,1.4681997299194336,1.5701788663864136,1.4767975807189941,-1.7845546007156372,2.1191933155059814,1.7003663778305054,-0.42223283648490906,0.06388593465089798,-3.017981767654419,-2.970597505569458,0.0010441765189170837,-0.8321227431297302,2.9935553073883057,-2.9944424629211426,0.9814791083335876
111,2.22,0.0,0.30000001192092896,0.0,0.024869069457054138,0.2824956774711609,0.0486958809196949,-0.3687686622142792,-0.25063827633857727,0.04973211511969566,1,0,0,1,0.9241542220115662,1.4521267414093018,1.6764514446258545,1.1454920768737793,2.3056533336639404,0.3210756182670593,0.1098199337720871,1.4165393114089966,0.18371084332466125,-0.2429261952638626,-1.4891465902328491,-0.6202977299690247,0.11301127076148987,0.37699753046035767,1.3618245124816895,1.0963448286056519,0.7164943218231201,-0.27579450607299805,-0.38142234086990356,0.2719373404979706,2.0117175579071045,1.7983990907669067,1.1752889156341553,1.6097133159637451,0.09762094914913177,0.09784074872732162,0.9652593731880188,1.0091983079910278,-0.0013711744686588645,-0.27556684613227844,-0.3254797160625458,-0.10651184618473053,2.0788865089416504,1.5281604528427124,1.5101613998413086,1.4980913400650024,-1.0662704706192017,2.3030526638031006,2.1029863357543945,-0.19527247548103333,-0.06725719571113586,-1.5569137334823608,-2.868591785430908,-0.06201703101396561,-0.8828051090240479,2.999281883239746,-3.0012009143829346,1.0452522039413452
112,2.24,0.0,0.30000001192092896,0.0,0.030018555000424385,0.30764609575271606,0.05330454185605049,-0.297172874212265,-0.1913665235042572,-0.022159336134791374,1,0,0,1,0.7491169571876526,1.643344759941101,1.6322689056396484,0.9903368353843689,2.457754135131836,0.4801748991012573,0.8145513534545898,1.6107686758041382,0.26017314195632935,-0.4281333386898041,-1.494040608406067,-0.5712791681289673,0.02549263834953308,0.4726065397262573,1.3397332429885864,1.018767237663269,0.7925447225570679,-0.19624486565589905,-0.029056638479232788,0.3690520226955414,2.0499486923217773,1.7057955265045166,1.1728417873382568,1.6342225074768066,0.07193730771541595,0.14148733019828796,1.0050657987594604,1.0050417184829712,-0.00257623172365129,-0.28247493505477905,-0.31444019079208374,-0.10883736610412598,2.0613646507263184,1.5880829095840454,1.4509943723678589,1.52044677734375,-1.4290121793746948,1.9786423444747925,1.82659912109375,-0.21314987540245056,-0.06205375865101814,0.5932329893112183,2.996816873550415,-0.02850482612848282,-0.9345211386680603,2.9977011680603027,-2.788574457168579,1.095692753791809
113,2.2600000000000002,0.0,0.30000001192092896,0.0,0.00217425636947155,0.3291791081428528,-0.024323102086782455,-0.29953625798225403,-0.2606010138988495,0.09127245098352432,1,0,0,1,0.7921327948570251,1.7562021017074585,1.7324210405349731,0.8397038578987122,2.3008151054382324,0.20498433709144592,0.43552127480506897,1.5070562362670898,0.3105970323085785,-0.8559423685073853,-1.3820834159851074,-0.5556026697158813,0.04700055718421936,0.529035210609436,1.3898093700408936,0.9434506893157959,0.7140752077102661,-0.33384013175964355,-0.21857167780399323,0.3171958029270172,2.0751607418060303,1.4918909072875977,1.2288204431533813,1.6420607566833496,0.04448278993368149,0.17224368453025818,1.0371618270874023,0.9979587197303772,-0.01031506061553955,-0.27771738171577454,-0.25497540831565857,-0.11416563391685486,2.0491766929626465,1.6022886037826538,1.4097833633422852,1.547184944152832,-1.2939684391021729,1.1275254487991333,1.3782310485839844,-0.45105987787246704,-0.5842800736427307,-0.04433956369757652,2.817552089691162,-0.31810927391052246,-0.46098124980926514,-0.8920546174049377,-1.386934757232666,1.4171168804168701
114,2.2800000000000002,0.0,0.30000001192092896,0.0,-0.029404450207948685,0.41107177734375,-0.02112623304128647,-0.42211106419563293,-0.2698504328727722,0.03129524737596512,1,0,0,1,0.5948532223701477,1.8405526876449585,1.5780540704727173,0.7530134320259094,2.3840198516845703,0.3530948758125305,0.8672642707824707,1.5575087070465088,0.13555432856082916,-1.1286442279815674,-1.415780782699585,-0.5274007320404053,-0.05163922905921936,0.571210503578186,1.3126258850097656,0.9001054763793945,0.7556775808334351,-0.25978487730026245,-0.0027001798152923584,0.3424220383167267,1.987639307975769,1.3555400371551514,1.2119717597961426,1.6561617851257324,0.01229365635663271,0.1859036386013031,1.0465770959854126,0.9874063730239868,-0.020382678136229515,-0.26970210671424866,-0.19446313381195068,-0.12340731918811798,2.038038492202759,1.551781415939331,1.3952184915542603,1.5785620212554932,-1.7402242422103882,0.30292487144470215,-0.11136072874069214,-0.5921086668968201,-0.38495346903800964,0.6615433096885681,3.018928050994873,-0.41860145330429077,-0.6988282799720764,-3.0040228366851807,-0.20565561950206757,1.5700050592422485
115,2.3000000000000003,0.0,0.30000001192092896,0.0,0.04376976191997528,0.3626607656478882,0.13464322686195374,-0.14729958772659302,0.5810497999191284,0.1683679074048996,1,0,1,1,0.5686827301979065,1.954892635345459,1.4405525922775269,0.8280850052833557,2.430713176727295,0.29955190420150757,1.109256625175476,1.6907832622528076,-0.10940403491258621,-1.486342191696167,-1.4840667247772217,-0.5950115919113159,-0.06472447514533997,0.6283804774284363,1.2438750267028809,0.9376412630081177,0.7790242433547974,-0.2865563631057739,0.11829599738121033,0.4090593159198761,1.8651601076126099,1.1766910552978516,1.1778287887573242,1.6223564147949219,-0.022891631349921227,0.18572130799293518,1.0423260927200317,0.9698963165283203,-0.009114225395023823,-0.2627352476119995,-0.16518037021160126,-0.1348521113395691,2.0102152824401855,1.4917478561401367,1.4050850868225098,1.6087976694107056,-1.7626343965530396,-0.2304077297449112,-0.09550914913415909,-1.1843537092208862,1.4081310033798218,0.013844819739460945,0.6833716630935669,-0.4668021500110626,-2.0783329010009766,-2.9936208724975586,1.2584357261657715,1.2838822603225708
116,2.32,0.0,0.30000001192092896,0.0,0.03566407784819603,0.31715771555900574,0.22076201438903809,0.19539226591587067,-0.03508342429995537,0.07720667868852615,1,0,1,1,0.48419514298439026,2.059460401535034,1.3028874397277832,0.9508922696113586,2.308274507522583,0.775056004524231,1.6744840145111084,2.1578893661499023,-0.12848079204559326,-1.739041805267334,-1.2051360607147217,-0.8083935976028442,-0.10696826875209808,0.6806643605232239,1.1750425100326538,0.9990448951721191,0.7178049087524414,-0.04880431294441223,0.4009096920490265,0.6426123380661011,1.8556218147277832,1.050341248512268,1.3172941207885742,1.5156652927398682,-0.06013602018356323,0.17986398935317993,1.0340640544891357,0.9513748288154602,5.5768658057786524e-05,-0.22046616673469543,-0.14884348213672638,-0.12381960451602936,1.9661613702774048,1.436353325843811,1.417052149772644,1.621375322341919,-1.8878424167633057,-0.3515617847442627,-0.6014640927314758,-0.8003060221672058,-0.02559671550989151,3.001669406890869,0.986409604549408,1.3287283182144165,-2.139033555984497,-2.3180453777313232,0.32403525710105896,0.13349054753780365
117,2.34,0.0,0.30000001192092896,0.0,-0.047168243676424026,0.33747023344039917,0.27104175090789795,0.7263903617858887,0.21197833120822906,0.2208816260099411,1,0,1,1,0.24884214997291565,1.884737491607666,1.197195291519165,0.3805794417858124,1.9845666885375977,0.8082754015922546,1.5838838815689087,1.5470201969146729,-0.1801450103521347,-1.7758722305297852,-1.1627163887023926,-0.9330323934555054,-0.2246447652578354,0.5933029055595398,1.1221964359283447,0.7138885259628296,0.5559509992599487,-0.03219461441040039,0.35560962557792664,0.3371777832508087,1.829789638519287,1.0319260358810425,1.3385039567947388,1.4533460140228271,-0.10815123468637466,0.16897252202033997,1.0249003171920776,0.9238563179969788,3.962767732446082e-05,-0.16059823334217072,-0.11573933064937592,-0.09094655513763428,1.9313738346099854,1.4035686254501343,1.4211682081222534,1.6178628206253052,-2.669318914413452,-0.6530857086181641,-0.3128831386566162,-1.8421870470046997,0.0045792581513524055,2.9954135417938232,2.2246363162994385,1.9190542697906494,-1.6655406951904297,-1.0398074388504028,0.07031917572021484,-0.4689784348011017
118,2.36,0.0,0.30000001192092896,0.0,-0.0022336277179419994,0.298683762550354,0.0787668451666832,0.7028766870498657,1.140638828277588,0.07391788065433502,0,0,1,0,0.301994264125824,1.556736707687378,1.1473885774612427,0.974373459815979,1.2750399112701416,1.2380781173706055,1.2884482145309448,-0.2883938252925873,0.019371308386325836,-1.6285349130630493,-1.0989621877670288,-0.9767975807189941,-0.19806870818138123,0.42930251359939575,1.0972931385040283,1.0107855796813965,0.2011876404285431,0.18270674347877502,0.2078917920589447,-0.5805292129516602,1.9295477867126465,1.1055946350097656,1.3703811168670654,1.431463360786438,-0.1619710773229599,0.1588486135005951,1.0239228010177612,0.907069206237793,-3.250607733207289e-06,-0.10065821558237076,-0.06652571260929108,-0.12957127392292023,1.911667823791504,1.3933087587356567,1.4226408004760742,1.5749316215515137,-2.574500560760498,-0.409245103597641,0.054890502244234085,0.014990158379077911,7.266997272381559e-05,2.9971258640289307,2.5924859046936035,-3.0021300315856934,-0.49588102102279663,-0.07342690229415894,0.03943653777241707,-3.000222682952881
119,2.38,0.0,0.30000001192092896,0.0,-0.00661119632422924,0.2588067650794983,0.05437947064638138,0.09347721934318542,0.1536484956741333,0.08604297041893005,0,1,1,0,0.4926970899105072,1.0879334211349487,1.127990484237671,2.022001266479492,0.6152966618537903,1.3008992671966553,1.6602014303207397,-0.0015600379556417465,0.7902686595916748,-1.2063732147216797,-0.8515345454216003,-1.4313955307006836,-0.10271729528903961,0.19490087032318115,1.0875940322875977,1.5345994234085083,-0.12868398427963257,0.21411731839179993,0.39376839995384216,-0.43711233139038086,2.3149964809417725,1.3166755437850952,1.4940948486328125,1.2041643857955933,-0.1910998821258545,0.1428801268339157,1.0223877429962158,0.9241104125976562,-0.024603603407740593,-0.07123123109340668,-0.03444327414035797,-0.18855957686901093,1.9633954763412476,1.3861358165740967,1.4317084550857544,1.5149005651474,-0.579318642616272,-1.029061198234558,-0.3731285333633423,1.456830620765686,-1.7960669994354248,-0.5210771560668945,0.18327315151691437,-3.0252585411071777,3.0003764629364014,-0.017342105507850647,0.9672576785087585,-2.998735189437866
120,2.4,0.0,0.30000001192092896,0.0,0.052490588277578354,0.23424400389194489,-0.006164895836263895,-0.24884837865829468,-0.03171239793300629,0.11899146437644958,0,1,1,0,0.7118410468101501,1.0881153345108032,0.8034245371818542,2.2309012413024902,1.0258519649505615,1.8343607187271118,1.8381634950637817,0.08403196185827255,0.8529990911483765,-1.2263240814208984,-0.7794336080551147,-1.3062688112258911,0.00685468316078186,0.1949918270111084,0.9253110885620117,1.6390494108200073,0.07659366726875305,0.4808480441570282,0.48274943232536316,-0.39431634545326233,2.3463616371154785,1.3067001104354858,1.5301454067230225,1.2667276859283447,-0.1707548350095749,0.12475968897342682,1.0144994258880615,0.9610035419464111,-0.03150574862957001,-0.07008110731840134,-0.03762714937329292,-0.2482675164937973,2.023401975631714,1.3818135261535645,1.451629400253296,1.4569469690322876,2.15678334236145,-0.7986083626747131,-0.3624071776866913,2.0818216800689697,0.7282702326774597,0.35062211751937866,-0.534833550453186,-2.9894065856933594,3.0003294944763184,-0.2800947427749634,0.922802746295929,-2.633788585662842
121,2.42,0.0,0.30000001192092896,0.0,0.055500198155641556,0.263853520154953,-0.07457020878791809,-0.26640084385871887,-0.39141613245010376,0.03542620316147804,0,1,1,0,0.8040084838867188,0.910866916179657,0.7677063345909119,2.243781089782715,1.2591391801834106,1.707289457321167,1.8546465635299683,0.4415014684200287,0.6596587896347046,-1.176931381225586,-0.5895787477493286,-1.3223713636398315,0.05293840169906616,0.10636761784553528,0.9074519872665405,1.6454893350601196,0.1932372748851776,0.4173124134540558,0.4909909665584564,-0.21558158099651337,2.2496914863586426,1.331396460533142,1.625072717666626,1.258676528930664,-0.11312352120876312,0.10803265869617462,1.0024021863937378,1.0022203922271729,-0.004329784773290157,-0.05897635594010353,-0.06033344939351082,-0.28300774097442627,2.083405017852783,1.3763527870178223,1.4798272848129272,1.4145424365997314,3.000155448913574,-0.8344624638557434,-0.8036563396453857,1.9739694595336914,1.738142728805542,0.6774969696998596,-1.4556940793991089,-0.7397892475128174,3.0001213550567627,-0.33211567997932434,1.617547869682312,-1.5850660800933838
122,2.44,0.0,0.30000001192092896,0.0,0.025450371205806732,0.29729393124580383,-0.15722496807575226,-0.0093146450817585,-0.676307737827301,0.018260441720485687,0,1,1,0,1.0403196811676025,0.8369720578193665,0.8338313698768616,2.277768135070801,1.590064287185669,1.775038242340088,1.8786691427230835,0.6150897145271301,0.6214672923088074,-1.1401373147964478,-0.4752673804759979,-1.3402801752090454,0.17109400033950806,0.06942018866539001,0.9405144453048706,1.6624828577041626,0.35869982838630676,0.45118680596351624,0.5030022859573364,-0.12878745794296265,2.230595827102661,1.3497934341430664,1.682228446006775,1.2497220039367676,-0.05312913656234741,0.08681279420852661,0.9812781810760498,1.035494089126587,8.06207367531897e-09,-0.04742146655917168,-0.09991604834794998,-0.2641930878162384,2.143406391143799,1.3727620840072632,1.5228554010391235,1.3945392370224,3.000030517578125,-1.1608915328979492,-1.1339565515518188,1.359635353088379,2.2496626115753315e-05,0.4207361042499542,-2.0671989917755127,2.043088436126709,3.0000159740448,-0.12120809406042099,2.3325722217559814,-0.5056924223899841
123,2.46,0.0,0.30000001192092896,0.0,-0.00596651341766119,0.32372134923934937,-0.1912711262702942,0.03953647240996361,-0.4028759002685547,0.04721641167998314,0,1,1,0,1.2427417039871216,0.8268669843673706,0.8373705148696899,2.2676823139190674,2.002910614013672,1.864449381828308,1.8864907026290894,0.6322425007820129,0.6904626488685608,-1.1181058883666992,-0.45344746112823486,-1.348692536354065,0.2723050117492676,0.06436765193939209,0.9422840476036072,1.657439947128296,0.5651229619979858,0.49589237570762634,0.5069130659103394,-0.12021106481552124,2.2650935649871826,1.3608092069625854,1.6931383609771729,1.2455158233642578,0.00686919130384922,0.06219058111310005,0.9609078764915466,1.0469712018966675,1.2947738241564366e-06,-0.04679683595895767,-0.14038436114788055,-0.20962685346603394,2.203218698501587,1.372212290763855,1.5721441507339478,1.3931316137313843,2.9998159408569336,-1.2467955350875854,-0.8962450623512268,-0.07438218593597412,0.0002819661167450249,-0.27684515714645386,-1.817501425743103,3.0039634704589844,2.930518865585327,0.02837115339934826,2.4414925575256348,0.25712502002716064
124,2.48,0.0,0.30000001192092896,0.0,0.013598998077213764,0.33564990758895874,-0.18029597401618958,0.01569592021405697,-0.035314857959747314,-0.030114352703094482,0,1,1,0,1.3377273082733154,0.7617412209510803,0.7103989124298096,2.3125786781311035,2.1153440475463867,1.8279730081558228,1.8044379949569702,0.6734251379966736,0.5712494850158691,-1.0905776023864746,-0.484432190656662,-1.34401273727417,0.3197978138923645,0.03180477023124695,0.878798246383667,1.679888129234314,0.6213396787643433,0.47765418887138367,0.4658866822719574,-0.09961974620819092,2.20548677444458,1.3745733499526978,1.6776460409164429,1.24785578250885,0.06685666739940643,0.03887612745165825,0.9433900117874146,1.0437322854995728,6.160250450193416e-06,-0.05910121276974678,-0.17168033123016357,-0.14944395422935486,2.238524913787842,1.3746871948242188,1.6185892820358276,1.4023723602294922,2.999455690383911,-1.0721532106399536,-0.8479491472244263,-0.22254875302314758,-0.0001518694480182603,-0.8102014660835266,-1.2267810106277466,2.968277931213379,0.8303572535514832,0.13801896572113037,2.120525360107422,0.5653685927391052
125,2.5,0.0,0.30000001192092896,0.0,-0.005244606174528599,0.2886141538619995,-0.018014617264270782,0.2960742712020874,-0.5037695169448853,-0.14184525609016418,0,1,1,1,1.358941674232483,0.5993943214416504,0.5968378782272339,2.2765848636627197,2.052295684814453,1.546474575996399,1.679864764213562,0.9509589076042175,0.3990863561630249,-1.1256712675094604,-0.5519155859947205,-1.325523853302002,0.33040499687194824,-0.04936867952346802,0.8220177292823792,1.661891222000122,0.5898154973983765,0.33690497279167175,0.4036000669002533,0.039147138595581055,2.1194052696228027,1.3570265769958496,1.6439043283462524,1.257100224494934,0.12379710376262665,0.015664905309677124,0.9236508011817932,1.037872552871704,5.718143711419543e-06,-0.07444241642951965,-0.1906248927116394,-0.10331812500953674,2.219653367996216,1.3787614107131958,1.6553797721862793,1.4105790853500366,2.644362211227417,-1.0955865383148193,-1.3211380243301392,-0.11026200652122498,-0.0004319394938647747,0.48403510451316833,-0.7664625644683838,0.12034255266189575,-2.029536008834839,0.37320128083229065,1.448891043663025,3.2625114917755127
126,2.52,0.0,0.30000001192092896,0.0,0.05193420127034187,0.18925881385803223,0.0003677274798974395,0.813572108745575,0.22830602526664734,-0.14738774299621582,1,0,1,1,0.9127618074417114,0.823334276676178,0.7939056158065796,1.5181576013565063,2.0054879188537598,-0.39086705446243286,0.9603101015090942,2.014735221862793,-0.19265703856945038,-1.2833137512207031,-0.7559815049171448,-1.2861295938491821,0.1073150634765625,0.06260129809379578,0.920551598072052,1.2826776504516602,0.5664116144180298,-0.6317658424377441,0.04382273554801941,0.5710352659225464,1.8235336542129517,1.2782052755355835,1.541871428489685,1.2767972946166992,0.15588678419589996,0.006301382090896368,0.900368869304657,1.0281271934509277,-0.00027817217051051557,-0.126387819647789,-0.17684146761894226,-0.10481174290180206,2.168104410171509,1.3960093259811401,1.6703726053237915,1.4420071840286255,0.32671666145324707,-0.018620774149894714,-0.3963264226913452,-0.616243302822113,-1.2978485822677612,-3.0648651123046875,1.3091528415679932,-0.07341958582401276,-1.4237251281738281,1.057838797569275,-0.6108461618423462,0.9719432592391968
127,2.54,0.0,0.30000001192092896,0.0,0.06081929802894592,0.2633780837059021,0.09180010855197906,0.024369802325963974,0.21500420570373535,-0.017575809732079506,1,0,0,1,0.6005582213401794,1.1789851188659668,1.4042437076568604,0.75163733959198,2.491333484649658,-0.6729600429534912,-0.5906788110733032,1.4077560901641846,-0.29590481519699097,-1.0743918418884277,-0.9516018033027649,-0.8251091241836548,-0.04878672957420349,0.24042671918869019,1.2257206439971924,0.8994174599647522,0.809334397315979,-0.7728123664855957,-0.7316716909408569,0.2675457298755646,1.7719097137451172,1.3826662302017212,1.444061279296875,1.507307529449463,0.12636487185955048,0.021769409999251366,0.9102685451507568,1.0191166400909424,0.0003468841896392405,-0.18583866953849792,-0.22077402472496033,-0.10897661745548248,2.1514062881469727,1.4154824018478394,1.6213746070861816,1.462355375289917,-2.0322530269622803,1.3577508926391602,1.048840880393982,-0.41587692499160767,-0.0011885575950145721,-2.9905121326446533,-2.959989070892334,-0.0822465717792511,-1.201097846031189,0.8018749356269836,-2.9985365867614746,1.0897648334503174
128,2.56,0.0,0.30000001192092896,0.0,0.044424060732126236,0.27070075273513794,0.07503670454025269,-0.08927446603775024,0.04348709434270859,0.007914543151855469,1,0,0,1,0.8088544011116028,1.3804171085357666,1.7609989643096924,0.8954366445541382,2.18825101852417,0.041464097797870636,-0.2978290915489197,1.358595609664917,0.16939254105091095,-0.29363366961479187,-1.4569464921951294,-0.7399998903274536,0.05536136031150818,0.3411427140235901,1.4040982723236084,0.9713171124458313,0.6577931642532349,-0.4156002700328827,-0.5852468609809875,0.2429654896259308,2.0045583248138428,1.773045301437378,1.1913888454437256,1.5498621463775635,0.09001529961824417,0.059403546154499054,0.9412100315093994,1.0113043785095215,3.1996874895412475e-05,-0.24601267278194427,-0.28014034032821655,-0.11059198528528214,2.133389472961426,1.471713662147522,1.5613760948181152,1.48456609249115,-1.671992540359497,2.215452194213867,1.8938829898834229,-0.38040322065353394,0.023162085562944412,-2.9954915046691895,-2.981586456298828,-0.04728349670767784,-0.9593790769577026,2.9997940063476562,-3.0004894733428955,1.0545563697814941
129,2.58,0.0,0.30000001192092896,0.0,0.048835642635822296,0.2688712477684021,0.08140073716640472,-0.3057718873023987,-0.20151005685329437,0.030148793011903763,1,0,0,1,0.8368523120880127,1.4984843730926514,1.6755450963974,1.0661808252334595,2.1975150108337402,0.3931412398815155,0.3935586214065552,1.4530093669891357,0.2669498920440674,-0.2944748103618622,-1.479016900062561,-0.6460839509963989,0.06936031579971313,0.40017634630203247,1.3613712787628174,1.0566892623901367,0.66242516040802,-0.23976169526576996,-0.23955300450325012,0.29017236828804016,2.0533370971679688,1.7726247310638428,1.1803536415100098,1.5968201160430908,0.06257724016904831,0.10636668652296066,0.9816890358924866,1.006459355354309,-0.00017416232731193304,-0.2823179066181183,-0.31490612030029297,-0.11090322583913803,2.1142516136169434,1.531672477722168,1.5013542175292969,1.5048881769180298,-1.1087677478790283,2.3363661766052246,2.0454726219177246,-0.13742709159851074,0.012284442782402039,-0.8477479219436646,-0.7386149168014526,0.1103401780128479,-1.0687968730926514,2.9992730617523193,-3.001434564590454,0.9226922392845154
130,2.6,0.0,0.30000001192092896,0.0,0.02659004181623459,0.3226548433303833,0.06605102121829987,-0.21527759730815887,-0.12151660025119781,0.04538974165916443,1,0,0,1,0.6396506428718567,1.6505322456359863,1.6588903665542603,0.8080547451972961,2.319517135620117,0.436894029378891,0.788824200630188,1.5415349006652832,0.29094552993774414,-0.6885401606559753,-1.3963338136672974,-0.5835933685302734,-0.029240518808364868,0.47620028257369995,1.353044033050537,0.9276261329650879,0.7234262228012085,-0.21788530051708221,-0.041920214891433716,0.3344351351261139,2.0653347969055176,1.575592041015625,1.2216951847076416,1.6280654668807983,0.034410763531923294,0.1479160636663437,1.0191824436187744,1.0000298023223877,-0.0007417244487442076,-0.2814289629459381,-0.27869489789009094,-0.11097381263971329,2.0940134525299072,1.5769940614700317,1.443746566772461,1.5262389183044434,-1.587628722190857,1.7747912406921387,1.6697522401809692,-0.4278383255004883,-0.10214655101299286,0.7630825638771057,3.0049996376037598,0.03331760689616203,-1.0083074569702148,1.6001232862472534,-2.5391459465026855,1.1266918182373047
131,2.62,0.0,0.30000001192092896,0.0,-0.0014228281797841191,0.35225996375083923,0.03431014344096184,-0.29909592866897583,-0.19729338586330414,0.07270298153162003,1,0,0,1,0.6582654118537903,1.7819716930389404,1.7234857082366943,0.8386220335960388,2.155412435531616,0.265479177236557,0.6153774261474609,1.4720655679702759,0.23531709611415863,-1.0255286693572998,-1.3172248601913452,-0.6224241852760315,-0.01993313431739807,0.541920006275177,1.3853416442871094,0.942909836769104,0.641373872756958,-0.3035927414894104,-0.12864360213279724,0.29970046877861023,2.03752064704895,1.4070978164672852,1.2612497806549072,1.6086500883102417,0.0026122485287487507,0.17496930062770844,1.0462273359298706,0.9901352524757385,-0.004635660909116268,-0.26784610748291016,-0.21820637583732605,-0.11318934708833694,2.0762743949890137,1.559617042541504,1.4073941707611084,1.5507240295410156,-1.545028805732727,0.9657822251319885,1.064102053642273,-0.5391884446144104,-0.22435306012630463,0.5531407594680786,3.0142359733581543,-0.09810560941696167,-0.8887110352516174,-2.4520976543426514,-1.1794883012771606,1.2400784492492676
132,2.64,0.0,0.30000001192092896,0.0,-0.021912673488259315,0.4274928867816925,0.06916061043739319,-0.5107750296592712,-0.2340075671672821,0.05123036727309227,1,0,0,1,0.5169708132743835,1.878958821296692,1.5871312618255615,0.7490515112876892,2.2170286178588867,0.3878359794616699,1.0253560543060303,1.5799686908721924,0.00901805516332388,-1.294258952140808,-1.3668208122253418,-0.6153191328048706,-0.09058043360710144,0.5904135704040527,1.317164421081543,0.8981245756149292,0.6721819639205933,-0.24241432547569275,0.07634571194648743,0.3536520302295685,1.9243711233139038,1.2727327346801758,1.2364517450332642,1.6122026443481445,-0.03191597759723663,0.18573971092700958,1.0455483198165894,0.9793596267700195,-0.004294950980693102,-0.24971532821655273,-0.15763609111309052,-0.11662757396697998,2.053169012069702,1.5007009506225586,1.3960704803466797,1.576906442642212,-1.7024940252304077,0.16230171918869019,-0.17978577315807343,-0.6233119368553162,0.2448897510766983,1.0809611082077026,3.0202248096466064,-0.08187749981880188,-1.3993940353393555,-3.002854824066162,-0.09599032998085022,1.2548288106918335
133,2.66,0.0,0.30000001192092896,0.0,0.059894513338804245,0.3907601237297058,0.15914765000343323,-0.06666454672813416,0.21392621099948883,0.24210509657859802,1,0,1,1,0.48241353034973145,1.9878497123718262,1.4336574077606201,0.8233168721199036,2.2090024948120117,0.33356067538261414,1.2174090147018433,1.7160204648971558,-0.24147938191890717,-1.715082049369812,-1.4364796876907349,-0.6577277183532715,-0.10785907506942749,0.6448590159416199,1.2404274940490723,0.9352571964263916,0.6681689023971558,-0.26955199241638184,0.17237219214439392,0.42167791724205017,1.7991224527359009,1.0623211860656738,1.2016222476959229,1.5909982919692993,-0.06713389605283737,0.1825518161058426,1.0391361713409424,0.9625118374824524,0.00021634172298945487,-0.2364545315504074,-0.12960092723369598,-0.11684317141771317,2.011432409286499,1.446372389793396,1.4051491022109985,1.6009252071380615,-1.7618951797485352,-0.39770883321762085,-0.29902052879333496,-1.0460172891616821,0.0828665941953659,0.20970243215560913,0.4970785677433014,0.35239502787590027,-2.5144262313842773,-2.311399221420288,1.219975471496582,1.0641658306121826
134,2.68,0.0,0.30000001192092896,0.0,0.008049947209656239,0.3512400984764099,0.24903604388237,0.18765376508235931,-0.18661797046661377,0.0923541709780693,1,0,1,1,0.3105790317058563,2.0554773807525635,1.2715076208114624,0.8470104932785034,2.1898021697998047,0.7897996306419373,1.7142630815505981,2.073479652404785,-0.0608571395277977,-2.0061240196228027,-1.165746808052063,-0.9408712387084961,-0.19377632439136505,0.6786728501319885,1.1593525409698486,0.9471040368080139,0.6585687398910522,-0.04143249988555908,0.42079922556877136,0.6004074811935425,1.8894336223602295,0.9168001413345337,1.3369886875152588,1.449426531791687,-0.10969278961420059,0.1747569441795349,1.02732253074646,0.9438570737838745,1.694515776762273e-05,-0.19458886981010437,-0.1164294183254242,-0.09334874898195267,1.9698517322540283,1.4096992015838623,1.4184818267822266,1.6084802150726318,-2.2865824699401855,-0.3571901023387909,-0.7052810788154602,-0.8683921694755554,0.0024821055121719837,2.995060920715332,0.9073636531829834,1.7779653072357178,-2.0064175128936768,-1.3050334453582764,0.4612829387187958,-0.14970025420188904
135,2.7,0.0,0.30000001192092896,0.0,-0.0645284354686737,0.34029078483581543,0.2758467197418213,0.5824109315872192,0.03413587063550949,0.16155557334423065,1,0,1,1,0.23347751796245575,1.882587194442749,1.1661932468414307,0.5131435990333557,1.9253287315368652,0.9908700585365295,1.5551587343215942,1.1497849225997925,-0.13245852291584015,-1.9296622276306152,-1.1765633821487427,-0.9790947437286377,-0.23232707381248474,0.5922277569770813,1.1066954135894775,0.7801705598831177,0.5263320207595825,0.05910271406173706,0.3412470519542694,0.13856014609336853,1.853632926940918,0.9550310373306274,1.331580400466919,1.4303147792816162,-0.1564987450838089,0.16596096754074097,1.015967845916748,0.9178979396820068,3.83895639970433e-05,-0.13476121425628662,-0.0875001922249794,-0.055325474590063095,1.9356352090835571,1.395595669746399,1.424890398979187,1.5998268127441406,-2.3642210960388184,-0.4906634986400604,-0.43514013290405273,-1.6134495735168457,0.00876001175493002,2.9998960494995117,1.8639662265777588,2.0800821781158447,-1.6154706478118896,-0.23071685433387756,0.1759156733751297,-0.675463855266571
136,2.72,0.0,0.30000001192092896,0.0,-0.012552715837955475,0.2889758050441742,0.07994530349969864,0.5255630612373352,0.9411462545394897,0.08438540250062943,0,0,1,0,0.2942691147327423,1.5307767391204834,1.0976454019546509,0.9836757779121399,1.3071705102920532,1.316374659538269,1.3516966104507446,-0.3724088966846466,6.145145744085312e-05,-1.7734185457229614,-1.1364740133285522,-0.9787014722824097,-0.20193128287792206,0.4163225293159485,1.0724215507507324,1.0154366493225098,0.2172529399394989,0.2218550145626068,0.2395159900188446,-0.6225367784500122,1.9198929071426392,1.0331528186798096,1.3516252040863037,1.430511474609375,-0.19906868040561676,0.15848399698734283,1.0140942335128784,0.9056035876274109,-2.598640776341199e-06,-0.07476463913917542,-0.0463690459728241,-0.0960690826177597,1.9137415885925293,1.3972080945968628,1.4282114505767822,1.5577460527420044,-1.824936032295227,-0.3068946599960327,0.04474975913763046,0.23340101540088654,2.259932443848811e-05,2.999335765838623,2.156294584274292,-3.002791166305542,-0.7285950183868408,0.3200235664844513,0.12145206332206726,-3.0001847743988037
137,2.74,0.0,0.30000001192092896,0.0,-0.003518567653372884,0.24297605454921722,0.032416295260190964,-0.004194607492536306,0.14867281913757324,0.1437646448612213,0,1,1,0,0.4742758274078369,1.0627434253692627,1.0691337585449219,2.004952907562256,0.6819891333580017,1.3114728927612305,1.6895607709884644,0.018784338608384132,0.7130477428436279,-1.2884944677352905,-0.8560362458229065,-1.4162954092025757,-0.11192792654037476,0.18230587244033813,1.0581656694412231,1.5260752439498901,-0.09533774852752686,0.21940413117408752,0.40844807028770447,-0.4269401431083679,2.276386022567749,1.2756149768829346,1.4918440580368042,1.211714506149292,-0.2125585675239563,0.14506223797798157,1.013371229171753,0.926020085811615,-0.017531605437397957,-0.04679209366440773,-0.023227717727422714,-0.15508440136909485,1.962883710861206,1.3970081806182861,1.4386374950408936,1.4977151155471802,0.22666025161743164,-0.9945438504219055,-0.18058127164840698,1.587186574935913,-1.3149510622024536,-0.12786312401294708,0.16600149869918823,-2.9974076747894287,3.0003232955932617,-0.3565174341201782,0.7804642915725708,-2.9989664554595947
138,2.7600000000000002,0.0,0.30000001192092896,0.0,0.043978430330753326,0.23552146553993225,-0.03660948574542999,-0.2793501615524292,-0.07207798957824707,0.08447735011577606,0,1,1,0,0.6793012022972107,1.0182602405548096,0.7320095300674438,2.19598388671875,1.014110803604126,1.808852195739746,1.8821481466293335,0.06965138763189316,0.776934802532196,-1.2142887115478516,-0.7329277992248535,-1.3126975297927856,-0.009415239095687866,0.16006428003311157,0.8896035552024841,1.6215907335281372,0.07072308659553528,0.46809378266334534,0.5047417879104614,-0.401506632566452,2.3083295822143555,1.3127177953720093,1.5533982515335083,1.2635133266448975,-0.1805132031440735,0.12780392169952393,1.0069046020507812,0.965151309967041,-0.01959432102739811,-0.04433007538318634,-0.031235940754413605,-0.21477080881595612,2.022890090942383,1.391026496887207,1.4594643115997314,1.4428482055664062,2.5614566802978516,-0.7392337322235107,-0.394086629152298,2.1655826568603516,0.7794681191444397,0.3096979558467865,-0.7841718792915344,-2.991011142730713,3.000278949737549,-0.2495001256465912,1.1534855365753174,-2.3373310565948486
139,2.7800000000000002,0.0,0.30000001192092896,0.0,0.036540109664201736,0.26873910427093506,-0.12425852566957474,-0.17569391429424286,-0.4359807074069977,0.032199468463659286,0,1,1,0,0.8179255127906799,0.8870370388031006,0.7939651012420654,2.2689902782440186,1.2590532302856445,1.7104856967926025,1.8611761331558228,0.45434993505477905,0.619218111038208,-1.165776252746582,-0.5845870971679688,-1.324594259262085,0.05989691615104675,0.09445267915725708,0.9205813407897949,1.6580939292907715,0.19319429993629456,0.41891053318977356,0.49425575137138367,-0.20915734767913818,2.229471206665039,1.336974024772644,1.6275686025619507,1.2575650215148926,-0.12096046656370163,0.11139778047800064,0.9948880672454834,1.006677269935608,2.4667403408784594e-07,-0.037389349192380905,-0.057738788425922394,-0.2543560564517975,2.0828917026519775,1.38738214969635,1.4919698238372803,1.407684087753296,3.0000734329223633,-0.9666199684143066,-0.892949640750885,1.9359753131866455,-0.0005537306424230337,0.35748326778411865,-1.7711812257766724,-1.0780709981918335,3.0000953674316406,-0.07291136682033539,2.04589581489563,-1.20707106590271
140,2.8000000000000003,0.0,0.30000001192092896,0.0,0.005115806125104427,0.2945839762687683,-0.1745726615190506,-0.06186525151133537,-0.4705188572406769,0.028011994436383247,0,1,1,0,1.0061206817626953,0.8563225269317627,0.8687381148338318,2.284555196762085,1.5929404497146606,1.7111926078796387,1.8405119180679321,0.6257191896438599,0.6342796683311462,-1.1559545993804932,-0.5076557397842407,-1.3331559896469116,0.15399450063705444,0.07909542322158813,0.9579678773880005,1.6658763885498047,0.3601379096508026,0.4192639887332916,0.48392364382743835,-0.12347272038459778,2.237001895904541,1.3418848514556885,1.66603422164917,1.253284215927124,-0.060959551483392715,0.09087826311588287,0.9769172072410583,1.0387153625488281,-3.225025135833448e-09,-0.03342550992965698,-0.09641649574041367,-0.24608373641967773,2.142893075942993,1.3863976001739502,1.537251353263855,1.3937370777130127,3.000018835067749,-1.0767160654067993,-0.8874770402908325,1.2833036184310913,2.3374699594569393e-05,0.04726804420351982,-1.9181830883026123,1.4789819717407227,3.0000252723693848,-0.021984057500958443,2.3519256114959717,-0.2749439477920532
141,2.82,0.0,0.30000001192092896,0.0,-0.01569586992263794,0.32743632793426514,-0.19389842450618744,0.02351616881787777,-0.30164602398872375,0.04665549844503403,0,1,1,0,1.2476239204406738,0.8025099039077759,0.7750035524368286,2.302452325820923,1.9309544563293457,1.7930738925933838,1.85053288936615,0.7254312038421631,0.5997803211212158,-1.1231006383895874,-0.465566486120224,-1.343917727470398,0.2747461199760437,0.05218911170959473,0.9111005663871765,1.6748249530792236,0.5291448831558228,0.4602046310901642,0.48893412947654724,-0.07361671328544617,2.219752311706543,1.3583118915557861,1.6870789527893066,1.2479033470153809,-0.0009639342897571623,0.06676400452852249,0.9596878290176392,1.046488642692566,4.0819340938469395e-06,-0.03792879357933998,-0.1341015249490738,-0.19475461542606354,2.197042465209961,1.3869006633758545,1.586818814277649,1.3948990106582642,2.999660015106201,-1.2324868440628052,-0.8084364533424377,-0.1253952831029892,0.0001052516745403409,-0.44619980454444885,-1.6867704391479492,3.007801055908203,2.2803609371185303,0.04268399998545647,2.4468722343444824,0.3241826891899109
142,2.84,0.0,0.30000001192092896,0.0,0.010803638957440853,0.34693747758865356,-0.17486661672592163,0.007942398078739643,0.00257041840814054,-0.029251841828227043,0,1,1,0,1.3526428937911987,0.735639214515686,0.6686593890190125,2.3351566791534424,2.0693159103393555,1.7926753759384155,1.802099347114563,0.7403754591941833,0.5182451605796814,-1.081770658493042,-0.4955098032951355,-1.3508739471435547,0.32725560665130615,0.018753767013549805,0.8579285144805908,1.6911771297454834,0.5983256101608276,0.46000537276268005,0.4647173583507538,-0.06614458560943604,2.1789846420288086,1.378976821899414,1.672107219696045,1.2444251775741577,0.05902406573295593,0.043202027678489685,0.9429702758789062,1.0425463914871216,5.523114850802813e-06,-0.0522574856877327,-0.16305366158485413,-0.13435634970664978,2.2195775508880615,1.3894230127334595,1.632982850074768,1.404591679573059,2.999523878097534,-1.1038646697998047,-0.8517230749130249,-0.24356317520141602,-0.00019167925347574055,-0.8491300940513611,-1.1192574501037598,3.0180513858795166,0.25625282526016235,0.13437266647815704,2.085127830505371,0.5538047552108765
143,2.86,0.0,0.30000001192092896,0.0,0.07716654241085052,0.3766392767429352,-0.08660854399204254,0.17959699034690857,-0.1423976719379425,-0.017626523971557617,0,1,1,1,1.3733443021774292,0.5924386382102966,0.5827075242996216,2.3049635887145996,2.0167784690856934,1.5335986614227295,1.6838682889938354,0.9986246228218079,0.3769746422767639,-1.114502191543579,-0.5658989548683167,-1.343108057975769,0.3376063108444214,-0.0528465211391449,0.814952552318573,1.676080584526062,0.5720568895339966,0.33046701550483704,0.40560182929039,0.06297999620437622,2.108349561691284,1.3626110553741455,1.6369127035140991,1.2483081817626953,0.1167503371834755,0.01805458404123783,0.9227395057678223,1.0354505777359009,4.261892627255293e-06,-0.06925328075885773,-0.17997772991657257,-0.08954170346260071,2.195516347885132,1.3924641609191895,1.6693183183670044,1.399677038192749,2.698819637298584,-1.4289906024932861,-1.29774010181427,-0.5793092846870422,-0.0004125987470615655,-0.45726722478866577,-0.6318817734718323,0.8417196869850159,-2.0840115547180176,-0.00502052903175354,1.528397560119629,-0.9353882670402527
144,2.88,0.0,0.30000001192092896,0.0,0.079049251973629,0.2237103134393692,0.05395612493157387,0.40311959385871887,0.6003290414810181,0.07449745386838913,1,0,1,1,1.1461304426193237,0.6868906617164612,0.8067447543144226,1.6434975862503052,2.0018844604492188,0.33296310901641846,1.0818376541137695,1.7876824140548706,0.20983129739761353,-1.1524457931518555,-0.654565691947937,-1.2981256246566772,0.22399938106536865,-0.005620509386062622,0.9269711971282959,1.3453476428985596,0.5646098852157593,-0.2698507606983185,0.10458651185035706,0.4575088918209076,2.024777889251709,1.3436392545700073,1.5925793647766113,1.2707993984222412,0.16061675548553467,-0.0033679124899208546,0.8997531533241272,1.025089144706726,7.937070040497929e-05,-0.1094689667224884,-0.1702459454536438,-0.08895231783390045,2.14884352684021,1.4009135961532593,1.6854355335235596,1.431623101234436,0.9583660960197449,-0.9552228450775146,-0.7149555683135986,-0.7036691904067993,0.23853015899658203,-2.892962694168091,1.5623197555541992,-0.06730902194976807,-0.07299113273620605,0.6605427861213684,-0.1303286999464035,1.3156710863113403
145,2.9,0.0,0.30000001192092896,0.0,0.10465867072343826,0.2606099545955658,0.10445468127727509,-0.23161503672599792,0.021758612245321274,0.08558948338031769,1,0,0,1,0.6761282682418823,1.2760913372039795,1.2728075981140137,0.9193547368049622,2.4874587059020996,-0.6215901970863342,-0.5738390684127808,1.423902153968811,-0.45967257022857666,-1.3637220859527588,-1.0399266481399536,-0.8653831481933594,-0.01100170612335205,0.28897982835769653,1.160002589225769,0.9832761287689209,0.8073970079421997,-0.7471274137496948,-0.7232518196105957,0.2756187617778778,1.690025806427002,1.2380011081695557,1.3998987674713135,1.4871705770492554,0.14378435909748077,0.00021486049809027463,0.9036595821380615,1.0175065994262695,0.0003980949695687741,-0.1687723845243454,-0.21338407695293427,-0.09529656171798706,2.124617099761963,1.4155712127685547,1.6370480060577393,1.45525062084198,-1.4240847826004028,1.0194334983825684,0.7896194458007812,-0.1882505565881729,0.02479909360408783,-2.987961769104004,-2.9524245262145996,-0.060428716242313385,-1.4860695600509644,0.6552928686141968,-2.999540328979492,1.1555348634719849
146,2.92,0.0,0.30000001192092896,0.0,0.02634902484714985,0.31377699971199036,0.05695885419845581,-0.1046067476272583,0.049361877143383026,-0.05461234971880913,1,0,0,1,0.6597540974617004,1.46035635471344,1.7408666610717773,0.7304663062095642,2.2565901279449463,0.007577933371067047,-0.3632892966270447,1.3534668684005737,0.19969488680362701,-0.4778446853160858,-1.4660990238189697,-0.7514751553535461,-0.019188791513442993,0.38111233711242676,1.3940321207046509,0.8888319730758667,0.691962718963623,-0.4325433373451233,-0.61797696352005,0.24040111899375916,2.019709587097168,1.680939793586731,1.1868126392364502,1.5441246032714844,0.10848729312419891,0.036002468317747116,0.930418848991394,1.0113255977630615,1.2786512343154754e-05,-0.22926203906536102,-0.2726874351501465,-0.0983864814043045,2.1044318675994873,1.468703269958496,1.577118158340454,1.480121374130249,-2.0492167472839355,2.3108654022216797,1.734428882598877,-0.43042153120040894,0.019229210913181305,-3.0060973167419434,-2.9826884269714355,-0.18391567468643188,-0.8832805752754211,2.997039318084717,-2.9977080821990967,1.246147871017456
147,2.94,0.0,0.30000001192092896,0.0,0.03019637241959572,0.2840721905231476,0.04652680084109306,-0.35421255230903625,-0.19857516884803772,0.03255927562713623,1,0,0,1,0.9259443879127502,1.4689171314239502,1.6778337955474854,1.086565613746643,2.1888673305511475,0.31686389446258545,0.29583775997161865,1.447324514389038,0.23998691141605377,-0.28505444526672363,-1.4760693311691284,-0.6603508591651917,0.11390635371208191,0.3853927254676819,1.3625156879425049,1.0668816566467285,0.6581013202667236,-0.277900367975235,-0.2884134352207184,0.28732994198799133,2.039855718612671,1.7773349285125732,1.1818275451660156,1.5896867513656616,0.07728061825037003,0.08743400871753693,0.9705986976623535,1.00515878200531,-0.0007286388427019119,-0.2747940421104431,-0.31691062450408936,-0.10287461429834366,2.0876917839050293,1.5286853313446045,1.5170810222625732,1.5041701793670654,-1.1415585279464722,2.6514995098114014,2.144129991531372,-0.20601142942905426,-0.03196757286787033,-1.6150752305984497,-1.5430729389190674,-0.1340138465166092,-0.9177402257919312,3.000447988510132,-3.002318859100342,1.1004070043563843
148,2.96,0.0,0.30000001192092896,0.0,0.018103424459695816,0.3231264650821686,0.041915375739336014,-0.30379727482795715,-0.18964385986328125,0.003509440692141652,1,0,0,1,0.6928748488426208,1.647093415260315,1.6304593086242676,0.8920443654060364,2.3329720497131348,0.4748169779777527,0.8864586353302002,1.5657497644424438,0.27543649077415466,-0.5930967330932617,-1.4177600145339966,-0.5708850026130676,-0.002628415822982788,0.47448086738586426,1.338828444480896,0.969620943069458,0.7301536798477173,-0.19892382621765137,0.006897002458572388,0.3465425670146942,2.0575804710388184,1.6233137845993042,1.210982084274292,1.6344196796417236,0.04989004135131836,0.13730360567569733,1.0107625722885132,0.9991538524627686,-0.0014851080486550927,-0.2831322252750397,-0.28522294759750366,-0.10669205337762833,2.069856882095337,1.5853952169418335,1.4578802585601807,1.5277808904647827,-1.4888960123062134,2.2463035583496094,1.8210151195526123,-0.3146821856498718,-0.12730906903743744,0.5811073780059814,3.001974105834961,-0.08925261348485947,-0.8897431492805481,2.52118182182312,-2.7636961936950684,1.1786831617355347
149,2.98,0.0,0.30000001192092896,0.0,-0.008572975173592567,0.3567999601364136,-0.0005855477065779269,-0.37461477518081665,-0.2598845660686493,0.05981561541557312,1,0,0,1,0.704797089099884,1.7706550359725952,1.6973683834075928,0.8415130972862244,2.1828629970550537,0.2525739371776581,0.661968469619751,1.5019806623458862,0.2301444560289383,-1.0002002716064453,-1.3040062189102173,-0.5809885263442993,0.0033327043056488037,0.5362616777420044,1.3722829818725586,0.9443553686141968,0.6550991535186768,-0.31004536151885986,-0.10534808039665222,0.3146580159664154,2.0349342823028564,1.4197620153427124,1.2678589820861816,1.6293678283691406,0.019992299377918243,0.1727685034275055,1.0413295030593872,0.9909986853599548,-0.00710564199835062,-0.2729138731956482,-0.22474150359630585,-0.11206656694412231,2.05515456199646,1.577149510383606,1.4154242277145386,1.554389476776123,-1.456038236618042,1.3269312381744385,1.2520478963851929,-0.4730527400970459,-0.3499585688114166,0.40230318903923035,3.015709161758423,-0.27884072065353394,-0.7165589332580566,-2.348623275756836,-1.5118722915649414,1.3753135204315186
150,3.0,0.0,0.30000001192092896,0.0,-0.033055033534765244,0.4447563886642456,0.029618725180625916,-0.55854332447052,-0.287950724363327,0.0316455215215683,1,0,0,1,0.5360040068626404,1.8861939907073975,1.5756546258926392,0.736850380897522,2.251159906387329,0.38568276166915894,1.084565281867981,1.619093894958496,0.016000233590602875,-1.238370418548584,-1.347816824913025,-0.5740664601325989,-0.08106383681297302,0.5940311551094055,1.3114261627197266,0.8920239806175232,0.6892476081848145,-0.24349093437194824,0.10595032572746277,0.37321463227272034,1.927862286567688,1.300676941871643,1.2459537982940674,1.632828950881958,-0.013754148967564106,0.18912050127983093,1.046428918838501,0.9805622100830078,-0.010067341849207878,-0.25657355785369873,-0.1641778200864792,-0.1192304715514183,2.036329507827759,1.5182831287384033,1.3982841968536377,1.5839030742645264,-1.7517579793930054,0.3776187002658844,-0.12534305453300476,-0.6047641038894653,0.054025035351514816,1.0436022281646729,3.022291421890259,-0.2701836824417114,-1.1791584491729736,-3.003739833831787,-0.33957359194755554,1.4445228576660156
151,3.02,0.0,0.30000001192092896,0.0,0.0749829113483429,0.391166090965271,0.14383700489997864,0.05598175525665283,0.3024429976940155,0.25304704904556274,1,0,1,1,0.5142727494239807,2.0070414543151855,1.4254415035247803,0.8387698531150818,2.238356351852417,0.3210793733596802,1.2897003889083862,1.7685258388519287,-0.2471114844083786,-1.671507477760315,-1.4308828115463257,-0.6186484694480896,-0.09192946553230286,0.6544548869132996,1.2363195419311523,0.9429837465286255,0.6828458309173584,-0.2757926285266876,0.2085178792476654,0.44793060421943665,1.7963063716888428,1.0841083526611328,1.204420804977417,1.6105378866195679,-0.04992586001753807,0.1891203373670578,1.0397613048553467,0.9599087834358215,0.0001380948378937319,-0.2473682463169098,-0.14846312999725342,-0.12474782019853592,1.994552493095398,1.4603707790374756,1.4112690687179565,1.6117053031921387,-1.84263277053833,-0.3159273862838745,-0.36455413699150085,-1.2098867893218994,-0.02602149173617363,0.21559134125709534,0.7673054337501526,0.1990569680929184,-2.470916748046875,-2.6341917514801025,0.7550371289253235,1.247756004333496
152,3.04,0.0,0.30000001192092896,0.0,0.03644177317619324,0.3512610197067261,0.25101494789123535,0.30069753527641296,-0.06627756357192993,0.06669023633003235,1,0,1,1,0.31339704990386963,2.0714688301086426,1.3546290397644043,0.8846614956855774,2.2744719982147217,0.7911728024482727,1.670973539352417,1.9801788330078125,-0.1198187842965126,-1.877725601196289,-1.2121976613998413,-0.9037576913833618,-0.1923673152923584,0.6866685748100281,1.2009133100509644,0.9659295082092285,0.7009036540985107,-0.04074591398239136,0.3991544544696808,0.5537570714950562,1.8599528074264526,0.9809993505477905,1.3137633800506592,1.4679832458496094,-0.09529004245996475,0.1821049451828003,1.027299165725708,0.9398540258407593,2.103356018778868e-05,-0.204203262925148,-0.1295592039823532,-0.10263018310070038,1.952246904373169,1.416426181793213,1.4216718673706055,1.6219561100006104,-2.4781017303466797,-0.35587435960769653,-0.7795572876930237,-0.9012396335601807,0.0021858257241547108,2.994166612625122,1.2328325510025024,1.7320561408996582,-2.079765558242798,-1.6561628580093384,0.28167352080345154,-0.018954146653413773
153,3.06,0.0,0.30000001192092896,0.0,-0.033936936408281326,0.342561811208725,0.292425274848938,0.6671976447105408,0.09619247168302536,0.12274879217147827,1,0,1,1,0.24670684337615967,1.8795417547225952,1.2632334232330322,0.5406709909439087,1.977339506149292,0.9470860362052917,1.4947214126586914,1.1737780570983887,-0.21476775407791138,-1.880997657775879,-1.1975847482681274,-0.9721592664718628,-0.22571241855621338,0.5907050371170044,1.1552155017852783,0.7939342856407166,0.5523374080657959,0.037210702896118164,0.311028391122818,0.15055671334266663,1.8124783039093018,0.9793633222579956,1.3210697174072266,1.4337825775146484,-0.14577235281467438,0.17247599363327026,1.013779878616333,0.9138975143432617,4.749784420710057e-05,-0.14436976611614227,-0.09451426565647125,-0.06399119645357132,1.9151116609573364,1.3965455293655396,1.4240907430648804,1.6148154735565186,-2.541019916534424,-0.5643006563186646,-0.5680037140846252,-1.578277826309204,0.008194216527044773,2.999013900756836,2.145383834838867,2.17084002494812,-1.8137996196746826,-0.4528310298919678,-0.036705680191516876,-0.64495450258255
154,3.08,0.0,0.30000001192092896,0.0,0.012285750359296799,0.29768240451812744,0.0922832041978836,0.5982691645622253,1.000892996788025,0.06643879413604736,0,0,1,0,0.3023258447647095,1.537458896636963,1.190008282661438,0.9559358954429626,1.3619229793548584,1.2336320877075195,1.278190016746521,-0.2672800123691559,-0.09106922894716263,-1.773773431777954,-1.1533366441726685,-0.9704411029815674,-0.19790291786193848,0.41966360807418823,1.118602991104126,1.001566767692566,0.2446291744709015,0.18048372864723206,0.2027626931667328,-0.5699723362922668,1.874327540397644,1.032975435256958,1.343193769454956,1.4346415996551514,-0.1917872130870819,0.16266638040542603,1.0092657804489136,0.9005663394927979,-2.288009909534594e-06,-0.08438678085803986,-0.04810519888997078,-0.10137331485748291,1.884842038154602,1.3952133655548096,1.4235907793045044,1.5711339712142944,-1.994055151939392,-0.44815298914909363,-0.06777472048997879,0.11841841042041779,-4.9789065087679774e-05,2.9988481998443604,2.3989992141723633,-3.0032222270965576,-1.2600882053375244,0.23494777083396912,-0.04554217681288719,-3.000187397003174
155,3.1,0.0,0.30000001192092896,0.0,0.014634893275797367,0.2461506873369217,0.04999467730522156,0.025545017793774605,0.10472593456506729,0.13699136674404144,0,1,1,0,0.5049781203269958,1.050095558166504,1.1381465196609497,1.9645226001739502,0.6058883666992188,1.2105907201766968,1.6068147420883179,-0.03627709299325943,0.6270657777786255,-1.2909729480743408,-0.8701536059379578,-1.3975788354873657,-0.09657678008079529,0.17598193883895874,1.0926721096038818,1.5058600902557373,-0.13338813185691833,0.16896304488182068,0.3670750558376312,-0.4544708728790283,2.2333950996398926,1.2743756771087646,1.4847853183746338,1.2210726737976074,-0.2059374898672104,0.14569252729415894,1.006805658340454,0.9195255637168884,-0.025362839922308922,-0.05260281264781952,-0.01891057938337326,-0.16049794852733612,1.9301402568817139,1.389925479888916,1.4305802583694458,1.511216163635254,0.23836925625801086,-1.0114045143127441,-0.3327656686306,1.5234625339508057,-1.8009440898895264,-0.4915454685688019,-0.0063612014055252075,-3.0020713806152344,3.000310182571411,0.21454234421253204,0.8658983111381531,-3.0011374950408936
156,3.12,0.0,0.30000001192092896,0.0,0.06250197440385818,0.22644713521003723,-0.02722845785319805,-0.2690352499485016,-0.044680215418338776,0.1343943029642105,0,1,1,0,0.6646920442581177,1.0440843105316162,0.7932355999946594,2.1611690521240234,0.9440507888793945,1.7678048610687256,1.7994710206985474,-0.04450003057718277,0.7316170930862427,-1.2724950313568115,-0.7881437540054321,-1.285995364189148,-0.016719818115234375,0.1729763150215149,0.9202165603637695,1.604183316230774,0.035693079233169556,0.4475701153278351,0.46340319514274597,-0.45858234167099,2.285670757293701,1.2836146354675293,1.5257902145385742,1.2768645286560059,-0.17487040162086487,0.12770991027355194,0.9989122152328491,0.9580929279327393,-0.037704065442085266,-0.05191992223262787,-0.02495596744120121,-0.22025750577449799,1.9901468753814697,1.3897333145141602,1.4500254392623901,1.4537503719329834,2.4560494422912598,-0.7934910655021667,-0.36645883321762085,2.169649839401245,0.2943137288093567,0.26516950130462646,-0.669677734375,-2.9904708862304688,3.000293254852295,-0.11100669205188751,0.9542258977890015,-2.5779550075531006
157,3.14,0.0,0.30000001192092896,0.0,0.06165867671370506,0.26555490493774414,-0.09711103141307831,-0.3672138750553131,-0.23020434379577637,0.05559417977929115,0,1,1,0,0.7670040726661682,0.8961855173110962,0.7663386464118958,2.1824145317077637,1.1970125436782837,1.6630971431732178,1.8262478113174438,0.3422203063964844,0.5911096930503845,-1.2090438604354858,-0.6167960166931152,-1.310465693473816,0.034436196088790894,0.09902691841125488,0.9067680835723877,1.614806056022644,0.16217395663261414,0.3952162563800812,0.4767915904521942,-0.2652221620082855,2.21541690826416,1.315340280532837,1.6114641427993774,1.2646293640136719,-0.11590780317783356,0.11188149452209473,0.9886647462844849,1.000742793083191,-0.014344642870128155,-0.045011501759290695,-0.048784930258989334,-0.26902371644973755,2.050149440765381,1.3876674175262451,1.4784564971923828,1.4135781526565552,3.0002169609069824,-0.7728695273399353,-0.6486823558807373,2.028071641921997,1.734882116317749,0.40313464403152466,-1.471448540687561,-1.9088478088378906,3.000120162963867,-0.15997852385044098,1.66350257396698,-1.4552069902420044
158,3.16,0.0,0.30000001192092896,0.0,0.023514244705438614,0.285388320684433,-0.1658300757408142,-0.1228293627500534,-0.5610567331314087,0.04101945459842682,0,1,1,0,0.9914495348930359,0.8771122097969055,0.858698844909668,2.2867319583892822,1.4411152601242065,1.6333335638046265,1.792235255241394,0.6854227781295776,0.5073583722114563,-1.177128553390503,-0.5216493010520935,-1.3329108953475952,0.14665892720222473,0.08949026465415955,0.9529482126235962,1.6669647693634033,0.28422531485557556,0.3803344666957855,0.4597853124141693,-0.09362092614173889,2.173541307449341,1.3312978744506836,1.659037470817566,1.2534067630767822,-0.05591416731476784,0.09311192482709885,0.9716054797172546,1.0351142883300781,1.2443950936358306e-06,-0.03718075528740883,-0.08726750314235687,-0.2637956738471985,2.1100175380706787,1.3857016563415527,1.5203031301498413,1.39448082447052,2.9999406337738037,-1.047597885131836,-0.9541797041893005,1.412969946861267,0.00032111842301674187,0.3265005052089691,-2.0669918060302734,1.81331467628479,2.9477882385253906,-0.07704081386327744,2.2831482887268066,-0.5110307335853577
159,3.18,0.0,0.30000001192092896,0.0,-0.001763617736287415,0.3159666359424591,-0.19097945094108582,-0.06563728302717209,-0.33574649691581726,0.07996596395969391,0,1,1,0,1.2254704236984253,0.8204020261764526,0.8015086650848389,2.2173776626586914,1.8800663948059082,1.7788249254226685,1.8405805826187134,0.6413930654525757,0.5489640235900879,-1.1489262580871582,-0.5034882426261902,-1.336788296699524,0.26366937160491943,0.061135172843933105,0.9243531227111816,1.632287621498108,0.503700852394104,0.4530801475048065,0.483957976102829,-0.11563578248023987,2.1943440437316895,1.345399022102356,1.6681180000305176,1.2514679431915283,0.004081999883055687,0.0700761005282402,0.9543458819389343,1.0469833612442017,3.846891104331007e-06,-0.03730285167694092,-0.127823144197464,-0.21138374507427216,2.165353298187256,1.3860814571380615,1.5685184001922607,1.3929022550582886,2.9996674060821533,-1.1873599290847778,-0.7579805850982666,-0.07106940448284149,0.00014044040290173143,-0.2635496258735657,-1.8238407373428345,3.005824327468872,2.4130795001983643,0.06617143005132675,2.3834712505340576,0.24787697196006775
160,3.2,0.0,0.30000001192092896,0.0,0.023648522794246674,0.3317563831806183,-0.17521053552627563,-0.08481132239103317,0.006131753325462341,-0.0031896564178168774,0,1,1,0,1.3210514783859253,0.7646693587303162,0.676230788230896,2.266542673110962,2.007835865020752,1.7525064945220947,1.7775822877883911,0.6840231418609619,0.4501885771751404,-1.1306711435317993,-0.5357280969619751,-1.3371326923370361,0.31145989894866943,0.03326883912086487,0.8617141842842102,1.6568701267242432,0.5675855875015259,0.43992093205451965,0.45245882868766785,-0.09432074427604675,2.144956350326538,1.3545265197753906,1.6519980430603027,1.251295804977417,0.06406895816326141,0.047602199018001556,0.9389024376869202,1.0439451932907104,6.132347607490374e-06,-0.048784948885440826,-0.15925581753253937,-0.1510557383298874,2.189054489135742,1.3892333507537842,1.6134320497512817,1.4020940065383911,2.999479055404663,-1.0310083627700806,-0.7723634839057922,-0.20824462175369263,-0.0002125542814610526,-0.740290641784668,-1.2321200370788574,3.0066616535186768,0.25794005393981934,0.176947683095932,2.0342063903808594,0.5660697817802429
161,3.22,0.0,0.30000001192092896,0.0,0.015760064125061035,0.29616281390190125,-0.018695812672376633,0.21891868114471436,-0.5136280059814453,-0.09470929950475693,0,1,1,1,1.342909812927246,0.6173597574234009,0.5807892084121704,2.2309749126434326,1.95279860496521,1.4615458250045776,1.654475450515747,0.9774892330169678,0.2780952453613281,-1.171600580215454,-0.5998697876930237,-1.3151895999908447,0.32238906621932983,-0.04038596153259277,0.8139933943748474,1.6390862464904785,0.5400669574737549,0.2944405972957611,0.3909054100513458,0.05241230130195618,2.0589098930358887,1.334061861038208,1.6199272871017456,1.2622673511505127,0.12131742388010025,0.02580682933330536,0.9206123948097229,1.0393537282943726,5.218878413870698e-06,-0.061641573905944824,-0.17819775640964508,-0.10612456500530243,2.1607797145843506,1.3938400745391846,1.6482365131378174,1.4158381223678589,2.670431613922119,-1.0556730031967163,-1.3080109357833862,-0.1567687839269638,-0.0004506120167206973,0.40519633889198303,-0.7472355961799622,-0.31287071108818054,-2.4047317504882812,0.2610565423965454,1.3343690633773804,2.1234023571014404
162,3.24,0.0,0.30000001192092896,0.0,0.05517789348959923,0.1804659515619278,0.04890018701553345,0.4519868493080139,0.5201113820075989,-0.07109203934669495,1,0,1,1,0.9014901518821716,0.8827610015869141,0.8485537171363831,1.572686791419983,1.9887099266052246,-0.237883061170578,1.0398523807525635,2.0376129150390625,-0.1860007345676422,-1.2699322700500488,-0.7285892963409424,-1.3288418054580688,0.1016792356967926,0.09231466054916382,0.9478756189346313,1.3099422454833984,0.5580226182937622,-0.5552738308906555,0.08359387516975403,0.5824741125106812,1.8268617391586304,1.2848960161209106,1.5555675029754639,1.2554411888122559,0.15466833114624023,0.019619718194007874,0.899740993976593,1.0293854475021362,9.777857485460117e-05,-0.11302179843187332,-0.164858877658844,-0.10838764905929565,2.1122562885284424,1.406488060951233,1.662275791168213,1.4442052841186523,0.14051726460456848,0.24705061316490173,-0.4462701976299286,-0.6294782161712646,-0.11005133390426636,-2.979011058807373,1.6265437602996826,-0.2908737063407898,-0.9529857635498047,0.7274760007858276,-0.40254101157188416,0.9642554521560669
163,3.2600000000000002,0.0,0.30000001192092896,0.0,0.0645417720079422,0.2537941038608551,0.07943717390298843,-0.016545545309782028,0.06757638603448868,0.03164042532444,1,0,0,1,0.6409770846366882,1.3141968250274658,1.331717848777771,0.8127269148826599,2.5560436248779297,-0.5335952639579773,-0.2508874833583832,1.5199661254882812,-0.34008657932281494,-1.2497057914733887,-0.984546959400177,-0.8305931091308594,-0.028577297925949097,0.3080325722694397,1.189457654953003,0.9299622774124146,0.8416894674301147,-0.7031299471855164,-0.5617760419845581,0.3236507475376129,1.7498188018798828,1.2950092554092407,1.427588701248169,1.5045655965805054,0.13018278777599335,0.03725368529558182,0.907871425151825,1.0213836431503296,0.0003671885933727026,-0.17259755730628967,-0.19868692755699158,-0.1120576411485672,2.0964462757110596,1.4199978113174438,1.6140793561935425,1.4648982286453247,-1.6258695125579834,1.379044771194458,0.9858462810516357,-0.34866106510162354,0.02188422903418541,-2.991431951522827,-2.976425886154175,-0.004956014454364777,-0.9715455174446106,0.5320854783058167,-2.9981517791748047,1.0737948417663574
164,3.2800000000000002,0.0,0.30000001192092896,0.0,0.01875116676092148,0.27122288942337036,0.06973978132009506,-0.08550675213336945,-0.014615792781114578,-0.0178332831710577,1,0,0,1,0.7560976147651672,1.4464350938796997,1.6840476989746094,0.8637456297874451,2.342541217803955,0.09916291385889053,0.04788748174905777,1.5033879280090332,0.11421286314725876,-0.4319031238555908,-1.4274837970733643,-0.7869040966033936,0.028982967138290405,0.37415170669555664,1.365622639656067,0.9554716348648071,0.7349382638931274,-0.38675084710121155,-0.41238856315612793,0.3153616487979889,1.97696852684021,1.7039105892181396,1.206120252609253,1.5264101028442383,0.09779735654592514,0.07409420609474182,0.9380032420158386,1.0142285823822021,-8.381204679608345e-06,-0.2329675704240799,-0.25795063376426697,-0.11258447915315628,2.0800135135650635,1.4731216430664062,1.5541068315505981,1.485605239868164,-1.6473921537399292,2.111337184906006,1.8682277202606201,-0.38000720739364624,0.05044901743531227,-3.0056209564208984,-2.9733784198760986,0.0331939235329628,-0.8425008654594421,2.99726939201355,-2.998946189880371,0.9489690065383911
165,3.3000000000000003,0.0,0.30000001192092896,0.0,0.029382888227701187,0.263047456741333,0.08218210190534592,-0.21807903051376343,-0.18132078647613525,0.04280049726366997,1,0,0,1,0.8563953638076782,1.5146534442901611,1.6369065046310425,1.062658429145813,2.2927169799804688,0.3941551744937897,0.615047812461853,1.5531578063964844,0.17473210394382477,-0.3831872045993805,-1.4511233568191528,-0.6742969751358032,0.0791318416595459,0.40826088190078735,1.3420519828796387,1.0549280643463135,0.7100261449813843,-0.23925472795963287,-0.1288084089756012,0.3402465879917145,2.007228136062622,1.7282685041427612,1.1943004131317139,1.5827136039733887,0.07010035961866379,0.11721260100603104,0.9788361191749573,1.0079903602600098,-0.00014251279935706407,-0.2722659409046173,-0.2771226465702057,-0.11116683483123779,2.0631062984466553,1.5330909490585327,1.4940757751464844,1.5037168264389038,-1.1450777053833008,2.090538263320923,2.093393325805664,-0.2508796453475952,0.024985317140817642,-1.0884068012237549,0.5599675178527832,0.210796058177948,-0.969085156917572,2.9995267391204834,-3.0017552375793457,0.7965105772018433
166,3.3200000000000003,0.0,0.30000001192092896,0.0,0.00593287218362093,0.3084126114845276,0.05540194362401962,-0.21218393743038177,-0.20738603174686432,0.05296673998236656,1,0,0,1,0.699459969997406,1.6504292488098145,1.6441690921783447,0.8507850766181946,2.3048930168151855,0.4071136713027954,0.7238696813583374,1.5016438961029053,0.2226606160402298,-0.7761247158050537,-1.3461474180221558,-0.6067137718200684,0.00066414475440979,0.476148784160614,1.3456833362579346,0.9489912986755371,0.7161141633987427,-0.23277547955513,-0.07439747452735901,0.3144896328449249,2.0311925411224365,1.5317997932434082,1.246788501739502,1.6165052652359009,0.04390764236450195,0.15369245409965515,1.0175130367279053,1.000898003578186,-0.0018837079405784607,-0.2773229777812958,-0.23335537314414978,-0.10927040129899979,2.045949935913086,1.5680453777313232,1.4381954669952393,1.522631049156189,-1.4008421897888184,1.525647759437561,1.7358052730560303,-0.41502225399017334,-0.17788177728652954,0.39812153577804565,3.0051887035369873,0.12838491797447205,-0.8346772193908691,0.7707979083061218,-2.386277437210083,0.977047860622406
167,3.34,0.0,0.30000001192092896,0.0,-0.021818120032548904,0.3608625531196594,0.03165970370173454,-0.3116024434566498,-0.22591230273246765,0.06730696558952332,1,0,0,1,0.6452340483665466,1.7631003856658936,1.661422848701477,0.8071650862693787,2.1982922554016113,0.2988206148147583,0.6940015554428101,1.48759126663208,0.11557423323392868,-1.0674372911453247,-1.318819522857666,-0.6192877292633057,-0.026448816061019897,0.5324843525886536,1.3543102741241455,0.9271813631057739,0.6628137826919556,-0.28692200779914856,-0.08933153748512268,0.30746331810951233,1.977649211883545,1.386143445968628,1.260452389717102,1.6102182865142822,0.013934353366494179,0.17579355835914612,1.045474886894226,0.9906614422798157,-0.005842686630785465,-0.2674644887447357,-0.17284934222698212,-0.11049364507198334,2.030186653137207,1.5424646139144897,1.405092716217041,1.5455565452575684,-1.5334371328353882,0.7307130098342896,1.0910667181015015,-0.5813999176025391,-0.16485963761806488,0.5073164701461792,3.0157723426818848,-0.07805951684713364,-0.8450875878334045,-2.544761896133423,-1.023611307144165,1.1863837242126465
168,3.36,0.0,0.30000001192092896,0.0,0.03969275578856468,0.35713788866996765,0.1425534039735794,-0.16294889152050018,0.4816136062145233,0.1296302080154419,1,0,1,1,0.5543321967124939,1.8696179389953613,1.5473642349243164,0.7759389281272888,2.222569465637207,0.3710073232650757,1.0487741231918335,1.5973823070526123,-0.09115872532129288,-1.330021858215332,-1.3747575283050537,-0.6323192715644836,-0.07189974188804626,0.5857431292533875,1.2972809076309204,0.911568284034729,0.6749523878097534,-0.25082865357398987,0.08805474638938904,0.36235883831977844,1.8742828369140625,1.254851222038269,1.2324833869934082,1.6037025451660156,-0.019671568647027016,0.18310301005840302,1.0447372198104858,0.9777094721794128,-0.00047269422793760896,-0.2537021338939667,-0.12583860754966736,-0.11500153690576553,2.0053820610046387,1.4838004112243652,1.3992724418640137,1.571268081665039,-1.577169418334961,0.09385178983211517,-0.19750258326530457,-1.172065019607544,1.194135069847107,0.3875381052494049,0.04780220985412598,-0.3869295120239258,-2.0215070247650146,-2.9502341747283936,1.5669476985931396,1.1988340616226196
169,3.38,0.0,0.30000001192092896,0.0,0.02299942634999752,0.33498096466064453,0.21326179802417755,0.11719051003456116,-0.13016843795776367,0.10422109067440033,1,0,1,1,0.4594714045524597,2.027285099029541,1.3583223819732666,0.9005637764930725,2.1067593097686768,0.7789605855941772,1.798207402229309,2.2393264770507812,-0.2058446705341339,-1.8408845663070679,-1.2011115550994873,-0.9276250004768372,-0.11933013796806335,0.6645767092704773,1.2027599811553955,0.9738806486129761,0.6170473098754883,-0.04685202240943909,0.46277138590812683,0.6833308935165405,1.8169398307800293,0.9994198679924011,1.3193063735961914,1.4560496807098389,-0.05771874263882637,0.18113315105438232,1.0350315570831299,0.9610828161239624,8.012766193132848e-05,-0.20762112736701965,-0.11680593341588974,-0.10061386227607727,1.9644386768341064,1.4310404062271118,1.4158343076705933,1.5835105180740356,-1.9599262475967407,-0.2158849686384201,-0.6242213249206543,-0.7864922285079956,-0.030297666788101196,3.0022153854370117,0.7569271922111511,1.3169021606445312,-2.0314228534698486,-2.145653247833252,0.494839608669281,0.17343704402446747
170,3.4,0.0,0.30000001192092896,0.0,-0.042979225516319275,0.3467249274253845,0.25948214530944824,0.5300571918487549,0.08283975720405579,0.17128592729568481,1,0,1,1,0.26661375164985657,1.9163776636123657,1.2023988962173462,0.5200446248054504,1.9416131973266602,0.9226394295692444,1.662117600440979,1.5122706890106201,-0.2384316474199295,-1.8591587543487549,-1.172162413597107,-1.0058916807174683,-0.21575896441936493,0.6091229915618896,1.12479829788208,0.783621072769165,0.53447425365448,0.024987399578094482,0.3947264850139618,0.31980302929878235,1.8006463050842285,0.9902827739715576,1.3337810039520264,1.4169163703918457,-0.10524162650108337,0.17311498522758484,1.0244868993759155,0.9370792508125305,5.4874552006367594e-05,-0.14774641394615173,-0.09056105464696884,-0.06914449483156204,1.9282100200653076,1.4017106294631958,1.4229141473770142,1.5813668966293335,-2.6087634563446045,-0.5166168212890625,-0.42724519968032837,-1.5359337329864502,-0.000953267328441143,2.9972083568573,1.7917425632476807,1.819432020187378,-1.871221661567688,-0.8793460726737976,0.2174248993396759,-0.3717564046382904
171,3.42,0.0,0.30000001192092896,0.0,0.0020678078290075064,0.30992162227630615,0.0702735111117363,0.49872714281082153,0.9871726632118225,0.08043203502893448,0,0,1,0,0.31243643164634705,1.6264384984970093,1.1394391059875488,0.9493094086647034,1.3775482177734375,1.2558926343917847,1.4013915061950684,0.024722689762711525,-0.09490597993135452,-1.767229676246643,-1.1278637647628784,-1.0138472318649292,-0.1928476244211197,0.4641534090042114,1.0933183431625366,0.9982534646987915,0.25244179368019104,0.19161400198936462,0.26436343789100647,-0.4239709675312042,1.8724091053009033,1.0362472534179688,1.3559303283691406,1.4129385948181152,-0.15750671923160553,0.16404666006565094,1.0214626789093018,0.9210511445999146,-1.9515812255122e-06,-0.08778788149356842,-0.05104753002524376,-0.09954045712947845,1.8935253620147705,1.3940120935440063,1.4276514053344727,1.5437772274017334,-2.488046884536743,-0.41081562638282776,0.012747762724757195,-0.15716511011123657,-9.567949746269733e-05,2.9977855682373047,2.1109185218811035,-2.9968109130859375,-1.5692577362060547,0.01043524220585823,0.22889268398284912,-2.916982889175415
172,3.44,0.0,0.30000001192092896,0.0,0.007149113342165947,0.2598145604133606,0.027944473549723625,0.0005675340071320534,0.08002905547618866,0.14368994534015656,0,1,1,0,0.5351102352142334,1.1133081912994385,1.130601167678833,2.025108814239502,0.566150426864624,1.2705268859863281,1.6505913734436035,0.11434399336576462,0.6668214797973633,-1.2657462358474731,-0.8555987477302551,-1.4271810054779053,-0.08151072263717651,0.20758825540542603,1.0888993740081787,1.5361531972885132,-0.1532571017742157,0.19893112778663635,0.38896337151527405,-0.3791603147983551,2.2532730102539062,1.2869889736175537,1.4920628070831299,1.2062716484069824,-0.18243525922298431,0.14791110157966614,1.0195963382720947,0.9333423972129822,-0.029430516064167023,-0.05742700770497322,-0.028258923441171646,-0.1586156189441681,1.9373359680175781,1.3891737461090088,1.4401776790618896,1.4839197397232056,-0.27884727716445923,-1.072191834449768,-0.32578930258750916,1.1854965686798096,-2.220074415206909,-0.2869182229042053,-0.11299172043800354,-3.02040433883667,3.0003304481506348,-0.06313790380954742,1.0009896755218506,-2.9390604496002197
173,3.46,0.0,0.30000001192092896,0.0,0.060852572321891785,0.24095554649829865,-0.033798687160015106,-0.27867642045021057,-0.07097014784812927,0.12668465077877045,0,1,1,0,0.6924611926078796,1.0783894062042236,0.7848218679428101,2.240091562271118,0.9033850431442261,1.8020563125610352,1.8408347368240356,0.07765885442495346,0.783574104309082,-1.2377331256866455,-0.7647100687026978,-1.3080874681472778,-0.0028352439403533936,0.1901288628578186,0.9160097241401672,1.6436445713043213,0.015360206365585327,0.46469584107398987,0.4840850532054901,-0.3975028991699219,2.3116493225097656,1.3009955883026123,1.5375070571899414,1.2658183574676514,-0.1609657257795334,0.1290382295846939,1.0119917392730713,0.9649277925491333,-0.050312016159296036,-0.05516937002539635,-0.03750923275947571,-0.21835610270500183,1.9973430633544922,1.3863836526870728,1.461721420288086,1.4333817958831787,2.042275905609131,-0.8257837295532227,-0.4254469871520996,1.8316947221755981,-0.10711146146059036,0.30257391929626465,-0.7786263227462769,-2.992844343185425,3.000319242477417,-0.150849848985672,1.106521725654602,-2.052119016647339
174,3.48,0.0,0.30000001192092896,0.0,0.06908904016017914,0.27312424778938293,-0.08954854309558868,-0.3595251739025116,-0.25470131635665894,0.04950501397252083,0,1,1,0,0.7980543971061707,0.9070630073547363,0.758217453956604,2.252376079559326,1.1222294569015503,1.6665074825286865,1.833426833152771,0.4184097647666931,0.6181772947311401,-1.2238693237304688,-0.5907413363456726,-1.3080204725265503,0.049961358308792114,0.10446566343307495,0.9027075171470642,1.6497868299484253,0.12478241324424744,0.39692142605781555,0.4803811013698578,-0.22712743282318115,2.2289507389068604,1.3079274892807007,1.6244914531707764,1.2658519744873047,-0.10451699793338776,0.11238579452037811,1.0004066228866577,1.001666784286499,-0.030269095674157143,-0.04719993472099304,-0.062058668583631516,-0.2610851228237152,2.0573463439941406,1.3839614391326904,1.491024374961853,1.404036521911621,3.000325918197632,-0.80138099193573,-0.7074954509735107,1.7819139957427979,1.7473660707473755,0.4602424204349518,-1.4514085054397583,-1.391019344329834,3.0001280307769775,-0.15667776763439178,1.617975115776062,-0.9447097182273865
175,3.5,0.0,0.30000001192092896,0.0,0.04193274676799774,0.30831506848335266,-0.16065308451652527,-0.07394326478242874,-0.5980066061019897,0.024007026106119156,0,1,1,0,1.0324504375457764,0.8324079513549805,0.8151798248291016,2.3208608627319336,1.4049479961395264,1.6778393983840942,1.8210043907165527,0.6843201518058777,0.506811261177063,-1.193029522895813,-0.47668421268463135,-1.3257452249526978,0.16715937852859497,0.06713813543319702,0.931188702583313,1.684029221534729,0.2661416828632355,0.4025873839855194,0.47416988015174866,-0.09417223930358887,2.1732678413391113,1.3233473300933838,1.6815199851989746,1.2569894790649414,-0.04452374577522278,0.09304990619421005,0.9822012782096863,1.032145380973816,2.1968724013277097e-06,-0.03935239091515541,-0.09812469780445099,-0.2502017021179199,2.117125988006592,1.3815090656280518,1.5316145420074463,1.3937809467315674,2.9999306201934814,-1.1950511932373047,-1.1741589307785034,1.266276478767395,6.682355888187885e-05,0.2928452491760254,-2.1304726600646973,2.00598406791687,2.909832000732422,0.029868703335523605,2.43274188041687,-0.1447726935148239
176,3.52,0.0,0.30000001192092896,0.0,0.016924291849136353,0.3380470871925354,-0.19007055461406708,-0.008689126931130886,-0.34363871812820435,0.04923389106988907,0,1,1,0,1.268040418624878,0.8151940107345581,0.8174614906311035,2.298536539077759,1.8508634567260742,1.852381706237793,1.8843332529067993,0.6458262801170349,0.5946751832962036,-1.1552432775497437,-0.4723036289215088,-1.341318964958191,0.28495436906814575,0.05853116512298584,0.932329535484314,1.6728670597076416,0.4890994131565094,0.4898585379123688,0.5058343410491943,-0.11341917514801025,2.2171998023986816,1.342240571975708,1.6837103366851807,1.2492027282714844,0.0154737439006567,0.0684497058391571,0.9609869718551636,1.0472009181976318,3.0581909413740505e-06,-0.040247220546007156,-0.13814125955104828,-0.1966191828250885,2.175412178039551,1.3832072019577026,1.580032467842102,1.3970601558685303,2.999708652496338,-1.2790977954864502,-0.9349206686019897,-0.0015136426081880927,0.0001989668671740219,-0.3220043480396271,-1.7739049196243286,3.006439447402954,2.6851203441619873,0.11716891825199127,2.3855299949645996,0.3743687570095062
177,3.54,0.0,0.30000001192092896,0.0,0.04041844233870506,0.35743534564971924,-0.17262834310531616,-0.029594887048006058,0.007190011907368898,-0.017827412113547325,0,1,1,0,1.3572450876235962,0.7411747574806213,0.684332549571991,2.3311500549316406,1.984057903289795,1.8395830392837524,1.82038152217865,0.6734187602996826,0.5021327137947083,-1.1244268417358398,-0.5031575560569763,-1.3446239233016968,0.3295567035675049,0.021521538496017456,0.8657650947570801,1.6891738176345825,0.5556966066360474,0.4834592044353485,0.47385844588279724,-0.0996229350566864,2.170928478240967,1.3576487302780151,1.6682833433151245,1.2475502490997314,0.075450100004673,0.043820999562740326,0.9423116445541382,1.0449575185775757,6.0656684581772424e-06,-0.05294359475374222,-0.16822202503681183,-0.13670843839645386,2.2061049938201904,1.3872791528701782,1.62493896484375,1.4068703651428223,2.9923107624053955,-1.1593464612960815,-0.917924165725708,-0.1924707293510437,-0.00016734644304960966,-0.8081614375114441,-1.1558167934417725,2.9048454761505127,0.6337546110153198,0.20381350815296173,2.036867141723633,0.5369514226913452
178,3.56,0.0,0.30000001192092896,0.0,0.04024170711636543,0.32101351022720337,-0.034407053142786026,0.38201531767845154,-0.3195374011993408,-0.09762565046548843,0,1,1,1,1.3759634494781494,0.5949037671089172,0.5798949003219604,2.308281421661377,1.9243526458740234,1.5767643451690674,1.7002702951431274,0.9464879631996155,0.3500830829143524,-1.156204342842102,-0.5764910578727722,-1.3344544172286987,0.3389158844947815,-0.051613956689834595,0.8135462403297424,1.6777395009994507,0.5258439779281616,0.352049857378006,0.413802832365036,0.03691166639328003,2.0949037075042725,1.3417599201202393,1.6316165924072266,1.2526350021362305,0.13138830661773682,0.019525544717907906,0.9191685914993286,1.0408604145050049,5.2677205530926585e-06,-0.06149664893746376,-0.1861659586429596,-0.10426817834377289,2.186919689178467,1.390333890914917,1.6589645147323608,1.4277886152267456,2.5254714488983154,-1.3368556499481201,-1.4401570558547974,-0.12400706112384796,-0.0002797167981043458,0.5412623882293701,-0.5345246195793152,0.4473460614681244,-1.9441205263137817,0.23358362913131714,1.2925727367401123,1.543669581413269
179,3.58,0.0,0.30000001192092896,0.0,0.06553952395915985,0.20483337342739105,0.04302571341395378,0.626614511013031,0.4812099039554596,-0.02881688065826893,1,0,1,1,0.9858713746070862,0.6831383109092712,0.7858704924583435,1.5957225561141968,1.8710154294967651,0.07664147764444351,1.1325103044509888,1.7280261516571045,-0.015965871512889862,-1.2485319375991821,-0.6538640260696411,-1.285643219947815,0.14386984705924988,-0.007496684789657593,0.9165340662002563,1.3214600086212158,0.49917539954185486,-0.39801156520843506,0.12992283701896667,0.42768076062202454,1.9118791818618774,1.2955961227416992,1.5929300785064697,1.2770404815673828,0.16690693795681,-0.00448326300829649,0.895168125629425,1.0290671586990356,-0.00016970641445368528,-0.10694696754217148,-0.17040787637233734,-0.10146131366491318,2.1408190727233887,1.4006353616714478,1.672143578529358,1.4567409753799438,0.4185701608657837,-1.0248864889144897,-0.438734769821167,-0.7943224310874939,-0.2149377465248108,-3.047447681427002,1.7625253200531006,-0.23276033997535706,-0.9387519955635071,0.7443773746490479,-0.5364357829093933,1.04097580909729
180,3.6,0.0,0.30000001192092896,0.0,0.08506332337856293,0.2510717809200287,0.10560561716556549,-0.02781595289707184,0.04808417335152626,0.05245243385434151,1,0,0,1,0.6930407285690308,1.2036452293395996,1.3532378673553467,0.8413606882095337,2.4562883377075195,-0.6688824892044067,-0.7081615924835205,1.3865931034088135,-0.41097408533096313,-1.157130479812622,-0.9897348284721375,-0.8547110557556152,-0.002545475959777832,0.2527567744255066,1.2002177238464355,0.944279134273529,0.7918118238449097,-0.7707735300064087,-0.7904131412506104,0.25696423649787903,1.7143751382827759,1.341296911239624,1.424994707107544,1.4925066232681274,0.14410242438316345,-0.002639654790982604,0.9046379923820496,1.0208477973937988,0.00044577286462299526,-0.16628345847129822,-0.21367807686328888,-0.10301878303289413,2.1231374740600586,1.4159613847732544,1.6224783658981323,1.4767051935195923,-1.526332139968872,0.9576315879821777,1.0536571741104126,-0.29499566555023193,0.03595348075032234,-2.981785535812378,-2.9750120639801025,0.174053356051445,-1.1219199895858765,0.6659735441207886,-2.9994800090789795,0.9638333916664124
181,3.62,0.0,0.30000001192092896,0.0,0.03456874564290047,0.2796231508255005,0.07928644120693207,-0.04841575399041176,0.02944590523838997,-0.013511395081877708,1,0,0,1,0.7513324022293091,1.3821690082550049,1.7479116916656494,0.7947480082511902,2.201277256011963,-0.008238904178142548,-0.3830825388431549,1.3651005029678345,0.1284763067960739,-0.34613510966300964,-1.4665164947509766,-0.7369731664657593,0.026600360870361328,0.34201866388320923,1.397554636001587,0.9209728240966797,0.6643062829971313,-0.4404517710208893,-0.6278735995292664,0.24621793627738953,1.984100341796875,1.746794581413269,1.1866039037704468,1.5513756275177002,0.11061036586761475,0.03255071863532066,0.93603515625,1.0139293670654297,3.066281715291552e-05,-0.22658954560756683,-0.27300751209259033,-0.10143442451953888,2.104499101638794,1.4710590839385986,1.562511920928955,1.4968233108520508,-1.796085000038147,2.2948901653289795,1.9262501001358032,-0.4086727201938629,0.024696603417396545,-3.000392436981201,-2.981022596359253,0.06764330714941025,-0.9159731268882751,2.9983761310577393,-2.9990124702453613,0.9843466877937317
182,3.64,0.0,0.30000001192092896,0.0,0.037247899919748306,0.2633596360683441,0.06795696169137955,-0.2729073762893677,-0.17337380349636078,0.016785165295004845,1,0,0,1,0.8965755105018616,1.4555182456970215,1.6806374788284302,1.0694284439086914,2.1747586727142334,0.3426738679409027,0.32134097814559937,1.4499046802520752,0.23151297867298126,-0.24806654453277588,-1.478784203529358,-0.6401967406272888,0.09922191500663757,0.37869328260421753,1.363917589187622,1.058313012123108,0.6510469913482666,-0.26499539613723755,-0.275661826133728,0.2886200249195099,2.035618543624878,1.7958288192749023,1.1804699897766113,1.5997637510299683,0.08143952488899231,0.08448991179466248,0.9779828190803528,1.0083948373794556,-0.0002798030327539891,-0.2708045542240143,-0.31490516662597656,-0.1011594831943512,2.087226390838623,1.5310291051864624,1.5024875402450562,1.5162570476531982,-1.1573281288146973,2.7037553787231445,2.147205114364624,-0.17600218951702118,0.011820437386631966,-1.5079056024551392,-1.3420617580413818,0.07884487509727478,-0.9506507515907288,2.999814033508301,-3.001671552658081,0.8936542272567749
183,3.66,0.0,0.30000001192092896,0.0,0.024852631613612175,0.306120902299881,0.05577445775270462,-0.21205198764801025,-0.14965607225894928,0.005891338922083378,1,0,0,1,0.6975432634353638,1.6238497495651245,1.6493887901306152,0.8711974024772644,2.315974235534668,0.4887484312057495,0.8646047115325928,1.5557475090026855,0.2696668803691864,-0.5832157135009766,-1.4170700311660767,-0.563888430595398,-0.0002942085266113281,0.46285903453826904,1.3482931852340698,0.9591975212097168,0.7216547727584839,-0.19195809960365295,-0.004029959440231323,0.34154143929481506,2.0546956062316895,1.6282542943954468,1.211327075958252,1.6379179954528809,0.05356835946440697,0.1353340893983841,1.0173476934432983,1.002579927444458,-0.0008505065925419331,-0.2772625982761383,-0.28223735094070435,-0.10129203647375107,2.0691874027252197,1.5881818532943726,1.4444221258163452,1.536548137664795,-1.521122694015503,2.288543224334717,1.7506519556045532,-0.3320830464363098,-0.13119541108608246,0.6492688655853271,3.00076961517334,0.06385064125061035,-0.8910191059112549,2.56510066986084,-2.5829334259033203,1.0427982807159424
184,3.68,0.0,0.30000001192092896,0.0,-0.0003031894739251584,0.33921536803245544,0.011704664677381516,-0.2880280911922455,-0.18869909644126892,0.048392098397016525,1,0,0,1,0.7065243721008301,1.7490936517715454,1.7121025323867798,0.8505608439445496,2.161710739135742,0.26426267623901367,0.6568094491958618,1.4850162267684937,0.22043292224407196,-1.0185714960098267,-1.316212773323059,-0.5845203399658203,0.004196345806121826,0.5254809856414795,1.3796501159667969,0.9488792419433594,0.644523024559021,-0.3042009770870209,-0.1079275906085968,0.3061757981777191,2.030078649520874,1.410576343536377,1.2617557048797607,1.627601981163025,0.022895246744155884,0.1718452423810959,1.0459277629852295,0.9941201210021973,-0.005797260440886021,-0.26619258522987366,-0.22176411747932434,-0.1043020561337471,2.0543124675750732,1.5798187255859375,1.4073281288146973,1.560821294784546,-1.4972680807113647,1.382450819015503,1.1337376832962036,-0.4888301193714142,-0.2909134030342102,0.42290136218070984,3.0132815837860107,-0.19017839431762695,-0.7301263809204102,-2.38810396194458,-1.2062242031097412,1.278522253036499
185,3.7,0.0,0.30000001192092896,0.0,-0.023150401189923286,0.42627251148223877,0.04289722070097923,-0.482198566198349,-0.18598289787769318,0.03341485559940338,1,0,0,1,0.536478579044342,1.8649451732635498,1.581333875656128,0.735343873500824,2.24165678024292,0.39890429377555847,1.086706519126892,1.6068000793457031,-0.009083458222448826,-1.2769440412521362,-1.3603414297103882,-0.5847340822219849,-0.08082655072212219,0.5834067463874817,1.3142657279968262,0.8912707567214966,0.6844960451126099,-0.23688016831874847,0.10702094435691833,0.36706772446632385,1.9153203964233398,1.2813901901245117,1.2396914958953857,1.6274950504302979,-0.01205560564994812,0.18914826214313507,1.04554283618927,0.9835370182991028,-0.006861333269625902,-0.24972064793109894,-0.16119717061519623,-0.11032445728778839,2.034356117248535,1.5207443237304688,1.395768404006958,1.5887089967727661,-1.7673101425170898,0.4070521295070648,-0.17850258946418762,-0.6498032212257385,0.17644555866718292,1.037441611289978,3.0202488899230957,-0.23551249504089355,-1.2427253723144531,-3.0032637119293213,-0.09629558026790619,1.3687992095947266
186,3.72,0.0,0.30000001192092896,0.0,0.0621919184923172,0.3838004767894745,0.15505078434944153,-0.05735710263252258,0.3428165018558502,0.2192935198545456,1,0,1,1,0.5143452882766724,1.9859778881072998,1.4367918968200684,0.8422628045082092,2.223369836807251,0.3379758596420288,1.2644182443618774,1.7455668449401855,-0.26031312346458435,-1.6936508417129517,-1.4370990991592407,-0.6389443874359131,-0.09189319610595703,0.6439231038093567,1.2419947385787964,0.9447301626205444,0.6753525733947754,-0.2673443853855133,0.195876806974411,0.43645110726356506,1.7897056341171265,1.0730366706848145,1.20131254196167,1.6003899574279785,-0.049920130521059036,0.18898719549179077,1.0374382734298706,0.966911792755127,-7.720741450611968e-07,-0.23505032062530518,-0.13102342188358307,-0.11433042585849762,1.998437523841858,1.4626120328903198,1.387821912765503,1.615665316581726,-1.775878667831421,-0.2662755250930786,-0.14216291904449463,-1.1440773010253906,0.02359781228005886,0.18101224303245544,-0.32891929149627686,0.09459494054317474,-2.943880081176758,-2.6480398178100586,2.165923595428467,1.1673146486282349
187,3.74,0.0,0.30000001192092896,0.0,-0.004980927798897028,0.3500451445579529,0.23431891202926636,0.16425688564777374,-0.20585797727108002,0.04753623157739639,1,0,1,1,0.34559518098831177,2.0526211261749268,1.3614699840545654,0.8869250416755676,2.0797815322875977,0.8835512399673462,1.8580487966537476,2.1675519943237305,-0.053245656192302704,-1.9732811450958252,-1.2103766202926636,-0.9498367309570312,-0.17626824975013733,0.6772447228431702,1.204333782196045,0.9670612812042236,0.6035584211349487,0.005443304777145386,0.49269208312034607,0.6474436521530151,1.8932393789291382,0.9332215785980225,1.314673900604248,1.4449437856674194,-0.09347106516361237,0.18252556025981903,1.0273841619491577,0.9488869905471802,6.715916242683306e-06,-0.18845215439796448,-0.12313739210367203,-0.0924110934138298,1.9549858570098877,1.417846918106079,1.410718321800232,1.623124361038208,-2.3636131286621094,-0.33734434843063354,-0.7151564955711365,-0.8232402205467224,-0.0005151005461812019,2.9962196350097656,0.73854660987854,1.7103865146636963,-1.916866660118103,-1.6918091773986816,0.6347779631614685,-0.14208784699440002
188,3.7600000000000002,0.0,0.30000001192092896,0.0,-0.07172337174415588,0.3454245924949646,0.2686534821987152,0.5759250521659851,0.03740900382399559,0.16867022216320038,1,0,1,1,0.26862892508506775,1.858241319656372,1.1710487604141235,0.49865007400512695,1.8373756408691406,1.0963252782821655,1.6722933053970337,1.1227428913116455,-0.18744739890098572,-1.8798174858093262,-1.1952216625213623,-0.9555397033691406,-0.21475137770175934,0.5800548195838928,1.1091232299804688,0.7729238271713257,0.4823555052280426,0.11183032393455505,0.39981433749198914,0.12503913044929504,1.8261384963989258,0.979953408241272,1.322251319885254,1.4420922994613647,-0.1412239819765091,0.17242145538330078,1.0163655281066895,0.9228048920631409,4.68951984657906e-05,-0.1285945475101471,-0.09654004871845245,-0.055385928601026535,1.9214651584625244,1.3971110582351685,1.4201549291610718,1.6150442361831665,-2.3963918685913086,-0.6166381239891052,-0.39569607377052307,-1.6926558017730713,0.005292218644171953,3.0005972385406494,1.7842158079147339,2.04402494430542,-1.626529335975647,-0.4960547983646393,0.300453782081604,-0.6739084720611572
189,3.7800000000000002,0.0,0.30000001192092896,0.0,-0.01863928698003292,0.29515495896339417,0.07623408734798431,0.5370107293128967,0.9707574844360352,0.08251215517520905,0,0,1,0,0.31513774394989014,1.5158907175064087,1.091055154800415,1.006938099861145,1.2109994888305664,1.4138644933700562,1.4608854055404663,-0.41793468594551086,-0.03580036759376526,-1.7473090887069702,-1.1413874626159668,-0.9654031991958618,-0.19149696826934814,0.40887951850891113,1.0691263675689697,1.0270678997039795,0.1691674292087555,0.27059993147850037,0.29411038756370544,-0.6452996730804443,1.9019619226455688,1.0462076663970947,1.3491684198379517,1.4371604919433594,-0.1849420815706253,0.16222214698791504,1.0150195360183716,0.9098166823387146,-2.540952436902444e-06,-0.06861195713281631,-0.05607868731021881,-0.09729431569576263,1.8985331058502197,1.3951137065887451,1.425539493560791,1.571516752243042,-1.9027637243270874,-0.4470234811306,0.06276483088731766,0.2354010045528412,1.116849853133317e-05,2.9987874031066895,2.160342216491699,-3.0029892921447754,-0.8037682771682739,0.21319887042045593,0.2033151388168335,-3.0002031326293945
190,3.8000000000000003,0.0,0.30000001192092896,0.0,-0.008440496399998665,0.24543854594230652,0.0295649953186512,0.06409373879432678,0.1413918435573578,0.14650464057922363,0,1,1,0,0.4881734549999237,1.0826239585876465,1.0630415678024292,2.0290520191192627,0.579677402973175,1.3611376285552979,1.738153338432312,-0.022914504632353783,0.6663169860839844,-1.2771812677383423,-0.8736681342124939,-1.3830751180648804,-0.10497911274433136,0.19224613904953003,1.055119514465332,1.5381247997283936,-0.14649361371994019,0.24423649907112122,0.4327443540096283,-0.44778957962989807,2.253020763397217,1.2812714576721191,1.4830280542373657,1.2283246517181396,-0.2002926766872406,0.1459987908601761,1.0144026279449463,0.9297768473625183,-0.027391159906983376,-0.03963853418827057,-0.03139880299568176,-0.15645237267017365,1.9469468593597412,1.3921140432357788,1.4370734691619873,1.5114868879318237,0.10170928388834,-1.070483684539795,-0.20671729743480682,1.5476051568984985,-2.0784127712249756,-0.3809490203857422,0.08877430856227875,-3.0225725173950195,3.000317096710205,-0.13311034440994263,0.9301085472106934,-2.998417615890503
191,3.8200000000000003,0.0,0.30000001192092896,0.0,0.042200978845357895,0.2312186062335968,-0.03784465417265892,-0.19059672951698303,-0.00921677891165018,0.09554585814476013,0,1,1,0,0.6641602516174316,1.043717861175537,0.7535741329193115,2.223318099975586,0.8994662165641785,1.8257485628128052,1.882226586341858,0.019269371405243874,0.7678869366645813,-1.229261875152588,-0.7757277488708496,-1.2861603498458862,-0.016985714435577393,0.17279309034347534,0.900385856628418,1.6352578401565552,0.013400793075561523,0.4765419661998749,0.5047810077667236,-0.42669764161109924,2.3038055896759033,1.3052312135696411,1.5319982767105103,1.2767820358276367,-0.1728128045797348,0.12734448909759521,1.0082453489303589,0.9676960110664368,-0.04714245721697807,-0.04137398675084114,-0.03721503168344498,-0.21614888310432434,2.006953477859497,1.389081597328186,1.457748293876648,1.4539647102355957,2.2684454917907715,-0.7977219820022583,-0.38274890184402466,2.099719762802124,-0.1184176579117775,0.06929507106542587,-0.6118760704994202,-2.991513729095459,3.0002951622009277,-0.11601035296916962,1.1016262769699097,-2.5839669704437256
192,3.84,0.0,0.30000001192092896,0.0,0.047526728361845016,0.2676924467086792,-0.09585589170455933,-0.2843020260334015,-0.14924472570419312,0.0383840836584568,0,1,1,0,0.7818933129310608,0.8894404172897339,0.773705005645752,2.25893235206604,1.1722254753112793,1.7313112020492554,1.8789509534835815,0.3821851313114166,0.6293034553527832,-1.203775405883789,-0.618922233581543,-1.3098927736282349,0.04188081622123718,0.09565436840057373,0.9104512929916382,1.6530649662017822,0.14978042244911194,0.4293232858181,0.5031431913375854,-0.2452397495508194,2.234513759613037,1.3179744482040405,1.6104010343551636,1.2649157047271729,-0.11469566076993942,0.11109770834445953,0.9984214305877686,1.0080411434173584,-0.027523444965481758,-0.038953520357608795,-0.05808204039931297,-0.26231953501701355,2.0669565200805664,1.3875118494033813,1.4866080284118652,1.413476586341858,3.0003161430358887,-0.7956662178039551,-0.6091268062591553,1.886962652206421,1.7247002124786377,0.16458509862422943,-1.2580859661102295,-1.6873592138290405,3.000122308731079,-0.12662304937839508,1.6461304426193237,-1.4743081331253052
193,3.86,0.0,0.30000001192092896,0.0,0.017969131469726562,0.2992933690547943,-0.16608470678329468,-0.014418068341910839,-0.524276852607727,0.026444951072335243,0,1,1,0,1.0144442319869995,0.8372353315353394,0.831572413444519,2.3528823852539062,1.440940022468567,1.7256600856781006,1.8427541255950928,0.6763092875480652,0.5277932286262512,-1.168331503868103,-0.5039108395576477,-1.3379870653152466,0.15815627574920654,0.06955182552337646,0.9393849968910217,1.7000399827957153,0.28413769602775574,0.4264977276325226,0.4850447475910187,-0.09817767143249512,2.1837587356567383,1.3356964588165283,1.6679067611694336,1.250868558883667,-0.05470221862196922,0.09190081059932709,0.982490062713623,1.0392844676971436,1.9527983567968477e-06,-0.035941485315561295,-0.09112603217363358,-0.2560047507286072,2.1266839504241943,1.3857078552246094,1.5275914669036865,1.3944423198699951,2.9999520778656006,-1.1505115032196045,-1.0065149068832397,1.2514917850494385,0.00020601980213541538,0.11938537657260895,-1.9587610960006714,1.8181582689285278,2.9034202098846436,-0.023207202553749084,2.375898838043213,-0.4859768748283386
194,3.88,0.0,0.30000001192092896,0.0,-0.009203033521771431,0.32800614833831787,-0.19243817031383514,0.021894562989473343,-0.3256111443042755,0.05241846665740013,0,1,1,0,1.247361183166504,0.8167672157287598,0.8231065273284912,2.3188061714172363,1.8965744972229004,1.8849513530731201,1.8940000534057617,0.6305245161056519,0.604895293712616,-1.1268675327301025,-0.4821302890777588,-1.3555219173431396,0.27461475133895874,0.05931776762008667,0.9351520538330078,1.6830018758773804,0.5119549036026001,0.50614333152771,0.5106676816940308,-0.12107005715370178,2.2223098278045654,1.3564283847808838,1.6787970066070557,1.2421011924743652,0.005295219365507364,0.06700994074344635,0.964214026927948,1.0464317798614502,3.2471816666657105e-06,-0.03942529484629631,-0.12912572920322418,-0.2054828554391861,2.184128761291504,1.386494517326355,1.577054500579834,1.39333176612854,2.9997100830078125,-1.2522333860397339,-0.8282545804977417,-0.13346707820892334,0.00018078161519952118,-0.397246778011322,-1.7218552827835083,2.904204845428467,2.611220598220825,0.049990735948085785,2.445678234100342,0.26270240545272827
195,3.9,0.0,0.30000001192092896,0.0,0.012633299455046654,0.34610602259635925,-0.17753340303897858,-0.005705701187252998,-0.02318892814218998,-0.020377157256007195,0,1,1,0,1.3445063829421997,0.7440782189369202,0.6985087394714355,2.353881359100342,2.021634340286255,1.863783597946167,1.8268280029296875,0.661593496799469,0.5127827525138855,-1.0933325290679932,-0.5016885995864868,-1.3565224409103394,0.32318735122680664,0.02297326922416687,0.87285315990448,1.700539469718933,0.5744848251342773,0.4955594837665558,0.47708168625831604,-0.10553556680679321,2.1762535572052,1.3731958866119385,1.6690177917480469,1.2416009902954102,0.06528294086456299,0.04310537502169609,0.9471937417984009,1.0422781705856323,5.987791610095883e-06,-0.05256989598274231,-0.1592627912759781,-0.1455472856760025,2.213205575942993,1.389005184173584,1.6236265897750854,1.4025787115097046,2.9994797706604004,-1.1144676208496094,-0.8452393412590027,-0.25582125782966614,-0.000174389875610359,-0.800946831703186,-1.1965291500091553,2.931212902069092,0.5509260296821594,0.13414183259010315,2.134155750274658,0.5716580152511597
196,3.92,0.0,0.30000001192092896,0.0,0.014851916581392288,0.32220548391342163,-0.0392022505402565,0.24739092588424683,-0.4407033324241638,-0.08755359798669815,0,1,1,1,1.3682279586791992,0.5922855138778687,0.5950551629066467,2.3246774673461914,1.9611179828643799,1.6102323532104492,1.7187623977661133,0.9237086176872253,0.366815984249115,-1.1234558820724487,-0.5552010536193848,-1.3434313535690308,0.3350481390953064,-0.05292308330535889,0.8211263418197632,1.685937523841858,0.5442266464233398,0.3687838613986969,0.42304888367652893,0.02552199363708496,2.1032700538635254,1.3581342697143555,1.6422616243362427,1.2481465339660645,0.12230129539966583,0.019763464108109474,0.9274961948394775,1.0364328622817993,3.332457708893344e-06,-0.06681438535451889,-0.1780279129743576,-0.09813924133777618,2.193225145339966,1.391870379447937,1.6609975099563599,1.4169669151306152,2.6386702060699463,-1.1562870740890503,-1.3229256868362427,-0.17245826125144958,0.05072813481092453,0.12952829897403717,-0.7192140221595764,-0.0685863196849823,-1.9397990703582764,0.032553285360336304,1.4850109815597534,1.8767728805541992
197,3.94,0.0,0.30000001192092896,0.0,0.041577085852622986,0.21782678365707397,-0.012086871080100536,0.7933862805366516,0.12594224512577057,-0.0895630344748497,1,0,1,1,1.0010194778442383,0.7638936042785645,0.8035333752632141,1.667343020439148,1.9149706363677979,0.005660004913806915,1.1270259618759155,1.901045799255371,-0.06980424374341965,-1.2428016662597656,-0.6638351678848267,-1.3032573461532593,0.15144389867782593,0.032880961894989014,0.9253654479980469,1.3572702407836914,0.5211529731750488,-0.43350231647491455,0.12718066573143005,0.5141905546188354,1.8849600553512573,1.2984613180160522,1.587944507598877,1.2682335376739502,0.16415992379188538,0.005052440799772739,0.9043222665786743,1.0247732400894165,-0.00034209314617328346,-0.1156800165772438,-0.16784793138504028,-0.09864355623722076,2.141728639602661,1.401754379272461,1.6788932085037231,1.447585940361023,1.020967960357666,-0.4236828088760376,-0.36941492557525635,-0.7464438676834106,-1.368780255317688,-2.9240591526031494,1.0907185077667236,-0.1550501585006714,-1.3621017932891846,0.6904349327087402,-0.4613739252090454,1.0989238023757935
198,3.96,0.0,0.30000001192092896,0.0,0.05721179395914078,0.25965964794158936,0.10102482885122299,-0.10676352679729462,0.0815238282084465,-0.003410084405913949,1,0,0,1,0.6342349052429199,1.1650216579437256,1.3473167419433594,0.81709223985672,2.510770320892334,-0.7167455554008484,-0.4921294152736664,1.4843685626983643,-0.3782106637954712,-1.0357608795166016,-0.9482995271682739,-0.897314727306366,-0.03194838762283325,0.23344498872756958,1.197257161140442,0.9321448802947998,0.8190528154373169,-0.7947050929069519,-0.6823970079421997,0.3058519661426544,1.7307567596435547,1.4019817113876343,1.4457123279571533,1.4712047576904297,0.1413802206516266,0.01541404239833355,0.9143775105476379,1.0157667398452759,0.0003418325795792043,-0.17501318454742432,-0.21152640879154205,-0.1020263060927391,2.1235835552215576,1.4160070419311523,1.6304950714111328,1.467116355895996,-1.7440927028656006,1.2393300533294678,1.0188260078430176,-0.2935428321361542,0.01876170188188553,-2.994309425354004,-2.951483726501465,0.03884638473391533,-1.3199644088745117,0.6104902625083923,-2.9985833168029785,0.9434698820114136
199,3.98,0.0,0.30000001192092896,0.0,0.019193170592188835,0.28781408071517944,0.06659071892499924,-0.11395837366580963,-0.004644190426915884,-0.0009192444267682731,1,0,0,1,0.7791829109191895,1.3980469703674316,1.73819899559021,0.7941023111343384,2.232978343963623,0.03721670061349869,-0.2772804796695709,1.394797921180725,0.16042493283748627,-0.3500705063343048,-1.4528342485427856,-0.7371468544006348,0.040525615215301514,0.3499576449394226,1.3926982879638672,0.9206499457359314,0.6801568269729614,-0.41772395372390747,-0.5749725699424744,0.26106664538383484,2.000074625015259,1.7448269128799438,1.1934449672698975,1.5512887239456177,0.10685663670301437,0.05177120864391327,0.9441800713539124,1.0084788799285889,1.1133364751003683e-05,-0.2353048324584961,-0.27090880274772644,-0.1023678183555603,2.105842351913452,1.470844030380249,1.570516586303711,1.4879214763641357,-1.7468558549880981,2.2004599571228027,1.8213485479354858,-0.4378388226032257,0.03416047617793083,-3.0012223720550537,-2.9796149730682373,-0.03189472109079361,-0.8693175911903381,2.9983649253845215,-2.999443292617798,1.0296255350112915
200,4.0,0.0,0.30000001192092896,0.0,0.02795586921274662,0.2793413996696472,0.06392253935337067,-0.34174013137817383,-0.22490382194519043,0.03141540661454201,1,0,0,1,0.8857435584068298,1.4865278005599976,1.6594154834747314,1.0722469091415405,2.2028427124023438,0.36476069688796997,0.37921851873397827,1.4661470651626587,0.22324535250663757,-0.29536953568458557,-1.4700028896331787,-0.6405156254768372,0.0938059389591217,0.39419806003570557,1.353306531906128,1.0597221851348877,0.6650890111923218,-0.2539519667625427,-0.24672305583953857,0.29674121737480164,2.031484842300415,1.7721773386001587,1.1848607063293457,1.5996043682098389,0.07857590913772583,0.09949582815170288,0.9832263588905334,1.0024596452713013,-0.00025083436048589647,-0.2760736346244812,-0.3083456754684448,-0.103615403175354,2.0886712074279785,1.5308111906051636,1.5104889869689941,1.5084697008132935,-1.1227184534072876,2.4135854244232178,1.9771926403045654,-0.19471381604671478,0.009901300072669983,-1.2168700695037842,-0.9686111807823181,0.02932918444275856,-0.9649749994277954,2.9998204708099365,-3.0020129680633545,0.9528659582138062
201,4.0200000000000005,0.0,0.30000001192092896,0.0,0.013502988964319229,0.32989010214805603,0.05005071684718132,-0.28141865134239197,-0.1797773540019989,0.020494947209954262,1,0,0,1,0.6812825202941895,1.6553007364273071,1.6349337100982666,0.846575915813446,2.327509880065918,0.4576592743396759,0.8359912633895874,1.55828857421875,0.2536861300468445,-0.6731471419334412,-1.4017740488052368,-0.5656965970993042,-0.008424580097198486,0.47858452796936035,1.3410656452178955,0.9468867778778076,0.7274225950241089,-0.20750267803668976,-0.01833668351173401,0.3428119719028473,2.0467052459716797,1.583288550376892,1.2189750671386719,1.6370139122009277,0.050571199506521225,0.1434950977563858,1.0191649198532104,0.9959234595298767,-0.000741531781386584,-0.27966877818107605,-0.27323949337005615,-0.10521027445793152,2.0701048374176025,1.5779969692230225,1.4517964124679565,1.5303531885147095,-1.555387020111084,1.9244297742843628,1.5857713222503662,-0.38477253913879395,-0.11347617954015732,0.6644119024276733,3.0050506591796875,-0.025114737451076508,-0.9248802661895752,1.7503148317337036,-2.6782712936401367,1.1379694938659668
202,4.04,0.0,0.30000001192092896,0.0,-0.011741147376596928,0.36433061957359314,0.015139441005885601,-0.36811205744743347,-0.24103453755378723,0.05878732353448868,1,0,0,1,0.6934956908226013,1.7887743711471558,1.697914958000183,0.8342837691307068,2.1804938316345215,0.2650919556617737,0.6488653421401978,1.503490924835205,0.19652114808559418,-1.0381569862365723,-1.3158243894577026,-0.5970546007156372,-0.0023179948329925537,0.5453213453292847,1.372556209564209,0.940740704536438,0.6539145708084106,-0.30378633737564087,-0.11189964413642883,0.31541314721107483,2.018122673034668,1.400783658027649,1.2619500160217285,1.6213347911834717,0.01932753063738346,0.17325639724731445,1.044840693473816,0.9866387248039246,-0.004964714404195547,-0.2679639756679535,-0.21274694800376892,-0.10921064764261246,2.0539474487304688,1.5621830224990845,1.4118679761886597,1.555904507637024,-1.5211946964263916,1.0844321250915527,1.0106159448623657,-0.5199652910232544,-0.24287724494934082,0.4683345556259155,3.0149853229522705,-0.20627835392951965,-0.8153429627418518,-2.42897367477417,-1.369956612586975,1.3133139610290527
203,4.0600000000000005,0.0,0.30000001192092896,0.0,-0.031328339129686356,0.4428938329219818,0.046537838876247406,-0.5708447098731995,-0.2808697819709778,0.03965332731604576,1,0,0,1,0.5497258305549622,1.8936136960983276,1.5714902877807617,0.7502964735031128,2.2358481884002686,0.38083556294441223,1.053961992263794,1.615234613418579,-0.015433558262884617,-1.293145775794983,-1.3660519123077393,-0.5907219648361206,-0.07420292496681213,0.5977410078048706,1.309343934059143,0.8987470269203186,0.6815917491912842,-0.2459145337343216,0.09064868092536926,0.37128499150276184,1.9121453762054443,1.2732892036437988,1.2368361949920654,1.6245012283325195,-0.014627683907747269,0.18596626818180084,1.0455772876739502,0.975864052772522,-0.005488562863320112,-0.2517198622226715,-0.15217718482017517,-0.11486713588237762,2.032825231552124,1.5033131837844849,1.3972028493881226,1.5838572978973389,-1.697157859802246,0.24463658034801483,-0.18156932294368744,-0.6137786507606506,0.18040651082992554,0.9879060983657837,3.0199451446533203,-0.19187402725219727,-1.2966066598892212,-3.002901315689087,-0.23574192821979523,1.3551743030548096
204,4.08,0.0,0.30000001192092896,0.0,0.08122933655977249,0.39062201976776123,0.1466284990310669,0.07230881601572037,0.2370080053806305,0.2755933105945587,1,0,1,1,0.5158635377883911,2.0026564598083496,1.419177770614624,0.8307339549064636,2.222291946411133,0.3211323022842407,1.2549395561218262,1.7540407180786133,-0.26415205001831055,-1.7124991416931152,-1.442089319229126,-0.6271124482154846,-0.09113407135009766,0.6522623896598816,1.2331876754760742,0.9389657974243164,0.6748136281967163,-0.27576616406440735,0.19113746285438538,0.44068804383277893,1.7877861261367798,1.0636125802993774,1.198817491531372,1.6063059568405151,-0.05089937150478363,0.1839945912361145,1.0382429361343384,0.955161452293396,0.00013739986752625555,-0.24435634911060333,-0.13874584436416626,-0.11720515042543411,1.9902912378311157,1.44808030128479,1.4111889600753784,1.6103419065475464,-1.8388265371322632,-0.376301109790802,-0.3807310461997986,-1.21150541305542,-0.04759436845779419,0.13298195600509644,0.7620347738265991,0.3064904510974884,-2.3352737426757812,-2.3758394718170166,0.682010293006897,1.205314040184021
205,4.1,0.0,0.30000001192092896,0.0,0.03615298867225647,0.3541896343231201,0.2525447905063629,0.27660903334617615,-0.09102153033018112,0.06032513454556465,1,0,1,1,0.29790186882019043,2.0703539848327637,1.3424842357635498,0.8723593354225159,2.2784810066223145,0.8178687691688538,1.6374379396438599,1.9344251155853271,-0.13475878536701202,-1.937286138534546,-1.2062772512435913,-0.9143799543380737,-0.200114905834198,0.6861111521720886,1.194840908050537,0.9597784280776978,0.7029081583023071,-0.02739793062210083,0.3823866546154022,0.5308802127838135,1.852482795715332,0.9512190818786621,1.3167235851287842,1.462672233581543,-0.09642042219638824,0.17691558599472046,1.0251884460449219,0.9354852437973022,1.940388210641686e-05,-0.20138932764530182,-0.12036992609500885,-0.09362329542636871,1.948487639427185,1.4099822044372559,1.4211105108261108,1.619713544845581,-2.51615834236145,-0.3160907030105591,-0.8075835704803467,-0.88657146692276,0.0017786258831620216,2.99408221244812,1.1922664642333984,1.759332537651062,-2.1286535263061523,-1.3579684495925903,0.280046284198761,-0.048950571566820145
206,4.12,0.0,0.30000001192092896,0.0,-0.03341822698712349,0.3433404862880707,0.28628233075141907,0.6219401955604553,0.07677020877599716,0.11524200439453125,1,0,1,1,0.24877537786960602,1.8761119842529297,1.2574524879455566,0.542911171913147,1.977663516998291,0.948563814163208,1.480763554573059,1.1595972776412964,-0.2196803241968155,-1.9295432567596436,-1.204137921333313,-0.9708251953125,-0.2246781587600708,0.5889901518821716,1.1523250341415405,0.7950543761253357,0.5524994134902954,0.037949591875076294,0.30404946208000183,0.14346632361412048,1.810021996498108,0.9550905227661133,1.3177931308746338,1.434449553489685,-0.14724743366241455,0.16863803565502167,1.0112472772598267,0.9101293087005615,4.169066232861951e-05,-0.14154815673828125,-0.0868280902504921,-0.05531313642859459,1.9102452993392944,1.395264744758606,1.4238578081130981,1.612386703491211,-2.5437371730804443,-0.4780330955982208,-0.5841122269630432,-1.5410295724868774,0.006826087366789579,2.999143600463867,2.0433006286621094,2.1210594177246094,-1.8732620477676392,-0.24332544207572937,-0.007901452481746674,-0.6329190135002136
207,4.14,0.0,0.30000001192092896,0.0,0.011073503643274307,0.29757949709892273,0.08620480448007584,0.5496630072593689,0.9732396602630615,0.07240358740091324,0,0,1,0,0.3028468191623688,1.550323486328125,1.1811110973358154,0.9321706891059875,1.4000985622406006,1.207094669342041,1.2813245058059692,-0.17619483172893524,-0.11648351699113846,-1.8182510137557983,-1.1622847318649292,-0.9676928520202637,-0.19764243066310883,0.4260959029197693,1.11415433883667,0.9896841049194336,0.2637169659137726,0.1672150194644928,0.2043299376964569,-0.5244297385215759,1.8616204261779785,1.0107367038726807,1.3387198448181152,1.4360157251358032,-0.19293655455112457,0.16058696806430817,1.0066101551055908,0.8961945176124573,-2.174024530177121e-06,-0.08155456930398941,-0.0427340492606163,-0.09118299186229706,1.8774081468582153,1.3968065977096558,1.4241589307785034,1.569319486618042,-1.9658968448638916,-0.3610154688358307,-0.05700721591711044,0.03607536107301712,-7.368716615019366e-05,2.9993436336517334,2.2794198989868164,-3.0033977031707764,-1.4251922369003296,0.31995293498039246,0.0009576752781867981,-3.000203847885132
208,4.16,0.0,0.30000001192092896,0.0,0.018262993544340134,0.24493353068828583,0.014551568776369095,0.014203773811459541,0.053709499537944794,0.1531674861907959,0,1,1,0,0.5132094621658325,1.0422488451004028,1.1281567811965942,1.950764536857605,0.6069704294204712,1.2003490924835205,1.596216082572937,-0.021756833419203758,0.603248119354248,-1.3069353103637695,-0.8708603382110596,-1.3940602540969849,-0.09246110916137695,0.1720585823059082,1.087677240371704,1.49898099899292,-0.13284710049629211,0.16384223103523254,0.3617757260799408,-0.44721072912216187,2.2214860916137695,1.2663944959640503,1.4844319820404053,1.2228319644927979,-0.20585526525974274,0.1462027132511139,1.0047929286956787,0.9140856266021729,-0.025043725967407227,-0.04950530827045441,-0.01583993248641491,-0.15016798675060272,1.9213216304779053,1.3955415487289429,1.430818796157837,1.510114312171936,0.33208876848220825,-0.9421993494033813,-0.19005531072616577,1.4689161777496338,-1.8345247507095337,-0.4062848687171936,0.28396809101104736,-2.9922938346862793,3.00030779838562,0.28361138701438904,0.6094385385513306,-2.88053035736084
209,4.18,0.0,0.30000001192092896,0.0,0.06670469045639038,0.23233148455619812,-0.05106743797659874,-0.2672197222709656,-0.08979661017656326,0.07479298114776611,0,1,1,0,0.6556456685066223,1.004996657371521,0.7308691143989563,2.118546962738037,0.9329283237457275,1.7176461219787598,1.7995493412017822,-0.04299584776163101,0.6937837600708008,-1.3113312721252441,-0.7563510537147522,-1.2792203426361084,-0.021243005990982056,0.15343248844146729,0.889033317565918,1.5828722715377808,0.03013184666633606,0.4224907457828522,0.4634423553943634,-0.4578302502632141,2.266754150390625,1.264196515083313,1.5416866540908813,1.2802519798278809,-0.17482058703899384,0.12864792346954346,0.9970555305480957,0.9530678391456604,-0.03846627473831177,-0.05019354447722435,-0.024909762665629387,-0.2098793387413025,1.981328010559082,1.3957490921020508,1.4505884647369385,1.4536874294281006,2.3827426433563232,-0.7428136467933655,-0.500262439250946,2.2374022006988525,0.19450005888938904,0.22540023922920227,-0.8709235191345215,-2.9880623817443848,3.000279664993286,-0.0534871444106102,1.139062523841858,-2.5395073890686035
210,4.2,0.0,0.30000001192092896,0.0,0.05982145294547081,0.26843902468681335,-0.11007331311702728,-0.4094698131084442,-0.20129179954528809,0.04547390714287758,0,1,1,0,0.7844099998474121,0.891950249671936,0.8133454322814941,2.176851511001587,1.1980313062667847,1.67769193649292,1.824579119682312,0.34292206168174744,0.6036324501037598,-1.211439609527588,-0.6238328814506531,-1.3096941709518433,0.04313915967941284,0.0969092845916748,0.9302715063095093,1.6120245456695557,0.16268333792686462,0.40251365303993225,0.4759572446346283,-0.2648712992668152,2.2216782569885254,1.3141423463821411,1.6079456806182861,1.2650151252746582,-0.11605861783027649,0.11370053887367249,0.9861121773719788,0.9969184994697571,-0.015561869367957115,-0.044457871466875076,-0.05141402408480644,-0.26062196493148804,2.0413312911987305,1.3947484493255615,1.4806996583938599,1.4140477180480957,3.000227212905884,-0.7260772585868835,-0.6206067800521851,2.0819694995880127,1.7723397016525269,0.3324575126171112,-1.5433528423309326,-2.0743353366851807,3.0001392364501953,-0.10326941311359406,1.711164951324463,-1.440578818321228
211,4.22,0.0,0.30000001192092896,0.0,0.02216671220958233,0.2880099415779114,-0.16892385482788086,-0.1594950258731842,-0.5325143933296204,0.04248369485139847,0,1,1,0,1.0031359195709229,0.8725119233131409,0.8616093397140503,2.2855427265167236,1.410445213317871,1.6186412572860718,1.7785007953643799,0.7106185555458069,0.49237900972366333,-1.17373526096344,-0.5293157696723938,-1.3264102935791016,0.1525021195411682,0.08719012141227722,0.9544034600257874,1.666370153427124,0.26889029145240784,0.3729883134365082,0.45291808247566223,-0.08102303743362427,2.1660516262054443,1.3329944610595703,1.6552042961120605,1.2566570043563843,-0.05606525391340256,0.09559497237205505,0.970015287399292,1.0325788259506226,1.114514134314959e-06,-0.037413038313388824,-0.09068287909030914,-0.2569364607334137,2.1012282371520996,1.3929640054702759,1.5232179164886475,1.3948895931243896,2.9999427795410156,-1.0317434072494507,-0.9086928367614746,1.481870412826538,0.0003282825637143105,0.315617173910141,-2.085827350616455,1.8094245195388794,2.9565305709838867,-0.08989756554365158,2.2989161014556885,-0.5243507027626038
212,4.24,0.0,0.30000001192092896,0.0,-0.000699422147590667,0.3231964111328125,-0.18700088560581207,-0.09435514360666275,-0.31116151809692383,0.08875823020935059,0,1,1,0,1.2411221265792847,0.8110374212265015,0.7820653915405273,2.211411952972412,1.8544329404830933,1.7713027000427246,1.8409594297409058,0.6597028374671936,0.5291495323181152,-1.1384953260421753,-0.5094751715660095,-1.3323454856872559,0.2714952230453491,0.05645287036895752,0.9146314859390259,1.6293047666549683,0.4908841550350189,0.4493190348148346,0.48414739966392517,-0.10648089647293091,2.184436798095703,1.3506145477294922,1.665124535560608,1.2536894083023071,0.003930717706680298,0.07285706698894501,0.9530467391014099,1.0469911098480225,3.938745976483915e-06,-0.03732731565833092,-0.13121655583381653,-0.20413260161876678,2.1563827991485596,1.3929342031478882,1.5713939666748047,1.3930654525756836,2.9996564388275146,-1.2072440385818481,-0.7417405247688293,-0.07027541846036911,0.00013716690591536462,-0.24429403245449066,-1.8062620162963867,3.0061683654785156,2.3926267623901367,0.018640102818608284,2.380223512649536,0.23854570090770721
213,4.26,0.0,0.30000001192092896,0.0,0.027183672413229942,0.34052884578704834,-0.16576825082302094,-0.10904328525066376,0.026122156530618668,-0.00489214900881052,0,1,1,0,1.3365240097045898,0.765220046043396,0.6574534773826599,2.2738890647888184,1.9887328147888184,1.7457764148712158,1.7803528308868408,0.704983115196228,0.43375980854034424,-1.1178817749023438,-0.5455505847930908,-1.339103102684021,0.3191961646080017,0.033544182777404785,0.8523255586624146,1.6605433225631714,0.5580340623855591,0.4365558922290802,0.4538441002368927,-0.0838407576084137,2.136742115020752,1.3609212636947632,1.6470868587493896,1.2503106594085693,0.06391770392656326,0.05012720078229904,0.9377761483192444,1.0440773963928223,6.113301878940547e-06,-0.04809150472283363,-0.16185368597507477,-0.14376772940158844,2.179994583129883,1.3951573371887207,1.6158168315887451,1.402111291885376,2.999481201171875,-1.0433846712112427,-0.7775611281394958,-0.19854888319969177,-0.0002109124034177512,-0.6956766843795776,-1.1746234893798828,3.0153069496154785,0.26529282331466675,0.12729233503341675,1.9839590787887573,0.5603744387626648
214,4.28,0.0,0.30000001192092896,0.0,0.03255249187350273,0.3002122938632965,-0.012538432143628597,0.2831103801727295,-0.4830101430416107,-0.07638152688741684,0,1,1,1,1.358378529548645,0.6150305271148682,0.5647413730621338,2.23529314994812,1.934706211090088,1.44523286819458,1.6527179479599,0.9981670379638672,0.2555199861526489,-1.1621830463409424,-0.6198003888130188,-1.3190741539001465,0.3301234245300293,-0.04155057668685913,0.8059694766998291,1.6412453651428223,0.5310207605361938,0.28628411889076233,0.39002665877342224,0.06275120377540588,2.0476222038269043,1.3387706279754639,1.609961986541748,1.2603250741958618,0.12125382572412491,0.02732551470398903,0.9180178642272949,1.0391623973846436,5.4060442380432505e-06,-0.05777180567383766,-0.17973746359348297,-0.10509611666202545,2.1513068675994873,1.3971765041351318,1.6491882801055908,1.4154956340789795,2.6915407180786133,-1.2165195941925049,-1.386993408203125,-0.0988183319568634,-0.0004808063094969839,0.40174517035484314,-0.5970427989959717,-0.05598469078540802,-2.44575834274292,-0.14864060282707214,1.2064764499664307,1.8189425468444824
215,4.3,0.0,0.30000001192092896,0.0,0.07152868807315826,0.18556851148605347,0.07183164358139038,0.40820685029029846,0.5607843399047852,-0.019237011671066284,1,0,1,1,0.9111973643302917,0.8444847464561462,0.8449280858039856,1.5515507459640503,1.9869599342346191,-0.1592307686805725,1.052540898323059,1.9794435501098633,-0.14637595415115356,-1.2442588806152344,-0.7117300033569336,-1.342483401298523,0.10653284192085266,0.07317653298377991,0.9460628032684326,1.2993741035461426,0.5571476221084595,-0.515947699546814,0.08993813395500183,0.5533894300460815,1.8466742038726807,1.2977327108383179,1.5639971494674683,1.2486205101013184,0.15385237336158752,0.015800243243575096,0.8968666195869446,1.0288811922073364,3.0307455745059997e-05,-0.10800402611494064,-0.16444136202335358,-0.10500019043684006,2.106809616088867,1.404492974281311,1.6602892875671387,1.4433562755584717,0.12171082198619843,-0.08204524964094162,-0.3715599477291107,-0.6390265822410583,0.009583082050085068,-2.9702913761138916,1.7253611087799072,-0.2010808289051056,-0.9803040027618408,0.5513197779655457,-0.5496113300323486,1.014338731765747
216,4.32,0.0,0.30000001192092896,0.0,0.06650424748659134,0.2545657455921173,0.0855608806014061,0.007825474254786968,0.07265933603048325,0.04378725588321686,1,0,0,1,0.6372129321098328,1.3345048427581787,1.3474196195602417,0.7954540252685547,2.5558910369873047,-0.5189098119735718,-0.3311913311481476,1.4984772205352783,-0.3169095814228058,-1.2642803192138672,-1.005063533782959,-0.8461758494377136,-0.03045937418937683,0.31818658113479614,1.1973085403442383,0.9213258028030396,0.8416131734848022,-0.6957871913909912,-0.6019279956817627,0.31290629506111145,1.7614073753356934,1.2877219915390015,1.4173303842544556,1.4967741966247559,0.1300065964460373,0.029250241816043854,0.9063752293586731,1.0204930305480957,0.00034543531364761293,-0.16764667630195618,-0.20037372410297394,-0.10732036083936691,2.089221239089966,1.4162743091583252,1.6106369495391846,1.463879942893982,-1.621658444404602,1.2674015760421753,1.0628025531768799,-0.37211406230926514,0.023242808878421783,-2.9926645755767822,-2.9772772789001465,0.05668797716498375,-0.9955424666404724,0.512028694152832,-2.9981181621551514,1.041701078414917
217,4.34,0.0,0.30000001192092896,0.0,0.02139606885612011,0.26580458879470825,0.07114214450120926,-0.07048098742961884,-0.009798917919397354,-0.013871336355805397,1,0,0,1,0.768003523349762,1.4325246810913086,1.690277099609375,0.8687503337860107,2.3251824378967285,0.08693719655275345,0.009807467460632324,1.4969866275787354,0.10735320299863815,-0.41411101818084717,-1.4347323179244995,-0.7923627495765686,0.03493592143058777,0.3671965003013611,1.3687373399734497,0.9579739570617676,0.7262588739395142,-0.3928637206554413,-0.43142858147621155,0.31216099858283997,1.9735387563705444,1.7128067016601562,1.20249605178833,1.5236808061599731,0.09806463867425919,0.06558546423912048,0.9379295110702515,1.0131570100784302,-9.598981705494225e-06,-0.22800257802009583,-0.25966107845306396,-0.10700085759162903,2.0726139545440674,1.469705581665039,1.5506614446640015,1.4840526580810547,-1.609279751777649,2.1527862548828125,1.931206464767456,-0.378233939409256,0.05149032920598984,-3.0050230026245117,-2.974344491958618,0.059528861194849014,-0.8408538103103638,2.9975154399871826,-2.999079942703247,0.9217845797538757
218,4.36,0.0,0.30000001192092896,0.0,0.03204094246029854,0.2550307810306549,0.07589294761419296,-0.19790798425674438,-0.15310372412204742,0.03641875088214874,1,0,0,1,0.8596876263618469,1.504935383796692,1.6402366161346436,1.058683156967163,2.286680221557617,0.3857441842556,0.6039077043533325,1.5528666973114014,0.17360363900661469,-0.3663885295391083,-1.4529026746749878,-0.675666332244873,0.08077797293663025,0.40340185165405273,1.343717098236084,1.0529403686523438,0.7070077657699585,-0.24346022307872772,-0.13437846302986145,0.340101033449173,2.0066640377044678,1.7366678714752197,1.193410873413086,1.5820289850234985,0.07082274556159973,0.11060839146375656,0.9797242283821106,1.0069611072540283,-0.000152324209921062,-0.2691332697868347,-0.27948611974716187,-0.1058398187160492,2.056166410446167,1.5296765565872192,1.4906318187713623,1.502057671546936,-1.1330523490905762,2.2224385738372803,2.1281378269195557,-0.24782255291938782,0.022131213918328285,-1.2403137683868408,0.5053223967552185,0.1689213514328003,-0.9313241839408875,2.999624729156494,-3.001758575439453,0.8071084022521973
219,4.38,0.0,0.30000001192092896,0.0,0.008987191133201122,0.29909777641296387,0.04579157009720802,-0.19234837591648102,-0.18907053768634796,0.045375529676675797,1,0,0,1,0.704954206943512,1.6390563249588013,1.6474080085754395,0.8512155413627625,2.3068039417266846,0.4203837513923645,0.7359992265701294,1.500253677368164,0.22686301171779633,-0.7551021575927734,-1.3472131490707397,-0.6045529842376709,0.0034112632274627686,0.4704623222351074,1.347302794456482,0.9492065906524658,0.7170696258544922,-0.22614043951034546,-0.06833270192146301,0.3137945234775543,2.0332937240600586,1.5423110723495483,1.24625563621521,1.6175856590270996,0.04496440663933754,0.1501045525074005,1.0188368558883667,0.9999837875366211,-0.0022788855712860823,-0.2760404348373413,-0.23554973304271698,-0.10491731017827988,2.040055513381958,1.5678104162216187,1.4353474378585815,1.5213111639022827,-1.3778091669082642,1.685098648071289,1.7471487522125244,-0.3995984196662903,-0.21608518064022064,0.365111768245697,3.0037825107574463,0.07130274176597595,-0.7680647969245911,1.0246813297271729,-2.3273203372955322,1.0205553770065308
220,4.4,0.0,0.30000001192092896,0.0,-0.017789660021662712,0.35441121459007263,0.01997690089046955,-0.28996482491493225,-0.1839452087879181,0.05843658372759819,1,0,0,1,0.6431707739830017,1.7512892484664917,1.6557250022888184,0.8034036755561829,2.2071995735168457,0.29373252391815186,0.7127619981765747,1.4899258613586426,0.10934280604124069,-1.0817147493362427,-1.316487431526184,-0.612957775592804,-0.02748045325279236,0.5265787839889526,1.3514612913131714,0.9253005981445312,0.6672674417495728,-0.2894660532474518,-0.07995131611824036,0.3086306154727936,1.9745335578918457,1.379004716873169,1.2616183757781982,1.6133832931518555,0.0150529770180583,0.17508023977279663,1.0467607975006104,0.9898031949996948,-0.006747805513441563,-0.267456978559494,-0.17503538727760315,-0.10775884985923767,2.025501012802124,1.5453537702560425,1.4036455154418945,1.5451956987380981,-1.5439605712890625,0.857243537902832,1.07969331741333,-0.5870077610015869,-0.18309974670410156,0.4310091733932495,3.0162973403930664,-0.17943817377090454,-0.7893741726875305,-2.467695951461792,-0.9515655040740967,1.2629034519195557
221,4.42,0.0,0.30000001192092896,0.0,0.024653814733028412,0.36808034777641296,0.11535155028104782,-0.20157773792743683,0.39422962069511414,0.10072866082191467,1,0,1,1,0.5529561042785645,1.8642866611480713,1.5469896793365479,0.7751333117485046,2.2325706481933594,0.3740943670272827,1.0702694654464722,1.6042535305023193,-0.09456194192171097,-1.3415532112121582,-1.3716529607772827,-0.6278033256530762,-0.07258778810501099,0.5830774903297424,1.2970936298370361,0.9111654758453369,0.6799529790878296,-0.24928513169288635,0.09880241751670837,0.36579445004463196,1.872581124305725,1.249085545539856,1.2340357303619385,1.605960488319397,-0.0189433041960001,0.1842920035123825,1.0442466735839844,0.9776583909988403,-0.0031721144914627075,-0.25364264845848083,-0.12335598468780518,-0.11375542730093002,2.0023951530456543,1.4869900941848755,1.3962488174438477,1.5721831321716309,-1.5827040672302246,0.1586107313632965,-0.320284366607666,-1.0970886945724487,1.037366271018982,0.44635239243507385,0.2505560517311096,-0.4660518765449524,-1.9454312324523926,-2.9658620357513428,1.1204733848571777,1.3460490703582764
222,4.44,0.0,0.30000001192092896,0.0,0.028069913387298584,0.3447512686252594,0.20439282059669495,0.08616146445274353,-0.1121024489402771,0.10882087051868439,1,0,1,1,0.46269676089286804,2.0465033054351807,1.341711163520813,0.8932967782020569,2.160332202911377,0.7289620041847229,1.7975521087646484,2.2833340167999268,-0.24718378484249115,-1.8264942169189453,-1.2123057842254639,-0.9008337259292603,-0.11771745979785919,0.6741858124732971,1.1944544315338135,0.9702471494674683,0.6438337564468384,-0.07185131311416626,0.4624437391757965,0.7053346633911133,1.7962702512741089,1.0066150426864624,1.3137092590332031,1.4694452285766602,-0.05619651451706886,0.1829470545053482,1.0348156690597534,0.9606075882911682,9.296841744799167e-05,-0.20999914407730103,-0.11587674170732498,-0.10262832045555115,1.9620317220687866,1.4334498643875122,1.4139559268951416,1.5866225957870483,-1.920747995376587,-0.22373846173286438,-0.6289387345314026,-0.7821990251541138,-0.042847439646720886,3.0040297508239746,0.6764582395553589,1.2088255882263184,-2.11173415184021,-2.2144217491149902,0.5713845491409302,0.3006487488746643
223,4.46,0.0,0.30000001192092896,0.0,-0.0383160337805748,0.35239315032958984,0.2556059956550598,0.5015727877616882,0.06970848143100739,0.1695401966571808,1,0,1,1,0.27105146646499634,1.9404213428497314,1.2160664796829224,0.5339793562889099,1.965691328048706,0.8762253522872925,1.6960601806640625,1.6538342237472534,-0.2428138703107834,-1.8669006824493408,-1.1789404153823853,-1.0102442502975464,-0.21354010701179504,0.6211448311805725,1.1316320896148682,0.7905884981155396,0.5465133190155029,0.0017803609371185303,0.41169777512550354,0.390584796667099,1.7984552383422852,0.9864118099212646,1.3303918838500977,1.4147400856018066,-0.10324005037546158,0.17472624778747559,1.0239455699920654,0.9369181394577026,5.5717071518301964e-05,-0.15011776983737946,-0.09131420403718948,-0.07248125225305557,1.9250669479370117,1.4027831554412842,1.4222434759140015,1.5862388610839844,-2.589207410812378,-0.5271210670471191,-0.45206767320632935,-1.4823580980300903,0.002820247318595648,2.9968717098236084,1.7066165208816528,1.7892106771469116,-1.9007078409194946,-0.9419419765472412,0.27264127135276794,-0.29109880328178406
224,4.48,0.0,0.30000001192092896,0.0,0.004633130971342325,0.3185153007507324,0.0683508887887001,0.4791792333126068,0.9874817728996277,0.09565615653991699,0,0,1,0,0.3105408549308777,1.6599726676940918,1.143632173538208,0.9140921831130981,1.4253164529800415,1.2244248390197754,1.4227396249771118,0.16024401783943176,-0.11462137848138809,-1.785764217376709,-1.136123538017273,-1.015027403831482,-0.19379541277885437,0.4809204936027527,1.0954148769378662,0.9806448817253113,0.27632591128349304,0.17588010430335999,0.2750374972820282,-0.35621029138565063,1.8625514507293701,1.0269800424575806,1.3518004417419434,1.4123485088348389,-0.15549679100513458,0.16501006484031677,1.02019464969635,0.9192211031913757,-1.740037646413839e-06,-0.09015845507383347,-0.05324581265449524,-0.09502106159925461,1.888723373413086,1.3941141366958618,1.4278991222381592,1.5481458902359009,-2.5087389945983887,-0.4500029683113098,0.014724919572472572,-0.34707123041152954,-0.00012300809612497687,2.9976954460144043,2.0661838054656982,-2.9965357780456543,-1.6921851634979248,-0.0332050584256649,0.2738812565803528,-2.9658443927764893
225,4.5,0.0,0.30000001192092896,0.0,0.010273762047290802,0.2656342685222626,0.030388200655579567,-0.02234785445034504,0.07814265042543411,0.15588828921318054,0,1,1,0,0.5450851917266846,1.1224557161331177,1.138118028640747,2.0254244804382324,0.5569688081741333,1.2606462240219116,1.6328080892562866,0.12735256552696228,0.6563218832015991,-1.2612087726593018,-0.8557211756706238,-1.428994059562683,-0.07652324438095093,0.21216201782226562,1.0926578044891357,1.5363110303878784,-0.15784791111946106,0.1939907968044281,0.3800717294216156,-0.37265604734420776,2.24802303314209,1.2892577648162842,1.4920015335083008,1.2053651809692383,-0.180153489112854,0.14787091314792633,1.0185800790786743,0.928877592086792,-0.03041347675025463,-0.058526813983917236,-0.030214129015803337,-0.15410785377025604,1.9316504001617432,1.387388825416565,1.4407600164413452,1.488208293914795,-0.25437498092651367,-1.0515515804290771,-0.3386134207248688,1.1019558906555176,-2.2696120738983154,-0.38843652606010437,-0.1986854523420334,-3.023578643798828,3.000330686569214,0.05484648048877716,1.0650060176849365,-2.964782953262329
226,4.5200000000000005,0.0,0.30000001192092896,0.0,0.06754899024963379,0.24233150482177734,-0.034133654087781906,-0.2837296724319458,-0.0646575391292572,0.13811160624027252,0,1,1,0,0.6986157298088074,1.0879875421524048,0.786687433719635,2.2467424869537354,0.8773504495620728,1.8089560270309448,1.823339581489563,0.0691266879439354,0.7787071466445923,-1.2499533891677856,-0.7763553857803345,-1.2984377145767212,0.00024202466011047363,0.19492793083190918,0.9169424772262573,1.6469700336456299,0.002342909574508667,0.4681456983089447,0.4753374755382538,-0.4017689824104309,2.309215784072876,1.2948853969573975,1.531684398651123,1.2706432342529297,-0.15805268287658691,0.12871485948562622,1.010696291923523,0.9598857760429382,-0.054240670055150986,-0.056728847324848175,-0.03950826823711395,-0.21384528279304504,1.9916574954986572,1.3857022523880005,1.4624754190444946,1.436261534690857,2.071910858154297,-0.8451277017593384,-0.41768673062324524,1.8448342084884644,-0.3154897689819336,0.2917427718639374,-0.7647715210914612,-2.9908254146575928,3.000324249267578,-0.11167622357606888,1.0626842975616455,-2.144153118133545
227,4.54,0.0,0.30000001192092896,0.0,0.07961364090442657,0.27744123339653015,-0.08557932078838348,-0.37927260994911194,-0.22566787898540497,0.055212609469890594,0,1,1,0,0.78730309009552,0.8965617418289185,0.7434427738189697,2.2355666160583496,1.0914369821548462,1.6570411920547485,1.830001950263977,0.40617772936820984,0.6194401979446411,-1.2328130006790161,-0.5958706140518188,-1.3008116483688354,0.0445857048034668,0.09921503067016602,0.8953201770782471,1.641382098197937,0.10938617587089539,0.39218828082084656,0.4786686599254608,-0.2332434505224228,2.2295823097229004,1.3034555912017822,1.6219267845153809,1.269456386566162,-0.10168815404176712,0.11182844638824463,0.9991887211799622,0.9975330233573914,-0.03626752644777298,-0.049015410244464874,-0.06357183307409286,-0.25834357738494873,2.0516605377197266,1.3839380741119385,1.4907244443893433,1.405248999595642,3.0003740787506104,-0.8094273805618286,-0.7197137475013733,1.8494198322296143,1.7294368743896484,0.4507809579372406,-1.4164223670959473,-1.54306960105896,3.0001349449157715,-0.12786969542503357,1.5860037803649902,-1.016710877418518
228,4.5600000000000005,0.0,0.30000001192092896,0.0,0.053061988204717636,0.3139268457889557,-0.1599472463130951,-0.08256760984659195,-0.5664458870887756,0.030536755919456482,0,1,1,0,1.0244661569595337,0.828794538974762,0.8092173337936401,2.318730115890503,1.3693232536315918,1.6616629362106323,1.8140770196914673,0.696491003036499,0.502836287021637,-1.1999719142913818,-0.4799583852291107,-1.3211979866027832,0.16316723823547363,0.06533142924308777,0.9282074570655823,1.6829638481140137,0.2483293116092682,0.39449915289878845,0.47070619463920593,-0.0880868136882782,2.1712803840637207,1.3198761940002441,1.6798830032348633,1.2592631578445435,-0.04169473424553871,0.09276875853538513,0.9812604784965515,1.0296112298965454,2.80527638096828e-06,-0.04088662564754486,-0.0981111004948616,-0.24933157861232758,2.1115691661834717,1.3814274072647095,1.5296341180801392,1.3936928510665894,2.999479293823242,-1.2396056652069092,-1.2775452136993408,1.349403738975525,-0.0013704891316592693,0.42526185512542725,-2.0677988529205322,1.9765926599502563,2.9683287143707275,0.051422759890556335,2.351304292678833,-0.19542141258716583
229,4.58,0.0,0.30000001192092896,0.0,0.02795913629233837,0.3476961851119995,-0.186161607503891,-0.017080597579479218,-0.35600709915161133,0.05364735797047615,0,1,1,0,1.2671056985855103,0.8089249730110168,0.8005806803703308,2.2935433387756348,1.8190605640411377,1.8431758880615234,1.8942862749099731,0.6479591727256775,0.5926697850227356,-1.1622614860534668,-0.47229644656181335,-1.3389174938201904,0.2844870090484619,0.05539664626121521,0.92388916015625,1.6703704595565796,0.47319796681404114,0.485255628824234,0.5108108520507812,-0.11235272884368896,2.2161970138549805,1.3387314081192017,1.6837139129638672,1.2504034042358398,0.01830284669995308,0.06770801544189453,0.9589732885360718,1.0472038984298706,2.766178340607439e-06,-0.04092278331518173,-0.13830459117889404,-0.19577334821224213,2.1703925132751465,1.3832929134368896,1.5775638818740845,1.3964060544967651,2.999717950820923,-1.3253326416015625,-0.9733297824859619,-0.001674105878919363,0.00022070799604989588,-0.2742272615432739,-1.7869106531143188,3.006026268005371,2.746931552886963,0.11579537391662598,2.380479335784912,0.3609544634819031
230,4.6000000000000005,0.0,0.30000001192092896,0.0,0.04957779869437218,0.3643108606338501,-0.16876938939094543,-0.04762015864253044,0.012772035785019398,-0.021042196080088615,0,1,1,0,1.3615440130233765,0.7505360245704651,0.6865510940551758,2.3348946571350098,1.9751660823822021,1.8369203805923462,1.8217705488204956,0.6781502366065979,0.5047906637191772,-1.1266669034957886,-0.5105320811271667,-1.3463467359542847,0.331706166267395,0.02620217204093933,0.8668743371963501,1.691046118736267,0.551250696182251,0.4821278750896454,0.4745529592037201,-0.09725719690322876,2.172257423400879,1.3565287590026855,1.6645960807800293,1.2466888427734375,0.0782625749707222,0.04253184050321579,0.9394308924674988,1.0450066328048706,6.007521278661443e-06,-0.05283006653189659,-0.16839563846588135,-0.13584136962890625,2.2033586502075195,1.3872915506362915,1.622100830078125,1.406164526939392,2.984873056411743,-1.1707490682601929,-0.9579746127128601,-0.1882462501525879,-0.00014884267875459045,-0.7761746644973755,-1.1467137336730957,2.9102423191070557,0.7726332545280457,0.19814518094062805,2.0076181888580322,0.5415571928024292
231,4.62,0.0,0.30000001192092896,0.0,0.05046289414167404,0.3179265856742859,-0.01109434012323618,0.39385008811950684,-0.5310460925102234,-0.09335559606552124,0,1,1,1,1.3848544359207153,0.5943824052810669,0.569472074508667,2.303821086883545,1.911113977432251,1.5636204481124878,1.6958671808242798,0.9520954489707947,0.3371264934539795,-1.1629825830459595,-0.5953142642974854,-1.331560730934143,0.34336137771606445,-0.051874637603759766,0.8083348274230957,1.6755093336105347,0.5192246437072754,0.3454779088497162,0.4116012752056122,0.03971540927886963,2.088425397872925,1.3383708000183105,1.6222050189971924,1.2540817260742188,0.13386103510856628,0.015510120429098606,0.9144486784934998,1.0395228862762451,5.6984326874953695e-06,-0.06227302551269531,-0.1864977478981018,-0.10623705387115479,2.184814929962158,1.3889946937561035,1.6558308601379395,1.410949468612671,2.5507652759552,-1.3950802087783813,-1.5561044216156006,0.055064551532268524,-0.00044002803042531013,0.2695189118385315,-0.5427665114402771,0.08159808069467545,-1.9771910905838013,-0.2678992748260498,1.2046620845794678,2.1737046241760254
232,4.64,0.0,0.30000001192092896,0.0,0.09640203416347504,0.20537441968917847,0.07399146258831024,0.42830073833465576,0.6010901927947998,0.04313747212290764,1,0,1,1,0.9587323069572449,0.7679464817047119,0.8292967081069946,1.590523600578308,1.9360990524291992,-0.05135675519704819,1.0515515804290771,1.8512095212936401,-0.08159518986940384,-1.2591251134872437,-0.6604406237602234,-1.3262640237808228,0.13030031323432922,0.034907400608062744,0.9382471442222595,1.3188605308532715,0.5317171812057495,-0.4620106816291809,0.08944347500801086,0.48927244544029236,1.8790645599365234,1.290299654006958,1.589641809463501,1.256730079650879,0.16827796399593353,-0.0022830767557024956,0.8881147503852844,1.029524564743042,0.00018274059402756393,-0.11164094507694244,-0.17158660292625427,-0.10266399383544922,2.136453628540039,1.3962644338607788,1.6688826084136963,1.442049503326416,0.1555543839931488,-0.5303663015365601,-0.7880000472068787,-0.6661938428878784,0.30257081985473633,-2.873504877090454,1.9443566799163818,0.07421787083148956,-0.13187718391418457,0.6558030247688293,-0.20347915589809418,1.203216552734375
233,4.66,0.0,0.30000001192092896,0.0,0.09266050159931183,0.27004027366638184,0.10902204364538193,-0.07846502214670181,0.13978388905525208,0.05226147919893265,1,0,0,1,0.6206267476081848,1.3353549242019653,1.3293776512145996,0.8251311779022217,2.4961600303649902,-0.6163440346717834,-0.6793129444122314,1.379936695098877,-0.4227442443370819,-1.4513583183288574,-1.0270904302597046,-0.817493200302124,-0.038752466440200806,0.31861162185668945,1.188287615776062,0.936164379119873,0.811747670173645,-0.7445043325424194,-0.7759888172149658,0.25363603234291077,1.708490014076233,1.1941829919815063,1.4063169956207275,1.511115550994873,0.13937251269817352,0.00736449658870697,0.8925807476043701,1.021360993385315,0.0002914032666012645,-0.1712196171283722,-0.2132413238286972,-0.10707707703113556,2.112189292907715,1.4115784168243408,1.6220476627349854,1.46499764919281,-1.89946448802948,1.2361996173858643,0.8874141573905945,-0.3599144220352173,-0.03729723393917084,-2.9914755821228027,-2.9704537391662598,-0.05144036188721657,-1.5958912372589111,0.7062584757804871,-2.9982213973999023,1.1524945497512817
234,4.68,0.0,0.30000001192092896,0.0,0.03303680196404457,0.29296377301216125,0.06936879456043243,-0.032653216272592545,0.06350690126419067,-0.058657944202423096,1,0,0,1,0.7270420789718628,1.4331945180892944,1.7657138109207153,0.8435077667236328,2.1944615840911865,0.02757934480905533,-0.3787592351436615,1.3200585842132568,0.1998169869184494,-0.4006475508213043,-1.477537989616394,-0.7439568042755127,0.014455199241638184,0.367531418800354,1.4064557552337646,0.9453526735305786,0.6608984470367432,-0.42254263162612915,-0.6257119178771973,0.2236969769001007,2.019770622253418,1.7195383310317993,1.1810932159423828,1.5478837490081787,0.10126206278800964,0.04598432034254074,0.9225962162017822,1.0140783786773682,-0.000474972533993423,-0.23164968192577362,-0.27254265546798706,-0.10784231871366501,2.092719316482544,1.466338038444519,1.5620965957641602,1.4884220361709595,-1.984101414680481,2.395634651184082,1.9480705261230469,-0.40419694781303406,0.03306692838668823,-3.007735252380371,-2.9762074947357178,-0.028980009257793427,-0.8883433938026428,2.9969677925109863,-2.9983983039855957,1.0915340185165405
235,4.7,0.0,0.30000001192092896,0.0,0.03696851059794426,0.26529380679130554,0.05875704064965248,-0.2717882990837097,-0.20820066332817078,0.05282022804021835,1,0,0,1,0.9203832745552063,1.4618068933486938,1.6834166049957275,1.1007874011993408,2.170527935028076,0.34929490089416504,0.3262863755226135,1.4457480907440186,0.24249279499053955,-0.2511400878429413,-1.4838440418243408,-0.6457407474517822,0.11112579703330994,0.3818376064300537,1.365307092666626,1.0739924907684326,0.648931622505188,-0.2616848647594452,-0.27318912744522095,0.28654173016548157,2.0411086082458496,1.7942920923233032,1.1779401302337646,1.596991777420044,0.07166549563407898,0.09727698564529419,0.9673239588737488,1.0082038640975952,-0.0017548039322718978,-0.27394533157348633,-0.31424814462661743,-0.10883434861898422,2.076157808303833,1.5263192653656006,1.5020580291748047,1.5096031427383423,-1.0597003698349,2.5714809894561768,2.3703689575195312,-0.20244543254375458,-0.10068636387586594,-1.350867509841919,-1.3377481698989868,0.06039496883749962,-0.8931201100349426,3.0005533695220947,-3.002650260925293,0.941328227519989
236,4.72,0.0,0.30000001192092896,0.0,0.0190175361931324,0.31019851565361023,0.04768696054816246,-0.19189190864562988,-0.1602458506822586,0.019438158720731735,1,0,0,1,0.6651731729507446,1.632277011871338,1.6372036933898926,0.8709338903427124,2.32338809967041,0.46802717447280884,0.8772143125534058,1.5553150177001953,0.2701156735420227,-0.5834245681762695,-1.4095903635025024,-0.5721890330314636,-0.0164792537689209,0.46707266569137573,1.3422006368637085,0.9590657353401184,0.725361704826355,-0.2023187279701233,0.002274841070175171,0.34132519364356995,2.054919958114624,1.6281498670578003,1.215066909790039,1.6337676048278809,0.044589459896087646,0.1445547342300415,1.0114942789077759,1.0015928745269775,-0.004190793260931969,-0.2795824706554413,-0.2808248698711395,-0.10939062386751175,2.059307098388672,1.5841896533966064,1.4440940618515015,1.5308951139450073,-1.5226556062698364,2.0831987857818604,1.991687297821045,-0.37748223543167114,-0.21087440848350525,0.606403112411499,3.003351926803589,0.04573949798941612,-0.8239498138427734,2.643848180770874,-2.569068670272827,1.0720981359481812
237,4.74,0.0,0.30000001192092896,0.0,-0.004891498479992151,0.34120476245880127,0.006964803207665682,-0.2808590531349182,-0.2235931158065796,0.059197474271059036,1,0,0,1,0.6976369619369507,1.741147756576538,1.7022042274475098,0.8579921722412109,2.156599760055542,0.2616872489452362,0.672055721282959,1.472834587097168,0.21584521234035492,-0.9930711984634399,-1.3062260150909424,-0.5850682258605957,-0.0002473592758178711,0.5215080380439758,1.374700903892517,0.9525948762893677,0.6419675350189209,-0.3054887056350708,-0.10030445456504822,0.3000849783420563,2.027784824371338,1.4233264923095703,1.2667491436004639,1.6273280382156372,0.014270959421992302,0.1767343282699585,1.0445529222488403,0.9926292300224304,-0.01088100764900446,-0.2686799168586731,-0.22034476697444916,-0.11231613904237747,2.045602798461914,1.5785198211669922,1.407213807106018,1.5556628704071045,-1.465367078781128,1.1678184270858765,1.3345513343811035,-0.49606385827064514,-0.37513646483421326,0.43588754534721375,3.0148377418518066,-0.1677531749010086,-0.6825008988380432,-2.2254698276519775,-1.1992884874343872,1.2725398540496826
238,4.76,0.0,0.30000001192092896,0.0,-0.02581215091049671,0.42859721183776855,0.041202135384082794,-0.48417651653289795,-0.2166694551706314,0.035806212574243546,1,0,0,1,0.5275011658668518,1.8578248023986816,1.571143627166748,0.728310763835907,2.236297607421875,0.3927798867225647,1.1024428606033325,1.6010278463363647,-0.016297049820423126,-1.2632185220718384,-1.3504868745803833,-0.5837811231613159,-0.08531525731086731,0.5798465609550476,1.3091706037521362,0.8877542018890381,0.6818164587020874,-0.23994237184524536,0.11488911509513855,0.36418160796165466,1.9117136001586914,1.288252830505371,1.2446186542510986,1.6279716491699219,-0.019963746890425682,0.19018006324768066,1.045690894126892,0.9820911288261414,-0.013126388192176819,-0.2518976628780365,-0.15976376831531525,-0.1179250180721283,2.0263895988464355,1.52016019821167,1.3957246541976929,1.5837258100509644,-1.736938238143921,0.2350984662771225,-0.1681644320487976,-0.6390435695648193,0.1369231790304184,1.0476021766662598,3.0230400562286377,-0.2139265388250351,-1.2268884181976318,-3.00366473197937,-0.09517818689346313,1.3643567562103271
239,4.78,0.0,0.30000001192092896,0.0,0.048725470900535583,0.39832696318626404,0.145931214094162,-0.04379303380846977,0.2412651926279068,0.20230872929096222,1,0,1,1,0.5067675113677979,1.9834706783294678,1.4275195598602295,0.8292791247367859,2.217752456665039,0.33306288719177246,1.2675741910934448,1.7470624446868896,-0.27066361904144287,-1.692108154296875,-1.4313889741897583,-0.6408002376556396,-0.09568208456039429,0.6426694989204407,1.237358570098877,0.9382383823394775,0.6725438833236694,-0.2698008716106415,0.1974547803401947,0.4371989071369171,1.7845304012298584,1.0738080739974976,1.2041676044464111,1.5994620323181152,-0.05482897534966469,0.1878444254398346,1.0395914316177368,0.963725209236145,0.000139837313327007,-0.23922206461429596,-0.13275304436683655,-0.12283831089735031,1.986573576927185,1.462058424949646,1.4049346446990967,1.6098664999008179,-1.7167481184005737,-0.3995378613471985,-0.42286112904548645,-1.1496131420135498,-0.015884198248386383,0.2843656837940216,0.6512631773948669,0.1511898636817932,-2.6035685539245605,-2.655200719833374,0.8408504128456116,1.1730315685272217
240,4.8,0.0,0.30000001192092896,0.0,0.0179318655282259,0.3552471399307251,0.24520699679851532,0.21145860850811005,-0.151881143450737,0.09911378473043442,1,0,1,1,0.3496701419353485,2.0723562240600586,1.319568157196045,0.8591112494468689,2.1026790142059326,0.8442460894584656,1.731225609779358,2.097388744354248,-0.15020664036273956,-1.9365278482437134,-1.178202509880066,-0.9068912863731384,-0.17423076927661896,0.6871122717857361,1.1833828687667847,0.953154444694519,0.6150071620941162,-0.014209270477294922,0.42928048968315125,0.6123620271682739,1.8447588682174683,0.9515982270240784,1.3307609558105469,1.4664164781570435,-0.09597226977348328,0.17899641394615173,1.0277997255325317,0.9444840550422668,3.159448897349648e-05,-0.19373884797096252,-0.11858803033828735,-0.10075829178094864,1.9413254261016846,1.4175267219543457,1.418405532836914,1.618721842765808,-2.204547643661499,-0.4523695707321167,-0.713732898235321,-0.9081875681877136,-0.0038907714188098907,2.99747896194458,0.9829210638999939,1.708484172821045,-2.1174323558807373,-1.676364779472351,0.4367924928665161,-0.06404104083776474
241,4.82,0.0,0.30000001192092896,0.0,-0.05928384140133858,0.3438951373100281,0.27838683128356934,0.6099452972412109,0.03226041421294212,0.13524483144283295,1,0,1,1,0.23178289830684662,1.87437903881073,1.1862940788269043,0.5275014042854309,1.7968119382858276,1.081006646156311,1.6054823398590088,1.103040337562561,-0.18446554243564606,-1.9179787635803223,-1.1694821119308472,-0.9714187383651733,-0.2331743836402893,0.5881236791610718,1.1167458295822144,0.7873494625091553,0.4620736539363861,0.10417100787162781,0.3664088547229767,0.11518785357475281,1.8276293277740479,0.9608727693557739,1.3351211547851562,1.4341528415679932,-0.14386244118213654,0.16839385032653809,1.0156339406967163,0.9186472296714783,2.172069434891455e-05,-0.1339312344789505,-0.0887652263045311,-0.06255892664194107,1.9062108993530273,1.3970661163330078,1.4244552850723267,1.6112741231918335,-2.483130931854248,-0.5630202889442444,-0.4995449185371399,-1.601139783859253,0.0061851805076003075,2.9979350566864014,1.915764570236206,2.113417387008667,-1.6663099527359009,-0.48772138357162476,0.16855213046073914,-0.6459313631057739
242,4.84,0.0,0.30000001192092896,0.0,-0.009462409652769566,0.2938571870326996,0.08206699043512344,0.5513961315155029,0.9496021270751953,0.05066227540373802,0,0,1,0,0.30094942450523376,1.5062211751937866,1.1163581609725952,0.9891596436500549,1.1862115859985352,1.4178557395935059,1.4063657522201538,-0.4678434729576111,-0.022118695080280304,-1.7685706615447998,-1.1278371810913086,-0.9624720215797424,-0.19859112799167633,0.4040447473526001,1.081777811050415,1.0181785821914673,0.15677347779273987,0.2725955545902252,0.2668505609035492,-0.6702540516853333,1.9088027477264404,1.0355768203735352,1.3559435606002808,1.4386261701583862,-0.18933464586734772,0.15956135094165802,1.0124281644821167,0.9069063067436218,-3.400245304874261e-06,-0.07395904511213303,-0.046627286821603775,-0.10439103096723557,1.8878157138824463,1.3951760530471802,1.427700400352478,1.5688832998275757,-1.9932373762130737,-0.37181907892227173,-0.02511604316532612,0.2697015404701233,8.838029316393659e-05,2.9987549781799316,2.2037465572357178,-3.003699779510498,-0.40152260661125183,0.21786534786224365,0.13335706293582916,-3.000324249267578
243,4.86,0.0,0.30000001192092896,0.0,0.00018253007146995515,0.243761345744133,0.028151338919997215,0.06653893738985062,0.09408975392580032,0.13223622739315033,0,1,1,0,0.4864514172077179,1.0690585374832153,1.0740654468536377,2.025146722793579,0.5759950876235962,1.3685588836669922,1.7336286306381226,-0.04719135910272598,0.6716333031654358,-1.292141318321228,-0.8670982122421265,-1.3852934837341309,-0.10584013164043427,0.18546342849731445,1.060631513595581,1.5361721515655518,-0.14833477139472961,0.24794712662696838,0.43048200011253357,-0.4599280059337616,2.25567889213562,1.2737915515899658,1.4863131046295166,1.2272154092788696,-0.20567336678504944,0.14478659629821777,1.009891152381897,0.9276349544525146,-0.027466867119073868,-0.0455881729722023,-0.023054135963320732,-0.16349045932292938,1.9389442205429077,1.394073486328125,1.4384788274765015,1.5088567733764648,0.10506138950586319,-1.0602288246154785,-0.29211920499801636,1.5871061086654663,-2.1221532821655273,-0.17825300991535187,0.12637050449848175,-3.001662492752075,3.000331163406372,-0.2606756091117859,0.8447172045707703,-2.998706579208374
244,4.88,0.0,0.30000001192092896,0.0,0.045481011271476746,0.23255209624767303,-0.03853803128004074,-0.21025775372982025,-0.08445166051387787,0.07914964854717255,0,1,1,0,0.6475483775138855,1.02342689037323,0.7501313090324402,2.2064273357391357,0.8978897333145142,1.807952642440796,1.8936693668365479,0.023216569796204567,0.7736520171165466,-1.2317516803741455,-0.7555161714553833,-1.2931807041168213,-0.025291651487350464,0.16264760494232178,0.8986644744873047,1.62681245803833,0.01261255145072937,0.46764400601387024,0.5105023384094238,-0.4247240424156189,2.306688070297241,1.3039863109588623,1.5421040058135986,1.2732717990875244,-0.17870905995368958,0.12649692595005035,1.002179741859436,0.9664926528930664,-0.04815934598445892,-0.044292744249105453,-0.030911026522517204,-0.22318525612354279,1.9989513158798218,1.389519214630127,1.459240198135376,1.4517438411712646,2.225550651550293,-0.7764719128608704,-0.4648047983646393,2.1403069496154785,-0.16013216972351074,0.2296886146068573,-0.7419634461402893,-2.9920761585235596,3.0003104209899902,-0.18026115000247955,1.1532691717147827,-2.5412659645080566
245,4.9,0.0,0.30000001192092896,0.0,0.047785673290491104,0.2673972249031067,-0.09816756844520569,-0.30494362115859985,-0.21121034026145935,0.047198910266160965,0,1,1,0,0.7801588177680969,0.8865909576416016,0.7829381227493286,2.2538654804229736,1.177446722984314,1.724003791809082,1.879833698272705,0.39269936084747314,0.6360934376716614,-1.1987781524658203,-0.6054906845092773,-1.3113179206848145,0.04101356863975525,0.09422963857650757,0.9150678515434265,1.650531530380249,0.15239104628562927,0.4256695806980133,0.5035845041275024,-0.23998263478279114,2.2379088401794434,1.320473074913025,1.6171168088912964,1.2642031908035278,-0.12070613354444504,0.11032461374998093,0.9912095069885254,1.0073641538619995,-0.02892904542386532,-0.038932763040065765,-0.05431615188717842,-0.26751190423965454,2.058954954147339,1.3869081735610962,1.4894074201583862,1.4121387004852295,3.000328540802002,-0.8027693629264832,-0.6383084654808044,1.9022834300994873,1.7216955423355103,0.2915826439857483,-1.3790656328201294,-1.5318763256072998,3.0001368522644043,-0.1692754030227661,1.68985915184021,-1.431342363357544
246,4.92,0.0,0.30000001192092896,0.0,0.01667647995054722,0.2992895245552063,-0.1712254285812378,-0.031233474612236023,-0.5637633800506592,0.034368131309747696,0,1,1,0,1.0236965417861938,0.8372745513916016,0.8190485239028931,2.3458352088928223,1.4504544734954834,1.7327793836593628,1.8504389524459839,0.6753808856010437,0.5311688184738159,-1.1671438217163086,-0.48996803164482117,-1.335412859916687,0.1627824306488037,0.06957143545150757,0.9331230521202087,1.6965163946151733,0.288894921541214,0.4300573766231537,0.48888716101646423,-0.09864187240600586,2.1854465007781982,1.3362902402877808,1.6748781204223633,1.2521557807922363,-0.06071223318576813,0.0910988375544548,0.9748386144638062,1.038892388343811,9.979283959182794e-07,-0.03412769362330437,-0.08942845463752747,-0.2584231197834015,2.118881940841675,1.3845261335372925,1.5312080383300781,1.3939290046691895,3.000028133392334,-1.1500492095947266,-1.0310825109481812,1.2643216848373413,0.00012383624562062323,0.1711302250623703,-2.0784873962402344,1.94879150390625,2.966222047805786,-0.013692330569028854,2.4324686527252197,-0.44803786277770996
247,4.94,0.0,0.30000001192092896,0.0,-0.01046733558177948,0.3273641765117645,-0.19964317977428436,0.01112449448555708,-0.3366222679615021,0.05613395571708679,0,1,1,0,1.2607237100601196,0.8195703029632568,0.8074584007263184,2.3204233646392822,1.900169849395752,1.8949506282806396,1.9007209539413452,0.6331842541694641,0.6039686799049377,-1.127988338470459,-0.4738013446331024,-1.3518060445785522,0.2812960147857666,0.060719311237335205,0.9273279905319214,1.6838104724884033,0.5137525796890259,0.5111429691314697,0.5140281915664673,-0.11974018812179565,2.221846580505371,1.3558679819107056,1.6829614639282227,1.2439591884613037,-0.0007145887357182801,0.06618643552064896,0.956356406211853,1.046452283859253,2.8670995106949704e-06,-0.03714960068464279,-0.12915664911270142,-0.20552895963191986,2.177555799484253,1.385465145111084,1.5814610719680786,1.3933862447738647,2.999729871749878,-1.2493945360183716,-0.8300625085830688,-0.1307101547718048,0.00021172607375774533,-0.40213948488235474,-1.7870646715164185,3.0042545795440674,2.7260241508483887,0.0690213143825531,2.476803779602051,0.28271132707595825
248,4.96,0.0,0.30000001192092896,0.0,0.01340179517865181,0.3470289409160614,-0.18437615036964417,-0.014320689253509045,-0.013246730901300907,-0.018963949754834175,0,1,1,0,1.3552157878875732,0.7396970391273499,0.6753391027450562,2.3524770736694336,2.019270896911621,1.8717353343963623,1.8316932916641235,0.6612994074821472,0.5042332410812378,-1.0971788167953491,-0.49594181776046753,-1.3516178131103516,0.3285420536994934,0.020782679319381714,0.8612683415412903,1.699837327003479,0.5733031034469604,0.49953535199165344,0.47951433062553406,-0.1056826114654541,2.171978712081909,1.3712728023529053,1.671891212463379,1.2440532445907593,0.059272851794958115,0.04236520454287529,0.9393579363822937,1.0423659086227417,6.186690370668657e-06,-0.0509396493434906,-0.16016094386577606,-0.1454872339963913,2.208515167236328,1.3886327743530273,1.6284739971160889,1.402970314025879,2.999467372894287,-1.1115447282791138,-0.847711980342865,-0.2521348297595978,-0.00017316434241365641,-0.8442957401275635,-1.2235676050186157,2.9299685955047607,0.6261096000671387,0.17214547097682953,2.147416830062866,0.5798234939575195
249,4.98,0.0,0.30000001192092896,0.0,0.014202428981661797,0.32047054171562195,-0.03826003521680832,0.24667967855930328,-0.44442546367645264,-0.08574137836694717,0,1,1,1,1.3735442161560059,0.5886563658714294,0.5726655721664429,2.3268494606018066,1.9525556564331055,1.6058990955352783,1.718300461769104,0.9377939105033875,0.3529759645462036,-1.1314547061920166,-0.5512194633483887,-1.3385800123214722,0.3377062678337097,-0.05473765730857849,0.8099315762519836,1.6870235204696655,0.5399454832077026,0.36661723256111145,0.4228179156780243,0.032564640045166016,2.0963501930236816,1.3541347980499268,1.6442524194717407,1.2505722045898438,0.1169569194316864,0.019104894250631332,0.9194942712783813,1.0367079973220825,-6.0408099670894444e-05,-0.06565483659505844,-0.17927506566047668,-0.09908010810613632,2.1889333724975586,1.3923470973968506,1.6658283472061157,1.4184389114379883,2.705932140350342,-1.1565533876419067,-1.332625389099121,-0.130729541182518,0.09943205118179321,0.11038845032453537,-0.7186607122421265,-0.12353020906448364,-1.961115837097168,0.0684954822063446,1.4659101963043213,1.9700522422790527
250,5.0,0.0,0.30000001192092896,0.0,0.06050729379057884,0.2087852656841278,0.031111281365156174,0.5247752666473389,0.41779303550720215,-0.01438101101666689,1,0,1,1,0.9906321167945862,0.7687264680862427,0.788555383682251,1.6721242666244507,1.9107720851898193,-0.026948384940624237,1.1167793273925781,1.9247186183929443,-0.09566371142864227,-1.2511203289031982,-0.6602039933204651,-1.3011797666549683,0.14625021815299988,0.035297393798828125,0.9178764820098877,1.3596608638763428,0.5190536975860596,-0.4498065114021301,0.12205734848976135,0.5260269641876221,1.872030258178711,1.294301986694336,1.589760184288025,1.2692723274230957,0.1591195911169052,0.004764521960169077,0.8963837623596191,1.0251798629760742,9.190251876134425e-05,-0.11539873480796814,-0.16870181262493134,-0.09981807321310043,2.1390841007232666,1.4025958776474,1.6831417083740234,1.4490776062011719,0.8321961760520935,-0.41641438007354736,-0.5513419508934021,-0.6934142112731934,-0.30195242166519165,-2.965545892715454,1.4468837976455688,-0.11188053339719772,-0.6416703462600708,0.6940745711326599,-0.23393377661705017,1.1336255073547363
251,5.0200000000000005,0.0,0.30000001192092896,0.0,0.08230854570865631,0.27424144744873047,0.09659145772457123,-0.11148286610841751,0.03512457013130188,0.06319289654493332,1,0,0,1,0.6310564875602722,1.246741771697998,1.302140474319458,0.8285443186759949,2.505819797515869,-0.6492510437965393,-0.5107653141021729,1.449430227279663,-0.43145751953125,-1.2712241411209106,-0.9890003800392151,-0.8343105316162109,-0.033537596464157104,0.2743050456047058,1.1746690273284912,0.937870979309082,0.8165775537490845,-0.7609578371047974,-0.6917150020599365,0.28838279843330383,1.70413339138031,1.284250020980835,1.42536199092865,1.5027068853378296,0.13887472450733185,0.014314715750515461,0.9036113023757935,1.0171488523483276,0.00036518755950964987,-0.1747840940952301,-0.2108585387468338,-0.1035703644156456,2.120943307876587,1.4169273376464844,1.6347756385803223,1.4712109565734863,-1.53853178024292,1.1751898527145386,0.9391676783561707,-0.3086322844028473,-0.015673991292715073,-2.9857895374298096,-2.9666824340820312,0.03380347788333893,-1.2653701305389404,0.6055099368095398,-2.9992315769195557,1.130998134613037
252,5.04,0.0,0.30000001192092896,0.0,0.02099013328552246,0.30414944887161255,0.07042109221220016,-0.10798732191324234,0.003206853289157152,-0.033816833049058914,1,0,0,1,0.7119975686073303,1.435888648033142,1.7340084314346313,0.7995416522026062,2.2416536808013916,0.03132433444261551,-0.29608407616615295,1.3688232898712158,0.17217476665973663,-0.4166788160800934,-1.4579885005950928,-0.7530379295349121,0.006932944059371948,0.36887848377227783,1.3906030654907227,0.9233696460723877,0.6844944953918457,-0.42067015171051025,-0.5843743681907654,0.2480793297290802,2.0059494972229004,1.7115226984024048,1.1908679008483887,1.543343186378479,0.10389120131731033,0.050942063331604004,0.9332169890403748,1.0098484754562378,-9.70012024481548e-06,-0.235181987285614,-0.27014851570129395,-0.10431215912103653,2.101840019226074,1.4707674980163574,1.5748196840286255,1.4938679933547974,-1.9141485691070557,2.2572426795959473,1.8603637218475342,-0.4227832853794098,0.05221206694841385,-3.008185863494873,-2.973832130432129,-0.018917478621006012,-0.9125955104827881,2.9966061115264893,-2.998152494430542,1.0798894166946411
253,5.0600000000000005,0.0,0.30000001192092896,0.0,0.02550211362540722,0.28349044919013977,0.06688576936721802,-0.35301634669303894,-0.2607136368751526,0.03850653022527695,1,0,0,1,0.9046835899353027,1.4819960594177246,1.6671959161758423,1.0815207958221436,2.192420244216919,0.36070716381073,0.35404708981513977,1.4570434093475342,0.2329670488834381,-0.2970142662525177,-1.4746755361557007,-0.645393431186676,0.10327595472335815,0.3919321894645691,1.3571968078613281,1.064359188079834,0.6598777770996094,-0.2559787333011627,-0.25930875539779663,0.2921893894672394,2.0363457202911377,1.7713550329208374,1.1825244426727295,1.5971654653549194,0.0743737518787384,0.09954299032688141,0.9747781157493591,1.0039840936660767,-0.0005543748266063631,-0.2758997082710266,-0.30985528230667114,-0.10481191426515579,2.0842251777648926,1.5307426452636719,1.5147837400436401,1.5144723653793335,-1.1018948554992676,2.4495937824249268,2.16603946685791,-0.18730135262012482,-0.01965363696217537,-1.217834234237671,-1.1669371128082275,0.08514674752950668,-0.9735569357872009,3.000126361846924,-3.0021817684173584,0.9270235896110535
254,5.08,0.0,0.30000001192092896,0.0,0.008519590832293034,0.33091044425964355,0.05515080317854881,-0.28675422072410583,-0.1972670555114746,0.023907974362373352,1,0,0,1,0.6753097772598267,1.6520578861236572,1.6290034055709839,0.8506063222885132,2.328129291534424,0.45876970887184143,0.8608132600784302,1.5637383460998535,0.25687307119369507,-0.6469818949699402,-1.404870629310608,-0.5649887323379517,-0.011410951614379883,0.4769631028175354,1.3381004333496094,0.9489019513130188,0.7277323007583618,-0.206947460770607,-0.005925685167312622,0.34553685784339905,2.0482985973358154,1.5963711738586426,1.2174267768859863,1.6373677253723145,0.04690629616379738,0.1442624181509018,1.0148370265960693,0.997342050075531,-0.0008482573903165758,-0.27976471185684204,-0.275579571723938,-0.10533124953508377,2.0653927326202393,1.5809926986694336,1.4557987451553345,1.535521388053894,-1.528281331062317,1.9588158130645752,1.7955288887023926,-0.39141833782196045,-0.0869893953204155,0.6531121730804443,3.003541946411133,0.028432238847017288,-0.9377614855766296,1.9949395656585693,-2.7277932167053223,1.090043306350708
255,5.1000000000000005,0.0,0.30000001192092896,0.0,-0.015178010798990726,0.36143821477890015,0.015921885147690773,-0.3774951994419098,-0.27825960516929626,0.06928098946809769,1,0,0,1,0.7023738026618958,1.7783617973327637,1.697181224822998,0.847045361995697,2.1685285568237305,0.2657397985458374,0.6582586765289307,1.4968504905700684,0.20349304378032684,-1.004399299621582,-1.310546875,-0.5900810956954956,0.002121061086654663,0.5401150584220886,1.3721894025802612,0.9471215009689331,0.6479319334030151,-0.303462415933609,-0.10720297694206238,0.31209293007850647,2.021608591079712,1.417662501335144,1.264588713645935,1.624821662902832,0.016683025285601616,0.17450007796287537,1.044407844543457,0.9881344437599182,-0.005249172914773226,-0.2679544985294342,-0.2151070088148117,-0.108168825507164,2.0493342876434326,1.5674514770507812,1.4142367839813232,1.5600172281265259,-1.4540345668792725,1.0987615585327148,1.1851388216018677,-0.5057310461997986,-0.27455243468284607,0.4819636046886444,3.0151917934417725,-0.14678403735160828,-0.7959434390068054,-2.414470672607422,-1.465714931488037,1.259339451789856
256,5.12,0.0,0.30000001192092896,0.0,-0.03539251163601875,0.44508349895477295,0.044249244034290314,-0.572410523891449,-0.29879680275917053,0.04578375816345215,1,0,0,1,0.5407907366752625,1.8889318704605103,1.5689536333084106,0.7390000820159912,2.235063076019287,0.3889668881893158,1.0696197748184204,1.612797498703003,-0.01373798493295908,-1.264510154724121,-1.3586262464523315,-0.5812041759490967,-0.07867047190666199,0.5954000949859619,1.3080756664276123,0.8930988311767578,0.6811991930007935,-0.2418488711118698,0.0984775722026825,0.37006643414497375,1.9129931926727295,1.2876070737838745,1.240549087524414,1.6292600631713867,-0.016732176765799522,0.18724144995212555,1.0456291437149048,0.9774929285049438,-0.006469665095210075,-0.2510456442832947,-0.1545500010251999,-0.11303272843360901,2.028627872467041,1.5085207223892212,1.3978558778762817,1.587432622909546,-1.6935198307037354,0.23211868107318878,-0.1761646568775177,-0.6213671565055847,0.14918556809425354,1.0312467813491821,3.0218589305877686,-0.16829244792461395,-1.2716583013534546,-3.003376007080078,-0.3064272701740265,1.3407343626022339
257,5.14,0.0,0.30000001192092896,0.0,0.0786748081445694,0.3919956386089325,0.1470969170331955,0.09395585209131241,0.2667703330516815,0.2654722034931183,1,0,1,1,0.5113057494163513,2.0048117637634277,1.413954257965088,0.8326263427734375,2.222804069519043,0.32534918189048767,1.2650738954544067,1.755133032798767,-0.2722023129463196,-1.7032179832458496,-1.4392577409744263,-0.6220698952674866,-0.09341296553611755,0.6533400416374207,1.2305759191513062,0.939911961555481,0.6750696897506714,-0.27365773916244507,0.19620463252067566,0.44123420119285583,1.7837610244750977,1.0682531595230103,1.2002332210540771,1.6088272333145142,-0.051483456045389175,0.1851639598608017,1.038600206375122,0.9559823870658875,0.00014093404752202332,-0.24344588816165924,-0.14191344380378723,-0.11547577381134033,1.9856420755386353,1.4522324800491333,1.4136004447937012,1.6137019395828247,-1.78216552734375,-0.38786250352859497,-0.3863864541053772,-1.235780119895935,-0.03757421672344208,0.15976858139038086,0.8385536074638367,0.3074531555175781,-2.355846643447876,-2.471090793609619,0.6739227175712585,1.1978551149368286
258,5.16,0.0,0.30000001192092896,0.0,0.037026043981313705,0.35164323449134827,0.25249120593070984,0.3025328516960144,-0.07777463644742966,0.0692790225148201,1,0,1,1,0.3111080825328827,2.063011884689331,1.3476555347442627,0.872955322265625,2.2633273601531982,0.8141658306121826,1.632766842842102,1.9268357753753662,-0.14034171402454376,-1.913407325744629,-1.2082568407058716,-0.9154468178749084,-0.19351179897785187,0.6824401021003723,1.1974265575408936,0.9600764513015747,0.695331335067749,-0.0292493999004364,0.3800511062145233,0.527085542678833,1.8496912717819214,0.9631584882736206,1.3157336711883545,1.4621387720108032,-0.09560387581586838,0.1776486188173294,1.025709867477417,0.9356663227081299,2.1343783373595215e-05,-0.20033763349056244,-0.1224093809723854,-0.09170910716056824,1.944115161895752,1.4120814800262451,1.4231607913970947,1.622849941253662,-2.428748846054077,-0.3439328670501709,-0.7942176461219788,-0.9135926365852356,0.0023549178149551153,2.9944496154785156,1.2432165145874023,1.7760348320007324,-2.0888211727142334,-1.4592349529266357,0.2519245743751526,-0.06417444348335266
259,5.18,0.0,0.30000001192092896,0.0,-0.03374996781349182,0.3406106233596802,0.2861941456794739,0.6482675671577454,0.09089255332946777,0.11816971004009247,1,0,1,1,0.2468375265598297,1.8658154010772705,1.2559902667999268,0.5396642684936523,1.9595980644226074,0.9605147838592529,1.4718111753463745,1.1117792129516602,-0.22052110731601715,-1.913016676902771,-1.2007488012313843,-0.9719827175140381,-0.22564707696437836,0.583841860294342,1.1515939235687256,0.7934309244155884,0.5434666872024536,0.043925076723098755,0.29957327246665955,0.11955729126930237,1.8096015453338623,0.9633538126945496,1.3194878101348877,1.433870792388916,-0.14554031193256378,0.16888006031513214,1.011976718902588,0.9096548557281494,4.007542520412244e-05,-0.1404975950717926,-0.0878385454416275,-0.05305730178952217,1.906904697418213,1.3956259489059448,1.4253572225570679,1.6151957511901855,-2.5274014472961426,-0.4973653256893158,-0.5751677751541138,-1.5742216110229492,0.00751124694943428,2.9990508556365967,2.0982794761657715,2.134467840194702,-1.8225992918014526,-0.31382685899734497,-0.033928487449884415,-0.6534824967384338
260,5.2,0.0,0.30000001192092896,0.0,0.010889927856624126,0.29439112544059753,0.08589319884777069,0.5741557478904724,0.9835605025291443,0.06568386405706406,0,0,1,0,0.3030746579170227,1.530808925628662,1.18008291721344,0.9396196603775024,1.3710167407989502,1.226654291152954,1.275833249092102,-0.2481084167957306,-0.10798478871583939,-1.802350401878357,-1.157151222229004,-0.9665144681930542,-0.19752851128578186,0.41633862257003784,1.113640308380127,0.9934086203575134,0.2491760551929474,0.17699483036994934,0.20158430933952332,-0.5603865385055542,1.8658697605133057,1.0186870098114014,1.341286540031433,1.4366049766540527,-0.19126106798648834,0.160604789853096,1.0075050592422485,0.8958470225334167,-2.3143450107454555e-06,-0.08050896972417831,-0.04268684610724449,-0.09082631766796112,1.8764736652374268,1.396214246749878,1.42516028881073,1.571650743484497,-1.9795798063278198,-0.36843305826187134,-0.061229001730680466,0.07414856553077698,-5.030559987062588e-05,2.999143123626709,2.3245208263397217,-3.003302812576294,-1.2670730352401733,0.2935985326766968,-0.022853044793009758,-3.0002048015594482
261,5.22,0.0,0.30000001192092896,0.0,0.02321828342974186,0.2411358803510666,0.008507992140948772,0.061448290944099426,0.09901702404022217,0.1554865688085556,0,1,1,0,0.5072597861289978,1.036379098892212,1.127183437347412,1.9495635032653809,0.6100033521652222,1.2152204513549805,1.6062196493148804,-0.046084024012088776,0.6118438243865967,-1.3072175979614258,-0.869955837726593,-1.3934341669082642,-0.09543594717979431,0.16912370920181274,1.0871905088424683,1.4983805418014526,-0.13133063912391663,0.17127791047096252,0.3667775094509125,-0.459374338388443,2.2257840633392334,1.2662533521652222,1.484884262084961,1.2231450080871582,-0.20503734052181244,0.14646418392658234,1.0055292844772339,0.9143723249435425,-0.024814194068312645,-0.04866523668169975,-0.015152852982282639,-0.14972983300685883,1.921761393547058,1.3959358930587769,1.4313312768936157,1.512378454208374,0.2891048789024353,-0.9789270758628845,-0.20516489446163177,1.496754765510559,-1.816060185432434,-0.4807821810245514,0.28482842445373535,-3.0067198276519775,3.0003135204315186,0.25920191407203674,0.5775137543678284,-2.898437976837158
262,5.24,0.0,0.30000001192092896,0.0,0.06559348106384277,0.22986069321632385,-0.05311179906129837,-0.2530030608177185,-0.07997556030750275,0.07592326402664185,0,1,1,0,0.6423885226249695,1.0104975700378418,0.7454233169555664,2.113780975341797,0.937836766242981,1.7341945171356201,1.8041002750396729,-0.06611786037683487,0.7145915031433105,-1.3193049430847168,-0.7583733797073364,-1.2818456888198853,-0.02787157893180847,0.15618294477462769,0.8963104486465454,1.5804892778396606,0.03258606791496277,0.43076494336128235,0.4657178223133087,-0.46939125657081604,2.277157783508301,1.2602096796035767,1.540675401687622,1.2789392471313477,-0.17578761279582977,0.1285306215286255,0.9977668523788452,0.9536458253860474,-0.037548743188381195,-0.050702858716249466,-0.02332696132361889,-0.20942163467407227,1.981768012046814,1.396713137626648,1.4505432844161987,1.4552549123764038,2.2679083347320557,-0.742725670337677,-0.4927542209625244,2.242222547531128,0.24588564038276672,0.17062847316265106,-0.8464983105659485,-2.9880990982055664,3.000293254852295,-0.01331283524632454,1.1297593116760254,-2.5871083736419678
263,5.26,0.0,0.30000001192092896,0.0,0.05900106951594353,0.26252317428588867,-0.11250824481248856,-0.41073092818260193,-0.19914211332798004,0.046315018087625504,0,1,1,0,0.7845581769943237,0.9036301970481873,0.8159866333007812,2.176668643951416,1.2115392684936523,1.6949468851089478,1.8277281522750854,0.3307126462459564,0.617941677570343,-1.22178316116333,-0.624484658241272,-1.310298204421997,0.04321324825286865,0.10274925827980042,0.9315921068191528,1.6119331121444702,0.16943731904029846,0.41114112734794617,0.477531760931015,-0.2709760069847107,2.228832960128784,1.30897057056427,1.6076197624206543,1.2647130489349365,-0.11756765097379684,0.11375466734170914,0.9871352314949036,0.9975470900535583,-0.013987465761601925,-0.045523978769779205,-0.049773335456848145,-0.2612456679344177,2.0417721271514893,1.3962109088897705,1.480566382408142,1.4147253036499023,3.0002145767211914,-0.7083814144134521,-0.602233350276947,2.08414626121521,1.7876213788986206,0.3239993155002594,-1.5569792985916138,-2.1672022342681885,3.0001485347747803,-0.10695791244506836,1.709206461906433,-1.4801161289215088
264,5.28,0.0,0.30000001192092896,0.0,0.019391175359487534,0.2826496660709381,-0.16979466378688812,-0.16556890308856964,-0.5454133152961731,0.04471057280898094,0,1,1,0,0.9936805963516235,0.872812032699585,0.8653157353401184,2.283968687057495,1.409332036972046,1.6180278062820435,1.7770246267318726,0.7072014212608337,0.4973823130130768,-1.1745103597640991,-0.5279967188835144,-1.3261958360671997,0.14777445793151855,0.08734017610549927,0.956256628036499,1.6655831336975098,0.26833370327949524,0.372681587934494,0.45217999815940857,-0.08273160457611084,2.168553352355957,1.3326070308685303,1.6558637619018555,1.2567641735076904,-0.05757415294647217,0.09596175700426102,0.9710469841957092,1.0331066846847534,8.956130272963492e-07,-0.03824823349714279,-0.08966998010873795,-0.25895121693611145,2.101712465286255,1.3945797681808472,1.5233879089355469,1.3949098587036133,2.99996018409729,-1.005098819732666,-0.8992413878440857,1.471693754196167,0.00032453302992507815,0.3369009792804718,-2.111856698989868,1.7518723011016846,2.9702346324920654,-0.0901239663362503,2.3006796836853027,-0.5508474707603455
265,5.3,0.0,0.30000001192092896,0.0,-0.004568844102323055,0.31877490878105164,-0.18799486756324768,-0.09524013847112656,-0.33541250228881836,0.088595911860466,0,1,1,0,1.2342610359191895,0.8105413913726807,0.7837534546852112,2.2095253467559814,1.8565993309020996,1.7694393396377563,1.8395153284072876,0.6582834124565125,0.5316917300224304,-1.1382215023040771,-0.5044329166412354,-1.3317134380340576,0.2680646777153015,0.05620485544204712,0.9154754877090454,1.628361463546753,0.4919673502445221,0.44838735461235046,0.4834253489971161,-0.10719060897827148,2.1857080459594727,1.3507513999938965,1.6676456928253174,1.2540054321289062,0.0024219315964728594,0.07346445322036743,0.9544011354446411,1.0469846725463867,3.939958332921378e-06,-0.037541378289461136,-0.13089510798454285,-0.20670683681964874,2.157223701477051,1.394223690032959,1.5717778205871582,1.3927236795425415,2.999662399291992,-1.1878191232681274,-0.7281699776649475,-0.07125217467546463,0.00013942802615929395,-0.2040286362171173,-1.8417637348175049,3.00763201713562,2.411902904510498,0.012913104146718979,2.3903920650482178,0.2281196266412735
266,5.32,0.0,0.30000001192092896,0.0,0.022174706682562828,0.3366934657096863,-0.16752049326896667,-0.10627613216638565,0.008724460378289223,-0.0028148789424449205,0,1,1,0,1.3331104516983032,0.7654591798782349,0.6627987027168274,2.270620822906494,1.9966788291931152,1.7493774890899658,1.7819777727127075,0.7002649307250977,0.4390503168106079,-1.1134415864944458,-0.537367582321167,-1.3396055698394775,0.3174893856048584,0.03366374969482422,0.8549981117248535,1.6589092016220093,0.5620070695877075,0.4383564293384552,0.45465657114982605,-0.08619984984397888,2.139387369155884,1.3631412982940674,1.6511783599853516,1.2500593662261963,0.06240902096033096,0.05093419551849365,0.9393065571784973,1.0440138578414917,6.081891115172766e-06,-0.047730617225170135,-0.16229349374771118,-0.14634893834590912,2.181485176086426,1.3961366415023804,1.6166359186172485,1.4017243385314941,2.999484062194824,-1.0359153747558594,-0.7657212615013123,-0.2024955153465271,-0.00020509060414042324,-0.6750640869140625,-1.2120318412780762,3.013339042663574,0.3045344948768616,0.1082019954919815,2.021348237991333,0.5639472007751465
267,5.34,0.0,0.30000001192092896,0.0,0.09582347422838211,0.3760257363319397,-0.08590688556432724,0.12116413563489914,-0.10918746143579483,0.011732317507266998,0,1,1,1,1.3562170267105103,0.6173439621925354,0.5710594654083252,2.236938714981079,1.9427814483642578,1.4575837850570679,1.6588724851608276,0.9907414317131042,0.26510098576545715,-1.1549748182296753,-0.6067987680435181,-1.3209375143051147,0.3290426731109619,-0.04039385914802551,0.8091285228729248,1.6420681476593018,0.5350583791732788,0.2924595773220062,0.3931039273738861,0.059038400650024414,2.052412748336792,1.3423748016357422,1.6164627075195312,1.2593934535980225,0.119608074426651,0.026805339381098747,0.9205405712127686,1.0379910469055176,5.264875198918162e-06,-0.06134730949997902,-0.18055185675621033,-0.10467522591352463,2.1538894176483154,1.3988335132598877,1.6513406038284302,1.396837830543518,2.6443822383880615,-1.4817111492156982,-1.2728408575057983,-0.42967095971107483,-0.0004965614643879235,-0.3693038821220398,-0.6319807171821594,0.47062456607818604,-2.4033327102661133,-0.0013967100530862808,1.4194852113723755,-1.6279093027114868
268,5.36,0.0,0.30000001192092896,0.0,0.05327188968658447,0.23170967400074005,0.05406370013952255,0.36669254302978516,0.25010398030281067,0.04123404622077942,1,1,1,1,1.1487492322921753,0.7367156744003296,0.8959468007087708,1.8061580657958984,1.944361686706543,0.6777235865592957,1.2645983695983887,1.6274348497390747,0.31070828437805176,-1.1530487537384033,-0.6040247082710266,-1.2489415407180786,0.22530877590179443,0.019291996955871582,0.9715721607208252,1.4266778230667114,0.5358484983444214,-0.09747052192687988,0.19596686959266663,0.37738510966300964,2.075216293334961,1.3433377742767334,1.6178498268127441,1.295391321182251,0.16494010388851166,0.004096393007785082,0.8982828259468079,1.0286803245544434,0.0003264601400587708,-0.0752890333533287,-0.17771343886852264,-0.10080491006374359,2.1103389263153076,1.401432752609253,1.6694639921188354,1.419642448425293,1.3475710153579712,-1.0032902956008911,-0.7170431017875671,-0.6139864325523376,0.07369527965784073,-0.7833043336868286,0.8858236074447632,0.017014577984809875,-0.1445865035057068,0.18557965755462646,0.2445652186870575,1.0871261358261108
269,5.38,0.0,0.30000001192092896,0.0,0.09247302263975143,0.18359287083148956,0.11180446296930313,0.06378959119319916,0.22171173989772797,0.12727932631969452,1,0,1,1,0.7763375639915466,0.8405098915100098,0.8677304983139038,1.4369105100631714,1.7029037475585938,-0.048030875623226166,0.5829461812973022,1.0376478433609009,-0.3247612714767456,-1.349873423576355,-0.6433998346328735,-1.1161075830459595,0.0391029417514801,0.07118910551071167,0.9574640393257141,1.2420539855957031,0.41511955857276917,-0.4603477418422699,-0.1448592245578766,0.08249160647392273,1.757481575012207,1.2449254989624023,1.5981621742248535,1.3618083000183105,0.15376311540603638,-0.0029311643447726965,0.8915274739265442,1.0177894830703735,0.00022250415349844843,-0.12760676443576813,-0.15644820034503937,-0.10487747937440872,2.086252212524414,1.4118245840072632,1.6622754335403442,1.439551830291748,-1.245566725730896,0.12523972988128662,-0.3545626997947693,-0.4013631045818329,-0.1165924221277237,-2.987539052963257,0.9870281219482422,0.028237760066986084,-1.7100508213043213,0.5798883438110352,-0.5357809066772461,0.8362765908241272
270,5.4,0.0,0.30000001192092896,0.0,0.07189907133579254,0.34031403064727783,0.07650582492351532,-0.03138015791773796,0.15426893532276154,-0.06386890262365341,1,0,0,1,0.4792045056819916,1.449472188949585,1.245496153831482,0.7373592853546143,2.3692846298217773,-0.1702304482460022,-0.31240662932395935,1.3918514251708984,-0.2727997303009033,-1.5408732891082764,-0.8478999733924866,-0.6436392068862915,-0.10946358740329742,0.37567025423049927,1.1463468074798584,0.8922784328460693,0.7483099699020386,-0.5214475393295288,-0.5925356149673462,0.2595933973789215,1.7834622859954834,1.1494255065917969,1.4959121942520142,1.5980424880981445,0.11503008008003235,0.016759654507040977,0.8982123732566833,1.0106112957000732,0.00018534963601268828,-0.18783296644687653,-0.19765521585941315,-0.10803447663784027,2.0624067783355713,1.4208213090896606,1.6219526529312134,1.4646786451339722,-2.5058937072753906,1.6122097969055176,0.9089938402175903,-0.41275474429130554,-0.0035332608968019485,-3.0035970211029053,-2.9609429836273193,-0.20802679657936096,-1.278627872467041,0.30780908465385437,-2.9970200061798096,1.5002038478851318
271,5.42,0.0,0.30000001192092896,0.0,0.04382908344268799,0.31321981549263,0.05443239584565163,-0.18913166224956512,-0.11182694882154465,-0.057724155485630035,1,0,0,1,0.839649498462677,1.4444704055786133,1.727691650390625,0.954668402671814,2.146307945251465,0.26293444633483887,-0.10184837877750397,1.3534328937530518,0.13194170594215393,-0.39553067088127136,-1.396081805229187,-0.7291111350059509,0.07075890898704529,0.3731693625450134,1.3874446153640747,1.0009329319000244,0.6368216276168823,-0.3048650920391083,-0.4872564971446991,0.24038413166999817,1.9858330488204956,1.7220968008041382,1.2218213081359863,1.5553065538406372,0.07548386603593826,0.060398176312446594,0.929080069065094,1.00419020652771,-0.0017602946609258652,-0.2456650733947754,-0.257059782743454,-0.11163248866796494,2.043858766555786,1.4733587503433228,1.5619415044784546,1.4927278757095337,-1.6689116954803467,2.5202581882476807,2.004403829574585,-0.23193183541297913,-0.10818120837211609,-2.6090571880340576,-2.983553409576416,-0.07141927629709244,-0.9216454029083252,2.9992282390594482,-3.001082420349121,1.244099736213684
272,5.44,0.0,0.30000001192092896,0.0,0.04461638629436493,0.3010086715221405,0.05580923706293106,-0.36327701807022095,-0.38626405596733093,0.005682579707354307,1,0,0,1,0.838188111782074,1.538740634918213,1.637071967124939,1.0364878177642822,2.1669254302978516,0.49269288778305054,0.5703222751617432,1.4502151012420654,0.19304923713207245,-0.4194982349872589,-1.4400920867919922,-0.6168429851531982,0.07002821564674377,0.42030447721481323,1.342134714126587,1.0418426990509033,0.6471303701400757,-0.18998587131500244,-0.15117117762565613,0.288775235414505,2.0163867473602295,1.7101130485534668,1.199816107749939,1.611440658569336,0.04900563135743141,0.11203247308731079,0.9734876751899719,1.0018033981323242,-0.006129567977041006,-0.26829901337623596,-0.2812259793281555,-0.1115417629480362,2.026341438293457,1.5333212614059448,1.5019044876098633,1.5159392356872559,-1.0195587873458862,2.5038139820098877,2.295416831970215,-0.031911708414554596,-0.26330405473709106,0.012032322585582733,0.1583051234483719,0.17272034287452698,-0.9270652532577515,2.998884916305542,-3.0014052391052246,1.0372896194458008
273,5.46,0.0,0.30000001192092896,0.0,0.010662233456969261,0.3573974370956421,0.02693571336567402,-0.25484195351600647,-0.20290352404117584,0.07042068243026733,1,0,0,1,0.627681314945221,1.677938461303711,1.6105589866638184,0.7481560111045837,2.291290283203125,0.38732290267944336,0.8565508127212524,1.5380792617797852,0.15987710654735565,-0.8200654983520508,-1.3152881860733032,-0.5686333775520325,-0.03522518277168274,0.48990339040756226,1.3288782835006714,0.8976768255233765,0.7093127965927124,-0.24267086386680603,-0.00805690884590149,0.33270731568336487,1.999800682067871,1.5098294019699097,1.2622179985046387,1.6355454921722412,0.02247709035873413,0.1548958122730255,1.0165435075759888,0.9951525330543518,-0.010815899819135666,-0.2617250084877014,-0.23493513464927673,-0.11288842558860779,2.0089187622070312,1.563331127166748,1.4447835683822632,1.5409572124481201,-1.48628830909729,1.7593772411346436,1.9489917755126953,-0.5132047533988953,-0.27419671416282654,0.6094931364059448,3.011056423187256,-0.10122624784708023,-0.851554811000824,0.37439531087875366,-2.4814846515655518,1.346362829208374
274,5.48,0.0,0.30000001192092896,0.0,-0.009678713977336884,0.3942295014858246,0.0249117873609066,-0.41619551181793213,-0.36864858865737915,0.024472374469041824,1,0,0,1,0.6538273096084595,1.8206849098205566,1.6411681175231934,0.8479452729225159,2.1815667152404785,0.355178564786911,0.8714761734008789,1.5386223793029785,0.06440602988004684,-1.0524213314056396,-1.259599208831787,-0.6417824029922485,-0.022152185440063477,0.5612766146659851,1.3441828489303589,0.9475713968276978,0.6544510126113892,-0.2587430477142334,-0.0005942285060882568,0.33297887444496155,1.952065110206604,1.3936514854431152,1.2900625467300415,1.598970890045166,-0.00614598672837019,0.18113334476947784,1.047209620475769,0.9848395586013794,-0.016715826466679573,-0.24532954394817352,-0.1744452267885208,-0.11545388400554657,1.9922676086425781,1.534080147743225,1.4087620973587036,1.5676202774047852,-1.425951361656189,0.938896894454956,0.4452552795410156,-0.4595787227153778,-0.259475439786911,0.9005696177482605,3.01462721824646,-0.02090694010257721,-0.9083529114723206,-2.5680389404296875,-1.203782320022583,1.2595080137252808
275,5.5,0.0,0.30000001192092896,0.0,0.07016026228666306,0.3532334566116333,0.17670586705207825,-0.15849310159683228,0.47376734018325806,0.2295137196779251,1,0,1,1,0.5450230240821838,1.9483203887939453,1.4889044761657715,0.7405869364738464,2.254608631134033,0.40993958711624146,1.2154432535171509,1.7267701625823975,-0.21902884542942047,-1.48260498046875,-1.3472343683242798,-0.6536649465560913,-0.0765543282032013,0.6250943541526794,1.268051028251648,0.8938922882080078,0.6909719705581665,-0.23136252164840698,0.17138931155204773,0.427052766084671,1.8103476762771606,1.17855966091156,1.2462449073791504,1.5930297374725342,-0.035288695245981216,0.19053740799427032,1.0450191497802734,0.9701045155525208,-0.003625442273914814,-0.22933925688266754,-0.14196528494358063,-0.11957726627588272,1.9595274925231934,1.476219654083252,1.410223126411438,1.5934523344039917,-1.3741021156311035,0.12783418595790863,0.3430672883987427,-1.1246811151504517,1.4963116645812988,0.556988000869751,0.8401992321014404,-0.056057363748550415,-2.3603434562683105,-2.8730947971343994,1.8835926055908203,1.059305191040039
276,5.5200000000000005,0.0,0.30000001192092896,0.0,0.03887645900249481,0.30362164974212646,0.2313259094953537,0.21159370243549347,-0.17737804353237152,0.13542449474334717,1,0,1,1,0.4758765995502472,1.982987880706787,1.2874329090118408,0.9567951560020447,1.9661004543304443,0.8008757829666138,1.7723388671875,2.1181931495666504,-0.17732782661914825,-1.8003387451171875,-1.1233052015304565,-0.941860556602478,-0.11112754046916962,0.6424281001091003,1.1673152446746826,1.001996397972107,0.5467178821563721,-0.035894423723220825,0.4498371183872223,0.6227642297744751,1.8311982154846191,1.0196927785873413,1.3582096099853516,1.4489319324493408,-0.06675409525632858,0.18951885402202606,1.0373756885528564,0.9527665376663208,3.2105628633871675e-05,-0.18313799798488617,-0.1276528686285019,-0.10019925236701965,1.915485143661499,1.4261728525161743,1.42276930809021,1.6020710468292236,-1.602713704109192,-0.1724780648946762,-0.639703094959259,-0.7297686338424683,-0.002165120095014572,2.9991707801818848,0.9381265640258789,1.6454710960388184,-1.951090693473816,-1.9828053712844849,0.21010205149650574,-0.048131637275218964
277,5.54,0.0,0.30000001192092896,0.0,-0.03982717543840408,0.30649736523628235,0.2541283071041107,0.6613948345184326,0.0845324844121933,0.13106927275657654,1,0,1,1,0.2622513771057129,1.80303955078125,1.157869577407837,0.5397847294807434,1.7779091596603394,1.0785057544708252,1.599670648574829,1.0174636840820312,-0.16786836087703705,-1.750694751739502,-1.1198004484176636,-0.956159234046936,-0.21794015169143677,0.5524539351463318,1.1025335788726807,0.7934911251068115,0.45262226462364197,0.10292056202888489,0.36350300908088684,0.07239952683448792,1.835927963256836,1.044514775276184,1.359961986541748,1.4417824745178223,-0.10737811028957367,0.18198780715465546,1.026316523551941,0.929764449596405,1.054937001754297e-05,-0.12340094894170761,-0.09788201004266739,-0.06423477083444595,1.8853386640548706,1.399727702140808,1.4253827333450317,1.595848560333252,-2.307128667831421,-0.5113742351531982,-0.46395906805992126,-1.4677221775054932,0.0035394798032939434,2.9985477924346924,1.9627472162246704,1.964795708656311,-1.3862063884735107,-0.7593457102775574,0.026891600340604782,-0.541614294052124
278,5.5600000000000005,0.0,0.30000001192092896,0.0,0.009872624650597572,0.2630803883075714,0.060648784041404724,0.6227464079856873,0.9947488903999329,0.04953722283244133,0,0,1,0,0.3832487463951111,1.401283860206604,1.0906405448913574,1.001576542854309,1.1544455289840698,1.4135359525680542,1.451779842376709,-0.5154193043708801,0.03251958638429642,-1.5992851257324219,-1.0716264247894287,-0.9687587022781372,-0.15744146704673767,0.3515760898590088,1.068919062614441,1.0243871212005615,0.1408904492855072,0.2704356610774994,0.2895576059818268,-0.6940419673919678,1.936121940612793,1.1202195882797241,1.3840489387512207,1.4354827404022217,-0.149576336145401,0.17208702862262726,1.0236815214157104,0.9192436337471008,-4.6279069465526845e-06,-0.06344854831695557,-0.05486588925123215,-0.10735734552145004,1.8804887533187866,1.393882393836975,1.4262712001800537,1.5571523904800415,-1.8512170314788818,-0.5061449408531189,-0.011400283314287663,0.27146226167678833,0.00024078050046227872,2.9979372024536133,2.251659393310547,-2.996831178665161,0.5468548536300659,0.0889541506767273,0.014013119041919708,-2.9768519401550293
279,5.58,0.0,0.30000001192092896,0.0,-0.003969159442931414,0.24193541705608368,0.036889851093292236,0.04213332012295723,0.08378605544567108,0.06601986289024353,0,1,1,0,0.5140461325645447,1.0761709213256836,1.0379502773284912,2.022772789001465,0.6925277709960938,1.4189047813415527,1.819527268409729,0.007025266066193581,0.7111473679542542,-1.2314709424972534,-0.8434787392616272,-1.4240254163742065,-0.09204277396202087,0.18901962041854858,1.0425739288330078,1.5349851846694946,-0.09006842970848083,0.27312007546424866,0.4734313189983368,-0.4328196942806244,2.2754359245300293,1.3041267395019531,1.4981228113174438,1.2078495025634766,-0.16822029650211334,0.15584611892700195,1.0210381746292114,0.9382911324501038,-0.016466954723000526,-0.03922577574849129,-0.031201211735606194,-0.16647282242774963,1.9364044666290283,1.3909296989440918,1.435960054397583,1.4971177577972412,-0.25359010696411133,-0.9463667869567871,-0.27779459953308105,1.4218207597732544,-1.224084496498108,-0.05447442829608917,0.1888885349035263,-2.9844207763671875,3.000359535217285,0.4120773673057556,0.7863234877586365,-2.9993443489074707
280,5.6000000000000005,0.0,0.30000001192092896,0.0,0.051694437861442566,0.22241297364234924,-0.035748276859521866,-0.213993102312088,-0.005309621803462505,0.1476488560438156,0,1,1,0,0.7678417563438416,1.1273893117904663,0.8240764737129211,2.2269067764282227,1.078774333000183,1.8215738534927368,1.8177958726882935,0.20933076739311218,0.6664144992828369,-1.2880696058273315,-0.7619914412498474,-1.325337290763855,0.034855037927627563,0.21462881565093994,0.9356369972229004,1.6370521783828735,0.10305485129356384,0.4744546115398407,0.472565621137619,-0.3316669464111328,2.2530694007873535,1.275827407836914,1.538866400718689,1.2571935653686523,-0.14195770025253296,0.1378328651189804,1.0151132345199585,0.9724681973457336,-0.01709965616464615,-0.0401393286883831,-0.037006400525569916,-0.22626197338104248,1.9964098930358887,1.3900302648544312,1.4546496868133545,1.4423421621322632,2.406198024749756,-0.8364174365997314,-0.33312714099884033,1.8640596866607666,0.8579100966453552,0.0865483433008194,-0.6074070930480957,-2.996431827545166,3.00024151802063,-0.04192795976996422,0.9977004528045654,-2.3322575092315674
281,5.62,0.0,0.30000001192092896,0.0,0.037019915878772736,0.23336002230644226,-0.11776408553123474,-0.1373041570186615,-0.40430495142936707,0.013748918659985065,0,1,1,0,0.8554590940475464,1.0020893812179565,0.8258151412010193,2.263960361480713,1.244917869567871,1.744621992111206,1.7993450164794922,0.49254998564720154,0.5061825513839722,-1.2351665496826172,-0.6148474216461182,-1.3338390588760376,0.07866370677947998,0.15197885036468506,0.9365063905715942,1.6555789709091187,0.18612661957740784,0.4359786808490753,0.4633401930332184,-0.19005732238292694,2.1729533672332764,1.3022788763046265,1.612438440322876,1.2529425621032715,-0.08314193040132523,0.1217719316482544,1.004515528678894,1.0092028379440308,8.494574643691521e-08,-0.03593719005584717,-0.06069811061024666,-0.2605327069759369,2.0564112663269043,1.389657735824585,1.4834914207458496,1.4068982601165771,3.0000734329223633,-0.7890710830688477,-0.7859316468238831,1.751104474067688,-1.761847670422867e-05,0.29356420040130615,-1.5878231525421143,-0.6509565711021423,3.000056743621826,-0.023719578981399536,1.8003370761871338,-1.229968547821045
282,5.64,0.0,0.30000001192092896,0.0,0.009768935851752758,0.265947163105011,-0.16784152388572693,-0.05699457228183746,-0.42932790517807007,0.006976636126637459,0,1,1,0,1.0234841108322144,0.8667347431182861,0.8727260828018188,2.195507526397705,1.5730178356170654,1.7846894264221191,1.8036913871765137,0.551515519618988,0.5017653703689575,-1.2015156745910645,-0.5416262149810791,-1.3356959819793701,0.16267621517181396,0.08430153131484985,0.9599618315696716,1.6213525533676147,0.350176602602005,0.45601239800453186,0.4655133783817291,-0.1605745553970337,2.1707448959350586,1.3191043138504028,1.6490490436553955,1.25201416015625,-0.023142263293266296,0.10392832010984421,0.9878377914428711,1.0380218029022217,2.136409420927521e-06,-0.033475443720817566,-0.09654008597135544,-0.2512572407722473,2.115971088409424,1.390512228012085,1.525057077407837,1.3934600353240967,2.999861240386963,-0.9465245008468628,-0.8406134843826294,1.1445074081420898,0.00028194719925522804,-0.013684666715562344,-1.8013932704925537,1.2526534795761108,2.870426893234253,0.07166716456413269,2.183323383331299,-0.22230574488639832
283,5.66,0.0,0.30000001192092896,0.0,-0.008858303539454937,0.3006955683231354,-0.18264304101467133,0.018019216135144234,-0.3017490804195404,0.040076885372400284,0,1,1,0,1.2140251398086548,0.8163667917251587,0.8114449977874756,2.2294459342956543,1.8333547115325928,1.839198350906372,1.7871133089065552,0.6578191518783569,0.459126353263855,-1.1627299785614014,-0.5034998655319214,-1.3460215330123901,0.2579467296600342,0.05911755561828613,0.9293212890625,1.6383217573165894,0.4803450405597687,0.4832668602466583,0.4572243392467499,-0.10742273926734924,2.1494252681732178,1.3384971618652344,1.6681122779846191,1.2468514442443848,0.03684946894645691,0.08237433433532715,0.9716917276382446,1.046972632408142,5.578239779424621e-06,-0.03833631053566933,-0.1324479728937149,-0.20673497021198273,2.158332347869873,1.392788290977478,1.5713833570480347,1.3955821990966797,2.999579668045044,-1.1359996795654297,-0.7573595643043518,-0.0733523815870285,-4.454345253179781e-05,-0.4009740650653839,-1.627998948097229,2.817631244659424,1.4313766956329346,0.1206582635641098,2.2948195934295654,0.34094613790512085
284,5.68,0.0,0.30000001192092896,0.0,0.010444965213537216,0.3269540071487427,-0.16614438593387604,0.01600526086986065,-0.037118349224328995,-0.01729808934032917,0,1,1,0,1.3125414848327637,0.7496336698532104,0.7145236134529114,2.2517082691192627,1.9663546085357666,1.840684413909912,1.746618628501892,0.7180092930793762,0.40694254636764526,-1.1223170757293701,-0.5128293037414551,-1.3575835227966309,0.3072049021720886,0.02575099468231201,0.8808605670928955,1.6494529247283936,0.5468449592590332,0.48400989174842834,0.43697699904441833,-0.0773276686668396,2.12333345413208,1.35870361328125,1.6634474992752075,1.2410703897476196,0.09612473845481873,0.0597447045147419,0.9559414386749268,1.0434308052062988,4.4749240259989165e-06,-0.051027536392211914,-0.16113996505737305,-0.14650839567184448,2.16672945022583,1.3961042165756226,1.615519642829895,1.405155062675476,2.8560402393341064,-1.0869773626327515,-0.8003149628639221,-0.24614167213439941,-0.00021801335969939828,-0.7601595520973206,-1.1393115520477295,3.0165364742279053,-0.2977107763290405,0.14007550477981567,2.0446293354034424,0.5430769920349121
285,5.7,0.0,0.30000001192092896,0.0,0.005196108017116785,0.310798317193985,-0.0359438955783844,0.26639029383659363,-0.43650004267692566,-0.09774330258369446,0,1,1,1,1.3529746532440186,0.6263009905815125,0.6374229192733765,2.228612184524536,1.9236648082733154,1.6688313484191895,1.658442497253418,0.933315634727478,0.29831138253211975,-1.1358721256256104,-0.5569676756858826,-1.349908471107483,0.32742148637771606,-0.03591534495353699,0.8423102498054504,1.6379048824310303,0.5255000591278076,0.398083359003067,0.3928889334201813,0.030325502157211304,2.0690178871154785,1.3519260883331299,1.6413782835006714,1.2449078559875488,0.14616990089416504,0.03719142824411392,0.9372943043708801,1.0374972820281982,1.8582159100333229e-06,-0.06483665853738785,-0.17888057231903076,-0.0986223965883255,2.1394412517547607,1.3986053466796875,1.6520246267318726,1.4181042909622192,2.169947385787964,-1.1324163675308228,-1.2614219188690186,-0.19724930822849274,0.029820246621966362,0.1027730405330658,-0.6679270267486572,0.017583146691322327,-1.9530340433120728,-0.06697557866573334,1.4805939197540283,1.726595401763916
286,5.72,0.0,0.30000001192092896,0.0,0.07107146084308624,0.19224314391613007,0.08184047043323517,0.24125106632709503,0.5143451690673828,0.06843516230583191,1,0,1,1,1.009039282798767,0.8645132184028625,0.8387485146522522,1.5960133075714111,1.9381022453308105,0.2891659736633301,1.2601232528686523,2.0177738666534424,-0.07346316426992416,-1.2699486017227173,-0.6630756258964539,-1.310001254081726,0.15545380115509033,0.08319076895713806,0.9429730176925659,1.3216054439544678,0.5327187776565552,-0.29174932837486267,0.19372931122779846,0.5725545883178711,1.8831305503845215,1.2848877906799316,1.5883243083953857,1.2648615837097168,0.16532017290592194,0.025768356397747993,0.9215496778488159,1.027519941329956,0.00011078889656346291,-0.10158131271600723,-0.16848884522914886,-0.1013696938753128,2.108849048614502,1.4056378602981567,1.6630653142929077,1.4444801807403564,-0.06455110013484955,-0.10289616137742996,-0.3445308208465576,-0.6896960139274597,-0.02346554398536682,-2.977705240249634,1.478792428970337,-0.2841382324695587,-1.4130791425704956,0.5794631242752075,-0.35921382904052734,1.017521858215332
287,5.74,0.0,0.30000001192092896,0.0,0.06759325414896011,0.2907388508319855,0.08905845135450363,-0.057779282331466675,0.04799817129969597,-0.03007422760128975,1,0,0,1,0.584036648273468,1.443529486656189,1.2765531539916992,0.8421655297279358,2.579339027404785,-0.17971086502075195,-0.23357728123664856,1.610724925994873,-0.30894017219543457,-1.4705815315246582,-0.9752625823020935,-0.8261836767196655,-0.057047516107559204,0.37269890308380127,1.1618753671646118,0.9446815252304077,0.8533371686935425,-0.5261877775192261,-0.5531209707260132,0.3690301477909088,1.7653920650482178,1.184571385383606,1.432230830192566,1.506770372390747,0.1377718448638916,0.03818408399820328,0.9264741539955139,1.0195602178573608,0.00032763677882030606,-0.16138656437397003,-0.2029479742050171,-0.10432714223861694,2.0884549617767334,1.4171764850616455,1.6154816150665283,1.4668854475021362,-1.9176514148712158,1.2061034440994263,0.6654798984527588,-0.3102554678916931,0.05490107834339142,-3.0027642250061035,-2.9691855907440186,0.003454931080341339,-1.0849534273147583,0.48013031482696533,-2.9963185787200928,1.1585707664489746
288,5.76,0.0,0.30000001192092896,0.0,0.021450333297252655,0.31666845083236694,0.07446829229593277,-0.1291850060224533,-0.04199208691716194,-0.05959677696228027,1,0,0,1,0.7489842772483826,1.4836962223052979,1.7109451293945312,0.8317714929580688,2.3421788215637207,0.32672765851020813,-0.02098395675420761,1.5149414539337158,0.09387358278036118,-0.5422699451446533,-1.4329537153244019,-0.7618168592453003,0.02542629837989807,0.3927822709083557,1.3790713548660278,0.9394845366477966,0.7347570657730103,-0.27296847105026245,-0.4468242824077606,0.3211384117603302,1.9667989015579224,1.6487271785736084,1.203385353088379,1.5389537811279297,0.09941861033439636,0.07179833203554153,0.9492744207382202,1.0127909183502197,-8.092499228951056e-06,-0.21979790925979614,-0.2622987926006317,-0.10491832345724106,2.070157051086426,1.4675664901733398,1.5555046796798706,1.4902400970458984,-1.9264336824417114,1.970883846282959,1.4820218086242676,-0.36766329407691956,0.053212206810712814,-2.6678569316864014,-2.979074716567993,0.026983827352523804,-0.9510550498962402,2.9972963333129883,-2.99932599067688,1.09586501121521
289,5.78,0.0,0.30000001192092896,0.0,0.028364304453134537,0.3093608319759369,0.08503691852092743,-0.3322058618068695,-0.27559715509414673,0.003702232614159584,1,0,0,1,0.8583564162254333,1.5472253561019897,1.6574969291687012,1.0479379892349243,2.2768712043762207,0.5024206638336182,0.5223648548126221,1.553395390510559,0.15189366042613983,-0.4999862313270569,-1.471279263496399,-0.6534168720245361,0.08011236786842346,0.42454683780670166,1.3523472547531128,1.0475678443908691,0.7021032571792603,-0.18512198328971863,-0.17514988780021667,0.34036538004875183,1.9958089590072632,1.669869065284729,1.1842224597930908,1.593153715133667,0.0676848515868187,0.11306591331958771,0.9826347827911377,1.007549524307251,-0.0001738592836773023,-0.24672859907150269,-0.28926515579223633,-0.1034260094165802,2.0508956909179688,1.5275334119796753,1.495468020439148,1.5110199451446533,-1.2862324714660645,2.0357279777526855,1.74723482131958,-0.1791217029094696,0.026922358199954033,-0.30212342739105225,-0.08035337924957275,0.20974799990653992,-1.0904227495193481,2.9997360706329346,-3.0022711753845215,0.9353702068328857
290,5.8,0.0,0.30000001192092896,0.0,0.0028020760510116816,0.34686389565467834,0.0489208847284317,-0.22954940795898438,-0.1358185112476349,0.06125495210289955,1,0,0,1,0.6853998303413391,1.693314790725708,1.6461927890777588,0.8052204251289368,2.3268508911132812,0.40321028232574463,0.7308659553527832,1.5787582397460938,0.19448505342006683,-0.8669609427452087,-1.388525128364563,-0.5933171510696411,-0.006365925073623657,0.4975915551185608,1.3466951847076416,0.9262089729309082,0.7270931005477905,-0.2347271740436554,-0.07089933753013611,0.35304680466651917,2.0171046257019043,1.4863816499710083,1.2255995273590088,1.6232035160064697,0.037794750183820724,0.1488119661808014,1.0159339904785156,0.9994235038757324,-0.0006679757498204708,-0.24630260467529297,-0.2509540021419525,-0.1035664901137352,2.031400442123413,1.5536013841629028,1.4390833377838135,1.533409833908081,-1.6054283380508423,1.5101267099380493,1.5385589599609375,-0.564082145690918,-0.08892929553985596,0.29011034965515137,3.008255958557129,-0.035941965878009796,-0.9382782578468323,0.05854000151157379,-2.432551383972168,1.1986966133117676
291,5.82,0.0,0.30000001192092896,0.0,-0.025105483829975128,0.3672427833080292,0.015332629904150963,-0.31470850110054016,-0.25859251618385315,0.08701684325933456,1,0,0,1,0.6797124743461609,1.8108819723129272,1.679458498954773,0.8516895771026611,2.1880016326904297,0.29675766825675964,0.6250146627426147,1.4934767484664917,0.14127863943576813,-1.0559799671173096,-1.3335381746292114,-0.6327856779098511,-0.009209603071212769,0.5563751459121704,1.363327980041504,0.9494435787200928,0.6576684713363647,-0.2879534959793091,-0.12382498383522034,0.31040605902671814,1.9905015230178833,1.3918721675872803,1.2530930042266846,1.6034693717956543,0.006470279768109322,0.1719920039176941,1.04147207736969,0.9874426126480103,-0.005391564220190048,-0.24325917661190033,-0.1905098408460617,-0.10657372325658798,2.0158252716064453,1.5232242345809937,1.4050493240356445,1.5588172674179077,-1.4879322052001953,0.8390907645225525,1.032274603843689,-0.6186575293540955,-0.2987077832221985,0.025430677458643913,3.0082712173461914,-0.10564831644296646,-0.7561522126197815,-2.450986385345459,-1.0680866241455078,1.2517541646957397
292,5.84,0.0,0.30000001192092896,0.0,-0.007411046884953976,0.02144235000014305,-0.037699874490499496,0.00022978149354457855,-0.01358301192522049,-0.035159651190042496,0,0,1,1,0.5449610352516174,1.8824479579925537,1.5293060541152954,0.7945210337638855,2.233278751373291,0.39523249864578247,1.0371793508529663,1.5792220830917358,-0.08456537872552872,-1.3657280206680298,-1.3860174417495728,-0.600399374961853,-0.0765853226184845,0.5921581387519836,1.2882518768310547,0.9208593368530273,0.6803070306777954,-0.23871606588363647,0.08225736021995544,0.3532787263393402,1.8775794506072998,1.2369980812072754,1.226853370666504,1.6196625232696533,-0.4125828146934509,-0.4108024835586548,0.5351746678352356,0.5772582292556763,-0.5089205503463745,-0.5145589113235474,-0.45729002356529236,-0.4830779731273651,1.8705546855926514,1.85856294631958,1.9942442178726196,1.9886704683303833,0.01805856265127659,0.049992676824331284,0.005362296011298895,-0.04877831041812897,0.03702515363693237,-0.04822254553437233,-0.003905391786247492,-0.0016325146425515413,-0.006804126780480146,-0.03381190076470375,0.02438165619969368,-0.043961167335510254
293,5.86,0.0,0.30000001192092896,0.0,-0.07068318128585815,0.5488753318786621,0.5897415280342102,0.9144976139068604,0.28374117612838745,-0.25696468353271484,1,0,1,1,-0.6798509955406189,-0.19592323899269104,-0.8848296403884888,-2.1163218021392822,-0.5063134431838989,-1.245080828666687,0.7436989545822144,1.5738170146942139,-1.1096857786178589,-0.39440488815307617,0.9303086400032043,1.4826475381851196,-0.6889913082122803,-0.44702744483947754,0.08118396997451782,-0.5345621109008789,-0.6894890069961548,-1.0588726997375488,-0.06448283791542053,0.3505761921405792,1.3650193214416504,1.722659707069397,2.385016441345215,2.6611859798431396,-0.44979703426361084,-0.4204626977443695,0.5011118650436401,0.5451912879943848,-0.5522686839103699,-0.5715972781181335,-0.5104940533638,-0.5355801582336426,1.8380323648452759,1.8475069999694824,2.0441789627075195,2.038351058959961,-3.001094102859497,-0.6289335489273071,-2.7601263523101807,-2.996961832046509,-2.9344911575317383,-3.0000853538513184,-1.6356651782989502,0.6814396977424622,-3.0004096031188965,-2.1324379444122314,2.4751803874969482,2.9962921142578125
294,5.88,0.0,0.30000001192092896,0.0,-0.1075705960392952,0.31059637665748596,0.39315080642700195,0.9338393211364746,0.49901431798934937,-0.5142331123352051,0,0,0,0,-0.29804566502571106,0.4441051185131073,1.1037418842315674,0.7656659483909607,-0.3376656472682953,-0.8179025053977966,-0.22185704112052917,-0.22966820001602173,-0.4828343391418457,-0.3614497482776642,-0.13257881999015808,0.04440690949559212,-0.49808865785598755,-0.12701328098773956,1.075469732284546,0.9064317941665649,-0.6051651239395142,-0.845283567905426,-0.5472608208656311,-0.5511664152145386,1.6784449815750122,1.7391372919082642,1.8535727262496948,1.9420655965805054,-0.5013865232467651,-0.3832901120185852,0.5280255675315857,0.5569080710411072,-0.6045966148376465,-0.6315887570381165,-0.5362326502799988,-0.5262781381607056,1.7780309915542603,1.7970459461212158,2.030139446258545,2.052293300628662,-2.1653807163238525,2.989190101623535,3.002797842025757,2.9970736503601074,-2.1457936763763428,-3.001884937286377,-0.9528670310974121,0.19406276941299438,-3.0000317096710205,-2.6061277389526367,-2.840726852416992,-0.8990920782089233
295,5.9,0.0,0.30000001192092896,0.0,-0.0356297641992569,0.27224528789520264,0.2304861843585968,0.4215170443058014,-0.19923993945121765,0.036107540130615234,0,0,0,0,0.43386614322662354,0.03436894714832306,1.9926743507385254,1.5494400262832642,-0.7171341180801392,0.32200467586517334,-0.6055872440338135,-0.4570239186286926,0.9132190942764282,1.527573823928833,-0.9499031901359558,-0.7520790100097656,-0.13213276863098145,-0.3318813741207123,1.519935965538025,1.298318862915039,-0.7948993444442749,-0.27532997727394104,-0.7391259670257568,-0.664844274520874,2.376471757888794,2.6836490631103516,1.4449105262756348,1.5438226461410522,-0.47662609815597534,-0.3363669812679291,0.5886861085891724,0.6164341568946838,-0.6629441976547241,-0.6128718852996826,-0.5859428644180298,-0.5414646863937378,1.8226977586746216,1.8437221050262451,1.969996452331543,1.9943572282791138,3.000023603439331,1.7924797534942627,3.0012354850769043,2.9955263137817383,-3.00001859664917,3.000237464904785,-3.0011184215545654,-1.6226571798324585,3.000565767288208,3.00049090385437,-3.0008463859558105,-2.99971342086792
296,5.92,0.0,0.30000001192092896,0.0,-0.006675794720649719,0.2537471652030945,0.11003012210130692,0.4938919246196747,0.4677664637565613,0.0416385792195797,0,0,0,0,0.2801406681537628,0.1292983889579773,1.6484274864196777,1.7154508829116821,-0.5529136061668396,0.23602980375289917,0.35211193561553955,-0.17892473936080933,0.8170517086982727,1.4177422523498535,-0.9932103753089905,-1.129639983177185,-0.2089955061674118,-0.28441664576530457,1.347812533378601,1.381324291229248,-0.7127891182899475,-0.3183174133300781,-0.26027634739875793,-0.5257946848869324,2.328387975692749,2.6287331581115723,1.4232569932937622,1.3550422191619873,-0.41661229729652405,-0.30226853489875793,0.6486510634422302,0.6765540838241577,-0.7093712091445923,-0.5528529286384583,-0.5681660175323486,-0.5639244914054871,1.8827067613601685,1.9037282466888428,1.909988522529602,1.9343276023864746,3.000805377960205,1.5583460330963135,2.9992802143096924,2.9978885650634766,-1.772963285446167,3.000628709793091,3.0049028396606445,-0.6371040940284729,3.000427007675171,3.0004465579986572,-3.000502824783325,-3.0002129077911377
297,5.94,0.0,0.30000001192092896,0.0,0.011278495192527771,0.19512759149074554,-0.06233435124158859,0.27692148089408875,0.2006741166114807,0.035753291100263596,0,1,0,0,0.6498770713806152,0.30725017189979553,1.924445629119873,1.5876015424728394,-0.0933934673666954,-0.537638783454895,-0.6259704828262329,0.4189818799495697,0.7289997339248657,1.2908316850662231,-0.8855246901512146,-1.018038272857666,-0.024127304553985596,-0.19544075429439545,1.4858216047286987,1.317399501800537,-0.4830290377140045,-0.7051516771316528,-0.7493175268173218,-0.22684137523174286,2.2843620777130127,2.5652780532836914,1.4770997762680054,1.410843014717102,-0.356733113527298,-0.2702347934246063,0.7082358002662659,0.7361885905265808,-0.6974637508392334,-0.5465232729911804,-0.5567836165428162,-0.5221111178398132,1.9427132606506348,1.9613287448883057,1.849972128868103,1.874300479888916,3.0032997131347656,1.5190274715423584,2.9923033714294434,3.002717971801758,2.207129716873169,-1.4125221967697144,-1.1399730443954468,2.9653024673461914,3.000303268432617,3.066478967666626,-2.996269464492798,-3.0017249584198
298,5.96,0.0,0.30000001192092896,0.0,0.11191540956497192,0.15511062741279602,-0.01664184033870697,-1.1303893327713013,-0.4916125535964966,0.29503345489501953,0,1,0,0,0.5256873965263367,-0.008706003427505493,0.9860861301422119,1.5008848905563354,-0.05626516789197922,1.4325802326202393,1.0106897354125977,-0.6224192976951599,0.5516530275344849,0.6140928268432617,-0.7300086617469788,-0.6556888818740845,-0.08622214198112488,-0.35341882705688477,1.0166418552398682,1.2740411758422852,-0.4644649028778076,0.2799578011035919,0.06901255249977112,-0.7475419640541077,2.1956887245178223,2.2269086837768555,1.554857850074768,1.592017650604248,-0.296728253364563,-0.27342134714126587,0.7684832215309143,0.7960668206214905,-0.6381352543830872,-0.5199100971221924,-0.5093531608581543,-0.5149288773536682,2.002716302871704,1.9914922714233398,1.7897257804870605,1.81435227394104,2.999640941619873,-0.8307526707649231,2.9866137504577637,2.973114252090454,3.000221014022827,3.4409782886505127,3.002788543701172,-1.591627836227417,3.000143527984619,2.1847290992736816,-2.9881861209869385,-3.0025782585144043
299,5.98,0.0,0.30000001192092896,0.0,0.13059832155704498,0.1578288972377777,-0.1342751830816269,-1.1045629978179932,-0.9107046127319336,0.07014200091362,0,1,0,0,0.5338594913482666,0.18370389938354492,0.2216498702764511,1.205031394958496,0.28813937306404114,0.20863783359527588,0.8087656497955322,0.9301657676696777,-0.042924780398607254,0.06834030896425247,-0.24269999563694,-0.8814889192581177,-0.08213609457015991,-0.25721389055252075,0.6344237327575684,1.1261144876480103,-0.29226261377334595,-0.33201339840888977,-0.0319494903087616,0.028750568628311157,1.8983997106552124,1.954032301902771,1.7985121011734009,1.4791176319122314,-0.23710721731185913,-0.2818707227706909,0.7886532545089722,0.8558967709541321,-0.5779996514320374,-0.46200472116470337,-0.4494689404964447,-0.46918484568595886,2.0090692043304443,1.9994077682495117,1.7591257095336914,1.754361629486084,2.999026298522949,-0.27479010820388794,-0.27935492992401123,3.0029489994049072,3.0047554969787598,2.9826557636260986,2.998014450073242,2.9979407787323,-1.226782202720642,-0.47345277667045593,-0.6411072611808777,-2.999002695083618
300,6.0,0.0,0.30000001192092896,0.0,0.18401873111724854,0.3638198673725128,0.006094890646636486,-0.9443090558052063,0.18179935216903687,-0.21698586642742157,0,1,1,0,0.6426666378974915,-0.12485089153051376,-0.2859840989112854,0.6859560608863831,0.35825785994529724,0.2522936463356018,1.451135516166687,1.6716257333755493,-0.16719955205917358,-0.3983067572116852,-0.1830812692642212,-0.5831120610237122,-0.027732521295547485,-0.4114912748336792,0.3806067407131195,0.8665767908096313,-0.2572034001350403,-0.3101854920387268,0.2892354428768158,0.39948055148124695,1.8362623453140259,1.7207087278366089,1.8283214569091797,1.6283061504364014,-0.17737582325935364,-0.2979235351085663,0.7587118744850159,0.9028033018112183,-0.5179264545440674,-0.4116796851158142,-0.43028387427330017,-0.4091399013996124,1.9568198919296265,1.9736202955245972,1.7622298002243042,1.694506287574768,2.999485731124878,-0.7083523273468018,-1.1813050508499146,1.8262770175933838,3.000117540359497,1.7264784574508667,-0.6781914234161377,3.010845899581909,-3.0000574588775635,-1.3908476829528809,0.4295445382595062,-2.9611034393310547
301,6.0200000000000005,0.0,0.30000001192092896,0.0,0.12402281165122986,0.28515610098838806,0.3307376205921173,-0.1596871316432953,-0.3701423704624176,-0.48203638195991516,0,0,1,1,1.2341605424880981,-0.39626041054725647,0.0527392141520977,1.2462961673736572,0.11704675108194351,0.5026553869247437,1.8375952243804932,2.187899112701416,0.03883758932352066,0.07151363044977188,-0.12491419911384583,-0.8303996920585632,0.26801443099975586,-0.5471960306167603,0.549968421459198,1.1467468738555908,-0.37780892848968506,-0.18500462174415588,0.48246529698371887,0.6576172113418579,1.9392809867858887,1.955618977546692,1.8574050664901733,1.504662275314331,-0.11736433953046799,-0.3250628411769867,0.7293098568916321,0.9226524829864502,-0.4618796110153198,-0.3634131848812103,-0.42904192209243774,-0.3741568326950073,1.9171124696731567,1.9498740434646606,1.7596955299377441,1.683485984802246,3.000825881958008,-2.2853775024414062,-1.791451334953308,0.6062553524971008,2.811152696609497,2.9974451065063477,0.956832230091095,1.723292350769043,-1.13667631149292,-0.8732115626335144,-0.6332796216011047,0.21942979097366333
302,6.04,0.0,0.30000001192092896,0.0,-0.04192671924829483,0.2038043737411499,0.3163917362689972,1.2267684936523438,0.1084333062171936,0.24630941450595856,0,0,1,1,0.7721022963523865,0.4610549509525299,0.6465188264846802,-0.3102875351905823,1.3395862579345703,-1.0119694471359253,0.9927178621292114,2.648585796356201,-0.39563021063804626,0.01230522058904171,-0.6364506483078003,-0.597987174987793,0.036985307931900024,-0.11853836476802826,0.8468582034111023,0.36845502257347107,0.23346081376075745,-0.942317008972168,0.060026615858078,0.8879605531692505,1.7220470905303955,1.92601478099823,1.6016368865966797,1.6208685636520386,-0.05742179974913597,-0.33464139699935913,0.7094581723213196,0.9059046506881714,-0.40178489685058594,-0.40215569734573364,-0.3745109438896179,-0.3349378705024719,1.864124059677124,1.9365899562835693,1.736781358718872,1.6781067848205566,3.0003180503845215,0.8929994106292725,-0.25213342905044556,-2.0383522510528564,3.0001821517944336,-3.0001473426818848,2.9858710765838623,2.77250075340271,-3.0000874996185303,-0.5634845495223999,-1.5319088697433472,-0.9868945479393005
303,6.0600000000000005,0.0,0.30000001192092896,0.0,-0.135610893368721,-0.004923693835735321,0.5037580132484436,-0.3617892861366272,-0.34885019063949585,0.3201334476470947,1,0,0,1,0.8269209265708923,0.741790771484375,1.2174654006958008,1.4680798053741455,1.5840346813201904,0.07390893250703812,-0.20343324542045593,0.8978705406188965,0.029395870864391327,0.23422010242938995,-0.7061353325843811,-0.9136854410171509,0.06439462304115295,0.021829545497894287,1.1323314905166626,1.257638692855835,0.3556850254535675,-0.39937785267829895,-0.5380489230155945,0.012602955102920532,1.9345600605010986,2.0369722843170166,1.566794514656067,1.4630193710327148,-0.0408954955637455,-0.2818475365638733,0.750309944152832,0.8874669671058655,-0.3526897132396698,-0.4242105484008789,-0.357471764087677,-0.279939204454422,1.8287729024887085,1.9535162448883057,1.683242917060852,1.6393567323684692,0.6862890720367432,3.008922576904297,3.015873670578003,-0.43507546186447144,2.8328633308410645,0.09284022450447083,-0.8429111242294312,2.9267306327819824,-1.6899466514587402,1.7032356262207031,-3.0001909732818604,-2.6806836128234863
304,6.08,0.0,0.30000001192092896,0.0,-0.1612958461046219,0.0020854920148849487,0.4539346992969513,-0.7109078764915466,-0.5108879208564758,0.01440274529159069,1,0,0,1,0.4610813856124878,0.9240884184837341,1.5625922679901123,0.9255174994468689,1.2647297382354736,0.3689166009426117,0.1496550291776657,0.7986339330673218,0.05539684742689133,0.525995135307312,-1.0734654664993286,-0.3144248425960541,-0.11852514743804932,0.11297836899757385,1.3048949241638184,0.986357569694519,0.1960325539112091,-0.25187402963638306,-0.36150479316711426,-0.03701534867286682,1.9475605487823486,2.1828596591949463,1.383129358291626,1.7626497745513916,-0.0357954166829586,-0.22157010436058044,0.809566855430603,0.891210675239563,-0.29584604501724243,-0.38962265849113464,-0.3688792884349823,-0.22968241572380066,1.8114019632339478,2.010499954223633,1.623401165008545,1.6102583408355713,-0.3038058280944824,2.896756410598755,3.0074713230133057,0.7642343640327454,3.599857807159424,2.6346352100372314,-0.31609076261520386,3.0617406368255615,0.7722775936126709,3.012385845184326,-3.014910936355591,0.5621024370193481
305,6.1000000000000005,0.0,0.30000001192092896,0.0,-0.1901572197675705,0.01901625096797943,0.39686623215675354,-0.5144239664077759,0.06959640979766846,-0.17271073162555695,1,0,0,1,0.4305128753185272,1.1498651504516602,1.4052953720092773,0.6550890803337097,1.68721342086792,0.12766242027282715,1.0038609504699707,1.4082493782043457,-0.4468618929386139,0.15613462030887604,-1.1334118843078613,-0.1253044605255127,-0.1338094025850296,0.22586673498153687,1.2262464761734009,0.8511433601379395,0.40727439522743225,-0.37250110507011414,0.06559816002845764,0.26779237389564514,1.6964311599731445,1.9979294538497925,1.3531562089920044,1.8572099208831787,-0.04081510752439499,-0.16307051479816437,0.8630035519599915,0.8961848616600037,-0.23801414668560028,-0.3626925051212311,-0.3195529878139496,-0.19705407321453094,1.7885040044784546,2.032518148422241,1.5644556283950806,1.630786657333374,-0.22072568535804749,3.00469970703125,2.8329761028289795,-0.10123081505298615,3.2217321395874023,0.7570065259933472,2.9712605476379395,3.044680118560791,-1.5161032676696777,0.18075157701969147,-2.9992358684539795,3.2535781860351562
306,6.12,0.0,0.30000001192092896,0.0,-0.14373129606246948,0.07190941274166107,0.3544791638851166,-0.5991268754005432,0.12653425335884094,-0.046225406229496,1,0,0,1,0.5868929028511047,1.3023625612258911,1.4650614261627197,0.6518004536628723,1.897735595703125,0.05065450817346573,0.8118841648101807,1.5533032417297363,-0.6074963808059692,-0.10584381967782974,-1.1544743776321411,-0.10630682855844498,-0.055619388818740845,0.30211544036865234,1.256129503250122,0.849498987197876,0.5125354528427124,-0.41100504994392395,-0.030390232801437378,0.34031930565834045,1.6161139011383057,1.8669402599334717,1.3426249027252197,1.866708755493164,-0.04382935166358948,-0.10413072258234024,0.9176459312438965,0.8918843865394592,-0.17916278541088104,-0.3565296530723572,-0.2596580386161804,-0.17382296919822693,1.754202961921692,1.9987751245498657,1.505355715751648,1.663561224937439,-0.10988157242536545,2.988879919052124,2.7476108074188232,-0.47188979387283325,3.226137161254883,-0.1614478975534439,2.9735360145568848,2.6496663093566895,-1.9190205335617065,-2.774308681488037,-2.9623842239379883,3.1529881954193115
307,6.140000000000001,0.0,0.30000001192092896,0.0,-0.12714189291000366,0.1150648295879364,0.3370765447616577,-0.7205891609191895,0.2873494029045105,0.048668812960386276,1,0,1,1,0.5489314794540405,1.4911556243896484,1.4990062713623047,0.6037015318870544,1.895193099975586,0.37820345163345337,1.100032091140747,1.5904505252838135,-0.5112885236740112,-0.2659039795398712,-1.1614793539047241,-0.14836102724075317,-0.07460010051727295,0.396511971950531,1.2731019258499146,0.8254495859146118,0.5112642049789429,-0.24723058938980103,0.11368373036384583,0.35889294743537903,1.6642179489135742,1.7869101762771606,1.3391225337982178,1.8456816673278809,-0.045439012348651886,-0.044758256524801254,0.964405357837677,0.8825176954269409,-0.12163764983415604,-0.3343451917171478,-0.20088277757167816,-0.15035444498062134,1.7148905992507935,1.938923954963684,1.4537452459335327,1.6953638792037964,-0.03675040602684021,2.9971415996551514,0.6970560550689697,-0.7713795900344849,3.4091081619262695,1.5073010921478271,2.007297992706299,2.1860504150390625,-2.06655216217041,-2.991088628768921,-2.086897134780884,2.421140670776367
308,6.16,0.0,0.30000001192092896,0.0,-0.08349048346281052,0.14704060554504395,0.307738333940506,-0.020199865102767944,0.6536818146705627,0.24673642218112946,0,0,1,1,0.3639789819717407,1.763778805732727,1.0382859706878662,0.34024685621261597,1.9389619827270508,0.41251713037490845,1.8072446584701538,2.461693286895752,-1.0323739051818848,-0.9542052745819092,-1.0381141901016235,-0.1745508313179016,-0.16707634925842285,0.5328235626220703,1.0427417755126953,0.6937222480773926,0.5331486463546753,-0.2300737500190735,0.4672900140285492,0.7945142984390259,1.4036751985549927,1.4427595138549805,1.4008049964904785,1.8325867652893066,-0.06018097326159477,0.014234795235097408,0.9766836762428284,0.8547222018241882,-0.061846766620874405,-0.30033397674560547,-0.164727121591568,-0.1362314224243164,1.6560883522033691,1.878875494003296,1.4392762184143066,1.7113415002822876,-1.3301880359649658,3.0061614513397217,0.6657331585884094,-2.0869665145874023,3.0006136894226074,1.86907958984375,2.277031421661377,1.2674518823623657,-3.0002148151397705,-3.001533269882202,-0.7793727517127991,1.05983567237854
309,6.18,0.0,0.30000001192092896,0.0,-0.043963685631752014,0.18375355005264282,0.32517123222351074,0.16415122151374817,0.6389657855033875,0.27494415640830994,1,0,1,1,0.5197187662124634,1.5346252918243408,0.9460294246673584,0.5830764174461365,1.296689748764038,0.6391727328300476,1.5713770389556885,2.0318708419799805,-0.8304277658462524,-1.142138123512268,-0.9673187136650085,-0.4579130709171295,-0.08920645713806152,0.4182468056678772,0.9966135025024414,0.8151370286941528,0.21201255917549133,-0.1167459487915039,0.34935620427131653,0.5796030759811401,1.504648208618164,1.3487930297851562,1.4362027645111084,1.6909055709838867,-0.07736029475927353,0.07411982864141464,0.9877399206161499,0.8220759630203247,-0.006481430493295193,-0.2446722835302353,-0.1149243414402008,-0.12185325473546982,1.6045645475387573,1.8188416957855225,1.4209463596343994,1.699475646018982,-0.7518075704574585,2.9906885623931885,0.47597500681877136,-1.581009864807129,2.5913491249084473,3.0037896633148193,2.6480209827423096,0.9038874506950378,-2.4932150840759277,-3.000086784362793,-1.0758929252624512,-0.8543875217437744
310,6.2,0.0,0.30000001192092896,0.0,-0.08568098396062851,0.12614934146404266,0.25775691866874695,0.6030592918395996,-0.07963863015174866,0.08684314787387848,0,0,1,1,0.37323451042175293,1.4876103401184082,1.2026630640029907,0.7294933199882507,1.2271174192428589,0.7801127433776855,1.4296518564224243,1.2917277812957764,-0.6145020723342896,-1.1284812688827515,-0.9633588194847107,-0.7779732942581177,-0.16244858503341675,0.3947393298149109,1.1249303817749023,0.88834547996521,0.17722639441490173,-0.046275943517684937,0.27849361300468445,0.20953157544136047,1.6126110553741455,1.355621576309204,1.4381827116012573,1.5308754444122314,-0.10066966712474823,0.13261188566684723,0.9885005950927734,0.7962425947189331,-6.3041688918019645e-06,-0.1845964789390564,-0.07417883723974228,-0.08779072761535645,1.5792105197906494,1.7588359117507935,1.407639503479004,1.6754237413406372,-1.45601224899292,2.7934341430664062,-0.18435318768024445,-1.1006931066513062,0.00017530056356918067,2.9987664222717285,1.7734285593032837,2.1481704711914062,-0.4803446829319,-3.0011324882507324,-0.5065303444862366,-1.5131638050079346
311,6.22,0.0,0.30000001192092896,0.0,-0.04618387669324875,0.16362294554710388,0.01730133220553398,0.7556653022766113,0.5939996242523193,0.1915295273065567,0,0,1,0,0.39821991324424744,0.8549906015396118,0.863993763923645,0.477586030960083,0.625777006149292,1.5735211372375488,1.5326870679855347,-0.7301605939865112,-0.02382022887468338,-1.1401468515396118,-0.9682679772377014,-0.8067091107368469,-0.1499558836221695,0.0784294605255127,0.9555956721305847,0.7623918056488037,-0.12344381213188171,0.3504282534122467,0.3300112187862396,-0.8014125823974609,1.907952070236206,1.3497886657714844,1.4357281923294067,1.516507625579834,-0.12977932393550873,0.16736720502376556,0.9903318881988525,0.7726814150810242,-0.018881531432271004,-0.12453123927116394,-0.03880427032709122,-0.1309492439031601,1.6285899877548218,1.6988497972488403,1.405121922492981,1.626004934310913,-1.3726727962493896,0.8168556690216064,0.1380721926689148,-1.1531845331192017,-1.6981209516525269,3.0033469200134277,1.6491552591323853,-2.9927921295166016,3.000286340713501,-2.999128818511963,0.18363513052463531,-2.99749493598938
312,6.24,0.0,0.30000001192092896,0.0,-0.05255379527807236,0.187546044588089,0.013488925993442535,0.045380473136901855,-0.31765756011009216,0.12637752294540405,0,1,1,0,0.38989999890327454,0.73298180103302,0.9683164358139038,1.7663239240646362,0.5385034084320068,1.5285627841949463,1.7411253452301025,-0.6197096705436707,0.6785813570022583,-0.7961504459381104,-0.8117905855178833,-1.3560551404953003,-0.15411584079265594,0.017425060272216797,1.0077569484710693,1.4067606925964355,-0.1670806109905243,0.32794907689094543,0.43423035740852356,-0.746187150478363,2.259152889251709,1.5217869281768799,1.5139667987823486,1.2418346405029297,-0.15409427881240845,0.1583641618490219,0.9907854199409485,0.7881308794021606,-0.0685088112950325,-0.07338183373212814,-0.01830485463142395,-0.18996545672416687,1.6886043548583984,1.644614577293396,1.4198544025421143,1.5660072565078735,-1.0476735830307007,-1.3696825504302979,-0.4304470419883728,2.229618549346924,-2.6673977375030518,0.09829732775688171,-0.6470664739608765,-2.878040075302124,3.0006749629974365,-0.5247827172279358,1.0323203802108765,-3.0039989948272705
313,6.26,0.0,0.30000001192092896,0.0,-0.046218834817409515,0.20457476377487183,0.02772863581776619,-0.44323521852493286,-0.4636642038822174,0.07088586688041687,0,1,1,0,0.7372581362724304,0.9811888933181763,0.7360314130783081,2.0832090377807617,0.9167298078536987,1.9015626907348633,1.8802534341812134,-0.09000507742166519,0.85294508934021,-0.8497297763824463,-0.7603322863578796,-1.2536512613296509,0.019563227891921997,0.14152860641479492,0.8916144967079163,1.565203309059143,0.022032588720321655,0.5144490003585815,0.5037944316864014,-0.4813348650932312,2.34633469581604,1.494997262954712,1.5396959781646729,1.2930364608764648,-0.147714301943779,0.14262613654136658,0.9835095405578613,0.8461679220199585,-0.08608546853065491,-0.05231640860438347,-0.038327883929014206,-0.24949902296066284,1.7486190795898438,1.6234660148620605,1.4456448554992676,1.5059773921966553,1.3499590158462524,-0.5402488112449646,-0.29764753580093384,2.999716281890869,0.49926868081092834,1.6247146129608154,-1.2389168739318848,-2.9830827713012695,3.0007107257843018,-1.374956727027893,1.3102463483810425,-3.000854969024658
314,6.28,0.0,0.30000001192092896,0.0,-0.02410714328289032,0.25128990411758423,-0.021498488262295723,-0.3784802556037903,-0.5956542491912842,0.1229531541466713,0,1,1,0,0.9483740925788879,0.8330182433128357,0.683492124080658,2.1931443214416504,1.1769579648971558,1.7273513078689575,1.9190236330032349,0.5042107105255127,0.5614793300628662,-0.677080512046814,-0.6044154763221741,-1.3213711977005005,0.12512120604515076,0.06744328141212463,0.8653448820114136,1.6201709508895874,0.15214666724205017,0.42734333872795105,0.5231795310974121,-0.18422695994377136,2.200601816177368,1.5813219547271729,1.6176544427871704,1.25917649269104,-0.09455029666423798,0.12686115503311157,0.9752050042152405,0.9060906767845154,-0.05195004865527153,-0.020063582807779312,-0.0694270059466362,-0.2788667678833008,1.8086283206939697,1.5989364385604858,1.478081226348877,1.4482262134552002,3.0004584789276123,-0.9232717752456665,-0.5011611580848694,3.0016965866088867,2.4678409099578857,1.5166041851043701,-1.6203268766403198,-0.29428529739379883,3.000429630279541,-1.1808128356933594,1.6868880987167358,-2.605807065963745
315,6.3,0.0,0.30000001192092896,0.0,-0.035035207867622375,0.2946593761444092,-0.14438293874263763,0.0904436707496643,-0.8812721371650696,0.08233009278774261,0,1,1,0,1.2336622476577759,0.8181378841400146,0.7634316086769104,2.3021602630615234,1.5150978565216064,1.9160844087600708,2.001952886581421,0.6605668067932129,0.5169443488121033,-0.6115431785583496,-0.49174216389656067,-1.3767153024673462,0.2677652835845947,0.06000310182571411,0.905314564704895,1.674678921699524,0.3212166130542755,0.5217099189758301,0.5646440982818604,-0.10604891180992126,2.1783342361450195,1.6140905618667603,1.673991084098816,1.2315044403076172,-0.034562766551971436,0.10435502976179123,0.962293803691864,0.9658981561660767,1.0576011845842004e-05,-0.0006292364560067654,-0.10468003153800964,-0.2527714967727661,1.8686355352401733,1.5825871229171753,1.5187101364135742,1.4076074361801147,2.989058017730713,-1.3598816394805908,-0.8207395672798157,2.9440596103668213,0.006828784942626953,0.6358655095100403,-1.9132918119430542,2.60170578956604,3.0004210472106934,-0.4854470491409302,2.228003740310669,-1.4181147813796997
316,6.32,0.0,0.30000001192092896,0.0,-0.06380584836006165,0.3018590211868286,-0.15053591132164001,-0.11016318202018738,-0.08492486923933029,0.10357341915369034,1,1,1,0,1.3932901620864868,0.8468564748764038,0.8556033968925476,2.305192708969116,1.9334592819213867,2.0432097911834717,2.014284610748291,0.6134693622589111,0.6589442491531372,-0.6857645511627197,-0.46058565378189087,-1.39518141746521,0.3475792407989502,0.07436239719390869,0.9514005184173584,1.6761951446533203,0.5303972959518433,0.5852725505828857,0.5708099603652954,-0.12959763407707214,2.2493343353271484,1.5769798755645752,1.689569354057312,1.22227144241333,0.024353252723813057,0.07663532346487045,0.9491980075836182,1.0190377235412598,-0.002247905358672142,-0.004957682453095913,-0.1393846571445465,-0.19732363522052765,1.9280774593353271,1.580248475074768,1.5669445991516113,1.3919062614440918,3.0008134841918945,-1.2179818153381348,-0.3380230665206909,2.309131383895874,0.3347102701663971,-0.5458122491836548,-1.3084872961044312,2.782235622406006,2.9922096729278564,-0.130202978849411,2.211477518081665,-0.26468318700790405
317,6.34,0.0,0.30000001192092896,0.0,-0.11412809789180756,0.34409332275390625,-0.09481502324342728,-0.29699498414993286,0.22515332698822021,0.0902380421757698,0,1,1,0,1.2696367502212524,0.8305444717407227,0.7755690813064575,2.2724432945251465,1.8640488386154175,1.7687970399856567,1.8635252714157104,0.6414924263954163,0.3987584114074707,-0.9019166827201843,-0.5459305644035339,-1.3392513990402222,0.285752534866333,0.06620639562606812,0.911383330821991,1.6598204374313354,0.49569210410118103,0.44806620478630066,0.4954303205013275,-0.11558610200881958,2.119241237640381,1.4689037799835205,1.6468968391418457,1.2502365112304688,0.08420982956886292,0.05543011054396629,0.9453439712524414,1.0472100973129272,8.79169181899897e-09,-0.015302983112633228,-0.161591038107872,-0.1411834955215454,1.9880326986312866,1.5715482234954834,1.6109541654586792,1.394672155380249,2.948895215988159,-0.9836260080337524,0.006767796352505684,-0.001535852556116879,1.5012109543022234e-05,-0.4726133942604065,-0.7823817729949951,2.6459908485412598,3.000075340270996,-0.7501943111419678,2.1430351734161377,0.4092109501361847
318,6.36,0.0,0.30000001192092896,0.0,-0.03188234567642212,0.36591511964797974,0.018644701689481735,0.24091234803199768,-0.33829453587532043,-0.09708496928215027,0,1,1,1,1.5882692337036133,0.5010374188423157,0.3086908161640167,2.4533534049987793,1.773482084274292,1.6026451587677002,1.7975846529006958,1.0690666437149048,0.07853733003139496,-0.6602909564971924,-0.6675143241882324,-1.3900173902511597,0.4450687766075134,-0.09854713082313538,0.6779441833496094,1.7502754926681519,0.4504087269306183,0.3649902641773224,0.4624600112438202,0.09820100665092468,1.9591307640075684,1.5897166728973389,1.5861049890518188,1.224853515625,0.13635210692882538,0.029537871479988098,0.9347073435783386,1.0441503524780273,-0.0004070569120813161,-0.026514815166592598,-0.17158646881580353,-0.0943567305803299,2.0163543224334717,1.5629963874816895,1.6481437683105469,1.4087984561920166,2.2256968021392822,-1.5404131412506104,-1.2362630367279053,-0.47065412998199463,0.03527780622243881,0.17293205857276917,-0.31427520513534546,0.153848797082901,0.2374623864889145,-0.2051006555557251,1.5427577495574951,1.5146441459655762
319,6.38,0.0,0.30000001192092896,0.0,0.038825422525405884,0.277914822101593,0.08323957771062851,0.5335938334465027,0.5115748047828674,-0.04447809234261513,1,0,1,1,1.2301758527755737,0.6793910264968872,0.7099342346191406,1.8866199254989624,1.8193581104278564,0.2447158694267273,1.306872844696045,1.776610016822815,-0.14432810246944427,-0.8374396562576294,-0.7422844767570496,-1.3593876361846924,0.26602208614349365,-0.00937032699584961,0.8785659074783325,1.4669086933135986,0.4733467400074005,-0.31397438049316406,0.21710410714149475,0.45197269320487976,1.8476980924606323,1.5011422634124756,1.548719882965088,1.2401683330535889,0.16457131505012512,0.0013197511434555054,0.9132282733917236,1.0286504030227661,3.4425109333824366e-05,-0.07117896527051926,-0.1535794585943222,-0.09174128621816635,1.996435523033142,1.548455834388733,1.664495587348938,1.4365283250808716,0.31745395064353943,-1.272350788116455,-0.7641408443450928,-0.8826166987419128,-0.0020178258419036865,-2.9863383769989014,1.7859443426132202,0.02723373845219612,-0.8822478652000427,-1.0921721458435059,-0.04447777941823006,1.1871074438095093
320,6.4,0.0,0.30000001192092896,0.0,0.04788774251937866,0.22945410013198853,0.10365618765354156,-0.1279553472995758,-0.20383486151695251,0.11639390140771866,1,0,0,1,0.9076746106147766,1.2731940746307373,1.3098804950714111,0.9385383725166321,2.3955636024475098,-0.5291258692741394,-0.3572002947330475,1.6435935497283936,-0.47149792313575745,-1.0144623517990112,-1.066058874130249,-0.9923555850982666,0.10477146506309509,0.28753119707107544,1.1785390377044678,0.9928679466247559,0.7614494562149048,-0.7008952498435974,-0.6149324774742126,0.38546445965766907,1.6841131448745728,1.4126310348510742,1.3868327140808105,1.4236843585968018,0.14905855059623718,0.00012365970178507268,0.9171527624130249,1.0194365978240967,0.0002801014925353229,-0.13033168017864227,-0.19097746908664703,-0.08844396471977234,1.9771486520767212,1.5066962242126465,1.6184011697769165,1.453961730003357,-0.8613877296447754,0.8940064311027527,0.8602515459060669,-0.24528752267360687,0.03398504480719566,-2.9824061393737793,-2.9793787002563477,0.4140866696834564,-0.9891030192375183,-2.6271932125091553,-3.001434087753296,0.6443496942520142
321,6.42,0.0,0.30000001192092896,0.0,-0.04961489140987396,0.2776781916618347,0.04059094563126564,0.024030109867453575,-0.023484064266085625,0.05759841576218605,1,0,0,1,0.6845734715461731,1.397263765335083,1.672898292541504,0.5835357904434204,2.3531336784362793,0.0594278946518898,-0.16217732429504395,1.5856873989105225,0.03266661614179611,-0.3215855062007904,-1.413271427154541,-0.8217405080795288,-0.006779104471206665,0.3495660424232483,1.3600479364395142,0.8153666853904724,0.7402344942092896,-0.4066183567047119,-0.5174210071563721,0.3565113842487335,1.9361954927444458,1.7590694427490234,1.2132264375686646,1.5089919567108154,0.12379034608602524,0.03388140723109245,0.9444224834442139,1.0092732906341553,-0.0015099988086149096,-0.1911487728357315,-0.25033479928970337,-0.08476286381483078,1.9650341272354126,1.5307742357254028,1.5584626197814941,1.4697275161743164,-1.5931166410446167,2.2101428508758545,1.7039843797683716,-0.7340690493583679,-0.05051707848906517,-3.0156373977661133,-2.9779622554779053,0.07068821787834167,-0.44051992893218994,2.995527982711792,-2.996948003768921,0.8425674438476562
322,6.44,0.0,0.30000001192092896,0.0,-0.028724581003189087,0.26328742504119873,0.0007817049045115709,-0.1566309630870819,-0.07871884852647781,0.08756393194198608,1,0,0,1,0.9349315762519836,1.4229567050933838,1.6076991558074951,1.1419602632522583,2.1899771690368652,0.3043989837169647,0.4040708839893341,1.5270280838012695,0.03292214125394821,-0.20368154346942902,-1.429499864578247,-0.6391462087631226,0.11839994788169861,0.3624125123023987,1.3274483680725098,1.0945789813995361,0.6586562395095825,-0.28413283824920654,-0.23429687321186066,0.32718172669410706,1.9363231658935547,1.8180214166641235,1.2051122188568115,1.6002891063690186,0.09651273488998413,0.08408874273300171,0.9814366102218628,0.9959903359413147,-0.0037229321897029877,-0.24621054530143738,-0.288360595703125,-0.08899439126253128,1.9576929807662964,1.5907466411590576,1.4984389543533325,1.4900221824645996,-1.1424307823181152,2.6276094913482666,1.8952370882034302,-0.5838708281517029,-0.1192023977637291,-2.3990325927734375,-1.0453250408172607,-0.27510058879852295,-0.42951446771621704,2.999772787094116,-3.001641035079956,1.0624196529388428
323,6.46,0.0,0.30000001192092896,0.0,-0.018892377614974976,0.29325926303863525,-0.021611236035823822,-0.2167016714811325,-0.20176686346530914,-0.010721842758357525,1,0,0,1,0.7811204791069031,1.6233724355697632,1.5877792835235596,1.0429805517196655,2.2785449028015137,0.5224326252937317,0.927584171295166,1.5665682554244995,0.10920422524213791,-0.5292352437973022,-1.3844891786575317,-0.545041024684906,0.041494399309158325,0.4626203775405884,1.317488431930542,1.0450890064239502,0.7029401063919067,-0.17511600255966187,0.027459770441055298,0.34695181250572205,1.9744642972946167,1.6552445888519287,1.2276175022125244,1.6473416090011597,0.07110390067100525,0.13482293486595154,1.015586495399475,0.9863316416740417,-0.00873601995408535,-0.2651247978210449,-0.2526981234550476,-0.09585091471672058,1.950782299041748,1.6404833793640137,1.4408113956451416,1.5152324438095093,-1.31441068649292,2.3335864543914795,1.488465428352356,-0.37728995084762573,-0.39210599660873413,0.24627374112606049,2.9975507259368896,-0.19065584242343903,-0.3240932524204254,1.955424427986145,-2.526883125305176,1.2504013776779175
324,6.48,0.0,0.30000001192092896,0.0,-0.028683006763458252,0.35540878772735596,-0.05902975797653198,-0.3328932523727417,-0.1753859519958496,0.005018704105168581,1,0,0,1,0.7125604152679443,1.7447395324707031,1.5937542915344238,0.8382468819618225,2.239881992340088,0.28483569622039795,0.869499921798706,1.5970001220703125,-0.005495049990713596,-1.0400052070617676,-1.2922873497009277,-0.533713698387146,0.007214367389678955,0.5233039259910583,1.3204759359359741,0.9427222013473511,0.6836086511611938,-0.29391446709632874,-0.0015823543071746826,0.36216774582862854,1.9171146154403687,1.3998595476150513,1.2737184762954712,1.6530053615570068,0.042350828647613525,0.17146149277687073,1.0394420623779297,0.9766350388526917,-0.017398696392774582,-0.26033708453178406,-0.1921381950378418,-0.10722611844539642,1.9447870254516602,1.613621473312378,1.4053847789764404,1.5446960926055908,-1.4709194898605347,1.367224931716919,0.9278839230537415,-0.5506544709205627,-0.3994244337081909,0.16666635870933533,3.0193636417388916,-0.6572872400283813,-0.3830779194831848,-3.003162145614624,-1.1116539239883423,1.6032755374908447
325,6.5,0.0,0.30000001192092896,0.0,0.03980572521686554,0.3435480296611786,0.05841248854994774,-0.12795399129390717,0.5002597570419312,0.1300392746925354,1,0,1,1,0.5984774231910706,1.869437575340271,1.513636589050293,0.7502099871635437,2.2824692726135254,0.3695818781852722,1.2531832456588745,1.7350558042526245,-0.17687369883060455,-1.2714552879333496,-1.3395026922225952,-0.572176992893219,-0.049827128648757935,0.5856529474258423,1.2804170846939087,0.8987038135528564,0.7049022912979126,-0.2515413761138916,0.19025930762290955,0.43119558691978455,1.8314253091812134,1.2841345071792603,1.2501108646392822,1.633773684501648,0.010467659682035446,0.18828020989894867,1.042871356010437,0.9623337984085083,-0.016419900581240654,-0.2536437213420868,-0.14639556407928467,-0.1240687146782875,1.9297029972076416,1.5535448789596558,1.3944973945617676,1.5793553590774536,-1.5378715991973877,0.4914558231830597,0.38554245233535767,-1.01326322555542,1.0031375885009766,0.12840843200683594,0.37625542283058167,-0.8536228537559509,-1.5614099502563477,-3.0002665519714355,2.5257036685943604,1.6774380207061768
326,6.5200000000000005,0.0,0.30000001192092896,0.0,0.004275307059288025,0.30577683448791504,0.1616557240486145,0.1685529351234436,0.027637161314487457,-0.005685136653482914,1,0,1,1,0.5211390852928162,1.991682529449463,1.3417845964431763,0.9278948307037354,2.0154502391815186,0.6534032821655273,1.920721411705017,2.420375347137451,-0.2466190904378891,-1.858088493347168,-1.1896380186080933,-0.906244158744812,-0.08849629759788513,0.6467754244804382,1.1944911479949951,0.9875462055206299,0.5713927745819092,-0.10963067412376404,0.5240284204483032,0.7738553285598755,1.7965526580810547,0.9908179044723511,1.3250432014465332,1.4667401313781738,-0.02532179281115532,0.1937107890844345,1.036969542503357,0.9432679414749146,5.894989590160549e-05,-0.22034968435764313,-0.13749723136425018,-0.1249321848154068,1.894072413444519,1.493525743484497,1.4159647226333618,1.5974647998809814,-1.9253928661346436,0.06884754449129105,-0.5779771208763123,-0.7888930439949036,0.0017055757343769073,2.6999964714050293,0.6357903480529785,0.8771076202392578,-1.9485477209091187,-2.9997189044952393,0.7456708550453186,0.32540905475616455
327,6.54,0.0,0.30000001192092896,0.0,-0.06124021112918854,0.3220576345920563,0.2239038348197937,0.6757309436798096,0.17236417531967163,0.1788015365600586,1,0,1,1,0.35913142561912537,1.8477873802185059,1.2468934059143066,0.41582679748535156,1.9173460006713867,0.8339088559150696,1.7536473274230957,1.7931255102157593,-0.30041366815567017,-1.671680212020874,-1.1650508642196655,-0.9546794891357422,-0.16950012743473053,0.5748278498649597,1.1470454931259155,0.731512188911438,0.5223406553268433,-0.01937788724899292,0.44049134850502014,0.46023043990135193,1.7696553468704224,1.084022045135498,1.337336778640747,1.442522406578064,-0.07031144946813583,0.18731848895549774,1.0281555652618408,0.9178775548934937,4.357308353064582e-05,-0.1605568677186966,-0.11164180189371109,-0.09898960590362549,1.8652080297470093,1.4389160871505737,1.4261345863342285,1.5975693464279175,-2.3678414821624756,-0.5849043130874634,-0.30362874269485474,-1.6689430475234985,0.015144137665629387,2.997197151184082,1.8734523057937622,1.6388217210769653,-1.314642310142517,-2.3085567951202393,0.3276635706424713,-0.27838370203971863
328,6.5600000000000005,0.0,0.30000001192092896,0.0,-0.011570855975151062,0.2923816442489624,0.04242060333490372,0.6866772174835205,1.1107298135757446,0.10074742883443832,0,0,1,0,0.3850715458393097,1.5060560703277588,1.1231212615966797,0.8708452582359314,1.2534117698669434,1.294659972190857,1.5211066007614136,-0.07532647997140884,-0.1212986633181572,-1.5206499099731445,-1.0963659286499023,-1.0203810930252075,-0.15653006732463837,0.4039621949195862,1.085159420967102,0.9590214490890503,0.19037356972694397,0.21099767088890076,0.3242209851741791,-0.473995566368103,1.859212875366211,1.1595371961593628,1.3716791868209839,1.4096715450286865,-0.11850159615278244,0.1750280112028122,1.0275816917419434,0.8971239924430847,-2.4663081603648607e-06,-0.10062513500452042,-0.06877889484167099,-0.13299167156219482,1.8489981889724731,1.4049429893493652,1.4321668148040771,1.5576597452163696,-2.3288421630859375,-0.633978545665741,0.12220977246761322,-0.4577787518501282,4.2127383494516835e-05,2.995610475540161,2.337862730026245,-3.0020499229431152,-0.46659398078918457,-1.1126629114151,0.25791892409324646,-3.0001797676086426
329,6.58,0.0,0.30000001192092896,0.0,-0.0234634131193161,0.2585207223892212,0.03626507893204689,0.10250771045684814,0.0914694219827652,0.05209818482398987,0,1,1,0,0.5344090461730957,1.059222936630249,1.1154180765151978,1.9897927045822144,0.566819429397583,1.3594615459442139,1.7185968160629272,-0.030998622998595238,0.6486883163452148,-1.1246452331542969,-0.8439229726791382,-1.4328703880310059,-0.08186131715774536,0.1805456280708313,1.0813078880310059,1.5184950828552246,-0.1529226005077362,0.24339845776557922,0.4229660928249359,-0.4518316388130188,2.244206428527832,1.3575395345687866,1.4979007244110107,1.2034269571304321,-0.14773009717464447,0.1569121927022934,1.0263824462890625,0.9082728028297424,-0.028940772637724876,-0.07007957994937897,-0.04119238257408142,-0.19192172586917877,1.9006626605987549,1.3876338005065918,1.4455434083938599,1.4976327419281006,-0.7748967409133911,-0.9934811592102051,-0.39749518036842346,1.3042932748794556,-2.1551320552825928,-0.4893050789833069,-0.03771734610199928,-3.033231496810913,3.00036883354187,-0.07355359196662903,1.1295747756958008,-2.9980950355529785
330,6.6000000000000005,0.0,0.30000001192092896,0.0,0.040110304951667786,0.22918659448623657,-0.014630017802119255,-0.2042774260044098,-0.033140890300273895,0.11549072712659836,0,1,1,0,0.7548909783363342,1.0988049507141113,0.8479031920433044,2.26395320892334,0.9211158752441406,1.8524816036224365,1.8356764316558838,0.08196701854467392,0.7830274105072021,-1.183988332748413,-0.7842247486114502,-1.3017631769180298,0.0283796489238739,0.20033663511276245,0.9475504159927368,1.6555753946304321,0.024225622415542603,0.48990848660469055,0.4815059006214142,-0.39534881711006165,2.311375856399536,1.3278679847717285,1.52774977684021,1.2689805030822754,-0.13330160081386566,0.13904066383838654,1.0191528797149658,0.9446364641189575,-0.04703701660037041,-0.06946713477373123,-0.046223223209381104,-0.2516452372074127,1.9606707096099854,1.3830127716064453,1.4665110111236572,1.44319748878479,1.8109049797058105,-0.7981497645378113,-0.35151201486587524,2.1539156436920166,0.08036161214113235,0.26021039485931396,-0.5354781746864319,-2.992142915725708,3.0003695487976074,-0.26247933506965637,0.9813701510429382,-2.326319456100464
331,6.62,0.0,0.30000001192092896,0.0,0.05724950134754181,0.255567342042923,-0.06398855149745941,-0.25456348061561584,-0.3367222845554352,0.053837850689888,0,1,1,0,0.8376290798187256,0.9255670309066772,0.7583199739456177,2.259237766265869,1.1137477159500122,1.6978495121002197,1.8528566360473633,0.42989593744277954,0.6029585599899292,-1.1742757558822632,-0.5908699035644531,-1.3071584701538086,0.06974869966506958,0.11371767520904541,0.902758777141571,1.6532176733016968,0.1205415427684784,0.41259244084358215,0.49009600281715393,-0.22138434648513794,2.221341371536255,1.3327243328094482,1.6244271993637085,1.2662829160690308,-0.07928682863712311,0.1224442571401596,1.0081440210342407,0.9892325401306152,-0.02577454037964344,-0.059894461184740067,-0.06719816476106644,-0.2869340479373932,2.0206754207611084,1.3783835172653198,1.4929617643356323,1.4078118801116943,3.000302314758301,-0.8270187973976135,-0.7369699478149414,2.2111408710479736,1.727319359779358,0.6152321100234985,-1.3127282857894897,-0.7831521034240723,3.000166893005371,-0.28719499707221985,1.514326810836792,-1.2346611022949219
332,6.640000000000001,0.0,0.30000001192092896,0.0,0.034150734543800354,0.2984427213668823,-0.1465131938457489,0.0299205482006073,-0.7028770446777344,0.029309729114174843,0,1,1,0,1.0731940269470215,0.8428080677986145,0.8114707469940186,2.304827928543091,1.450806975364685,1.7757118940353394,1.8821817636489868,0.6108816862106323,0.5283576846122742,-1.1492063999176025,-0.4621248245239258,-1.3295958042144775,0.18753117322921753,0.07233819365501404,0.9293341636657715,1.6760127544403076,0.2890711724758148,0.45152363181114197,0.5047585964202881,-0.13089147210121155,2.1840410232543945,1.3452589511871338,1.6887997388839722,1.2550642490386963,-0.01929357275366783,0.10216668993234634,0.9888642430305481,1.0280019044876099,3.043955842940704e-08,-0.048895157873630524,-0.10184714943170547,-0.26885589957237244,2.080676794052124,1.3743445873260498,1.532121181488037,1.3935766220092773,3.0000576972961426,-1.2118030786514282,-1.1834931373596191,1.6504324674606323,-1.1083007848355919e-05,0.46204209327697754,-2.00899600982666,2.1304867267608643,3.0000388622283936,-0.09805771708488464,2.2707812786102295,-0.2681848406791687
333,6.66,0.0,0.30000001192092896,0.0,5.213916301727295e-05,0.3286607265472412,-0.17966414988040924,0.0729735940694809,-0.4280986785888672,0.08433034271001816,0,1,1,0,1.27130925655365,0.8479976058006287,0.8594775199890137,2.3103621006011963,1.9040007591247559,1.9098424911499023,1.910363793373108,0.6046370267868042,0.625244140625,-1.124002456665039,-0.44665029644966125,-1.355040192604065,0.28658878803253174,0.07493296265602112,0.953337550163269,1.6787798404693604,0.5156680345535278,0.5185889005661011,0.5188496112823486,-0.1340138018131256,2.2324843406677246,1.3578609228134155,1.6965370178222656,1.2423419952392578,0.040704406797885895,0.07646100223064423,0.9674219489097595,1.0472002029418945,-9.554772972819592e-09,-0.047270528972148895,-0.1408279836177826,-0.2141832858324051,2.1406781673431396,1.3745343685150146,1.5797719955444336,1.395390272140503,2.9998779296875,-1.353716492652893,-0.8972490429878235,-0.0017902553081512451,2.1432068024296314e-05,-0.21868577599525452,-1.7483233213424683,3.004631280899048,3.0000221729278564,0.04164588451385498,2.3833653926849365,0.34244680404663086
334,6.68,0.0,0.30000001192092896,0.0,0.013852640986442566,0.33987343311309814,-0.1703561246395111,0.03581623733043671,-0.04681193083524704,-0.019702594727277756,0,1,1,0,1.3626781702041626,0.8002034425735474,0.7352290749549866,2.3711979389190674,2.0404529571533203,1.9027923345565796,1.832192063331604,0.6301954388618469,0.533031165599823,-1.0876052379608154,-0.4791092574596405,-1.362503170967102,0.3322732448577881,0.05103588104248047,0.8912132978439331,1.709197759628296,0.5838941335678101,0.5150638818740845,0.4797637164592743,-0.12123459577560425,2.186377763748169,1.3760595321655273,1.6803075075149536,1.2386105060577393,0.09994231164455414,0.05146128311753273,0.9496975541114807,1.0451136827468872,5.1488868848537095e-06,-0.058553826063871384,-0.1707444041967392,-0.1546204686164856,2.187135934829712,1.377059817314148,1.6251643896102905,1.4051605463027954,2.847191095352173,-1.1263618469238281,-0.8622012138366699,-0.17659249901771545,-7.80814116296824e-06,-0.7717381715774536,-1.1566455364227295,2.8509371280670166,1.6757192611694336,0.12054380774497986,2.082306146621704,0.5570372343063354
335,6.7,0.0,0.30000001192092896,0.0,0.007223471999168396,0.30686265230178833,-0.025497740134596825,0.33597394824028015,-0.5436487197875977,-0.12202434986829758,0,1,1,1,1.3871510028839111,0.6294140815734863,0.6132538318634033,2.3341827392578125,1.9768452644348145,1.6796159744262695,1.720679521560669,0.841054379940033,0.35829025506973267,-1.12333345413208,-0.5389262437820435,-1.3434638977050781,0.34450966119766235,-0.03435879945755005,0.8302257061004639,1.6906901597976685,0.5520902872085571,0.40347567200660706,0.42400744557380676,-0.01580512523651123,2.0990073680877686,1.358195424079895,1.6503989696502686,1.248130202293396,0.14973953366279602,0.02775934711098671,0.9286136031150818,1.0399136543273926,6.779479008400813e-06,-0.07159442454576492,-0.1887207329273224,-0.11317788064479828,2.1858222484588623,1.3795690536499023,1.6616498231887817,1.4167742729187012,2.163813591003418,-1.176355242729187,-1.39169442653656,-0.11744944751262665,-0.00040381617145612836,0.03154025971889496,-0.6384090185165405,-0.26986661553382874,-1.2143018245697021,-0.20588937401771545,1.4163730144500732,2.0856244564056396
336,6.72,0.0,0.30000001192092896,0.0,0.055297717452049255,0.20871461927890778,0.05596371367573738,0.47276127338409424,0.4171401262283325,0.0183276180177927,1,0,1,1,1.0214377641677856,0.7549459934234619,0.8225562572479248,1.6935077905654907,1.9190175533294678,0.08727815002202988,1.1244486570358276,1.7913599014282227,-0.06933329999446869,-1.2221412658691406,-0.6073616147041321,-1.2966831922531128,0.1616530418395996,0.028407156467437744,0.9348769187927246,1.3703527450561523,0.5231764316558838,-0.39269325137138367,0.1258920133113861,0.4593476355075836,1.8851954936981201,1.3087915182113647,1.6161813735961914,1.2715206146240234,0.17687365412712097,0.010269790887832642,0.9062548279762268,1.0293375253677368,6.211754225660115e-05,-0.1202009916305542,-0.17692525684833527,-0.11174460500478745,2.1445491313934326,1.3892011642456055,1.6776280403137207,1.4459041357040405,0.01882345601916313,-0.6354026198387146,-0.40272343158721924,-0.6961817741394043,-0.11049945652484894,-2.9951326847076416,1.522948980331421,-0.1429947316646576,-0.7007924318313599,0.8490458726882935,-0.3792465329170227,1.0498296022415161
337,6.74,0.0,0.30000001192092896,0.0,0.07735836505889893,0.2759717106819153,0.1113148182630539,-0.09133046120405197,-0.00982772558927536,0.016139915212988853,1,0,0,1,0.6794509887695312,1.2947946786880493,1.3078727722167969,0.8836046457290649,2.5002901554107666,-0.5798574090003967,-0.5556092262268066,1.4380296468734741,-0.3981590270996094,-1.2700692415237427,-0.9654987454414368,-0.8363244533538818,-0.009340345859527588,0.29833149909973145,1.1775351762771606,0.9654011130332947,0.8138127326965332,-0.7262610197067261,-0.7141369581222534,0.28268250823020935,1.7207826375961304,1.284827470779419,1.437112808227539,1.5016999244689941,0.14951331913471222,0.016346866264939308,0.9135515093803406,1.021863341331482,0.00034815719118341804,-0.1797308772802353,-0.2192644327878952,-0.11285839229822159,2.125606060028076,1.4084522724151611,1.629516839981079,1.466342806816101,-1.7001112699508667,1.0329581499099731,0.8626105785369873,-0.24120628833770752,-0.0018619522452354431,-2.990124464035034,-2.9595887660980225,0.1811375617980957,-1.2279313802719116,0.9019342064857483,-2.9990217685699463,1.0327244997024536
338,6.76,0.0,0.30000001192092896,0.0,0.028735488653182983,0.30108773708343506,0.08652462810277939,-0.12194642424583435,-0.04851757735013962,-0.03241487219929695,1,0,0,1,0.7724618315696716,1.4269945621490479,1.7384464740753174,0.8205397725105286,2.222964286804199,0.03863624483346939,-0.31906890869140625,1.3734149932861328,0.15977860987186432,-0.40896379947662354,-1.4621659517288208,-0.7431979179382324,0.0371650755405426,0.3644314408302307,1.392822027206421,0.9338686466217041,0.6751497983932495,-0.4170141816139221,-0.5958667993545532,0.2503751814365387,1.9997514486312866,1.7153801918029785,1.1887791156768799,1.5482631921768188,0.11391888558864594,0.05011475831270218,0.9409788250923157,1.0160313844680786,-6.977247153372446e-07,-0.24004481732845306,-0.27857720851898193,-0.11092568188905716,2.105881929397583,1.464065670967102,1.569547414779663,1.4874011278152466,-1.8567612171173096,2.1182303428649902,1.7323848009109497,-0.3476542532444,0.04560615122318268,-3.0037355422973633,-2.9766669273376465,0.0986524373292923,-0.98030686378479,2.9976797103881836,-2.9990079402923584,1.0182952880859375
339,6.78,0.0,0.30000001192092896,0.0,0.030496925115585327,0.2883021831512451,0.07992717623710632,-0.34542515873908997,-0.2924805283546448,0.02437487617135048,1,0,0,1,0.9067812561988831,1.490670919418335,1.6702467203140259,1.063918948173523,2.1908187866210938,0.36701107025146484,0.34005647897720337,1.4596421718597412,0.24059437215328217,-0.3179534375667572,-1.4790289402008057,-0.6436036229133606,0.10432478785514832,0.39626961946487427,1.35872220993042,1.055558204650879,0.6590770483016968,-0.2528267800807953,-0.266304075717926,0.2934887707233429,2.040159225463867,1.76088547706604,1.1803476810455322,1.5980603694915771,0.08421608805656433,0.09665515273809433,0.9794028401374817,1.011431097984314,-0.0008169867214746773,-0.2797417938709259,-0.3180605173110962,-0.10912544280290604,2.087249279022217,1.5240343809127808,1.509517788887024,1.5071184635162354,-1.1635631322860718,2.376444101333618,1.993209958076477,-0.13901348412036896,-0.03794905170798302,-1.1321568489074707,-1.1413674354553223,0.1860557198524475,-1.0173660516738892,2.9997076988220215,-3.001784563064575,0.8964905142784119
340,6.8,0.0,0.30000001192092896,0.0,0.011310011148452759,0.33699747920036316,0.0647236704826355,-0.2648446559906006,-0.19994613528251648,0.02223389223217964,1,0,0,1,0.6885247230529785,1.6575615406036377,1.635785698890686,0.8469297289848328,2.326732635498047,0.4528312087059021,0.8342705965042114,1.5653992891311646,0.2629113793373108,-0.6707577705383301,-1.4094041585922241,-0.5696350932121277,-0.004803478717803955,0.47971493005752563,1.34149169921875,0.947063684463501,0.7270339727401733,-0.20991671085357666,-0.019197016954421997,0.34636732935905457,2.0513179302215576,1.58448326587677,1.2151601314544678,1.6350445747375488,0.05525940656661987,0.14047323167324066,1.0162736177444458,1.0052822828292847,-0.0014023296535015106,-0.28245171904563904,-0.2839120626449585,-0.10805224627256393,2.06764817237854,1.573078989982605,1.4508925676345825,1.5279725790023804,-1.6103262901306152,1.9366930723190308,1.6539053916931152,-0.39164063334465027,-0.09506777673959732,0.6832761168479919,3.0032241344451904,0.08666038513183594,-0.9740890860557556,1.8985793590545654,-2.665884256362915,1.092042326927185
341,6.82,0.0,0.30000001192092896,0.0,-0.012508213520050049,0.36414963006973267,0.024204201996326447,-0.35197362303733826,-0.2802634835243225,0.05705101415514946,1,0,0,1,0.7161470055580139,1.7895824909210205,1.7034260034561157,0.8740076422691345,2.164750576019287,0.259002685546875,0.6383962631225586,1.4952419996261597,0.2097739428281784,-1.023081660270691,-1.3181132078170776,-0.6028088927268982,0.009007662534713745,0.545725405216217,1.3753118515014648,0.9606026411056519,0.6460429430007935,-0.3068309724330902,-0.11713418364524841,0.3112886846065521,2.0247490406036377,1.4083213806152344,1.260805606842041,1.6184576749801636,0.023577410727739334,0.17106622457504272,1.0434139966964722,0.9962813854217529,-0.005934723187237978,-0.27044790983200073,-0.22343787550926208,-0.10973314195871353,2.0511434078216553,1.5602703094482422,1.411241054534912,1.5524238348007202,-1.5157548189163208,1.145080804824829,1.0841484069824219,-0.4894271492958069,-0.2785036563873291,0.4781041145324707,3.0133190155029297,-0.09230455011129379,-0.8049308061599731,-2.2913014888763428,-1.354968547821045,1.2584669589996338
342,6.84,0.0,0.30000001192092896,0.0,-0.03200289607048035,0.44399935007095337,0.0515923835337162,-0.5526984930038452,-0.2949802577495575,0.03532559424638748,1,0,0,1,0.5553411841392517,1.8926286697387695,1.5694031715393066,0.7678752541542053,2.235233783721924,0.3799288868904114,1.0598220825195312,1.6119238138198853,-0.01267168764024973,-1.2902591228485107,-1.3662434816360474,-0.5911228656768799,-0.07139524817466736,0.5972484946250916,1.3083003759384155,0.9075363874435425,0.6812845468521118,-0.24636787176132202,0.09357872605323792,0.3696295917034149,1.9135262966156006,1.2747325897216797,1.2367403507232666,1.6243007183074951,-0.010686304420232773,0.18496346473693848,1.0460162162780762,0.9858624339103699,-0.007065680343657732,-0.25389575958251953,-0.16287502646446228,-0.11376983672380447,2.03006911277771,1.5021967887878418,1.3969255685806274,1.5796014070510864,-1.7255817651748657,0.3034648001194,-0.1569204330444336,-0.5984349846839905,0.15874239802360535,1.0038899183273315,3.019843339920044,-0.1385405957698822,-1.2906858921051025,-3.002958297729492,-0.21840259432792664,1.3423352241516113
343,6.86,0.0,0.30000001192092896,0.0,0.07475650310516357,0.39403489232063293,0.15021081268787384,0.0774887353181839,0.2534422278404236,0.2510906159877777,1,0,1,1,0.5236280560493469,2.0060527324676514,1.421568512916565,0.8518025279045105,2.2283530235290527,0.3255486488342285,1.2693523168563843,1.7594728469848633,-0.2615235447883606,-1.7027697563171387,-1.4406672716140747,-0.6337084770202637,-0.08725181221961975,0.6539605259895325,1.2343831062316895,0.9495000839233398,0.6778441667556763,-0.27355799078941345,0.19834384322166443,0.44340410828590393,1.7891004085540771,1.0684772729873657,1.199528455734253,1.6030079126358032,-0.04642178863286972,0.18424169719219208,1.0386669635772705,0.9655311703681946,0.00012840288400184363,-0.24554069340229034,-0.14705157279968262,-0.11600589752197266,1.987471342086792,1.4470744132995605,1.409663200378418,1.6057969331741333,-1.8092302083969116,-0.315666139125824,-0.38411906361579895,-1.2049797773361206,-0.04826381802558899,0.17188411951065063,0.7850988507270813,0.299285352230072,-2.4199907779693604,-2.361105442047119,0.724984884262085,1.2011908292770386
344,6.88,0.0,0.30000001192092896,0.0,0.03745502233505249,0.35340631008148193,0.2522369921207428,0.2992895841598511,-0.07732319831848145,0.0657583624124527,1,0,1,1,0.3239907920360565,2.069180727005005,1.3494458198547363,0.8981963992118835,2.2775182723999023,0.8008367419242859,1.6470259428024292,1.949241280555725,-0.13479900360107422,-1.9141898155212402,-1.2161043882369995,-0.915034830570221,-0.18707044422626495,0.6855245232582092,1.1983217000961304,0.9726970195770264,0.7024267911911011,-0.035913944244384766,0.3871806561946869,0.5382883548736572,1.852462649345398,0.9627672433853149,1.31181001663208,1.462344765663147,-0.09106631577014923,0.17788168787956238,1.0257234573364258,0.9457734823226929,2.166667218261864e-05,-0.20290632545948029,-0.12811343371868134,-0.092548668384552,1.9453470706939697,1.4095169305801392,1.419995903968811,1.6154320240020752,-2.4498610496520996,-0.29936590790748596,-0.7949048280715942,-0.8869064450263977,0.0023194006644189358,2.994744300842285,1.2194141149520874,1.7597148418426514,-2.098977565765381,-1.3310474157333374,0.28599998354911804,-0.03272590786218643
345,6.9,0.0,0.30000001192092896,0.0,-0.03026607632637024,0.3409822881221771,0.28555595874786377,0.6527132391929626,0.09973102807998657,0.11426987498998642,1,0,1,1,0.2577999234199524,1.880415439605713,1.259934663772583,0.5707905888557434,1.979431390762329,0.942635715007782,1.4826973676681519,1.1645522117614746,-0.220121830701828,-1.9207334518432617,-1.204231858253479,-0.9756375551223755,-0.22016587853431702,0.5911418795585632,1.1535661220550537,0.8089940547943115,0.5533833503723145,0.03498554229736328,0.3050163686275482,0.1459437906742096,1.8098012208938599,0.9594954252243042,1.3177461624145508,1.4320433139801025,-0.14135576784610748,0.16981610655784607,1.0119078159332275,0.9203589558601379,4.188992897979915e-05,-0.14305280148983002,-0.09374700486660004,-0.054202623665332794,1.9080064296722412,1.3952327966690063,1.4226348400115967,1.6086232662200928,-2.54074764251709,-0.4712454378604889,-0.5805920362472534,-1.5429773330688477,0.007112232036888599,2.9996635913848877,2.097691297531128,2.1182303428649902,-1.828651785850525,-0.22769120335578918,-0.02103666588664055,-0.6053281426429749
346,6.92,0.0,0.30000001192092896,0.0,0.01332142949104309,0.29715490341186523,0.08612606674432755,0.5856053829193115,1.0073496103286743,0.0669880360364914,0,0,1,0,0.3088601529598236,1.5503453016281128,1.186537265777588,0.9536924362182617,1.3969311714172363,1.2035847902297974,1.2750660181045532,-0.18443793058395386,-0.11437875777482986,-1.8091893196105957,-1.1598541736602783,-0.9707568883895874,-0.1946357637643814,0.4261068105697632,1.1168674230575562,1.000445008277893,0.26213327050209045,0.16546007990837097,0.2012006938457489,-0.5285512804985046,1.8626728057861328,1.0152674913406372,1.339935064315796,1.4344837665557861,-0.18747219443321228,0.16170963644981384,1.0072277784347534,0.9064431190490723,-2.183523520216113e-06,-0.08305852115154266,-0.04827670007944107,-0.09036044031381607,1.8765054941177368,1.396942138671875,1.422582983970642,1.5662463903427124,-2.0049853324890137,-0.3709617853164673,-0.06251607835292816,0.03954242169857025,-6.491728709079325e-05,2.999340534210205,2.3602640628814697,-3.003455400466919,-1.3495965003967285,0.32284265756607056,-0.020195215940475464,-3.000192880630493
347,6.94,0.0,0.30000001192092896,0.0,0.0575890839099884,0.2300858348608017,-0.0355212576687336,0.19740891456604004,0.3300689160823822,0.2025701254606247,0,1,1,0,0.5143551826477051,1.0483976602554321,1.1373234987258911,1.9634355306625366,0.6121180653572083,1.200972080230713,1.598483920097351,-0.017690634354948997,0.6097970604896545,-1.3019332885742188,-0.8708685040473938,-1.400253176689148,-0.09188824892044067,0.17513298988342285,1.0922605991363525,1.5053164958953857,-0.13027328252792358,0.16415372490882874,0.3629096448421478,-0.4451776444911957,2.2247607707977295,1.2688955068588257,1.4844279289245605,1.2197356224060059,-0.2007753551006317,0.14647473394870758,1.005965232849121,0.9225679039955139,-0.02456357143819332,-0.048735715448856354,-0.017018456012010574,-0.14929021894931793,1.921095609664917,1.3839106559753418,1.4290293455123901,1.508392572402954,0.3369380831718445,-1.3662004470825195,-0.15335142612457275,1.2951878309249878,-1.6821610927581787,-0.2265377789735794,0.4528769254684448,-2.902114152908325,3.000312089920044,-0.9385243654251099,0.56258624792099,-2.646510362625122
348,6.96,0.0,0.30000001192092896,0.0,0.06657390296459198,0.24803532660007477,-0.06615260988473892,-0.20198053121566772,-0.11407294869422913,0.08236327767372131,0,1,1,0,0.5813127756118774,0.9539293646812439,0.7356277704238892,2.0485174655914307,0.9012007713317871,1.7265349626541138,1.8429802656173706,-0.13922038674354553,0.7715474367141724,-1.289920449256897,-0.7311369180679321,-1.3149586915969849,-0.05840945243835449,0.12789884209632874,0.8914126753807068,1.5478575229644775,0.014268070459365845,0.4269351661205292,0.4851578176021576,-0.5059425234794617,2.305635929107666,1.2749018669128418,1.5542936325073242,1.2623827457427979,-0.17726381123065948,0.12792877852916718,0.9966927766799927,0.9569801688194275,-0.0386955663561821,-0.052409395575523376,-0.027111371979117393,-0.20870831608772278,1.981102705001831,1.3870328664779663,1.4515687227249146,1.4554792642593384,1.8099535703659058,-0.8461432456970215,-0.5729436278343201,1.9943764209747314,-0.020495936274528503,0.09432081878185272,-0.9215174317359924,-2.986968994140625,3.0003321170806885,0.054815858602523804,1.2967233657836914,-2.424105167388916
349,6.98,0.0,0.30000001192092896,0.0,0.062117382884025574,0.2567831575870514,-0.11812572181224823,-0.4280525743961334,-0.1594264805316925,0.050003476440906525,0,1,1,0,0.7917982935905457,0.9674237966537476,0.8448001742362976,2.200615167617798,1.2546560764312744,1.7179975509643555,1.8161050081253052,0.32780829071998596,0.677035927772522,-1.2511296272277832,-0.629938542842865,-1.3150724172592163,0.046833306550979614,0.13464605808258057,0.9459989070892334,1.6239063739776611,0.1909957230091095,0.42266646027565,0.4717201888561249,-0.27242815494537354,2.258380174636841,1.2942973375320435,1.6048928499221802,1.2623260021209717,-0.12205042690038681,0.11235233396291733,0.9860096573829651,0.9968994855880737,-0.017669018357992172,-0.0489039309322834,-0.05409051105380058,-0.26135462522506714,2.0411078929901123,1.388108491897583,1.4822498559951782,1.4167848825454712,3.0002427101135254,-0.6703029274940491,-0.549333393573761,1.93536376953125,1.7663328647613525,0.2367447316646576,-1.544627070426941,-2.2335503101348877,3.0001890659332275,-0.03044867515563965,1.6780277490615845,-1.4455915689468384
350,7.0,0.0,0.30000001192092896,0.0,0.027567580342292786,0.27847224473953247,-0.17421507835388184,-0.17550647258758545,-0.5277401208877563,0.041324958205223083,0,1,1,0,0.9852607846260071,0.8662850260734558,0.8482361435890198,2.2683610916137695,1.3905190229415894,1.6022405624389648,1.7575594186782837,0.700729489326477,0.4959338903427124,-1.1995460987091064,-0.5255381464958191,-1.3138033151626587,0.14356455206871033,0.08407667279243469,0.9477168321609497,1.657779335975647,0.25892719626426697,0.3647879660129547,0.44244739413261414,-0.08596757054328918,2.1678290367126465,1.3200891017913818,1.6570930480957031,1.262960433959961,-0.06205679103732109,0.09548156708478928,0.9706783890724182,1.0303235054016113,9.005513561533007e-07,-0.04312044009566307,-0.09336090087890625,-0.2605125308036804,2.1010468006134033,1.3877898454666138,1.5239824056625366,1.3969472646713257,2.9999635219573975,-0.975900411605835,-0.8998045325279236,1.4012634754180908,0.00032459176145493984,0.2867993116378784,-2.1144394874572754,1.7022764682769775,2.9695346355438232,-0.003645004704594612,2.2644124031066895,-0.5740023255348206
351,7.0200000000000005,0.0,0.30000001192092896,0.0,0.00815504789352417,0.31626856327056885,-0.1910920888185501,-0.09281207621097565,-0.3364391326904297,0.08582169562578201,0,1,1,0,1.2210086584091187,0.7991738319396973,0.7731494307518005,2.1901044845581055,1.8340373039245605,1.758130431175232,1.8297439813613892,0.6474277377128601,0.5308454036712646,-1.1640825271606445,-0.49923673272132874,-1.3197047710418701,0.2614384889602661,0.05052107572555542,0.9101735353469849,1.618651032447815,0.48068633675575256,0.44273290038108826,0.47853967547416687,-0.11261844635009766,2.1852848529815674,1.3378208875656128,1.670243740081787,1.260009765625,-0.0020605309400707483,0.07378251105546951,0.9533357620239258,1.0472025871276855,3.924071279470809e-06,-0.0431060791015625,-0.13484233617782593,-0.2092372328042984,2.15659236907959,1.3890540599822998,1.5714493989944458,1.3940931558609009,2.9996755123138428,-1.1838959455490112,-0.7542422413825989,-0.0020789846312254667,0.00013992076856084168,-0.21655090153217316,-1.8663151264190674,3.0079505443573,2.4145619869232178,0.07213600724935532,2.362924814224243,0.1818300187587738
352,7.04,0.0,0.30000001192092896,0.0,0.03290422260761261,0.33611807227134705,-0.1691761612892151,-0.10919249057769775,0.00021111220121383667,0.00473107909783721,0,1,1,0,1.3208577632904053,0.7618803977966309,0.664007306098938,2.2509076595306396,1.9810636043548584,1.7500312328338623,1.7804442644119263,0.6870519518852234,0.45133987069129944,-1.1384559869766235,-0.5290426015853882,-1.3308582305908203,0.3113630414009094,0.03187435865402222,0.8556024432182312,1.649052619934082,0.5541994571685791,0.43868330121040344,0.4538898169994354,-0.09280633926391602,2.1455321311950684,1.3506340980529785,1.6553409099578857,1.254433035850525,0.05792718008160591,0.05116790160536766,0.9376358389854431,1.0451464653015137,5.83041492063785e-06,-0.05335281789302826,-0.16671422123908997,-0.14889097213745117,2.1824593544006348,1.3922008275985718,1.6156610250473022,1.4022175073623657,2.999497652053833,-1.0486701726913452,-0.7905665040016174,-0.1757066696882248,-0.0001807716762414202,-0.6679220795631409,-1.2385988235473633,3.0066516399383545,0.4309353828430176,0.15983977913856506,1.9917241334915161,0.5259107351303101
353,7.0600000000000005,0.0,0.30000001192092896,0.0,0.03274430334568024,0.2957821786403656,-0.01520271971821785,0.2708011567592621,-0.5150255560874939,-0.07111304998397827,0,1,1,1,1.3473776578903198,0.6239023208618164,0.5683432817459106,2.225048542022705,1.9350697994232178,1.4653925895690918,1.6585394144058228,0.97371906042099,0.2775951623916626,-1.1765307188034058,-0.5980338454246521,-1.3143872022628784,0.3246229887008667,-0.03711467981338501,0.8077704310417175,1.6361230611801147,0.5312025547027588,0.2963639795780182,0.39293739199638367,0.050527215003967285,2.058659791946411,1.331596851348877,1.6208451986312866,1.2626686096191406,0.11598770320415497,0.028429925441741943,0.9179936051368713,1.0405880212783813,5.442084784590406e-06,-0.06268173456192017,-0.1858942061662674,-0.10987456142902374,2.1578009128570557,1.3949321508407593,1.649159550666809,1.4150887727737427,2.7571258544921875,-1.1932854652404785,-1.3504467010498047,-0.07173634320497513,-0.00045726107782684267,0.3930397629737854,-0.6625120043754578,-0.10581789910793304,-2.235588550567627,-0.14229300618171692,1.2185941934585571,1.8668057918548584
354,7.08,0.0,0.30000001192092896,0.0,0.08124437928199768,0.1825723797082901,0.0775492936372757,0.37969478964805603,0.5341131687164307,0.034059327095746994,1,0,1,1,0.9000012874603271,0.8486310243606567,0.8442223072052002,1.5542418956756592,1.9873390197753906,-0.14823195338249207,1.0661554336547852,1.9733197689056396,-0.14088459312915802,-1.2469632625579834,-0.694282591342926,-1.334442138671875,0.10093480348587036,0.07524967193603516,0.9457099437713623,1.3007197380065918,0.5573371648788452,-0.5104482769966125,0.09674540162086487,0.5503275394439697,1.8494198322296143,1.2963805198669434,1.5727208852767944,1.2526410818099976,0.14770685136318207,0.017084114253520966,0.8979761004447937,1.0307844877243042,0.00010382047912571579,-0.11273548007011414,-0.17170344293117523,-0.1101682186126709,2.1163501739501953,1.4027403593063354,1.6597473621368408,1.442689299583435,0.11618759483098984,-0.09933586418628693,-0.49843984842300415,-0.6478347778320312,-0.009061738848686218,-2.973137617111206,1.6163734197616577,-0.20842809975147247,-1.0609954595565796,0.594910740852356,-0.4788169264793396,1.0259243249893188
355,7.1000000000000005,0.0,0.30000001192092896,0.0,0.06662668287754059,0.268502801656723,0.09248265624046326,0.023438215255737305,0.09599663317203522,0.014053826220333576,1,0,0,1,0.5743564963340759,1.3614201545715332,1.3294682502746582,0.8016183376312256,2.565495014190674,-0.4981834590435028,-0.308996319770813,1.490675687789917,-0.2999073565006256,-1.3320939540863037,-0.9839466214179993,-0.8321088552474976,-0.06188759207725525,0.3316442370414734,1.1883329153060913,0.924407958984375,0.8464151620864868,-0.6854240298271179,-0.5908304452896118,0.3090055286884308,1.7699084281921387,1.2538151741027832,1.4278888702392578,1.503807783126831,0.12222422659397125,0.03052421659231186,0.9046552777290344,1.022213339805603,0.00037383937160484493,-0.17248761653900146,-0.20737121999263763,-0.1123969703912735,2.0974841117858887,1.4152448177337646,1.6110992431640625,1.4638757705688477,-1.7735165357589722,1.2784485816955566,0.9154895544052124,-0.3851272761821747,0.04394223168492317,-2.986829996109009,-2.9858272075653076,0.05292298644781113,-1.0416792631149292,0.541743814945221,-2.998300790786743,1.087583065032959
356,7.12,0.0,0.30000001192092896,0.0,0.026224255561828613,0.2688862383365631,0.08056331425905228,-0.07725787162780762,-0.029116537421941757,-0.007694443222135305,1,0,0,1,0.7780053615570068,1.438887596130371,1.697361946105957,0.8903683423995972,2.3176326751708984,0.10201270133256912,0.01404598355293274,1.4915387630462646,0.11655431240797043,-0.41957882046699524,-1.4358793497085571,-0.7941027879714966,0.039936840534210205,0.37037795782089233,1.3722797632217407,0.9687829613685608,0.7224839925765991,-0.38532596826553345,-0.42930930852890015,0.3094370663166046,1.9781392812728882,1.7100727558135986,1.2019224166870117,1.522810697555542,0.0887489840388298,0.06677726656198502,0.934563159942627,1.0150188207626343,-6.896089871588629e-06,-0.23279030621051788,-0.2666829228401184,-0.11128626763820648,2.079834461212158,1.4688163995742798,1.5511138439178467,1.4842069149017334,-1.6029950380325317,2.1405093669891357,1.8973968029022217,-0.359988808631897,0.048194754868745804,-3.0030648708343506,-2.9753994941711426,0.1175416111946106,-0.9029486775398254,2.998055934906006,-2.999488592147827,0.9068058729171753
357,7.140000000000001,0.0,0.30000001192092896,0.0,0.035141944885253906,0.2586212456226349,0.0882144570350647,-0.20606209337711334,-0.1808338761329651,0.049181777983903885,1,0,0,1,0.8418771624565125,1.5163869857788086,1.638709545135498,1.0594924688339233,2.2873682975769043,0.40006381273269653,0.6044182777404785,1.5454131364822388,0.18494932353496552,-0.38879144191741943,-1.454680323600769,-0.6751226186752319,0.07187274098396301,0.4091276526451111,1.3429535627365112,1.053344964981079,0.707351803779602,-0.23630040884017944,-0.13412317633628845,0.3363742530345917,2.0123367309570312,1.7254664897918701,1.1925220489501953,1.5823009014129639,0.061941880732774734,0.11142934113740921,0.9763630628585815,1.009122610092163,-0.00014167923654895276,-0.27184057235717773,-0.2853618264198303,-0.1085570678114891,2.062030792236328,1.5287859439849854,1.4910838603973389,1.50160813331604,-1.106248378753662,2.1989293098449707,2.153698205947876,-0.23678718507289886,0.028895024210214615,-1.0665569305419922,0.6047389507293701,0.2559472918510437,-1.0060402154922485,2.999715805053711,-3.0019657611846924,0.7689041495323181
358,7.16,0.0,0.30000001192092896,0.0,0.00930120050907135,0.3035847544670105,0.05419149994850159,-0.18776892125606537,-0.19830796122550964,0.05672028288245201,1,0,0,1,0.681882917881012,1.6459925174713135,1.648382306098938,0.8481296896934509,2.3000588417053223,0.40720242261886597,0.7126333713531494,1.4892971515655518,0.23616011440753937,-0.7763983011245728,-1.3426440954208374,-0.6094974279403687,-0.008124381303787231,0.4739304184913635,1.347790002822876,0.9476636648178101,0.713697075843811,-0.23273110389709473,-0.080015629529953,0.30831626057624817,2.0379421710968018,1.531662940979004,1.2485401630401611,1.6151134967803955,0.036244191229343414,0.1504344791173935,1.0163218975067139,1.0021231174468994,-0.0021908683702349663,-0.2769426703453064,-0.24076750874519348,-0.10611849278211594,2.0447580814361572,1.564701795578003,1.435823678970337,1.520233154296875,-1.3860381841659546,1.6597658395767212,1.8002351522445679,-0.41510850191116333,-0.21206848323345184,0.38198691606521606,3.0052545070648193,0.13938403129577637,-0.8165374398231506,0.8473410606384277,-2.3277931213378906,0.9740760922431946
359,7.18,0.0,0.30000001192092896,0.0,-0.01908336579799652,0.3563980162143707,0.02702588587999344,-0.2876932621002197,-0.20916080474853516,0.06663476675748825,1,0,0,1,0.6282127499580383,1.756081223487854,1.6614129543304443,0.81121426820755,2.198476791381836,0.3021833598613739,0.70521080493927,1.4786012172698975,0.12452562898397446,-1.0717425346374512,-1.314832329750061,-0.6200753450393677,-0.03495946526527405,0.5289747714996338,1.3543052673339844,0.9292058944702148,0.6629060506820679,-0.28524065017700195,-0.0837269127368927,0.302968293428421,1.982124924659729,1.3839908838272095,1.2624459266662598,1.6098244190216064,0.006348702125251293,0.1751026213169098,1.0454142093658447,0.9918500781059265,-0.006888199597597122,-0.26721280813217163,-0.18027004599571228,-0.10746628791093826,2.0295026302337646,1.5407882928848267,1.4039859771728516,1.5433608293533325,-1.5371978282928467,0.8485566973686218,1.1395171880722046,-0.5845246315002441,-0.20310311019420624,0.5087726712226868,3.015695810317993,-0.09893142431974411,-0.8174465298652649,-2.4632744789123535,-0.9622352719306946,1.2055370807647705
360,7.2,0.0,0.30000001192092896,0.0,0.018251582980155945,0.3760852813720703,0.11448680609464645,-0.2218732386827469,0.3529934287071228,0.10392548888921738,1,0,1,1,0.5375913381576538,1.8659563064575195,1.5457324981689453,0.7788713574409485,2.2296206951141357,0.37538617849349976,1.0703660249710083,1.5951383113861084,-0.0874498263001442,-1.3385987281799316,-1.3693641424179077,-0.6325194835662842,-0.08027017116546631,0.5839123129844666,1.2964650392532349,0.9130344390869141,0.6784780025482178,-0.24863922595977783,0.09885069727897644,0.3612368404865265,1.8761372566223145,1.2505627870559692,1.235180139541626,1.603602409362793,-0.027508731931447983,0.18420451879501343,1.0441447496414185,0.9796619415283203,-0.0036696584429591894,-0.25212690234184265,-0.12750190496444702,-0.11215774714946747,2.006209373474121,1.4827930927276611,1.3953423500061035,1.5696954727172852,-1.6064956188201904,0.14673486351966858,-0.39120811223983765,-1.0436644554138184,1.0012375116348267,0.4940960109233856,0.41768306493759155,-0.4159701466560364,-1.953779697418213,-2.941425085067749,0.8716936707496643,1.3194938898086548
361,7.22,0.0,0.30000001192092896,0.0,0.032958999276161194,0.3488248884677887,0.20865501463413239,0.07529908418655396,-0.10393713414669037,0.12294049561023712,1,0,1,1,0.45358604192733765,2.0605690479278564,1.3256621360778809,0.9007979035377502,2.1763463020324707,0.7267759442329407,1.7924097776412964,2.284886360168457,-0.2588699162006378,-1.826829195022583,-1.2073071002960205,-0.8917438387870789,-0.12227281928062439,0.681218683719635,1.1864298582077026,0.9739977121353149,0.6518408060073853,-0.07294434309005737,0.4598725736141205,0.7061108350753784,1.7904272079467773,1.0064475536346436,1.3162086009979248,1.4739902019500732,-0.06441134214401245,0.18271005153656006,1.034960389137268,0.9624553918838501,9.297711949329823e-05,-0.2086196094751358,-0.11983185261487961,-0.1010071262717247,1.9642817974090576,1.4306021928787231,1.4129178524017334,1.5842041969299316,-1.8925578594207764,-0.2355433851480484,-0.621063768863678,-0.8068419098854065,-0.0509239137172699,3.0042831897735596,0.6918497085571289,1.19818913936615,-2.2354509830474854,-2.1264309883117676,0.5513994097709656,0.3106541037559509
362,7.24,0.0,0.30000001192092896,0.0,-0.03280559182167053,0.3537127375602722,0.2569807767868042,0.49388575553894043,0.07464836537837982,0.17122671008110046,1,0,1,1,0.25371161103248596,1.954961895942688,1.2185852527618408,0.5505937933921814,1.9720759391784668,0.8699395060539246,1.6917656660079956,1.6789658069610596,-0.2334095537662506,-1.89140784740448,-1.1756749153137207,-1.012333631515503,-0.22221003472805023,0.6284151077270508,1.1328914165496826,0.7988957166671753,0.5497056245803833,-0.0013625621795654297,0.4095505177974701,0.4031505882740021,1.8031573295593262,0.9741582274436951,1.3320246934890747,1.4136953353881836,-0.11157803982496262,0.1744975447654724,1.024153232574463,0.9388077855110168,4.733744208351709e-05,-0.1487320065498352,-0.09504596889019012,-0.07106538861989975,1.9254798889160156,1.4016757011413574,1.4209036827087402,1.5842775106430054,-2.61501145362854,-0.5165198445320129,-0.4582841694355011,-1.492106556892395,-0.0017202496528625488,2.9969942569732666,1.7127398252487183,1.7749043703079224,-1.9688321352005005,-0.862488329410553,0.2565726935863495,-0.2892441749572754
363,7.26,0.0,0.30000001192092896,0.0,0.008711576461791992,0.321004182100296,0.0704110860824585,0.4787178635597229,1.0045963525772095,0.09871608018875122,0,0,1,0,0.2906469702720642,1.6772103309631348,1.1495637893676758,0.909132719039917,1.4398753643035889,1.2160162925720215,1.410929560661316,0.19711464643478394,-0.10968887060880661,-1.808578610420227,-1.1332911252975464,-1.0140653848648071,-0.2037423551082611,0.48953932523727417,1.0983806848526,0.9781651496887207,0.2836053669452667,0.17167583107948303,0.26913246512413025,-0.33777499198913574,1.8650177717208862,1.0155727863311768,1.3532166481018066,1.4128293991088867,-0.16442474722862244,0.16492673754692078,1.0201690196990967,0.9203469157218933,-1.9557016912585823e-06,-0.08877266943454742,-0.05670689418911934,-0.09130176901817322,1.888742208480835,1.39423406124115,1.4263074398040771,1.5464271306991577,-2.5433781147003174,-0.44353893399238586,0.011782782152295113,-0.40721845626831055,-0.00010859264148166403,2.9982008934020996,2.095170497894287,-2.9932684898376465,-1.674471378326416,0.008377648890018463,0.2588313817977905,-2.92264723777771
364,7.28,0.0,0.30000001192092896,0.0,0.018319547176361084,0.268310546875,0.007763979956507683,-0.007018189877271652,0.030044637620449066,0.17797212302684784,0,1,1,0,0.5397887229919434,1.128585696220398,1.1426825523376465,2.0289101600646973,0.5416805744171143,1.2494555711746216,1.6195460557937622,0.12506330013275146,0.6567789316177368,-1.270026445388794,-0.8538922667503357,-1.4293054342269897,-0.07917147874832153,0.21522700786590576,1.0949400663375854,1.5380538702011108,-0.16549202799797058,0.18839547038078308,0.3734407126903534,-0.373800665140152,2.2482516765594482,1.284848928451538,1.4929159879684448,1.205209493637085,-0.1882849782705307,0.14851342141628265,1.0182143449783325,0.9285529255867004,-0.03155266121029854,-0.05662190169095993,-0.03226563706994057,-0.149862602353096,1.931826114654541,1.3900705575942993,1.4376317262649536,1.4873374700546265,-0.14376218616962433,-1.0674728155136108,-0.28040826320648193,1.0138784646987915,-2.36959171295166,-0.44115930795669556,0.23195798695087433,-2.9815709590911865,3.0003294944763184,0.3476455509662628,0.9300503134727478,-2.79431414604187
365,7.3,0.0,0.30000001192092896,0.0,0.07787111401557922,0.25097963213920593,-0.05073319002985954,-0.23830243945121765,-0.10601142793893814,0.10335758328437805,0,1,1,0,0.69498211145401,1.0791760683059692,0.729947566986084,2.2353363037109375,0.8541154861450195,1.7721425294876099,1.8244208097457886,0.07325156778097153,0.7587385773658752,-1.3268589973449707,-0.7468355298042297,-1.284547209739685,-0.001574784517288208,0.1905221939086914,0.8885725736618042,1.641266942024231,-0.009274572134017944,0.4497389495372772,0.4758780896663666,-0.39970654249191284,2.29923152923584,1.2564326524734497,1.5464444160461426,1.2775886058807373,-0.16427136957645416,0.128462016582489,1.0097991228103638,0.9587615132331848,-0.05857057496905327,-0.05763828009366989,-0.04279232770204544,-0.20955343544483185,1.991833209991455,1.3912121057510376,1.459876298904419,1.4374467134475708,2.149949312210083,-0.880612313747406,-0.5496641993522644,1.831693172454834,-0.5325962901115417,0.21278034150600433,-0.8705422878265381,-2.9885613918304443,3.0003106594085693,-0.016110122203826904,1.198136329650879,-2.079547882080078
366,7.32,0.0,0.30000001192092896,0.0,0.07989758253097534,0.2835371494293213,-0.09166398644447327,-0.3979231119155884,-0.17816565930843353,0.0394911952316761,0,1,1,0,0.781395435333252,0.9025587439537048,0.7944493293762207,2.2372281551361084,1.0942318439483643,1.6675938367843628,1.825485348701477,0.38811907172203064,0.6417638063430786,-1.2464576959609985,-0.6017006635665894,-1.2995378971099854,0.041631877422332764,0.1022135317325592,0.9208234548568726,1.6422128677368164,0.11078360676765442,0.3974646031856537,0.4764103591442108,-0.2422727793455124,2.240744113922119,1.296633243560791,1.6190118789672852,1.2700932025909424,-0.1071559339761734,0.11159586161375046,0.9974054098129272,0.9959859251976013,-0.04185118526220322,-0.051499053835868835,-0.06774871051311493,-0.2566763460636139,2.05183744430542,1.3905725479125977,1.4892388582229614,1.4069963693618774,3.0004146099090576,-0.7899801135063171,-0.6956000328063965,1.8247950077056885,1.780203938484192,0.3762426972389221,-1.4129579067230225,-1.7658921480178833,3.000150442123413,-0.13845817744731903,1.6026698350906372,-1.0173697471618652
367,7.34,0.0,0.30000001192092896,0.0,0.048416197299957275,0.3237432837486267,-0.1628350466489792,-0.10400897264480591,-0.6357998847961426,0.023829329758882523,0,1,1,0,1.0197926759719849,0.824187695980072,0.8245801329612732,2.3225255012512207,1.343418002128601,1.6432217359542847,1.7960337400436401,0.715725302696228,0.497539758682251,-1.1912782192230225,-0.4892405569553375,-1.3201814889907837,0.16083049774169922,0.0630280077457428,0.9358888864517212,1.6848615407943726,0.23537668585777283,0.3852785527706146,0.46168455481529236,-0.0784696638584137,2.1686320304870605,1.3242230415344238,1.6752418279647827,1.2597713470458984,-0.04716084524989128,0.09332017600536346,0.9805671572685242,1.0277316570281982,2.7253399821347557e-06,-0.044053345918655396,-0.10126513242721558,-0.24959515035152435,2.111593008041382,1.3871906995773315,1.5279093980789185,1.3947932720184326,2.9924747943878174,-1.0447391271591187,-0.9433351159095764,1.3376610279083252,0.28354549407958984,0.40608537197113037,-1.861992359161377,2.045996904373169,2.9853551387786865,-0.1949036568403244,2.062378168106079,-0.23468035459518433
368,7.36,0.0,0.30000001192092896,0.0,0.026401042938232422,0.36148396134376526,-0.18212082982063293,-0.032242998480796814,-0.3686094582080841,0.051166292279958725,0,1,1,0,1.2750579118728638,0.7904989123344421,0.7733809947967529,2.2645604610443115,1.8550097942352295,1.8278894424438477,1.881974220275879,0.6639037728309631,0.5549898743629456,-1.1429059505462646,-0.4593795835971832,-1.345279574394226,0.28846311569213867,0.046183615922927856,0.9102892875671387,1.655879020690918,0.49117258191108704,0.4776124060153961,0.5046547651290894,-0.10438042879104614,2.197357177734375,1.3484091758728027,1.6901723146438599,1.2472224235534668,0.012833558022975922,0.06821351498365402,0.9579959511756897,1.0472044944763184,3.865487087750807e-06,-0.04298331215977669,-0.14153657853603363,-0.19458386301994324,2.167769432067871,1.387590765953064,1.576256513595581,1.39673912525177,2.999680519104004,-1.3415803909301758,-1.0197328329086304,0.003526747226715088,0.0001397224114043638,-0.21348115801811218,-1.7898443937301636,3.008802652359009,2.4461262226104736,0.06117822974920273,2.3969063758850098,0.33641308546066284
369,7.38,0.0,0.30000001192092896,0.0,0.04739835858345032,0.37254124879837036,-0.16020871698856354,-0.06450550258159637,0.023833531886339188,-0.026655450463294983,0,1,1,0,1.374841570854187,0.7624792456626892,0.6943566799163818,2.354701519012451,1.9707224369049072,1.824658751487732,1.828192114830017,0.7228005528450012,0.5042185187339783,-1.1049106121063232,-0.5183156728744507,-1.3542097806930542,0.3383549451828003,0.03217378258705139,0.8707771301269531,1.7009495496749878,0.5490288734436035,0.47599706053733826,0.47776374220848083,-0.0749320387840271,2.171971321105957,1.3674068450927734,1.6607043743133545,1.2427573204040527,0.07281243056058884,0.042778581380844116,0.9381954669952393,1.0451927185058594,5.258230430627009e-06,-0.05376303568482399,-0.17136560380458832,-0.134261354804039,2.1975927352905273,1.389917016029358,1.621139645576477,1.4060158729553223,2.9973552227020264,-1.1719279289245605,-0.9635872840881348,-0.17823395133018494,-0.00012589528341777623,-0.7172557711601257,-1.111541986465454,3.007995367050171,0.7249469757080078,0.10926468670368195,2.0042428970336914,0.512963056564331
370,7.4,0.0,0.30000001192092896,0.0,0.061938777565956116,0.32301849126815796,-0.01400525402277708,0.41861069202423096,-0.43592873215675354,-0.08157195150852203,0,1,1,1,1.4024813175201416,0.5914722681045532,0.5583723783493042,2.308699369430542,1.900144338607788,1.5599794387817383,1.7030736207962036,0.9642448425292969,0.32537952065467834,-1.1426573991775513,-0.6183688640594482,-1.334729790687561,0.3521748185157776,-0.0533297061920166,0.8027849793434143,1.6779484748840332,0.513739824295044,0.34365740418434143,0.4152044951915741,0.04579010605812073,2.082551956176758,1.3485333919525146,1.610677719116211,1.2524971961975098,0.1297130584716797,0.017000818625092506,0.9127784371376038,1.0410975217819214,5.640964900521794e-06,-0.058460380882024765,-0.1882663369178772,-0.10792703181505203,2.178563117980957,1.3888853788375854,1.6533368825912476,1.4256014823913574,2.627760648727417,-1.4364663362503052,-1.5328550338745117,-0.15522649884223938,-0.0004698794218711555,0.20454750955104828,-0.42191004753112793,0.608187198638916,-2.000717878341675,-0.48038792610168457,1.1566636562347412,1.281770944595337
371,7.42,0.0,0.30000001192092896,0.0,0.07519541680812836,0.20571434497833252,0.06048090010881424,0.6352593302726746,0.4297022223472595,0.011241140775382519,1,0,1,1,0.99178546667099,0.6933108568191528,0.8061803579330444,1.5666625499725342,1.941969633102417,0.135908305644989,1.0988993644714355,1.703826665878296,-0.0006772736087441444,-1.2298080921173096,-0.6574274301528931,-1.3062986135482788,0.14682689309120178,-0.002410411834716797,0.9266889691352844,1.3069300651550293,0.5346524715423584,-0.3683781623840332,0.11311736702919006,0.41558101773262024,1.9195234775543213,1.3049581050872803,1.5911483764648438,1.2667129039764404,0.16731911897659302,-0.006165923085063696,0.8875351548194885,1.0300871133804321,-0.00022794079268351197,-0.1036859005689621,-0.17164207994937897,-0.1007356196641922,2.132535457611084,1.3938186168670654,1.6638526916503906,1.4527099132537842,0.5681045651435852,-0.9289414286613464,-0.5290753841400146,-0.7574520111083984,-0.2124820351600647,-3.07865571975708,1.8506338596343994,-0.059743478894233704,-1.1079126596450806,0.6218172311782837,-0.6219805479049683,0.9599370956420898
372,7.44,0.0,0.30000001192092896,0.0,0.08464516699314117,0.2515406310558319,0.11722639203071594,-0.014959156513214111,0.010148915462195873,0.03615923598408699,1,0,0,1,0.667344868183136,1.2253024578094482,1.3565531969070435,0.8623173832893372,2.466698408126831,-0.6557673811912537,-0.7591367959976196,1.3662667274475098,-0.39248335361480713,-1.2042996883392334,-1.0026096105575562,-0.8737745881080627,-0.01539340615272522,0.2635853886604309,1.2018754482269287,0.9547574520111084,0.7970168590545654,-0.7642160058021545,-0.8159006834030151,0.24680104851722717,1.7236204147338867,1.3177123069763184,1.4185574054718018,1.482974886894226,0.14522655308246613,-0.0017737273592501879,0.8964311480522156,1.0224850177764893,0.0004000318585895002,-0.163111612200737,-0.2146780639886856,-0.09939198940992355,2.1135690212249756,1.4091237783432007,1.6140217781066895,1.471043348312378,-1.551565408706665,1.0940431356430054,1.0690299272537231,-0.2541455626487732,0.016413982957601547,-2.984773874282837,-2.975537061691284,0.3053264617919922,-1.1661494970321655,0.7479061484336853,-2.9990744590759277,0.8816584348678589
373,7.46,0.0,0.30000001192092896,0.0,0.03588731586933136,0.2789032757282257,0.08306770771741867,-0.044310685247182846,0.01575799658894539,-0.020737944170832634,1,0,0,1,0.7578101754188538,1.3794056177139282,1.7501775026321411,0.8118473887443542,2.1901025772094727,-0.002431057393550873,-0.3981289267539978,1.357113003730774,0.12862543761730194,-0.3555145561695099,-1.4760571718215942,-0.7392985820770264,0.029839247465133667,0.3406369686126709,1.3986876010894775,0.9295225143432617,0.6587189435958862,-0.43754783272743225,-0.6353967785835266,0.24222418665885925,1.9841748476028442,1.7421048879623413,1.1818335056304932,1.5502128601074219,0.11168159544467926,0.035375189036130905,0.9291680455207825,1.016214370727539,1.920590511872433e-05,-0.22342681884765625,-0.2740127146244049,-0.0961822047829628,2.0946156978607178,1.4646276235580444,1.5540562868118286,1.490152359008789,-1.7871803045272827,2.360368013381958,2.03054141998291,-0.38218021392822266,0.03213835880160332,-3.001436471939087,-2.9809253215789795,0.11203749477863312,-0.9262313842773438,2.9982523918151855,-2.998978853225708,0.9622682929039001
374,7.48,0.0,0.30000001192092896,0.0,0.03868332505226135,0.2626960575580597,0.06205658242106438,-0.25607457756996155,-0.16489750146865845,0.02800573594868183,1,0,0,1,0.9036640524864197,1.453839898109436,1.6814011335372925,1.0766491889953613,2.1735165119171143,0.3428742587566376,0.3218050003051758,1.4500291347503662,0.23279628157615662,-0.2459835559129715,-1.4831146001815796,-0.6457294821739197,0.10276618599891663,0.3778541088104248,1.3642992973327637,1.0619233846664429,0.650425910949707,-0.2648952007293701,-0.2754298150539398,0.2886822521686554,2.0362603664398193,1.7968703508377075,1.17830491065979,1.5969973802566528,0.08280511200428009,0.08781174570322037,0.9737767577171326,1.0106674432754517,-0.0007260672282427549,-0.2685537040233612,-0.3157065808773041,-0.09579987078905106,2.0776872634887695,1.5245994329452515,1.494032382965088,1.509810209274292,-1.1415764093399048,2.6974282264709473,2.29646897315979,-0.19424644112586975,-0.02661534585058689,-1.583725929260254,-1.3258779048919678,0.05243774875998497,-0.9147045612335205,2.9999074935913086,-3.0017151832580566,0.9167020916938782
375,7.5,0.0,0.30000001192092896,0.0,0.02483084797859192,0.30367347598075867,0.04661283269524574,-0.20402702689170837,-0.12929153442382812,0.004292707424610853,1,0,0,1,0.7024459838867188,1.6225461959838867,1.6495236158370972,0.886091947555542,2.3167641162872314,0.49155545234680176,0.8692176342010498,1.551033616065979,0.2736731171607971,-0.5699464082717896,-1.4182660579681396,-0.5728037357330322,0.002157151699066162,0.46220725774765015,1.348360538482666,0.9666447639465332,0.7220497131347656,-0.19055458903312683,-0.0017234981060028076,0.3391844928264618,2.056698799133301,1.6348888874053955,1.2107291221618652,1.633460283279419,0.055192094296216965,0.13834130764007568,1.0160017013549805,1.0045454502105713,-0.0016710520721971989,-0.2764761447906494,-0.28262120485305786,-0.0969441831111908,2.060422897338867,1.5834115743637085,1.4369961023330688,1.5309439897537231,-1.5122265815734863,2.265378713607788,1.8825623989105225,-0.34118691086769104,-0.14012455940246582,0.5831176042556763,2.999387502670288,-0.003478005528450012,-0.8483123779296875,2.761688709259033,-2.455583333969116,1.0766127109527588
376,7.5200000000000005,0.0,0.30000001192092896,0.0,0.001774817705154419,0.3383546769618988,-0.0003736610524356365,-0.2827693819999695,-0.15917277336120605,0.048223622143268585,1,0,0,1,0.7127936482429504,1.7412469387054443,1.7012968063354492,0.8572532534599304,2.166499137878418,0.2628953754901886,0.6844403743743896,1.4856903553009033,0.2120984047651291,-1.0281819105148315,-1.3169246912002563,-0.5813270807266235,0.007330983877182007,0.521557629108429,1.3742471933364868,0.9522254467010498,0.6469172239303589,-0.3048846125602722,-0.09411212801933289,0.30651286244392395,2.025911331176758,1.405771255493164,1.261399745941162,1.6291985511779785,0.024646850302815437,0.17409047484397888,1.0468125343322754,0.9958628416061401,-0.006866860669106245,-0.2666655480861664,-0.22215712070465088,-0.10175056010484695,2.046436071395874,1.5785554647445679,1.4031596183776855,1.556617259979248,-1.493918538093567,1.3330352306365967,1.2238260507583618,-0.4979616701602936,-0.3048420548439026,0.3648255467414856,3.0130317211151123,-0.2910396456718445,-0.6876779198646545,-2.2426140308380127,-1.0322948694229126,1.348272681236267
377,7.54,0.0,0.30000001192092896,0.0,-0.01959158480167389,0.42695385217666626,0.031529322266578674,-0.47878479957580566,-0.1532820761203766,0.026037435978651047,1,0,0,1,0.5377225279808044,1.862549066543579,1.5694047212600708,0.7405663132667542,2.2499303817749023,0.3928579092025757,1.1230374574661255,1.6164120435714722,-0.021991677582263947,-1.300001621246338,-1.3584986925125122,-0.5828844308853149,-0.08020457625389099,0.5822086930274963,1.3083012104034424,0.8938819169998169,0.6886328458786011,-0.23990336060523987,0.12518641352653503,0.3718737065792084,1.908866286277771,1.2698613405227661,1.2406127452850342,1.6284198760986328,-0.01069662719964981,0.19039306044578552,1.0455080270767212,0.9853495359420776,-0.008134886622428894,-0.251334011554718,-0.16158130764961243,-0.10996547341346741,2.0271379947662354,1.520115852355957,1.394653081893921,1.5863953828811646,-1.7816721200942993,0.3534121513366699,-0.18131883442401886,-0.6510244607925415,0.17153267562389374,0.9788101315498352,3.020857095718384,-0.3432791233062744,-1.2124570608139038,-3.003309726715088,0.03145310655236244,1.4527283906936646
378,7.5600000000000005,0.0,0.30000001192092896,0.0,0.05419003963470459,0.3906264305114746,0.1324322372674942,-0.06986958533525467,0.2887446880340576,0.19279254972934723,1,0,1,1,0.5185743570327759,1.9859898090362549,1.4329912662506104,0.8435245156288147,2.226844549179077,0.3319900631904602,1.280992865562439,1.760290503501892,-0.2675941586494446,-1.7070509195327759,-1.4367835521697998,-0.6391627788543701,-0.08977866172790527,0.6439290642738342,1.2400944232940674,0.9453610181808472,0.6770899295806885,-0.2703372836112976,0.20416411757469177,0.44381293654441833,1.7860651016235352,1.0663366317749023,1.2014703750610352,1.60028076171875,-0.04682397097349167,0.1899249255657196,1.039184808731079,0.9678248167037964,0.0001817074225982651,-0.23912513256072998,-0.13246764242649078,-0.11657286435365677,1.9867507219314575,1.4620412588119507,1.404506802558899,1.614218831062317,-1.7987438440322876,-0.3161480128765106,-0.348826140165329,-1.1173388957977295,0.03354324400424957,0.22890891134738922,0.5995956659317017,0.07696672528982162,-2.660940408706665,-2.651918888092041,1.2990893125534058,1.2066224813461304
379,7.58,0.0,0.30000001192092896,0.0,0.005944296717643738,0.3463287651538849,0.2258598357439041,0.22231975197792053,-0.13470706343650818,0.0830291137099266,1,0,1,1,0.35942643880844116,2.0538108348846436,1.285771369934082,0.8486533164978027,2.183244466781616,0.7286984324455261,1.7422053813934326,2.15412974357605,-0.07761893421411514,-1.9538816213607788,-1.18838632106781,-0.9160496592521667,-0.16935262084007263,0.6778395771980286,1.1664844751358032,0.9479254484176636,0.655289888381958,-0.07198309898376465,0.4347703754901886,0.6407325267791748,1.8810527324676514,0.9429213404655457,1.3256690502166748,1.4618372917175293,-0.08986838907003403,0.18220405280590057,1.0279772281646729,0.9480459690093994,9.111035069508944e-06,-0.20112553238868713,-0.11901214718818665,-0.09780458360910416,1.9461376667022705,1.4178236722946167,1.419466257095337,1.6246885061264038,-2.2832016944885254,-0.4121689796447754,-0.6768389940261841,-0.9213681221008301,0.002043045125901699,2.9446988105773926,0.9050940275192261,1.6175438165664673,-1.8368563652038574,-1.6999475955963135,0.5200731754302979,-0.058733418583869934
380,7.6000000000000005,0.0,0.30000001192092896,0.0,-0.07271064072847366,0.3374263048171997,0.26381438970565796,0.6385568380355835,0.06937006115913391,0.17055393755435944,1,0,1,1,0.2673921287059784,1.8745821714401245,1.167327880859375,0.4874558448791504,1.9244942665100098,0.9732761979103088,1.5911260843276978,1.2175335884094238,-0.16333498060703278,-1.8630990982055664,-1.1794778108596802,-0.9656144380569458,-0.21536977589130402,0.588225245475769,1.1072627305984497,0.7673267126083374,0.5259147882461548,0.05030578374862671,0.35923072695732117,0.1724344789981842,1.8381946086883545,0.9883126020431519,1.3301231861114502,1.4370548725128174,-0.13637450337409973,0.17141413688659668,1.0174360275268555,0.9206213355064392,4.0214119508164003e-05,-0.14132559299468994,-0.08953812718391418,-0.061778757721185684,1.9151546955108643,1.3969089984893799,1.426918625831604,1.6175336837768555,-2.3471670150756836,-0.6201658248901367,-0.3971327543258667,-1.7279062271118164,0.004898497834801674,2.9996044635772705,1.9278353452682495,2.0190088748931885,-1.4261146783828735,-0.5010172724723816,0.21132925152778625,-0.6195881366729736
381,7.62,0.0,0.30000001192092896,0.0,-0.017766714096069336,0.2849090099334717,0.07020007073879242,0.581628680229187,0.9663759469985962,0.08748319745063782,0,0,1,0,0.33060893416404724,1.4985415935516357,1.0842475891113281,0.9948795437812805,1.261009931564331,1.3390257358551025,1.3885389566421509,-0.4427831768989563,-0.013099038042128086,-1.7120027542114258,-1.1362465620040894,-0.9717580080032349,-0.1837613731622696,0.40020495653152466,1.0657225847244263,1.02103853225708,0.19417265057563782,0.23318055272102356,0.25793716311454773,-0.6577239036560059,1.9133126735687256,1.0638607740402222,1.3517389297485352,1.4339830875396729,-0.17931140959262848,0.161246657371521,1.0163260698318481,0.9072085022926331,-2.7218034119869117e-06,-0.08133640140295029,-0.04742487519979477,-0.10402455925941467,1.8986334800720215,1.3949490785598755,1.4308066368103027,1.5737086534500122,-1.8512787818908691,-0.43929606676101685,0.06871949136257172,0.2219768464565277,6.05321183684282e-05,2.9987030029296875,2.206674575805664,-3.002453327178955,-0.4186220169067383,0.21921591460704803,0.14190760254859924,-3.0001957416534424
382,7.640000000000001,0.0,0.30000001192092896,0.0,-0.010235369205474854,0.24208690226078033,0.032223477959632874,0.02974647283554077,0.1560526341199875,0.1265210211277008,0,1,1,0,0.4787449240684509,1.0648329257965088,1.0570529699325562,2.0025150775909424,0.6908217668533325,1.3554627895355225,1.7203587293624878,-0.03106543980538845,0.7124053239822388,-1.2713679075241089,-0.8603206872940063,-1.4035494327545166,-0.10969337821006775,0.18335062265396118,1.0521252155303955,1.5248563289642334,-0.09092143177986145,0.24139907956123352,0.4238470494747162,-0.4518650472164154,2.276064872741699,1.2841782569885254,1.489701747894287,1.2180874347686768,-0.19575203955173492,0.1460760235786438,1.0159578323364258,0.9273667931556702,-0.01686234585940838,-0.052590399980545044,-0.022264478728175163,-0.16323056817054749,1.9498993158340454,1.3921703100204468,1.4413764476776123,1.5136741399765015,-0.01882324367761612,-0.9981822967529297,-0.18873241543769836,1.5720293521881104,-1.2278406620025635,-0.27649936079978943,0.12511056661605835,-3.016103744506836,3.0003416538238525,-0.25548940896987915,0.8635449409484863,-2.998199701309204
383,7.66,0.0,0.30000001192092896,0.0,0.04167205095291138,0.22860223054885864,-0.03611798211932182,-0.25591668486595154,-0.072993203997612,0.10178325325250626,0,1,1,0,0.7010169625282288,1.0464931726455688,0.7546092867851257,2.206420660018921,1.032938838005066,1.8453510999679565,1.8757741451263428,0.05291219800710678,0.7878247499465942,-1.2200453281402588,-0.7476809620857239,-1.304158329963684,0.001442641019821167,0.1741807460784912,0.9009034633636475,1.6268091201782227,0.08013710379600525,0.48634323477745056,0.5015547275543213,-0.4098762273788452,2.313774585723877,1.3098394870758057,1.5460216999053955,1.2677829265594482,-0.16783210635185242,0.12867021560668945,1.009740948677063,0.9658718705177307,-0.017825184389948845,-0.051246874034404755,-0.02951066754758358,-0.22288934886455536,2.009906053543091,1.3868131637573242,1.462380290031433,1.4558976888656616,2.391059398651123,-0.7428718209266663,-0.38300269842147827,2.127615451812744,0.8163567781448364,0.28382018208503723,-0.753318190574646,-2.987874746322632,3.0003037452697754,-0.2173418402671814,1.1115777492523193,-2.6134514808654785
384,7.68,0.0,0.30000001192092896,0.0,0.03811363875865936,0.2555445432662964,-0.12288722395896912,-0.16651636362075806,-0.4768630266189575,0.044476598501205444,0,1,1,0,0.8207414746284485,0.9077966213226318,0.7934120893478394,2.2653095722198486,1.27763831615448,1.7445151805877686,1.8690520524978638,0.43450644612312317,0.637459397315979,-1.1753321886062622,-0.5870348811149597,-1.3218697309494019,0.06130489706993103,0.1048324704170227,0.9203048348426819,1.6562535762786865,0.20248684287071228,0.43592527508735657,0.4981937110424042,-0.21907909214496613,2.2385919094085693,1.3321959972381592,1.6263446807861328,1.258927345275879,-0.10891339927911758,0.11218670755624771,0.9979881048202515,1.0068963766098022,6.687616860290291e-08,-0.04374008998274803,-0.05637339502573013,-0.2623445391654968,2.0699093341827393,1.3837743997573853,1.49398672580719,1.4143257141113281,3.0000832080841064,-0.9028412103652954,-0.8631783723831177,1.9213861227035522,-8.616189006716013e-05,0.41438165307044983,-1.78904390335083,-1.086051344871521,3.0001261234283447,-0.0805744081735611,1.9656362533569336,-1.5314785242080688
385,7.7,0.0,0.30000001192092896,0.0,0.00725264847278595,0.28268346190452576,-0.1740925908088684,-0.060137778520584106,-0.519341230392456,0.04173259437084198,0,1,1,0,0.9934981465339661,0.8565079569816589,0.8739634156227112,2.2690463066101074,1.6152467727661133,1.7356114387512207,1.8458064794540405,0.6006852388381958,0.6536232233047485,-1.1569668054580688,-0.49928048253059387,-1.3327791690826416,0.14768323302268982,0.07918813824653625,0.9605804681777954,1.658121943473816,0.37129107117652893,0.43147340416908264,0.48657092452049255,-0.1359896957874298,2.246673822402954,1.3413786888122559,1.6702219247817993,1.2534725666046143,-0.04891262575984001,0.09207191318273544,0.9800969362258911,1.0386372804641724,-5.640156675035257e-10,-0.03821710869669914,-0.09584566950798035,-0.25500229001045227,2.129910707473755,1.3829604387283325,1.5384351015090942,1.3949229717254639,3.0000147819519043,-1.06052827835083,-0.8904806971549988,1.2682443857192993,2.310583477083128e-05,0.13056901097297668,-1.974941611289978,1.4077599048614502,3.0000550746917725,-0.015966521576046944,2.3196918964385986,-0.4898216128349304
386,7.72,0.0,0.30000001192092896,0.0,-0.017006635665893555,0.31567806005477905,-0.19611145555973053,0.03173127770423889,-0.3600938320159912,0.05948849767446518,0,1,1,0,1.2348159551620483,0.8077972531318665,0.7904865145683289,2.2944936752319336,1.9457693099975586,1.8079990148544312,1.8503495454788208,0.7116966843605042,0.6234244108200073,-1.1242940425872803,-0.44880804419517517,-1.345043659210205,0.26834213733673096,0.054832786321640015,0.918842077255249,1.670845627784729,0.5365523099899292,0.46766719222068787,0.4888424575328827,-0.08048397302627563,2.231574296951294,1.357715129852295,1.695458173751831,1.2473403215408325,0.01108495332300663,0.06819017231464386,0.9629025459289551,1.046488881111145,2.901270590882632e-06,-0.04105085879564285,-0.1350070834159851,-0.20433811843395233,2.1884191036224365,1.3835965394973755,1.5877536535263062,1.3931477069854736,2.999727487564087,-1.2260112762451172,-0.801702082157135,-0.12667329609394073,0.00020363640214782208,-0.3689752221107483,-1.770111322402954,3.0069620609283447,2.7027266025543213,0.04925445094704628,2.4469783306121826,0.23594912886619568
387,7.74,0.0,0.30000001192092896,0.0,0.005357086658477783,0.33523109555244446,-0.1800147294998169,0.01838185451924801,-0.04607564955949783,-0.02110886201262474,0,1,1,0,1.3489254713058472,0.7471644878387451,0.685774564743042,2.329690456390381,2.090376138687134,1.8249117136001587,1.805030345916748,0.7022206783294678,0.5337812900543213,-1.0798499584197998,-0.4738897383213043,-1.3505066633224487,0.32539689540863037,0.024516403675079346,0.8664860725402832,1.6884440183639526,0.6088557243347168,0.47612354159355164,0.4661828577518463,-0.08522197604179382,2.1867527961730957,1.3799371719360352,1.6829172372817993,1.2446088790893555,0.07105989009141922,0.044845182448625565,0.9464453458786011,1.042499303817749,5.897496521356516e-06,-0.05418611317873001,-0.16573761403560638,-0.1439741849899292,2.2199604511260986,1.3862789869308472,1.6342799663543701,1.4021844863891602,2.996405839920044,-1.0900813341140747,-0.8314474821090698,-0.24683040380477905,-0.0001569032174302265,-0.8066005706787109,-1.2083992958068848,3.0143239498138428,0.6875062584877014,0.14412137866020203,2.1134207248687744,0.5611287355422974
388,7.76,0.0,0.30000001192092896,0.0,0.016842737793922424,0.3216603994369507,-0.05261221155524254,0.26538896560668945,-0.34369415044784546,-0.09308375418186188,0,1,1,1,1.3705497980117798,0.5998736619949341,0.5950543880462646,2.3018672466278076,2.0420265197753906,1.5707331895828247,1.6912108659744263,0.9591354727745056,0.3886009752750397,-1.1097538471221924,-0.5317416191101074,-1.3415231704711914,0.3362090587615967,-0.04912900924682617,0.8211259841918945,1.674532413482666,0.5846809148788452,0.34903427958488464,0.4092731177806854,0.0432354211807251,2.1141626834869385,1.3649852275848389,1.6539913415908813,1.2491005659103394,0.12684768438339233,0.021907813847064972,0.9274656176567078,1.0362491607666016,5.056002009951044e-06,-0.07017266750335693,-0.18404585123062134,-0.09317383915185928,2.202488422393799,1.3894227743148804,1.6715288162231445,1.4128084182739258,2.53704571723938,-1.1350409984588623,-1.32878839969635,-0.3392884135246277,-0.00036276684841141105,0.2525719106197357,-0.7132017016410828,0.09068012237548828,-1.8253880739212036,0.23211267590522766,1.5368578433990479,1.5256431102752686
389,7.78,0.0,0.30000001192092896,0.0,0.049104705452919006,0.20311319828033447,0.023519501090049744,0.5761499404907227,0.46674612164497375,-0.058793745934963226,1,0,1,1,1.01589834690094,0.7439561486244202,0.7950701713562012,1.6314750909805298,1.9567146301269531,-0.05698717385530472,1.0567107200622559,1.8952081203460693,-0.03004828840494156,-1.2230772972106934,-0.6606943607330322,-1.2957931756973267,0.15888333320617676,0.02291223406791687,0.9211338758468628,1.3393363952636719,0.5420249700546265,-0.46482589840888977,0.09202304482460022,0.5112717151641846,1.904837965965271,1.3083235025405884,1.589514970779419,1.271965503692627,0.1641218066215515,0.004970638081431389,0.9061797857284546,1.0240545272827148,-0.0002160034782718867,-0.11904371529817581,-0.1710110604763031,-0.09677498042583466,2.1567182540893555,1.4022313356399536,1.6871856451034546,1.443953037261963,0.6436423063278198,-0.5749952793121338,-0.25473785400390625,-0.742027759552002,-0.34017133712768555,-3.0754945278167725,1.4769166707992554,-0.4392678141593933,-1.1662812232971191,0.8150172829627991,-0.5598233938217163,1.0605965852737427
390,7.8,0.0,0.30000001192092896,0.0,0.07858875393867493,0.25154122710227966,0.0891064926981926,-0.10536883026361465,0.05218750983476639,0.05056813731789589,1,0,0,1,0.6962133049964905,1.2004932165145874,1.361722469329834,0.8428069353103638,2.476558208465576,-0.6651092171669006,-0.6021442413330078,1.437349557876587,-0.35597819089889526,-1.082831621170044,-0.978442907333374,-0.8607001304626465,-0.0009591877460479736,0.2511807680130005,1.2044600248336792,0.9450022578239441,0.801946759223938,-0.768886923789978,-0.737404465675354,0.28234246373176575,1.741873025894165,1.378446340560913,1.430640697479248,1.4895120859146118,0.1431497037410736,0.01213275920599699,0.9173286557197571,1.0161086320877075,0.00045548094203695655,-0.17833516001701355,-0.21500879526138306,-0.10173414647579193,2.139948844909668,1.4179795980453491,1.6364246606826782,1.4653151035308838,-1.4788676500320435,1.0915437936782837,1.0442376136779785,-0.29262053966522217,0.06282678991556168,-2.9877302646636963,-2.974698066711426,-0.03289595991373062,-1.086168646812439,0.6538305282592773,-2.998354911804199,1.056883692741394
391,7.82,0.0,0.30000001192092896,0.0,0.030556514859199524,0.29034435749053955,0.06550778448581696,-0.11592446267604828,0.026086047291755676,-0.011917547322809696,1,0,0,1,0.738885223865509,1.405260443687439,1.7346997261047363,0.7808802127838135,2.2354278564453125,0.010683603584766388,-0.31326431035995483,1.383007526397705,0.15684475004673004,-0.3669414818286896,-1.4517934322357178,-0.7450695037841797,0.020376771688461304,0.35356438159942627,1.3909486532211304,0.914038896560669,0.6813815832138062,-0.4309905171394348,-0.5929644703865051,0.25517144799232483,1.9982845783233643,1.7363914251327515,1.1939654350280762,1.5473273992538452,0.10998263955116272,0.04718180373311043,0.9467507600784302,1.0092854499816895,3.578888936317526e-05,-0.2386556714773178,-0.27433279156684875,-0.10372617840766907,2.1219124794006348,1.4727389812469482,1.5764600038528442,1.4878817796707153,-1.8144572973251343,2.1818606853485107,1.763801097869873,-0.4178389310836792,0.028932878747582436,-3.0002431869506836,-2.9811627864837646,-0.10052602738142014,-0.8999387621879578,2.998283863067627,-2.9990127086639404,1.0954241752624512
392,7.84,0.0,0.30000001192092896,0.0,0.03525906801223755,0.28069183230400085,0.06579755991697311,-0.34606629610061646,-0.20962412655353546,0.008683118969202042,1,0,0,1,0.8841633796691895,1.4831042289733887,1.672552466392517,1.057788610458374,2.199232339859009,0.35587915778160095,0.3512808382511139,1.4603278636932373,0.24440394341945648,-0.29191693663597107,-1.469181776046753,-0.6474952697753906,0.09301584959030151,0.3924862742424011,1.359874963760376,1.0524930953979492,0.6632838249206543,-0.2583927512168884,-0.26069188117980957,0.29383161664009094,2.0420641899108887,1.773903727531433,1.1852712631225586,1.5961145162582397,0.08031078428030014,0.09537731111049652,0.9845427870750427,1.0039993524551392,-0.00019554920436348766,-0.27939078211784363,-0.3135750889778137,-0.10568232834339142,2.10414457321167,1.532704472541809,1.5164340734481812,1.5093852281570435,-1.192399501800537,2.4656100273132324,1.9139478206634521,-0.14911064505577087,0.02059020847082138,-1.217284917831421,-1.1168662309646606,0.012802541255950928,-0.9975206851959229,2.9997708797454834,-3.0019614696502686,0.9621387124061584
393,7.86,0.0,0.30000001192092896,0.0,0.020546704530715942,0.32929185032844543,0.05589434504508972,-0.27925294637680054,-0.16683387756347656,0.02080475352704525,1,0,0,1,0.6877926588058472,1.6509519815444946,1.645613193511963,0.835610032081604,2.3293116092681885,0.4598017930984497,0.8328511714935303,1.5650742053985596,0.27322646975517273,-0.6576942205429077,-1.4060574769973755,-0.5675573945045471,-0.005169510841369629,0.4764101505279541,1.3464053869247437,0.9414038062095642,0.7283234596252441,-0.20643141865730286,-0.019906729459762573,0.3462047874927521,2.0564754009246826,1.591015100479126,1.2168333530426025,1.6360834836959839,0.05144592747092247,0.14057989418506622,1.019516110420227,0.9980774521827698,-0.0007018190226517618,-0.2822255790233612,-0.27983543276786804,-0.10714539140462875,2.0849459171295166,1.581242322921753,1.4573264122009277,1.5314525365829468,-1.577616572380066,1.987845778465271,1.550365686416626,-0.3713257312774658,-0.09924525022506714,0.724355936050415,3.0052146911621094,-0.006401069462299347,-0.9721033573150635,1.8580195903778076,-2.7505974769592285,1.1217691898345947
394,7.88,0.0,0.30000001192092896,0.0,-0.007753640413284302,0.3604806065559387,0.020747512578964233,-0.35730844736099243,-0.23332884907722473,0.06131001189351082,1,0,0,1,0.6957849860191345,1.79029381275177,1.715764045715332,0.8348138332366943,2.1729302406311035,0.2603508234024048,0.615620493888855,1.4970943927764893,0.22800038754940033,-1.021485447883606,-1.3136094808578491,-0.6022542715072632,-0.0011733472347259521,0.5460810661315918,1.3814808130264282,0.9410057067871094,0.6501327753067017,-0.3061569035053253,-0.12852206826210022,0.3122148811817169,2.033862352371216,1.4091193675994873,1.2630574703216553,1.6187350749969482,0.019871708005666733,0.17177076637744904,1.044688105583191,0.9890589118003845,-0.004793143831193447,-0.26951709389686584,-0.21934090554714203,-0.11060340702533722,2.0681533813476562,1.5659714937210083,1.4152374267578125,1.5566986799240112,-1.533795714378357,1.1563215255737305,0.9942329525947571,-0.5082884430885315,-0.24106240272521973,0.5029865503311157,3.0148468017578125,-0.16989044845104218,-0.8371267318725586,-2.4579548835754395,-1.4932090044021606,1.2757892608642578
395,7.9,0.0,0.30000001192092896,0.0,-0.03066354990005493,0.438901424407959,0.051778968423604965,-0.5545979738235474,-0.27403467893600464,0.04333068057894707,1,0,0,1,0.5468521118164062,1.892348289489746,1.5899604558944702,0.7478521466255188,2.230556011199951,0.3872421383857727,1.0188146829605103,1.6013922691345215,0.015691719949245453,-1.2625877857208252,-1.3639003038406372,-0.5929361581802368,-0.07563978433609009,0.5971083045005798,1.3185789585113525,0.8975248336791992,0.6789456605911255,-0.24271124601364136,0.07307502627372742,0.36436381936073303,1.9277080297470093,1.2885682582855225,1.2379119396209717,1.6233940124511719,-0.014434926211833954,0.1857956349849701,1.0456836223602295,0.9783350229263306,-0.005389747675508261,-0.2520095407962799,-0.1587812304496765,-0.11549242585897446,2.046811819076538,1.506883144378662,1.398322582244873,1.5840051174163818,-1.7244384288787842,0.3018553555011749,-0.1742115467786789,-0.616278886795044,0.1743483692407608,1.0653451681137085,3.0194954872131348,-0.15077880024909973,-1.30198335647583,-3.0029778480529785,-0.33221185207366943,1.3114817142486572
396,7.92,0.0,0.30000001192092896,0.0,0.06431877613067627,0.40309709310531616,0.14399166405200958,0.010343827307224274,0.19544467329978943,0.2585987150669098,1,0,1,1,0.5113562345504761,2.002368211746216,1.4318057298660278,0.8332831859588623,2.2251014709472656,0.327629953622818,1.2393087148666382,1.7403301000595093,-0.24339307844638824,-1.686802625656128,-1.438378095626831,-0.629703164100647,-0.09338772296905518,0.6521182656288147,1.239501714706421,0.9402403831481934,0.6762183904647827,-0.2725173234939575,0.18332204222679138,0.43383273482322693,1.7981655597686768,1.076460838317871,1.2006731033325195,1.6050105094909668,-0.05136784911155701,0.18458904325962067,1.0372841358184814,0.9589544534683228,0.00010537472553551197,-0.24120862782001495,-0.14143234491348267,-0.1177874505519867,2.0057284832000732,1.450957179069519,1.4030017852783203,1.6099909543991089,-1.8624333143234253,-0.3486395478248596,-0.43526801466941833,-1.1660423278808594,-0.12686976790428162,0.21688030660152435,0.5721876621246338,0.2996799647808075,-2.434600353240967,-2.433661937713623,0.6104307174682617,1.1633683443069458
397,7.94,0.0,0.30000001192092896,0.0,0.030763864517211914,0.3644566535949707,0.2544650137424469,0.21996043622493744,-0.12129983305931091,0.06471607089042664,1,0,1,1,0.3074018061161041,2.0821540355682373,1.348170518875122,0.8888624310493469,2.306229591369629,0.8010295033454895,1.6806429624557495,1.975009560585022,-0.12746070325374603,-1.8918153047561646,-1.229671835899353,-0.9054673910140991,-0.19536493718624115,0.6920111775398254,1.1976840496063232,0.9680299758911133,0.7167824506759644,-0.03581756353378296,0.40398916602134705,0.5511724948883057,1.8561317920684814,0.9739544987678528,1.3050262928009033,1.4671285152435303,-0.09672164171934128,0.17772552371025085,1.0244518518447876,0.939616322517395,3.022576311195735e-05,-0.19834062457084656,-0.1256996989250183,-0.09462442994117737,1.9626320600509644,1.411658763885498,1.4153437614440918,1.6194077730178833,-2.4946374893188477,-0.32388025522232056,-0.7925726175308228,-0.8748528957366943,0.0015064312610775232,2.9947867393493652,1.0550352334976196,1.748826265335083,-2.199524402618408,-1.4228546619415283,0.39632827043533325,-0.05686139315366745
398,7.96,0.0,0.30000001192092896,0.0,-0.03342406451702118,0.3514327108860016,0.2922734320163727,0.5709036588668823,0.03897008299827576,0.13069294393062592,1,0,1,1,0.2556191086769104,1.9050250053405762,1.2605596780776978,0.5617629289627075,2.0192527770996094,0.9260454773902893,1.528985619544983,1.2657546997070312,-0.21801967918872833,-1.9205447435379028,-1.218464970588684,-0.9760440587997437,-0.221256285905838,0.6034466624259949,1.1538786888122559,0.804480254650116,0.5732940435409546,0.026690423488616943,0.32816049456596375,0.19654503464698792,1.810852289199829,0.9595897793769836,1.3106296062469482,1.431840181350708,-0.1473609209060669,0.1691329926252365,1.0107364654541016,0.914726972579956,4.7005069063743576e-05,-0.1384575217962265,-0.09457544982433319,-0.055941518396139145,1.9225678443908691,1.395804524421692,1.419905662536621,1.6121042966842651,-2.5355613231658936,-0.496118426322937,-0.5695724487304688,-1.5392894744873047,-0.001208089292049408,3.0004069805145264,1.9364410638809204,2.156205654144287,-2.002591848373413,-0.29045000672340393,0.058032505214214325,-0.6609551310539246
399,7.98,0.0,0.30000001192092896,0.0,0.00983843207359314,0.3079785406589508,0.09494373947381973,0.5136409401893616,0.975588858127594,0.08990504592657089,0,0,1,0,0.2941824793815613,1.6001390218734741,1.186590313911438,0.9251753687858582,1.4624009132385254,1.1888630390167236,1.2989166975021362,-0.06300068646669388,-0.12023057788610458,-1.8265812397003174,-1.1731836795806885,-0.9743150472640991,-0.20197460055351257,0.45100367069244385,1.116894006729126,0.9861865043640137,0.294868141412735,0.1580992043018341,0.2131260335445404,-0.46783265471458435,1.8597468137741089,1.0065715312957764,1.3332703113555908,1.4327046871185303,-0.19359417259693146,0.16066013276576996,1.0061606168746948,0.8996795415878296,-1.9731251086341217e-06,-0.07846344262361526,-0.051801927387714386,-0.08776874095201492,1.8848416805267334,1.3966327905654907,1.4212570190429688,1.5680135488510132,-2.0199012756347656,-0.37934252619743347,-0.036233797669410706,-0.06357629597187042,-0.00011323804938001558,2.9992456436157227,2.2601540088653564,-3.0037174224853516,-1.731204867362976,0.2911612093448639,0.0392867773771286,-3.0002329349517822
400,8.0,0.0,0.30000001192092896,0.0,0.013859927654266357,0.252789169549942,0.04900050163269043,-0.02422219142317772,0.11787581443786621,0.17096704244613647,0,1,1,0,0.5284842252731323,1.0677255392074585,1.140976905822754,1.969295859336853,0.6010648012161255,1.1661717891693115,1.568006992340088,0.030331159010529518,0.5948593020439148,-1.292721152305603,-0.8758599758148193,-1.398175835609436,-0.08482372760772705,0.18479692935943604,1.0940872430801392,1.508246660232544,-0.13579991459846497,0.14675357937812805,0.34767118096351624,-0.4211667478084564,2.217291831970215,1.2735016345977783,1.4819321632385254,1.2207741737365723,-0.20611515641212463,0.14669513702392578,1.0050406455993652,0.915804386138916,-0.025970498099923134,-0.04318007454276085,-0.023322448134422302,-0.14688090980052948,1.9259244203567505,1.3943021297454834,1.4290540218353271,1.5080726146697998,0.38857266306877136,-0.9874999523162842,-0.22438722848892212,1.4414036273956299,-1.8491917848587036,-0.44872602820396423,0.02248329482972622,-2.973045825958252,3.0002946853637695,0.316634863615036,0.8684074878692627,-2.999706268310547
401,8.02,0.0,0.30000001192092896,0.0,0.06510883569717407,0.23517799377441406,-0.0329631008207798,-0.2650212347507477,-0.022716864943504333,0.12435588240623474,0,1,1,0,0.6729976534843445,1.032076120376587,0.7542749643325806,2.163111925125122,0.9027910232543945,1.7400380373001099,1.791717767715454,-0.030813610181212425,0.6979255676269531,-1.2737133502960205,-0.7895898818969727,-1.2805689573287964,-0.012567013502120972,0.16697221994400024,0.9007362723350525,1.6051547527313232,0.015063196420669556,0.4336867034435272,0.45952656865119934,-0.4517391324043274,2.268825054168701,1.2830054759979248,1.5250672101974487,1.2795777320861816,-0.17262323200702667,0.12850244343280792,0.9981171488761902,0.9539503455162048,-0.04284876957535744,-0.04331108555197716,-0.02977505326271057,-0.20662251114845276,1.9859306812286377,1.394880771636963,1.4483792781829834,1.4511103630065918,2.5535836219787598,-0.801418662071228,-0.3838750422000885,2.1953601837158203,-0.044842205941677094,0.1949579417705536,-0.6690753698348999,-2.989832878112793,3.000277042388916,-0.07468953728675842,0.9996752142906189,-2.5258264541625977
402,8.040000000000001,0.0,0.30000001192092896,0.0,0.06522732973098755,0.27922675013542175,-0.09595689177513123,-0.37552890181541443,-0.1417592316865921,0.04890928417444229,0,1,1,0,0.7687751054763794,0.877358078956604,0.7644488215446472,2.18109130859375,1.1630390882492065,1.6417741775512695,1.8201152086257935,0.3506290018558502,0.5790345072746277,-1.2016727924346924,-0.6329178214073181,-1.3090630769729614,0.035321712493896484,0.08961319923400879,0.9058232307434082,1.6141444444656372,0.14518722891807556,0.38455477356910706,0.473725289106369,-0.2610177993774414,2.2093794345855713,1.3190257549285889,1.6034032106399536,1.2653305530548096,-0.11329708993434906,0.11234688013792038,0.9879748225212097,0.997460126876831,-0.022885555401444435,-0.03876553475856781,-0.05222448706626892,-0.2572160065174103,2.0459327697753906,1.3934416770935059,1.476684808731079,1.4122902154922485,3.000283718109131,-0.788549542427063,-0.627678632736206,2.0810763835906982,1.696501612663269,0.2623455822467804,-1.3527415990829468,-2.057201385498047,3.0001168251037598,-0.12339145690202713,1.642634391784668,-1.3839191198349
403,8.06,0.0,0.30000001192092896,0.0,0.02913406491279602,0.30058449506759644,-0.160420224070549,-0.12839311361312866,-0.4979901909828186,0.03317620977759361,0,1,1,0,1.0007514953613281,0.8703188896179199,0.8512847423553467,2.2991836071014404,1.40299391746521,1.6094539165496826,1.7800573110580444,0.715236485004425,0.48471203446388245,-1.1728345155715942,-0.5398420691490173,-1.3339332342147827,0.15130990743637085,0.08609360456466675,0.9492411613464355,1.6731905937194824,0.26516464352607727,0.3683946430683136,0.4536963403224945,-0.07871407270431519,2.1622180938720703,1.3334448337554932,1.649941086769104,1.2528955936431885,-0.053303733468055725,0.0936548113822937,0.9720147848129272,1.0331791639328003,1.984276195798884e-06,-0.033364396542310715,-0.08717012405395508,-0.2538479268550873,2.105591297149658,1.3913239240646362,1.517311453819275,1.3942140340805054,2.9999115467071533,-1.0801811218261719,-0.9567134976387024,1.4865248203277588,0.00028271746123209596,0.2464750111103058,-1.9468857049942017,1.8180310726165771,2.892249345779419,-0.07536657154560089,2.2594552040100098,-0.4710163474082947
404,8.08,0.0,0.30000001192092896,0.0,0.0057201385498046875,0.3324817419052124,-0.18245859444141388,-0.07646486163139343,-0.2830702066421509,0.07576149702072144,0,1,1,0,1.241459608078003,0.8155865669250488,0.791321337223053,2.225147008895874,1.8526407480239868,1.7685234546661377,1.8424878120422363,0.6612221598625183,0.5277820825576782,-1.143789291381836,-0.5264298319816589,-1.3392046689987183,0.27166396379470825,0.0587274432182312,0.9192594289779663,1.6361722946166992,0.4899880588054657,0.44792941212654114,0.48491159081459045,-0.10572123527526855,2.183753252029419,1.347967505455017,1.6566472053527832,1.2502598762512207,0.006692006718367338,0.07003127038478851,0.9542937874794006,1.0469890832901,3.965671112382552e-06,-0.03457077592611313,-0.12546810507774353,-0.2012934684753418,2.1587822437286377,1.3915921449661255,1.5648874044418335,1.3931829929351807,2.9996602535247803,-1.2272930145263672,-0.7805952429771423,-0.07001733779907227,0.00012158024037489668,-0.29654309153556824,-1.7151179313659668,3.007044792175293,2.2797670364379883,0.04777904972434044,2.355901002883911,0.26369261741638184
405,8.1,0.0,0.30000001192092896,0.0,0.03451789915561676,0.3466339111328125,-0.16417858004570007,-0.10424738377332687,0.04812885820865631,-0.012548049911856651,0,1,1,0,1.3351514339447021,0.7630630731582642,0.6660066843032837,2.2786216735839844,1.9838430881500244,1.7384618520736694,1.7783235311508179,0.7040380835533142,0.4317896366119385,-1.1257364749908447,-0.5668689012527466,-1.3418246507644653,0.31850987672805786,0.03246569633483887,0.856602132320404,1.6629096269607544,0.5555891990661621,0.432898610830307,0.4528294503688812,-0.0843132734298706,2.1357569694519043,1.3569939136505127,1.636427640914917,1.2489497661590576,0.06667716801166534,0.04689781367778778,0.9382040500640869,1.0440782308578491,5.973020051897038e-06,-0.046243563294410706,-0.15479953587055206,-0.14095306396484375,2.1802303791046143,1.3942134380340576,1.6089284420013428,1.4024862051010132,2.9994874000549316,-1.065909743309021,-0.813886284828186,-0.19763311743736267,-0.00021647872927132994,-0.7326337695121765,-1.1310787200927734,3.006974458694458,0.16931259632110596,0.13495834171772003,1.9798799753189087,0.5642334222793579
406,8.120000000000001,0.0,0.30000001192092896,0.0,0.046739086508750916,0.3040226995944977,-0.022199731320142746,0.29131194949150085,-0.42132529616355896,-0.07341723889112473,0,1,1,1,1.3583121299743652,0.6113731861114502,0.5718528032302856,2.233957529067993,1.9262616634368896,1.4340537786483765,1.6480592489242554,0.9991990327835083,0.2530592381954193,-1.1725044250488281,-0.6463373303413391,-1.318044662475586,0.3300902247428894,-0.043379247188568115,0.809525191783905,1.6405775547027588,0.5267984867095947,0.2806945741176605,0.3876973092556,0.06326720118522644,2.046391725540161,1.333609938621521,1.596693515777588,1.260839819908142,0.12395011633634567,0.023907342925667763,0.9175572395324707,1.039489507675171,5.2558325478457846e-06,-0.05510106310248375,-0.1723312884569168,-0.10557841509580612,2.150092363357544,1.3959137201309204,1.6417192220687866,1.4190839529037476,2.675658702850342,-1.2669833898544312,-1.3681730031967163,-0.13135789334774017,-0.000494574080221355,0.2876494824886322,-0.5574789643287659,0.2165314108133316,-2.502854824066162,-0.2937502861022949,1.188209891319275,1.5821162462234497
407,8.14,0.0,0.30000001192092896,0.0,0.07236622273921967,0.1919838786125183,0.0478639118373394,0.5183879733085632,0.4999687671661377,-0.04285524785518646,1,0,1,1,0.9133076667785645,0.8162615299224854,0.8229389786720276,1.5025169849395752,1.8292746543884277,-0.05489121377468109,1.1117143630981445,1.8670474290847778,-0.05693560093641281,-1.1588903665542603,-0.7000122666358948,-1.3089839220046997,0.10758799314498901,0.05906492471694946,0.9350682497024536,1.2748572826385498,0.47830501198768616,-0.46377792954444885,0.11952486634254456,0.4971913993358612,1.8913943767547607,1.3404169082641602,1.56985604763031,1.2653701305389404,0.15867093205451965,0.010912352241575718,0.8936247229576111,1.029558539390564,0.0001209433248732239,-0.1043163612484932,-0.15864098072052002,-0.10319119691848755,2.100184679031372,1.4015766382217407,1.6552032232284546,1.4469331502914429,0.1816559135913849,-0.22075098752975464,-0.6699552536010742,-0.6153439283370972,-0.028248518705368042,-2.9453535079956055,1.6235305070877075,-0.005418248474597931,-0.44009196758270264,0.5269576907157898,-0.2760446071624756,1.0685807466506958
408,8.16,0.0,0.30000001192092896,0.0,0.08058662712574005,0.25633618235588074,0.08975276350975037,0.000901978462934494,0.08813310414552689,0.07215990871191025,1,0,0,1,0.6525574326515198,1.3178341388702393,1.2813650369644165,0.79607093334198,2.4731826782226562,-0.5540854334831238,-0.259226530790329,1.5368937253952026,-0.4328300952911377,-1.2148206233978271,-0.9773383140563965,-0.8341978192329407,-0.022787123918533325,0.3098512291908264,1.1642813682556152,0.9216342568397522,0.800258994102478,-0.7133750319480896,-0.565945565700531,0.3321145474910736,1.7034471035003662,1.3124518394470215,1.4311929941177368,1.502763271331787,0.13338898122310638,0.022737745195627213,0.8996241688728333,1.021044373512268,0.0004089578869752586,-0.16386456787586212,-0.1931305080652237,-0.1062793880701065,2.0820319652557373,1.4139117002487183,1.608888030052185,1.4681923389434814,-1.5605226755142212,1.1986455917358398,0.9387029409408569,-0.3912973999977112,0.04327745363116264,-2.9985544681549072,-2.9704184532165527,0.03418976813554764,-1.0794944763183594,0.5722518563270569,-2.9972140789031982,1.0810750722885132
409,8.18,0.0,0.30000001192092896,0.0,0.029592007398605347,0.27124011516571045,0.07213349640369415,-0.047320663928985596,0.01661600172519684,-0.008239134214818478,1,0,0,1,0.7511324882507324,1.4550178050994873,1.6914833784103394,0.8580894470214844,2.26369047164917,0.0670933797955513,0.01987471431493759,1.5208873748779297,0.09170549362897873,-0.33674442768096924,-1.4323036670684814,-0.7819375395774841,0.026500403881072998,0.37844306230545044,1.369340419769287,0.9526435136795044,0.6955128908157349,-0.40278562903404236,-0.4263949692249298,0.32411137223243713,1.965714931488037,1.7514898777008057,1.2037103176116943,1.5288933515548706,0.10159686952829361,0.05891836807131767,0.9299163818359375,1.0133668184280396,-9.889092325465754e-06,-0.22424550354480743,-0.2524038553237915,-0.10603342205286026,2.06449031829834,1.4687256813049316,1.5489202737808228,1.48930823802948,-1.6530500650405884,2.193986415863037,1.9195011854171753,-0.4014431834220886,0.05148773640394211,-3.006348133087158,-2.973659038543701,0.0522979199886322,-0.871015191078186,2.997232437133789,-2.9987127780914307,0.9737325310707092
410,8.2,0.0,0.30000001192092896,0.0,0.039073213934898376,0.2536441385746002,0.07512803375720978,-0.15896767377853394,-0.1060798317193985,0.04670388996601105,1,0,0,1,0.8696740865707397,1.5170409679412842,1.644446849822998,1.0628538131713867,2.22477388381958,0.366898775100708,0.6323009729385376,1.5847854614257812,0.16244211792945862,-0.24683262407779694,-1.4559946060180664,-0.6708563566207886,0.08577120304107666,0.4094546437263489,1.3458222150802612,1.0550256967544556,0.6760545969009399,-0.2528829276561737,-0.12018182873725891,0.3560604155063629,2.0010831356048584,1.7964458465576172,1.1918648481369019,1.5844340324401855,0.07366720587015152,0.10553824156522751,0.9727062582969666,1.0064985752105713,-0.00014160072896629572,-0.2677956819534302,-0.27089378237724304,-0.10518384724855423,2.0477089881896973,1.5287011861801147,1.4888904094696045,1.5081920623779297,-1.1616833209991455,2.3301217555999756,2.2241575717926025,-0.2873970568180084,0.02811684086918831,-1.4394073486328125,0.6137435436248779,0.14815497398376465,-0.9446913599967957,2.999962091445923,-3.0019686222076416,0.8420776128768921
411,8.22,0.0,0.30000001192092896,0.0,0.020989373326301575,0.2896294891834259,0.044784609228372574,-0.1827709674835205,-0.21327301859855652,0.06658598780632019,1,0,0,1,0.7360796332359314,1.6547956466674805,1.6474623680114746,0.8743836879730225,2.2408370971679688,0.4348180294036865,0.7794746160507202,1.520641565322876,0.22442112863063812,-0.6150903701782227,-1.3381288051605225,-0.5947786569595337,0.018973976373672485,0.478331983089447,1.3473299741744995,0.9607906341552734,0.6840862035751343,-0.21892330050468445,-0.0465950071811676,0.3239884674549103,2.0320727825164795,1.6123169660568237,1.2507977485656738,1.6224727630615234,0.04905099794268608,0.14762477576732635,1.0143258571624756,0.9995250105857849,-0.0029323699418455362,-0.276864618062973,-0.22469492256641388,-0.1038670465350151,2.0316343307495117,1.5835254192352295,1.4338654279708862,1.5275983810424805,-1.2451025247573853,1.82541024684906,1.887233853340149,-0.357891708612442,-0.2868475615978241,0.3480282723903656,3.002614736557007,0.120769202709198,-0.7515292167663574,2.354738712310791,-2.2945213317871094,1.009352684020996
412,8.24,0.0,0.30000001192092896,0.0,-0.0008821636438369751,0.3457072377204895,0.016634853556752205,-0.2894039750099182,-0.1797267347574234,0.05271429941058159,1,0,0,1,0.6568173170089722,1.745328426361084,1.6297658681869507,0.8361064791679382,2.127983570098877,0.265941858291626,0.7422895431518555,1.4946012496948242,0.08915083855390549,-1.013161540031433,-1.298504114151001,-0.5891473293304443,-0.02065718173980713,0.5235983729362488,1.3384816646575928,0.9416520595550537,0.6276594400405884,-0.3033613860607147,-0.06518754363059998,0.3109683096408844,1.9644376039505005,1.4132814407348633,1.2706100940704346,1.625288486480713,0.021233446896076202,0.17518582940101624,1.0447118282318115,0.9904896020889282,-0.008247914724051952,-0.2702594995498657,-0.16413767635822296,-0.10649792850017548,2.017106533050537,1.5735398530960083,1.4029157161712646,1.5517761707305908,-1.4612404108047485,0.9705662727355957,1.1841471195220947,-0.5150870084762573,-0.20422694087028503,0.27278465032577515,3.018256902694702,-0.19620174169540405,-0.8007490038871765,-2.3735196590423584,-0.913173496723175,1.29623281955719
413,8.26,0.0,0.30000001192092896,0.0,0.038965240120887756,0.36768192052841187,0.11696971952915192,-0.190364807844162,0.41883620619773865,0.10927403718233109,1,0,1,1,0.5596182346343994,1.8610222339630127,1.5435371398925781,0.7384482026100159,2.174769401550293,0.3830825984477997,1.1106998920440674,1.641031265258789,-0.11771128326654434,-1.2469967603683472,-1.355526328086853,-0.6163528561592102,-0.0692567229270935,0.5814452767372131,1.2953673601150513,0.8928228616714478,0.6510523557662964,-0.24479101598262787,0.11901763081550598,0.3841833174228668,1.861006498336792,1.2963638305664062,1.2420990467071533,1.6116857528686523,-0.011219765990972519,0.18577635288238525,1.0445098876953125,0.9785690903663635,-0.004091858863830566,-0.25781628489494324,-0.11401896178722382,-0.1129928007721901,1.9931303262710571,1.5146886110305786,1.397546648979187,1.5795667171478271,-1.5565006732940674,0.19489292800426483,-0.27254873514175415,-1.1251862049102783,1.0604325532913208,0.4766661524772644,0.2255602478981018,-0.4709319472312927,-1.995589256286621,-3.0008771419525146,1.152398705482483,1.3906431198120117
414,8.28,0.0,0.30000001192092896,0.0,0.02392737567424774,0.3418015241622925,0.20392878353595734,0.09668178856372833,-0.13445860147476196,0.10252354294061661,1,0,1,1,0.467455118894577,2.0386977195739746,1.3649966716766357,0.8816268444061279,2.036752700805664,0.7173437476158142,1.798688530921936,2.3019158840179443,-0.2369363158941269,-1.6844825744628906,-1.2106263637542725,-0.9351716041564941,-0.1153382807970047,0.6702830195426941,1.20609712600708,0.9644122123718262,0.5820440053939819,-0.0776604413986206,0.4630119502544403,0.7146255970001221,1.801393985748291,1.0776208639144897,1.3145489692687988,1.452276349067688,-0.04896645247936249,0.18496206402778625,1.0347671508789062,0.9616554379463196,8.519445691490546e-05,-0.21345926821231842,-0.10590699315071106,-0.10127599537372589,1.9537204504013062,1.4561188220977783,1.4142591953277588,1.5935609340667725,-1.9595613479614258,-0.19948366284370422,-0.6447945237159729,-0.7735986113548279,-0.029848672449588776,3.0039751529693604,0.6718237996101379,1.2716917991638184,-2.0151665210723877,-2.6856024265289307,0.5665279030799866,0.2444460690021515
415,8.3,0.0,0.30000001192092896,0.0,-0.054317474365234375,0.3474068343639374,0.24745243787765503,0.5238921642303467,0.05249033868312836,0.14968596398830414,1,0,1,1,0.2838290333747864,1.9016406536102295,1.2155842781066895,0.5208956599235535,1.7965171337127686,0.9332465529441833,1.729075312614441,1.4760053157806396,-0.19736911356449127,-1.6476446390151978,-1.1732949018478394,-1.0340313911437988,-0.20715132355690002,0.6017544865608215,1.131390929222107,0.7840466499328613,0.46192625164985657,0.030290961265563965,0.42820534110069275,0.3016703426837921,1.82117760181427,1.0960397720336914,1.3332147598266602,1.4028464555740356,-0.09588108211755753,0.17707844078540802,1.0237735509872437,0.9378174543380737,3.5462682717479765e-05,-0.1536363661289215,-0.08169656246900558,-0.07037879526615143,1.9203377962112427,1.4142684936523438,1.4231047630310059,1.5919393301010132,-2.55861234664917,-0.5182886123657227,-0.4457640051841736,-1.5014625787734985,0.004962042905390263,2.9956204891204834,1.679710865020752,1.8137298822402954,-1.6501103639602661,-1.513707160949707,0.3242265284061432,-0.35976341366767883
416,8.32,0.0,0.30000001192092896,0.0,-0.006883174180984497,0.30747151374816895,0.05784560367465019,0.4843718409538269,0.9397968053817749,0.08019649237394333,0,0,1,0,0.35612356662750244,1.5545616149902344,1.1132290363311768,0.9476026296615601,1.1868152618408203,1.3512625694274902,1.526589274406433,-0.19363227486610413,-0.016859732568264008,-1.5512983798980713,-1.1240793466567993,-1.0346013307571411,-0.171004056930542,0.428214967250824,1.0802133083343506,0.9974001049995422,0.15707531571388245,0.2392989695072174,0.32696232199668884,-0.533148467540741,1.9114322662353516,1.1442129611968994,1.3578224182128906,1.4025614261627197,-0.1452629417181015,0.1674538552761078,1.021155834197998,0.9220958948135376,-3.015411493834108e-06,-0.0936996340751648,-0.044547270983457565,-0.10830690711736679,1.8991960287094116,1.3958632946014404,1.429939866065979,1.5526103973388672,-2.279860258102417,-0.46591275930404663,0.017912717536091805,-0.15460963547229767,4.8113794036908075e-05,2.9967076778411865,1.9710685014724731,-3.0021746158599854,-0.6254798173904419,-0.4057813286781311,0.32585617899894714,-3.00022029876709
417,8.34,0.0,0.30000001192092896,0.0,-0.0017381608486175537,0.25970447063446045,0.019856534898281097,-0.0014512259513139725,0.0334833487868309,0.13173191249370575,0,1,1,0,0.5279495120048523,1.147786021232605,1.0709214210510254,2.035914421081543,0.5435432195663452,1.4197492599487305,1.7579954862594604,-0.0502348318696022,0.7080250978469849,-1.1318838596343994,-0.8680599331855774,-1.4226224422454834,-0.08509108424186707,0.22482717037200928,1.059059500694275,1.5415560007095337,-0.1645607054233551,0.2735423147678375,0.4426654279232025,-0.4614497423171997,2.2738747596740723,1.3539202213287354,1.4858322143554688,1.2085509300231934,-0.16946399211883545,0.15104146301746368,1.0188968181610107,0.9343255162239075,-0.03095170482993126,-0.06273630261421204,-0.024499723687767982,-0.1673937439918518,1.9493516683578491,1.3872994184494019,1.4445116519927979,1.4925930500030518,-0.36550667881965637,-1.0595197677612305,-0.37682193517684937,1.1741883754730225,-2.3641319274902344,-0.17301824688911438,-0.17753472924232483,-3.018392324447632,3.0003416538238525,-0.16875946521759033,1.102277398109436,-2.9932916164398193
418,8.36,0.0,0.30000001192092896,0.0,0.05509310960769653,0.2409931719303131,-0.03285668417811394,-0.30710139870643616,-0.07802252471446991,0.12411881238222122,0,1,1,0,0.6987060904502869,1.0797314643859863,0.7894110679626465,2.243934392929077,0.9454381465911865,1.8194665908813477,1.8557134866714478,0.08779295533895493,0.8080334663391113,-1.2213667631149292,-0.7659795880317688,-1.307706356048584,0.0002872049808502197,0.19079989194869995,0.9183043241500854,1.6455659866333008,0.03638675808906555,0.4734009802341461,0.49152442812919617,-0.39243584871292114,2.323878765106201,1.3091788291931152,1.536872386932373,1.266008973121643,-0.15051300823688507,0.13262049853801727,1.011422038078308,0.9656500816345215,-0.049566324800252914,-0.059054795652627945,-0.035118937492370605,-0.22714994847774506,2.0093584060668945,1.3824992179870605,1.4671175479888916,1.439162015914917,1.8933937549591064,-0.7957538962364197,-0.405057817697525,1.812986969947815,0.1891648769378662,0.36362212896347046,-0.8142139911651611,-2.9936110973358154,3.0003182888031006,-0.22519543766975403,1.1299068927764893,-2.2396626472473145
419,8.38,0.0,0.30000001192092896,0.0,0.06693501770496368,0.26671987771987915,-0.08914163708686829,-0.36058053374290466,-0.2963576018810272,0.06488312780857086,0,1,1,0,0.8189241290092468,0.9205322861671448,0.7608173489570618,2.2580113410949707,1.1609951257705688,1.6901335716247559,1.8384040594100952,0.4392944574356079,0.6237453818321228,-1.2120918035507202,-0.5848937034606934,-1.3115736246109009,0.0603962242603302,0.11120030283927917,0.9040074348449707,1.6526044607162476,0.1441652476787567,0.4087344706058502,0.4828697144985199,-0.21668508648872375,2.2317347526550293,1.3138163089752197,1.6274152994155884,1.2640752792358398,-0.09525132179260254,0.11625154316425323,1.0002644062042236,1.0020197629928589,-0.025819700211286545,-0.04946232587099075,-0.06076176464557648,-0.26641228795051575,2.0693612098693848,1.379287600517273,1.4965569972991943,1.4059702157974243,3.0002832412719727,-0.7936577200889587,-0.7047050595283508,1.7655410766601562,1.8499478101730347,0.5406715273857117,-1.513620376586914,-1.1061128377914429,3.000115394592285,-0.17536818981170654,1.646610975265503,-1.1219028234481812
420,8.4,0.0,0.30000001192092896,0.0,0.04176023602485657,0.3040984869003296,-0.16869458556175232,-0.06072509288787842,-0.6434049606323242,0.03695583716034889,0,1,1,0,1.0504118204116821,0.8374145030975342,0.8064525127410889,2.3121535778045654,1.44305419921875,1.7207114696502686,1.840683937072754,0.661672055721283,0.524006724357605,-1.1927788257598877,-0.4647544324398041,-1.325999140739441,0.17614006996154785,0.06964141130447388,0.9268250465393066,1.679675579071045,0.2851947844028473,0.42402341961860657,0.48400965332984924,-0.10549628734588623,2.1818654537200928,1.3234727382659912,1.6874849796295166,1.2568626403808594,-0.03525892645120621,0.09644869714975357,0.9817330241203308,1.0322304964065552,2.3170653093984583e-06,-0.04052149876952171,-0.09881912916898727,-0.2521703541278839,2.1288957595825195,1.3774099349975586,1.5378056764602661,1.3933546543121338,2.999891519546509,-1.1722676753997803,-1.1366444826126099,1.2531660795211792,0.00025029349490068853,0.3441278338432312,-2.1297104358673096,2.0450403690338135,2.8619024753570557,0.030057255178689957,2.3367161750793457,-0.21634572744369507
421,8.42,0.0,0.30000001192092896,0.0,0.016799136996269226,0.3342720568180084,-0.19619345664978027,0.002810269594192505,-0.36951759457588196,0.06170564144849777,0,1,1,0,1.2628382444381714,0.8196661472320557,0.8163065910339355,2.289729595184326,1.8877506256103516,1.8549140691757202,1.8807083368301392,0.6468372344970703,0.608291745185852,-1.1609857082366943,-0.44935232400894165,-1.3437904119491577,0.2823532819747925,0.06076723337173462,0.93175208568573,1.6684635877609253,0.5075429677963257,0.4911247193813324,0.5040218830108643,-0.11291369795799255,2.224008083343506,1.339369297027588,1.6951860189437866,1.247967004776001,0.0247381329536438,0.0715910792350769,0.9604689478874207,1.047201156616211,3.1643285183236003e-06,-0.04125849902629852,-0.13983552157878876,-0.1978570520877838,2.1857266426086426,1.379870057106018,1.586371898651123,1.3958539962768555,2.9996938705444336,-1.297459602355957,-0.9212521314620972,-0.0017826261464506388,0.0001801571052055806,-0.327663779258728,-1.8269354104995728,3.0063560009002686,2.5892903804779053,0.16157560050487518,2.4080886840820312,0.3652874529361725
422,8.44,0.0,0.30000001192092896,0.0,0.036599814891815186,0.3523308336734772,-0.17746354639530182,-0.022551562637090683,-0.0046629286371171474,-0.00786304660141468,0,1,1,0,1.3557209968566895,0.7550502419471741,0.6969404220581055,2.334444522857666,2.0075016021728516,1.839512586593628,1.8141776323318481,0.6878565549850464,0.5176223516464233,-1.1298779249191284,-0.4832667410373688,-1.3467150926589966,0.3287946581840515,0.028459280729293823,0.8720690011978149,1.6908210515975952,0.5674184560775757,0.48342397809028625,0.47075650095939636,-0.09240403771400452,2.178673267364502,1.3549232482910156,1.678228735923767,1.246504545211792,0.08454860746860504,0.04679127037525177,0.9420462846755981,1.0449116230010986,5.869943834113656e-06,-0.05427563562989235,-0.17074784636497498,-0.13770116865634918,2.2146430015563965,1.3847596645355225,1.6316107511520386,1.405773639678955,2.94686222076416,-1.1512267589569092,-0.9023128747940063,-0.195033997297287,-0.0001705923059489578,-0.8247696757316589,-1.1852465867996216,2.952739715576172,0.5544255971908569,0.24640539288520813,2.046660900115967,0.5480508804321289
423,8.46,0.0,0.30000001192092896,0.0,0.04279525578022003,0.31770166754722595,-0.03720550984144211,0.35530850291252136,-0.4215161204338074,-0.08629060536623001,0,1,1,1,1.3796225786209106,0.6046299934387207,0.5790874361991882,2.309058904647827,1.9447283744812012,1.5782897472381592,1.6945210695266724,0.9585220217704773,0.357891321182251,-1.1598105430603027,-0.5572158098220825,-1.3349028825759888,0.3407454490661621,-0.04675084352493286,0.8131425380706787,1.6781282424926758,0.5360318422317505,0.3528125584125519,0.41092821955680847,0.04292869567871094,2.0988078117370605,1.3399568796157837,1.641254186630249,1.252410650253296,0.13833309710025787,0.022485697641968727,0.9193541407585144,1.0401982069015503,5.23088328918675e-06,-0.06458782404661179,-0.1891147941350937,-0.10342139005661011,2.1933767795562744,1.3876394033432007,1.6661791801452637,1.4243736267089844,2.407252788543701,-1.3220335245132446,-1.4372445344924927,-0.19344136118888855,-0.00044242263538762927,0.07528747618198395,-0.5672491192817688,0.37965357303619385,-2.058389663696289,-0.2853948175907135,1.3068373203277588,1.512731909751892
424,8.48,0.0,0.30000001192092896,0.0,0.0751589983701706,0.2023773044347763,0.056107088923454285,0.5309765934944153,0.44296759366989136,0.02680996060371399,1,0,1,1,1.004103422164917,0.7332085967063904,0.8036645650863647,1.589870572090149,1.951578140258789,0.07928188145160675,1.095369815826416,1.8264158964157104,-0.02123827487230301,-1.2364656925201416,-0.6332570910453796,-1.2951323986053467,0.15298587083816528,0.017538458108901978,0.9254310727119446,1.3185341358184814,0.5394567251205444,-0.39669138193130493,0.1113525927066803,0.4768756330013275,1.9092429876327515,1.3016293048858643,1.6032335758209229,1.2722959518432617,0.17120403051376343,0.0027324261609464884,0.8958835601806641,1.0289665460586548,3.071044557145797e-05,-0.11224450916051865,-0.17515696585178375,-0.10036686062812805,2.1495025157928467,1.3950614929199219,1.679064154624939,1.452846646308899,0.3420834243297577,-0.7420088648796082,-0.4232378900051117,-0.7126029133796692,-0.13821765780448914,-3.007988691329956,1.6397475004196167,-0.128598153591156,-0.7258689403533936,0.6919336318969727,-0.5590072274208069,1.056700587272644
425,8.5,0.0,0.30000001192092896,0.0,0.08284054696559906,0.2644434869289398,0.10906343162059784,-0.05282869562506676,0.048634350299835205,0.044824715703725815,1,0,0,1,0.6479930281639099,1.2630400657653809,1.337801218032837,0.8365299701690674,2.498965263366699,-0.6233671307563782,-0.6746586561203003,1.3974626064300537,-0.38520389795303345,-1.2439806461334229,-0.9829657673835754,-0.8515428900718689,-0.025069326162338257,0.2824541926383972,1.1924993991851807,0.9418637752532959,0.8131502866744995,-0.7480158805847168,-0.7736616134643555,0.26239898800849915,1.7272602319717407,1.2978718280792236,1.4283792972564697,1.4940906763076782,0.14547255635261536,0.008252181112766266,0.9048686027526855,1.0210466384887695,0.00031380943255499005,-0.1717274934053421,-0.21873308718204498,-0.10170150548219681,2.129518985748291,1.4109588861465454,1.6290518045425415,1.473024606704712,-1.7497098445892334,1.060547113418579,1.0098609924316406,-0.2959868609905243,-0.04332716017961502,-2.9948394298553467,-2.962236166000366,0.1706574261188507,-1.3004505634307861,0.7409417629241943,-2.9979543685913086,1.010941505432129
426,8.52,0.0,0.30000001192092896,0.0,0.03170934319496155,0.2939254939556122,0.08063969016075134,-0.06623289734125137,0.0209018737077713,-0.03335220739245415,1,0,0,1,0.7482710480690002,1.4084898233413696,1.7499315738677979,0.8160115480422974,2.2092056274414062,0.021573759615421295,-0.37096384167671204,1.352564811706543,0.16254399716854095,-0.3806924521923065,-1.4631003141403198,-0.7418977618217468,0.02506968379020691,0.3551790714263916,1.3985645771026611,0.9316045641899109,0.668270468711853,-0.42554542422294617,-0.6218142509460449,0.23995009064674377,2.001134157180786,1.7295159101486206,1.18831205368042,1.5489132404327393,0.10928360372781754,0.04368086904287338,0.935320258140564,1.014065146446228,1.2486982086556964e-05,-0.23207096755504608,-0.2780468165874481,-0.1002962589263916,2.1102993488311768,1.4661056995391846,1.569089651107788,1.4940447807312012,-1.9208245277404785,2.240400552749634,1.8913096189498901,-0.40247485041618347,0.034236300736665726,-3.002307653427124,-2.9792189598083496,0.059659458696842194,-0.9418479204177856,2.997969388961792,-2.998939275741577,1.023223638534546
427,8.540000000000001,0.0,0.30000001192092896,0.0,0.03630825877189636,0.27386170625686646,0.07280148565769196,-0.3125036060810089,-0.20795795321464539,0.035388633608818054,1,0,0,1,0.913360595703125,1.4694167375564575,1.6812832355499268,1.080428957939148,2.1777737140655518,0.3567197620868683,0.3241758346557617,1.4508006572723389,0.24099551141262054,-0.2708538770675659,-1.4796843528747559,-0.6462013721466064,0.10761445760726929,0.38564252853393555,1.3642404079437256,1.0638132095336914,0.6525545120239258,-0.2579724192619324,-0.27424439787864685,0.2890680134296417,2.0403599739074707,1.7844352722167969,1.1800199747085571,1.5967614650726318,0.07942616194486618,0.09302209317684174,0.9771053791046143,1.0084691047668457,-0.00015478816931135952,-0.2739163935184479,-0.31897929310798645,-0.09991506487131119,2.092116117477417,1.5260825157165527,1.5090558528900146,1.5140043497085571,-1.1236618757247925,2.5238289833068848,2.159714698791504,-0.181227445602417,0.019036009907722473,-1.3106731176376343,-1.2623906135559082,0.09287314862012863,-1.0070849657058716,3.0001301765441895,-3.0020482540130615,0.9139481782913208
428,8.56,0.0,0.30000001192092896,0.0,0.021146655082702637,0.3191498816013336,0.05756296589970589,-0.23848342895507812,-0.15913142263889313,0.02194955199956894,1,0,0,1,0.6854432225227356,1.6415016651153564,1.6436307430267334,0.8610478043556213,2.3211510181427,0.4728401303291321,0.852225661277771,1.5576733350753784,0.2725074291229248,-0.6193328499794006,-1.4127384424209595,-0.5705349445343018,-0.006344228982925415,0.471684992313385,1.345414161682129,0.9541226625442505,0.7242431640625,-0.19991225004196167,-0.010219484567642212,0.3425043523311615,2.0561158657073975,1.6101957559585571,1.2134928703308105,1.6345946788787842,0.05157698690891266,0.1398106962442398,1.016756296157837,1.00215482711792,-0.0007522792438976467,-0.2784845530986786,-0.28548601269721985,-0.09995641559362411,2.073213577270508,1.580622673034668,1.4504139423370361,1.534847378730774,-1.5433216094970703,2.0816264152526855,1.7657325267791748,-0.370998740196228,-0.11270511895418167,0.6641907095909119,3.002324342727661,0.04841884225606918,-0.9351406693458557,2.3362529277801514,-2.6652469635009766,1.081475853919983
429,8.58,0.0,0.30000001192092896,0.0,-0.00466001033782959,0.3499257564544678,0.01456434279680252,-0.3200776278972626,-0.21041804552078247,0.0573989562690258,1,0,0,1,0.703508734703064,1.7661305665969849,1.71230149269104,0.8536813855171204,2.1631250381469727,0.26423245668411255,0.638277530670166,1.482572078704834,0.22395889461040497,-1.0142407417297363,-1.3137964010238647,-0.593185305595398,0.0026885271072387695,0.5339994430541992,1.3797495365142822,0.950439453125,0.6452301740646362,-0.30421608686447144,-0.1171935498714447,0.3049537241458893,2.031841516494751,1.412741780281067,1.2629640102386475,1.6232695579528809,0.02064361423254013,0.17263515293598175,1.0456007719039917,0.9931338429450989,-0.005308125633746386,-0.26702412962913513,-0.22501397132873535,-0.10302812606096268,2.057464838027954,1.5712810754776,1.4109110832214355,1.559545636177063,-1.5032066106796265,1.225256323814392,1.1455544233322144,-0.5062485933303833,-0.27015501260757446,0.44611799716949463,3.0131964683532715,-0.18280914425849915,-0.770237386226654,-2.3109288215637207,-1.3432228565216064,1.2869175672531128
430,8.6,0.0,0.30000001192092896,0.0,-0.026363030076026917,0.4331202208995819,0.04331647977232933,-0.518924355506897,-0.21802125871181488,0.04088790342211723,1,0,0,1,0.5429757237434387,1.8763480186462402,1.5834095478057861,0.7422401309013367,2.237213134765625,0.39539575576782227,1.0620197057724,1.602262258529663,-0.0005592191591858864,-1.270820140838623,-1.3607431650161743,-0.5853436589241028,-0.07757797837257385,0.5891081690788269,1.3153035640716553,0.8947188854217529,0.6822742223739624,-0.23863443732261658,0.09467753767967224,0.36479881405830383,1.919582486152649,1.2844520807266235,1.2394905090332031,1.627190351486206,-0.014009644277393818,0.18751607835292816,1.0455679893493652,0.9824124574661255,-0.006142109632492065,-0.2502582371234894,-0.16446249186992645,-0.10892204940319061,2.036912202835083,1.5127103328704834,1.396817684173584,1.5875357389450073,-1.7386221885681152,0.3187360167503357,-0.17692223191261292,-0.6439921855926514,0.17888687551021576,1.0430697202682495,3.019447088241577,-0.22937631607055664,-1.265547275543213,-3.0030486583709717,-0.20568037033081055,1.3711960315704346
431,8.620000000000001,0.0,0.30000001192092896,0.0,0.05387675762176514,0.40076467394828796,0.13692991435527802,-0.044849179685115814,0.2530876398086548,0.21296939253807068,1,0,1,1,0.5114225745201111,1.9959309101104736,1.4319208860397339,0.8383201956748962,2.227219581604004,0.3332939147949219,1.2589200735092163,1.7463351488113403,-0.25729745626449585,-1.6939278841018677,-1.4370263814926147,-0.6314271092414856,-0.09335455298423767,0.6488996148109436,1.2395591735839844,0.9427589178085327,0.6772774457931519,-0.2696853578090668,0.19312772154808044,0.43683525919914246,1.7912133932113647,1.0728981494903564,1.2013490200042725,1.6041486263275146,-0.04928436130285263,0.18680091202259064,1.0389422178268433,0.9641026854515076,0.0001440145424567163,-0.23850740492343903,-0.1389644891023636,-0.11323199421167374,1.9948140382766724,1.455783486366272,1.406838059425354,1.6140235662460327,-1.80387544631958,-0.3258196711540222,-0.3932546079158783,-1.1218645572662354,-0.04914175719022751,0.22115886211395264,0.6441652178764343,0.15344294905662537,-2.6080918312072754,-2.5348575115203857,0.7121087908744812,1.1992613077163696
432,8.64,0.0,0.30000001192092896,0.0,0.025696933269500732,0.3591412901878357,0.2400558590888977,0.20652566850185394,-0.0905013382434845,0.09986742585897446,1,0,1,1,0.3348607122898102,2.0858383178710938,1.3196988105773926,0.8576083183288574,2.135392189025879,0.8599172830581665,1.7176921367645264,2.0883450508117676,-0.1390196532011032,-1.9602015018463135,-1.1740421056747437,-0.8861130475997925,-0.18163548409938812,0.6938533186912537,1.1834481954574585,0.9524029493331909,0.6313637495040894,-0.006373673677444458,0.4225137531757355,0.6078401803970337,1.8503522872924805,0.9397614002227783,1.332841157913208,1.4768056869506836,-0.09315365552902222,0.1793154776096344,1.027347207069397,0.9444016218185425,2.8224658308317885e-05,-0.1932283639907837,-0.1243097186088562,-0.0926998108625412,1.9488766193389893,1.4140762090682983,1.4200990200042725,1.6241039037704468,-2.3954734802246094,-0.3922893702983856,-0.7004362344741821,-0.9340029358863831,-0.0035342350602149963,2.9968204498291016,1.026166319847107,1.600441336631775,-2.2363765239715576,-1.530397653579712,0.43318116664886475,0.035386599600315094
433,8.66,0.0,0.30000001192092896,0.0,-0.048788607120513916,0.34588444232940674,0.2739141583442688,0.6050234436988831,0.09732167422771454,0.14204001426696777,1,0,1,1,0.2269546091556549,1.8972163200378418,1.192458987236023,0.5329670310020447,1.8215066194534302,1.051237940788269,1.5872641801834106,1.1954617500305176,-0.18604639172554016,-1.9630345106124878,-1.1683109998703003,-0.9635699987411499,-0.23558853566646576,0.5995423197746277,1.119828224182129,0.7900823354721069,0.4744209945201874,0.08928665518760681,0.3572997748851776,0.16139855980873108,1.8268389701843262,0.9383448958396912,1.3357067108154297,1.4380772113800049,-0.1450011432170868,0.16961951553821564,1.0154954195022583,0.9176164269447327,1.9876180886058137e-05,-0.1333976686000824,-0.09348490834236145,-0.056694384664297104,1.9106234312057495,1.3962273597717285,1.425757646560669,1.6180651187896729,-2.681739330291748,-0.5330162644386292,-0.48026904463768005,-1.628819465637207,0.0019574370235204697,2.9979686737060547,1.9679489135742188,2.0206139087677,-1.8539578914642334,-0.3788723051548004,0.142877995967865,-0.5857945084571838
434,8.68,0.0,0.30000001192092896,0.0,-0.001802399754524231,0.29753655195236206,0.0795004665851593,0.5537635087966919,1.0166386365890503,0.056687504053115845,0,0,1,0,0.27577367424964905,1.5398962497711182,1.124267339706421,0.9720513224601746,1.2060774564743042,1.383968710899353,1.3673404455184937,-0.3675830662250519,-0.03088124841451645,-1.8148956298828125,-1.123855710029602,-0.9526811838150024,-0.2111790031194687,0.42088228464126587,1.0857324600219727,1.0096244812011719,0.1667064130306244,0.2556520402431488,0.24733790755271912,-0.6201238632202148,1.9044215679168701,1.0124143362045288,1.3579342365264893,1.443521499633789,-0.19510121643543243,0.1610945761203766,1.0126473903656006,0.9043217897415161,-3.548867880454054e-06,-0.07342462986707687,-0.04992629587650299,-0.09778432548046112,1.8877536058425903,1.3958265781402588,1.4283252954483032,1.5759903192520142,-2.241095542907715,-0.3694044053554535,-0.0016742143779993057,0.16019971668720245,6.881373701617122e-05,2.9989371299743652,2.286038875579834,-3.0037190914154053,-0.6276172399520874,0.26164451241493225,0.09676852822303772,-3.0002951622009277
435,8.700000000000001,0.0,0.30000001192092896,0.0,0.006920576095581055,0.24412627518177032,0.025596575811505318,0.0783279538154602,0.09650003165006638,0.14185002446174622,0,1,1,0,0.4806519150733948,1.070422649383545,1.084110975265503,2.0168049335479736,0.5148419737815857,1.3421231508255005,1.7037441730499268,-0.044853754341602325,0.6842620372772217,-1.3074874877929688,-0.8618831634521484,-1.3820077180862427,-0.10873988270759583,0.18614548444747925,1.0656542778015137,1.532001256942749,-0.17891132831573486,0.23472926020622253,0.41553977131843567,-0.4587591886520386,2.261993169784546,1.2661184072494507,1.4889205694198608,1.228858232498169,-0.21456587314605713,0.1454656571149826,1.0104392766952515,0.9237378835678101,-0.03358310088515282,-0.04436037689447403,-0.02488921955227852,-0.15688468515872955,1.9379171133041382,1.3940845727920532,1.4386909008026123,1.515964150428772,0.005186587572097778,-1.0926213264465332,-0.30429404973983765,1.5583032369613647,-2.581433057785034,-0.330582857131958,0.03282622620463371,-3.0209085941314697,3.0003416538238525,-0.07306709885597229,0.909310519695282,-2.998302698135376
436,8.72,0.0,0.30000001192092896,0.0,0.05432137846946716,0.22963416576385498,-0.040152035653591156,-0.19826769828796387,-0.07568355649709702,0.09058889746665955,0,1,1,0,0.6245732307434082,1.0282847881317139,0.7522827386856079,2.1939854621887207,0.8463696837425232,1.804222822189331,1.876857042312622,-0.007713651284575462,0.8025400042533875,-1.2557839155197144,-0.771414577960968,-1.2799910306930542,-0.03677922487258911,0.16507655382156372,0.8997401595115662,1.6205915212631226,-0.013147473335266113,0.4657790958881378,0.5020961761474609,-0.4401891529560089,2.321132183074951,1.2919702529907227,1.5341548919677734,1.2798666954040527,-0.18936948478221893,0.126593217253685,1.002238392829895,0.9625566601753235,-0.06401978433132172,-0.04456337168812752,-0.032453540712594986,-0.21656732261180878,1.9979242086410522,1.39180326461792,1.4593868255615234,1.4578701257705688,2.1437652111053467,-0.7863259315490723,-0.47611039876937866,2.1659352779388428,-0.6433737277984619,0.17178919911384583,-0.7150448560714722,-2.9913110733032227,3.000331401824951,-0.08405536413192749,1.0897386074066162,-2.6527366638183594
437,8.74,0.0,0.30000001192092896,0.0,0.06194813549518585,0.26955080032348633,-0.09233398735523224,-0.34446513652801514,-0.16207639873027802,0.05437348410487175,0,1,1,0,0.7459654211997986,0.876125693321228,0.7617266178131104,2.221733808517456,1.1411049365997314,1.715437650680542,1.8783296346664429,0.3556230962276459,0.6636133790016174,-1.2287781238555908,-0.6148045659065247,-1.300520420074463,0.02391687035560608,0.0889970064163208,0.9044620990753174,1.6344656944274902,0.134220153093338,0.4213865101337433,0.5028325319290161,-0.25852078199386597,2.251668930053711,1.3054730892181396,1.6124598979949951,1.2696019411087036,-0.1320302039384842,0.11037272214889526,0.9914111495018005,1.0043708086013794,-0.048177286982536316,-0.04010413587093353,-0.05470973998308182,-0.265285462141037,2.0579285621643066,1.3905521631240845,1.4879539012908936,1.4157397747039795,3.00046443939209,-0.7885507941246033,-0.6059949398040771,1.9634255170822144,1.7762025594711304,0.27034103870391846,-1.3111472129821777,-1.8946620225906372,3.000155448913574,-0.1185162141919136,1.5734797716140747,-1.5595831871032715
438,8.76,0.0,0.30000001192092896,0.0,0.03084653615951538,0.3111625909805298,-0.1402493268251419,-0.21070386469364166,-0.3408939838409424,0.023115281015634537,0,1,1,0,0.9908592700958252,0.8322731256484985,0.8110318183898926,2.341179609298706,1.4003312587738037,1.7011291980743408,1.834415316581726,0.6912139058113098,0.5299097299575806,-1.1811524629592896,-0.4904784858226776,-1.3302059173583984,0.14636379480361938,0.06707072257995605,0.9291146993637085,1.6941885948181152,0.26383331418037415,0.4142322838306427,0.4808753430843353,-0.0907253623008728,2.18481707572937,1.3292858600616455,1.674622893333435,1.2547591924667358,-0.07202460616827011,0.09222128242254257,0.9762181043624878,1.0372270345687866,-0.0027400031685829163,-0.03501466289162636,-0.08703018724918365,-0.2611696720123291,2.1178436279296875,1.3875948190689087,1.5268253087997437,1.3948094844818115,3.000025510787964,-0.9974398612976074,-0.848825216293335,1.3308075666427612,2.529327630996704,0.21317824721336365,-1.7028324604034424,1.7389397621154785,2.9645869731903076,-0.18637952208518982,2.114459991455078,-0.5835034847259521
439,8.78,0.0,0.30000001192092896,0.0,0.0030594170093536377,0.34342697262763977,-0.19966278970241547,0.009168177843093872,-0.39907586574554443,0.04197471961379051,0,1,1,0,1.3188577890396118,0.810849666595459,0.7650898098945618,2.378322124481201,1.7947636842727661,1.9324768781661987,1.919033169746399,0.7080391645431519,0.5194780230522156,-1.1402194499969482,-0.4584752023220062,-1.35820472240448,0.3103630542755127,0.05635899305343628,0.9061436653137207,1.7127598524093628,0.46104952692985535,0.529906153678894,0.5231842994689941,-0.08231273293495178,2.1796011924743652,1.349752426147461,1.6906245946884155,1.2407598495483398,-0.012041425332427025,0.06659980863332748,0.9556528925895691,1.0465773344039917,4.975597676093457e-06,-0.03569676727056503,-0.12790824472904205,-0.20551307499408722,2.1693637371063232,1.3879929780960083,1.5772298574447632,1.3924895524978638,2.9996185302734375,-1.3103344440460205,-0.9754887819290161,-0.11843536794185638,4.8786827392177656e-05,-0.30089178681373596,-1.8853733539581299,3.005415439605713,2.027921676635742,0.05852338671684265,2.5236101150512695,0.24519090354442596
440,8.8,0.0,0.30000001192092896,0.0,0.016305893659591675,0.3545708656311035,-0.18521001935005188,-0.030812326818704605,-0.021095938980579376,-0.025941651314496994,0,1,1,0,1.3531509637832642,0.7614102363586426,0.7192084789276123,2.360299587249756,2.0068249702453613,1.8389813899993896,1.8317689895629883,0.7245737314224243,0.5249521732330322,-1.0969765186309814,-0.49516209959983826,-1.3608392477035522,0.32750964164733887,0.031639277935028076,0.8832030296325684,1.7037485837936401,0.5670801401138306,0.4831583797931671,0.47955217957496643,-0.07404544949531555,2.182338237762451,1.3713738918304443,1.6722811460494995,1.2394425868988037,0.04794967919588089,0.04214172437787056,0.937125027179718,1.0425070524215698,4.021998847747454e-06,-0.04827823489904404,-0.16028635203838348,-0.14521031081676483,2.1962618827819824,1.3908472061157227,1.6251447200775146,1.40168035030365,2.999591112136841,-1.1193162202835083,-0.877634584903717,-0.2604138255119324,-7.308204658329487e-05,-0.8117319345474243,-1.2675038576126099,3.013035774230957,0.7724519968032837,0.15193791687488556,2.184058666229248,0.5669765472412109
441,8.82,0.0,0.30000001192092896,0.0,0.007681325078010559,0.3152145743370056,-0.026084696874022484,0.25808030366897583,-0.5324075222015381,-0.09914596378803253,0,1,1,1,1.3882510662078857,0.5927834510803223,0.5708438158035278,2.323046922683716,1.9421052932739258,1.6121370792388916,1.7229384183883667,0.9333811402320862,0.3487977981567383,-1.1286282539367676,-0.5627935528755188,-1.3375797271728516,0.34505969285964966,-0.05267411470413208,0.8090206980705261,1.6851222515106201,0.5347203016281128,0.3697362244129181,0.42513689398765564,0.03035825490951538,2.0942611694335938,1.3555480241775513,1.638465404510498,1.2510722875595093,0.10682518780231476,0.018147403374314308,0.9167463183403015,1.0367486476898193,5.241190137894591e-06,-0.06271582841873169,-0.1799253672361374,-0.10043443739414215,2.180722951889038,1.3945614099502563,1.6628128290176392,1.4141284227371216,2.8553242683410645,-1.1792293787002563,-1.398129940032959,-0.11072089523077011,-0.0003809236513916403,0.27560168504714966,-0.7593114376068115,-0.34146055579185486,-1.7313802242279053,0.12762364745140076,1.4725135564804077,2.4261622428894043
442,8.84,0.0,0.30000001192092896,0.0,0.056808918714523315,0.21372826397418976,0.023208260536193848,0.579581618309021,0.374824583530426,-0.03983605280518532,1,0,1,1,0.9597331881523132,0.7767312526702881,0.7952888011932373,1.680949091911316,1.8870521783828735,-0.09173384308815002,1.1140363216400146,1.9155223369598389,-0.1366690695285797,-1.2641537189483643,-0.6694928407669067,-1.3106192350387573,0.1308007538318634,0.03929978609085083,0.9212431907653809,1.3640732765197754,0.5071938037872314,-0.4821992516517639,0.12068584561347961,0.5214288234710693,1.8515275716781616,1.287785291671753,1.585115671157837,1.2645525932312012,0.15045063197612762,0.003666248871013522,0.8934011459350586,1.025827169418335,1.3475984815158881e-05,-0.112996906042099,-0.16885019838809967,-0.10175297409296036,2.130789279937744,1.405075192451477,1.6800143718719482,1.4461547136306763,0.8727930784225464,-0.38608190417289734,-0.5300329923629761,-0.7166039347648621,-0.517946183681488,-2.9915990829467773,1.400212049484253,-0.15317487716674805,-0.8425143957138062,0.672653079032898,-0.3153950870037079,1.1477105617523193
443,8.86,0.0,0.30000001192092896,0.0,0.07531167566776276,0.26814135909080505,0.0917821079492569,-0.10096827149391174,0.020914286375045776,0.07259239256381989,1,0,0,1,0.6257887482643127,1.2327338457107544,1.3209412097930908,0.8186349868774414,2.5051279067993164,-0.6687328219413757,-0.5165466070175171,1.4549119472503662,-0.4123392105102539,-1.2149726152420044,-0.986264169216156,-0.8452765941619873,-0.03617146611213684,0.267301082611084,1.1840693950653076,0.9329162836074829,0.8162316083908081,-0.7706987261772156,-0.6946055889129639,0.2911236584186554,1.713692545890808,1.312375783920288,1.4267300367355347,1.4972238540649414,0.12951843440532684,0.013861853629350662,0.9019936919212341,1.0174802541732788,0.00033532429370097816,-0.1723448932170868,-0.21135921776294708,-0.10569518804550171,2.1125566959381104,1.418540596961975,1.6312974691390991,1.468183159828186,-1.5758624076843262,1.2097525596618652,1.0318645238876343,-0.33062660694122314,-0.06396199762821198,-2.998643159866333,-2.9713966846466064,0.02605205774307251,-1.2775859832763672,0.5547705292701721,-2.996772050857544,1.0994333028793335
444,8.88,0.0,0.30000001192092896,0.0,0.013976097106933594,0.3003675043582916,0.06586205214262009,-0.09910155087709427,0.009899288415908813,-0.030988352373242378,1,0,0,1,0.6978886723518372,1.4318000078201294,1.72542142868042,0.7990149259567261,2.247249126434326,0.02919725328683853,-0.28514739871025085,1.3713958263397217,0.16910558938980103,-0.40599802136421204,-1.4498913288116455,-0.7487260103225708,-0.00012150406837463379,0.3668341636657715,1.3863095045089722,0.9231062531471252,0.687292218208313,-0.42173367738723755,-0.5789059996604919,0.24936559796333313,2.0044150352478027,1.7168631553649902,1.1949164867401123,1.5454990863800049,0.09516144543886185,0.051148176193237305,0.9330893158912659,1.009713888168335,-2.9425316824926995e-05,-0.23277489840984344,-0.2706267535686493,-0.10673458874225616,2.0944137573242188,1.4721994400024414,1.5713443756103516,1.4906253814697266,-1.8912779092788696,2.2842323780059814,1.9271173477172852,-0.44727465510368347,0.05406517535448074,-3.0083889961242676,-2.9737613201141357,-0.04489513859152794,-0.8754080533981323,2.996558666229248,-2.9981772899627686,1.0758874416351318
445,8.9,0.0,0.30000001192092896,0.0,0.02337433397769928,0.2785867154598236,0.06164651736617088,-0.33692169189453125,-0.24756354093551636,0.05674382299184799,1,0,0,1,0.8989474177360535,1.4775280952453613,1.6619240045547485,1.0902376174926758,2.1923465728759766,0.35873913764953613,0.37579354643821716,1.4593620300292969,0.22447283565998077,-0.2798199951648712,-1.4699794054031372,-0.6422425508499146,0.10040786862373352,0.38969820737838745,1.3545608520507812,1.0687175989151,0.6598409414291382,-0.25696274638175964,-0.24843554198741913,0.2933486998081207,2.0320985317230225,1.7799521684646606,1.1848723888397217,1.598740816116333,0.06646514683961868,0.10000431537628174,0.9757755994796753,1.003214955329895,-0.0007167444564402103,-0.2741304039955139,-0.30840688943862915,-0.10776329040527344,2.0775811672210693,1.5321789979934692,1.5113047361373901,1.511278748512268,-1.0480191707611084,2.4509494304656982,2.21050763130188,-0.22274373471736908,-0.0345815010368824,-1.2718627452850342,-1.0054681301116943,0.06261004507541656,-0.939035177230835,3.0001637935638428,-3.002197027206421,0.9173743724822998
446,8.92,0.0,0.30000001192092896,0.0,0.007083520293235779,0.32701584696769714,0.04832116886973381,-0.27853861451148987,-0.21340399980545044,0.03025725856423378,1,0,0,1,0.6622920036315918,1.6527961492538452,1.624650001525879,0.8582231402397156,2.324486255645752,0.461495578289032,0.8604418039321899,1.5526306629180908,0.25448042154312134,-0.646003782749176,-1.3955790996551514,-0.5620157718658447,-0.017919838428497314,0.4773322343826294,1.3359237909317017,0.9527103900909424,0.7259107828140259,-0.20558452606201172,-0.006111413240432739,0.3399830162525177,2.047102451324463,1.5968602895736694,1.2220726013183594,1.6388542652130127,0.03996264189481735,0.14478656649589539,1.0162975788116455,0.9962900280952454,-0.001982687273994088,-0.2785898745059967,-0.2725893557071686,-0.10855243355035782,2.0597188472747803,1.582198143005371,1.4525632858276367,1.5324794054031372,-1.483043909072876,1.960989236831665,1.799743413925171,-0.39013272523880005,-0.15498292446136475,0.6377164721488953,3.003865957260132,0.024494461715221405,-0.8823802471160889,1.976190447807312,-2.6837899684906006,1.0818678140640259
447,8.94,0.0,0.30000001192092896,0.0,-0.016780570149421692,0.3629906177520752,0.01173332054167986,-0.36765509843826294,-0.2775394022464752,0.06611499190330505,1,0,0,1,0.6797870993614197,1.77608060836792,1.685296893119812,0.8398556113243103,2.176313638687134,0.2676864564418793,0.6811302900314331,1.498300552368164,0.19014395773410797,-1.016759991645813,-1.3070182800292969,-0.5861365795135498,-0.009172290563583374,0.5389744639396667,1.3662471771240234,0.9435266256332397,0.6518244743347168,-0.30248910188674927,-0.09576717019081116,0.3128179609775543,2.0149340629577637,1.4114820957183838,1.2663530111312866,1.6267938613891602,0.010151045396924019,0.1749485582113266,1.0456211566925049,0.9870162010192871,-0.007287895306944847,-0.2670864462852478,-0.2120974212884903,-0.1116526871919632,2.0445120334625244,1.568119764328003,1.4123457670211792,1.5573294162750244,-1.4516526460647583,1.088999629020691,1.159731388092041,-0.5135653614997864,-0.2969542145729065,0.46522584557533264,3.014357805252075,-0.16323019564151764,-0.7617518305778503,-2.443901777267456,-1.3878403902053833,1.275431513786316
448,8.96,0.0,0.30000001192092896,0.0,-0.035647958517074585,0.44487708806991577,0.044389329850673676,-0.5758185386657715,-0.3075411915779114,0.046960026025772095,1,0,0,1,0.5334312915802002,1.888061761856079,1.5604068040847778,0.7424299120903015,2.2393949031829834,0.38868531584739685,1.094063639640808,1.6196843385696411,-0.027666009962558746,-1.2767889499664307,-1.3565752506256104,-0.584354043006897,-0.08235019445419312,0.5949650406837463,1.303802251815796,0.8948137760162354,0.6833651065826416,-0.24198965728282928,0.11069950461387634,0.37350985407829285,1.9060291051864624,1.2814676761627197,1.2415745258331299,1.6276850700378418,-0.023053957149386406,0.18749262392520905,1.0455416440963745,0.9765270948410034,-0.008703850209712982,-0.2503755986690521,-0.1515301614999771,-0.11666683107614517,2.0238637924194336,1.509049654006958,1.3973199129104614,1.5850560665130615,-1.6498932838439941,0.2206275463104248,-0.18143321573734283,-0.6172905564308167,0.15414965152740479,1.0219320058822632,3.020289659500122,-0.16650721430778503,-1.2810308933258057,-3.003065586090088,-0.24905698001384735,1.3378745317459106
449,8.98,0.0,0.30000001192092896,0.0,0.08041176199913025,0.38885194063186646,0.14926579594612122,0.10806208848953247,0.262093722820282,0.26399070024490356,1,0,1,1,0.501710832118988,2.003338575363159,1.4049961566925049,0.830787718296051,2.2201874256134033,0.3211544454097748,1.2737147808074951,1.7608411312103271,-0.28125491738319397,-1.7152278423309326,-1.4379863739013672,-0.6244505643844604,-0.0982104241847992,0.6526034474372864,1.2260968685150146,0.9389926195144653,0.6737613677978516,-0.2757551074028015,0.20052507519721985,0.44408825039863586,1.7792346477508545,1.0622482299804688,1.2008689641952515,1.6076369285583496,-0.05677591264247894,0.18543557822704315,1.0394904613494873,0.9546014070510864,0.00013415847206488252,-0.2438487857580185,-0.14176997542381287,-0.11934694647789001,1.9793596267700195,1.45253586769104,1.4164279699325562,1.6108229160308838,-1.7586803436279297,-0.39545783400535583,-0.3930020332336426,-1.2314503192901611,-0.04778076708316803,0.13465088605880737,0.890192449092865,0.3262086808681488,-2.3787600994110107,-2.4827682971954346,0.6130053997039795,1.171725869178772
450,9.0,0.0,0.30000001192092896,0.0,0.03725610673427582,0.34828054904937744,0.25345274806022644,0.32426917552948,-0.07920591533184052,0.07168325781822205,1,0,1,1,0.3035815954208374,2.0573408603668213,1.3490304946899414,0.862199604511261,2.2549047470092773,0.8198691010475159,1.6187924146652222,1.9138588905334473,-0.1379701942205429,-1.909833550453186,-1.197891116142273,-0.9157102108001709,-0.1972750425338745,0.6796045899391174,1.198114037513733,0.9546985626220703,0.6911200284957886,-0.026397764682769775,0.3730638921260834,0.5205971002578735,1.850877046585083,0.964945375919342,1.3209166526794434,1.4620070457458496,-0.10020221769809723,0.17775659263134003,1.0265189409255981,0.9343481063842773,1.5790817997185513e-05,-0.2007882446050644,-0.12145774066448212,-0.09508950263261795,1.9382052421569824,1.4121259450912476,1.4251863956451416,1.6197729110717773,-2.3868355751037598,-0.35345831513404846,-0.795939564704895,-0.9183454513549805,0.002184026874601841,2.9947774410247803,1.288106918334961,1.8001651763916016,-2.0386343002319336,-1.4706182479858398,0.2147371619939804,-0.08920296281576157
451,9.02,0.0,0.30000001192092896,0.0,-0.034719809889793396,0.3369825780391693,0.2858596742153168,0.669070839881897,0.08604499697685242,0.10921873897314072,1,0,1,1,0.24097327888011932,1.8517805337905884,1.2530549764633179,0.5389608144760132,1.936556339263916,0.9758405089378357,1.4604957103729248,1.053982138633728,-0.215176522731781,-1.9046108722686768,-1.192376732826233,-0.9738430976867676,-0.22857919335365295,0.576824426651001,1.1501262187957764,0.7930791974067688,0.5319458246231079,0.05158793926239014,0.2939155399799347,0.0906587541103363,1.8122738599777222,0.9675567150115967,1.3236737251281738,1.4329406023025513,-0.14896273612976074,0.16894696652889252,1.012673020362854,0.9084538221359253,3.6245372029952705e-05,-0.14097155630588531,-0.08611796796321869,-0.05605264753103256,1.902421236038208,1.3955024480819702,1.4267988204956055,1.6118108034133911,-2.4612863063812256,-0.4953964948654175,-0.5877554416656494,-1.5875447988510132,0.008216699585318565,2.9992012977600098,2.1316335201263428,2.1517386436462402,-1.71602201461792,-0.31858009099960327,-0.0606856495141983,-0.6984558701515198
452,9.040000000000001,0.0,0.30000001192092896,0.0,0.01176154613494873,0.289701908826828,0.08470885455608368,0.5911152362823486,0.9728543162345886,0.05804729461669922,0,0,1,0,0.3066154718399048,1.5026299953460693,1.1777927875518799,0.9463672041893005,1.3383656740188599,1.247028112411499,1.2766505479812622,-0.3258380591869354,-0.09706678241491318,-1.7873649597167969,-1.1505684852600098,-0.9682525396347046,-0.19575810432434082,0.40224915742874146,1.1124951839447021,0.9967824220657349,0.23285052180290222,0.1871817409992218,0.2019929587841034,-0.5992513298988342,1.8713287115097046,1.0261796712875366,1.3445779085159302,1.4357359409332275,-0.1929481029510498,0.16069276630878448,1.0079967975616455,0.895186185836792,-2.3946365672600223e-06,-0.08098192512989044,-0.04058443754911423,-0.09532349556684494,1.8757014274597168,1.3960665464401245,1.4261741638183594,1.5682682991027832,-1.8792710304260254,-0.36845138669013977,-0.07876966893672943,0.1274024248123169,-2.3092987248674035e-05,2.999131679534912,2.3316023349761963,-3.0032098293304443,-1.0452156066894531,0.2963758409023285,-0.0434161014854908,-3.0001940727233887
453,9.06,0.0,0.30000001192092896,0.0,0.014858275651931763,0.23908846080303192,0.04009172320365906,0.025474607944488525,0.08773599565029144,0.13078463077545166,0,1,1,0,0.49809032678604126,1.0263060331344604,1.1219288110733032,1.9465053081512451,0.6224350333213806,1.2307476997375488,1.6212890148162842,-0.06667027622461319,0.615516185760498,-1.3089905977249146,-0.8664063811302185,-1.3946589231491089,-0.10002067685127258,0.164087176322937,1.0845632553100586,1.4968514442443848,-0.1251147985458374,0.1790415346622467,0.3743121922016144,-0.4696674644947052,2.2276201248168945,1.265366792678833,1.4866589307785034,1.2225327491760254,-0.2058776617050171,0.14518943428993225,1.005149006843567,0.9152949452400208,-0.023896772414445877,-0.04963649809360504,-0.013345007784664631,-0.15448415279388428,1.9224779605865479,1.3921586275100708,1.4335665702819824,1.5082350969314575,0.27077239751815796,-0.9240556955337524,-0.37650641798973083,1.634411334991455,-1.7405405044555664,-0.4257047772407532,-0.03024817444384098,-3.0288748741149902,3.000314712524414,0.07710537314414978,0.8262919187545776,-2.9992921352386475
454,9.08,0.0,0.30000001192092896,0.0,0.05956144630908966,0.22078298032283783,-0.03557560592889786,-0.28125572204589844,-0.06201048195362091,0.11733739078044891,0,1,1,0,0.659206211566925,1.0299111604690552,0.7926991581916809,2.1479315757751465,0.9588488340377808,1.7697858810424805,1.809552550315857,-0.04564479738473892,0.7275621294975281,-1.273719310760498,-0.7776703834533691,-1.2900117635726929,-0.01946273446083069,0.16588973999023438,0.9199483394622803,1.5975645780563354,0.04309210181236267,0.4485606253147125,0.46844395995140076,-0.45915472507476807,2.2836432456970215,1.283002495765686,1.5310269594192505,1.2748563289642334,-0.17490532994270325,0.12815938889980316,0.9970329999923706,0.9559765458106995,-0.034009113907814026,-0.048385266214609146,-0.02079363726079464,-0.2142503261566162,1.9824848175048828,1.390816330909729,1.4533096551895142,1.4511903524398804,2.429959774017334,-0.7468887567520142,-0.3669133484363556,2.2747232913970947,0.4182112514972687,0.27763819694519043,-0.7450370788574219,-2.992452621459961,3.000300407409668,-0.12491089850664139,1.0031057596206665,-2.532874822616577
455,9.1,0.0,0.30000001192092896,0.0,0.05744461715221405,0.2612103521823883,-0.10757287591695786,-0.37183070182800293,-0.24420204758644104,0.05866273492574692,0,1,1,0,0.7771962285041809,0.8898783922195435,0.7720129489898682,2.176934003829956,1.20521080493927,1.6717569828033447,1.8302627801895142,0.3430406153202057,0.5871913433074951,-1.2080450057983398,-0.6105515360832214,-1.3103901147842407,0.03953227400779724,0.09587335586547852,0.9096052646636963,1.6120657920837402,0.1662730872631073,0.39954617619514465,0.47879907488822937,-0.26481199264526367,2.2134578227996826,1.3158396482467651,1.614586353302002,1.26466703414917,-0.11598300188779831,0.1129545196890831,0.9868745803833008,1.0003347396850586,-0.009568816982209682,-0.041710592806339264,-0.04619665443897247,-0.26403164863586426,2.042487621307373,1.3892239332199097,1.4826571941375732,1.4122320413589478,3.000192165374756,-0.7460421323776245,-0.6243426203727722,2.096130847930908,1.7319961786270142,0.37633711099624634,-1.5541551113128662,-1.9894907474517822,3.0001273155212402,-0.1092999055981636,1.706388235092163,-1.3895137310028076
456,9.120000000000001,0.0,0.30000001192092896,0.0,0.01797652244567871,0.27880313992500305,-0.17297708988189697,-0.1318371295928955,-0.5538557767868042,0.04500532150268555,0,1,1,0,0.9939832091331482,0.883981466293335,0.8624346852302551,2.290494918823242,1.4402828216552734,1.6290491819381714,1.7886003255844116,0.6952889561653137,0.5028926134109497,-1.1816266775131226,-0.518475353717804,-1.3312345743179321,0.14792576432228088,0.09292489290237427,0.9548161029815674,1.6688462495803833,0.283809095621109,0.378192275762558,0.4579678475856781,-0.08868783712387085,2.1713085174560547,1.3290488719940186,1.6606245040893555,1.2542448043823242,-0.0559890978038311,0.09426286071538925,0.9700937867164612,1.035845160484314,6.741711899849179e-07,-0.0345352478325367,-0.08635510504245758,-0.25987109541893005,2.1024575233459473,1.3881982564926147,1.525744080543518,1.3942043781280518,2.9999775886535645,-1.0160043239593506,-0.9104215502738953,1.4576170444488525,0.0003143276262562722,0.2851088047027588,-2.1013643741607666,1.7612621784210205,2.981659173965454,-0.041864581406116486,2.3066279888153076,-0.4728294909000397
457,9.14,0.0,0.30000001192092896,0.0,-0.007140487432479858,0.3114285469055176,-0.19597630202770233,-0.06740717589855194,-0.3347637951374054,0.08455222100019455,0,1,1,0,1.228672742843628,0.8177196383476257,0.7918405532836914,2.2182130813598633,1.8738195896148682,1.7724812030792236,1.8365730047225952,0.6534804701805115,0.5365139842033386,-1.152635097503662,-0.4964914321899414,-1.3340237140655518,0.26527053117752075,0.05979397892951965,0.9195190668106079,1.6327053308486938,0.500577449798584,0.4499082863330841,0.4819541871547699,-0.10959208011627197,2.1881191730499268,1.343544602394104,1.6716164350509644,1.2528502941131592,0.004007078241556883,0.07145590335130692,0.9536156058311462,1.04698646068573,3.9062661016942e-06,-0.035339582711458206,-0.12746553122997284,-0.2078031450510025,2.1585185527801514,1.3889926671981812,1.57440984249115,1.3931125402450562,2.9996654987335205,-1.1730847358703613,-0.7281185388565063,-0.07023748010396957,0.00014446888235397637,-0.29070621728897095,-1.8473944664001465,3.0065219402313232,2.4482362270355225,0.0839417427778244,2.403176784515381,0.2634502947330475
458,9.16,0.0,0.30000001192092896,0.0,0.018607795238494873,0.3287111520767212,-0.1784244030714035,-0.08407358080148697,0.006388995796442032,-0.0010954273166134953,0,1,1,0,1.324469804763794,0.7633660435676575,0.6698774099349976,2.2692196369171143,2.007352828979492,1.7553569078445435,1.7768499851226807,0.6874985694885254,0.44162848591804504,-1.129104733467102,-0.5276235342025757,-1.3371206521987915,0.31316906213760376,0.03261718153953552,0.858537495136261,1.6582086086273193,0.567344069480896,0.441346138715744,0.4520926773548126,-0.09258303046226501,2.140676498413086,1.3553097248077393,1.656050443649292,1.2513017654418945,0.06399407237768173,0.04916717857122421,0.938676655292511,1.0439616441726685,6.1582313719554804e-06,-0.04727283865213394,-0.15923276543617249,-0.14748717844486237,2.183237075805664,1.3923437595367432,1.6196773052215576,1.4024529457092285,2.9994733333587646,-1.0325345993041992,-0.7514920830726624,-0.20731599628925323,-0.0002063897263724357,-0.7615023255348206,-1.2428913116455078,2.999755859375,0.3154200315475464,0.17225609719753265,2.047877788543701,0.5678403377532959
459,9.18,0.0,0.30000001192092896,0.0,0.012799739837646484,0.2972412407398224,-0.023983240127563477,0.22153900563716888,-0.4872428774833679,-0.09104350209236145,0,1,1,1,1.345871090888977,0.6156140565872192,0.5775461196899414,2.2350502014160156,1.9541969299316406,1.47227144241333,1.656633973121643,0.9748417139053345,0.2745554745197296,-1.1651997566223145,-0.5884484052658081,-1.3177725076675415,0.3238697052001953,-0.041258811950683594,0.8123718500137329,1.64112389087677,0.5407661199569702,0.29980340600013733,0.3919846713542938,0.051088541746139526,2.0571398735046387,1.3372622728347778,1.6256380081176758,1.2609758377075195,0.12122704088687897,0.027418632060289383,0.9207237958908081,1.0392695665359497,3.4848428640543716e-06,-0.060387857258319855,-0.17833402752876282,-0.10243574529886246,2.156606912612915,1.39677894115448,1.6548430919647217,1.4167214632034302,2.6654765605926514,-1.0787614583969116,-1.28671133518219,-0.17026513814926147,0.028015613555908203,0.39381498098373413,-0.7341340184211731,-0.29871511459350586,-2.3148140907287598,0.2392377257347107,1.3522369861602783,2.0112032890319824
460,9.200000000000001,0.0,0.30000001192092896,0.0,0.060570016503334045,0.18183967471122742,0.06095069274306297,0.3659517168998718,0.5623422265052795,-0.02924344688653946,1,0,1,1,0.9143226742744446,0.8637149333953857,0.8421293497085571,1.5900360345840454,1.9745726585388184,-0.19843390583992004,1.0595616102218628,2.0184061527252197,-0.17520539462566376,-1.2571431398391724,-0.7104607224464417,-1.3297935724258423,0.10809549689292908,0.08279162645339966,0.9446634650230408,1.3186168670654297,0.5509539842605591,-0.5355492830276489,0.09344848990440369,0.5728707313537598,1.8322594165802002,1.291290521621704,1.5646318197250366,1.2549653053283691,0.15390773117542267,0.01892046630382538,0.9005898833274841,1.0286483764648438,7.312159868888557e-05,-0.11122404038906097,-0.16492268443107605,-0.10551139712333679,2.1119384765625,1.408617615699768,1.6685343980789185,1.4452486038208008,0.15860800445079803,0.07797558605670929,-0.40598106384277344,-0.6530000567436218,-0.0020522214472293854,-2.9645354747772217,1.6841747760772705,-0.3022354245185852,-0.9795638918876648,0.6726707816123962,-0.3949994146823883,1.025730848312378
461,9.22,0.0,0.30000001192092896,0.0,0.0629798173904419,0.264249712228775,0.0791524350643158,-0.022385939955711365,0.08884009718894958,0.027667531743645668,1,0,0,1,0.6285502314567566,1.3347938060760498,1.32460355758667,0.7997373938560486,2.5591845512390137,-0.53121018409729,-0.27295926213264465,1.5125524997711182,-0.33407676219940186,-1.2877614498138428,-0.9912998080253601,-0.8224681615829468,-0.03479072451591492,0.3183310627937317,1.1859005689620972,0.9234675168991089,0.8432599306106567,-0.7019374370574951,-0.5728119611740112,0.31994393467903137,1.752823829650879,1.2759814262390137,1.4242122173309326,1.5086281299591064,0.13069289922714233,0.033987194299697876,0.9085872173309326,1.0201205015182495,0.0003407542535569519,-0.17087650299072266,-0.1991034895181656,-0.10968517512083054,2.0947837829589844,1.4209036827087402,1.619871973991394,1.4667381048202515,-1.527976632118225,1.3012580871582031,0.9550221562385559,-0.3872813582420349,0.04136170446872711,-2.978273391723633,-2.9820661544799805,-0.05251985788345337,-0.9794861674308777,0.46399858593940735,-3.0003881454467773,1.1284751892089844
462,9.24,0.0,0.30000001192092896,0.0,0.018866196274757385,0.2708509862422943,0.06867867708206177,-0.10703817009925842,-0.03236682713031769,-0.004055412020534277,1,0,0,1,0.7741420865058899,1.4399898052215576,1.6892368793487549,0.868018627166748,2.330841541290283,0.08759770542383194,0.04117559641599655,1.5033321380615234,0.11392732709646225,-0.4129210412502289,-1.433691143989563,-0.7945733070373535,0.03800520300865173,0.3709290623664856,1.3682172298431396,0.9576081037521362,0.7290884256362915,-0.39253345131874084,-0.41574451327323914,0.315333753824234,1.9768258333206177,1.7134016752243042,1.2030165195465088,1.5225754976272583,0.09910352528095245,0.07005160301923752,0.9385523796081543,1.012746810913086,-8.519486982550006e-06,-0.2311965376138687,-0.25841373205184937,-0.11051999777555466,2.0780839920043945,1.473991870880127,1.559889316558838,1.4878157377243042,-1.576559066772461,2.112870693206787,1.8646515607833862,-0.37886548042297363,0.04736718162894249,-3.0046842098236084,-2.9742443561553955,0.030340705066919327,-0.8488856554031372,2.997553825378418,-2.99919056892395,0.9470399022102356
463,9.26,0.0,0.30000001192092896,0.0,0.02684827148914337,0.2642236351966858,0.07864151149988174,-0.22675369679927826,-0.1849297285079956,0.03039962239563465,1,0,0,1,0.8469426035881042,1.5188411474227905,1.6323912143707275,1.0510286092758179,2.2982630729675293,0.3898082673549652,0.6145468950271606,1.5556981563568115,0.17651166021823883,-0.38797512650489807,-1.4492779970169067,-0.6719102263450623,0.07440546154975891,0.41035473346710205,1.339794397354126,1.0491130352020264,0.7127991914749146,-0.2414281815290451,-0.1290588676929474,0.34151676297187805,2.008117914199829,1.7258745431900024,1.195223093032837,1.5839070081710815,0.07179662585258484,0.11393856257200241,0.9790972471237183,1.006653904914856,-0.00014777836622670293,-0.27135664224624634,-0.2774767279624939,-0.10934120416641235,2.061340570449829,1.5339564085006714,1.499863624572754,1.5059478282928467,-1.1657968759536743,2.154452085494995,2.071671962738037,-0.2395172417163849,0.024250149726867676,-1.1590285301208496,0.5693165063858032,0.19376538693904877,-0.9497823119163513,2.99930477142334,-3.0015242099761963,0.7990957498550415
464,9.28,0.0,0.30000001192092896,0.0,0.003663763403892517,0.30922624468803406,0.05158771201968193,-0.22625811398029327,-0.21328309178352356,0.049206119030714035,1,0,0,1,0.7065243124961853,1.6471067667007446,1.6419174671173096,0.8454969525337219,2.3074116706848145,0.40879833698272705,0.7226994037628174,1.5031578540802002,0.22128994762897491,-0.7743761539459229,-1.3419952392578125,-0.601176917552948,0.0041963160037994385,0.4744875431060791,1.344557523727417,0.9463472366333008,0.7173734903335571,-0.23193314671516418,-0.07498261332511902,0.3152466118335724,2.0305070877075195,1.5326740741729736,1.2488645315170288,1.6192736625671387,0.045501768589019775,0.15179598331451416,1.0174500942230225,0.9997153878211975,-0.0018938223365694284,-0.27743181586265564,-0.2335961014032364,-0.10786239057779312,2.0445380210876465,1.56889009475708,1.4429508447647095,1.5249677896499634,-1.3934388160705566,1.5949962139129639,1.7242995500564575,-0.409759521484375,-0.17765867710113525,0.36495572328567505,3.0051701068878174,0.10592980682849884,-0.8191756010055542,0.7692950367927551,-2.4858052730560303,0.983573317527771
465,9.3,0.0,0.30000001192092896,0.0,-0.02446165680885315,0.3613790273666382,0.02728785015642643,-0.3270595967769623,-0.23828423023223877,0.068834088742733,1,0,0,1,0.6523841023445129,1.7636646032333374,1.6629796028137207,0.8044224381446838,2.2019760608673096,0.30160850286483765,0.6880917549133301,1.4908400774002075,0.1186603531241417,-1.0533424615859985,-1.3155527114868164,-0.6144812107086182,-0.022873789072036743,0.5327664613723755,1.3550885915756226,0.9258099794387817,0.6646556854248047,-0.2855280637741089,-0.09228643774986267,0.30908772349357605,1.9791923761367798,1.393190860748291,1.2620857954025269,1.612621545791626,0.01585831120610237,0.17519542574882507,1.0452779531478882,0.9895586371421814,-0.006007406394928694,-0.26776328682899475,-0.1730976700782776,-0.10947912186384201,2.029183864593506,1.5430656671524048,1.4075121879577637,1.5480096340179443,-1.5104894638061523,0.7893230319023132,1.0883588790893555,-0.5786360502243042,-0.17688284814357758,0.5151469707489014,3.0154802799224854,-0.09548560529947281,-0.8205510377883911,-2.563037633895874,-1.1422536373138428,1.1913516521453857
466,9.32,0.0,0.30000001192092896,0.0,0.042576029896736145,0.3507363200187683,0.13960129022598267,-0.1726711094379425,0.42451512813568115,0.1624203771352768,1,0,1,1,0.5552917122840881,1.8725885152816772,1.5481572151184082,0.7725984454154968,2.2276315689086914,0.37118107080459595,1.0453457832336426,1.6005024909973145,-0.08908168226480484,-1.317124843597412,-1.3730581998825073,-0.624889075756073,-0.07141998410224915,0.5872284173965454,1.2976773977279663,0.909898042678833,0.6774834394454956,-0.25074177980422974,0.08634057641029358,0.3639189302921295,1.8753212690353394,1.261299729347229,1.2333331108093262,1.6074175834655762,-0.018403973430395126,0.18333077430725098,1.0430675745010376,0.9762119054794312,-0.00011312850256217644,-0.2542613744735718,-0.1275949478149414,-0.11495046317577362,2.004533290863037,1.484356164932251,1.3962678909301758,1.5742741823196411,-1.6842848062515259,0.12411639839410782,0.1277828812599182,-0.9855877757072449,1.2094769477844238,0.44227224588394165,0.6340482831001282,-0.2998945116996765,-1.9747875928878784,-2.9254486560821533,2.006824493408203,1.244960069656372
467,9.34,0.0,0.30000001192092896,0.0,0.021550744771957397,0.33405938744544983,0.21487106382846832,0.1312941461801529,-0.10966776311397552,0.10860070586204529,1,0,1,1,0.4552471339702606,2.0213191509246826,1.3016682863235474,0.900026261806488,2.0590522289276123,0.7494862079620361,1.8528496026992798,2.2860045433044434,-0.21948778629302979,-1.9142069816589355,-1.1792689561843872,-0.9296962022781372,-0.1214422732591629,0.6615937352180481,1.1744329929351807,0.9736119508743286,0.593193769454956,-0.061589211225509644,0.4900924861431122,0.7066699266433716,1.8101181983947754,0.9627586603164673,1.3302276134490967,1.4550139904022217,-0.0573456846177578,0.18200671672821045,1.033952236175537,0.9584952592849731,8.062451524892822e-05,-0.20979972183704376,-0.11838030815124512,-0.10090884566307068,1.9629144668579102,1.4316802024841309,1.412955641746521,1.5864686965942383,-2.0126426219940186,-0.19143706560134888,-0.6068688631057739,-0.8208345174789429,-0.03650077432394028,3.002401113510132,0.8001474738121033,1.3186993598937988,-2.0871448516845703,-2.1571404933929443,0.4820815920829773,0.1593053936958313
468,9.36,0.0,0.30000001192092896,0.0,-0.04611621052026749,0.34608954191207886,0.26081976294517517,0.5406011343002319,0.09051550924777985,0.16487471759319305,1,0,1,1,0.2608904540538788,1.9178303480148315,1.204000473022461,0.5229473114013672,1.9334077835083008,0.929198682308197,1.6579431295394897,1.497092366218567,-0.23812811076641083,-1.8573291301727295,-1.1722453832626343,-0.9994066953659058,-0.21862061321735382,0.6098493337631226,1.1255990266799927,0.7850724458694458,0.5303715467453003,0.0282670259475708,0.39263924956321716,0.31221386790275574,1.8007980585098267,0.9911975860595703,1.3337395191192627,1.420158863067627,-0.10618980973958969,0.17435970902442932,1.023624300956726,0.9339649677276611,5.1656708819791675e-05,-0.14992967247962952,-0.09148146212100983,-0.06932557374238968,1.9261077642440796,1.4020636081695557,1.4199541807174683,1.583900809288025,-2.680068254470825,-0.5032232403755188,-0.4237026870250702,-1.5551106929779053,-0.001650412566959858,2.9968926906585693,1.813049077987671,1.8287019729614258,-1.8881118297576904,-0.8947005271911621,0.2223168909549713,-0.4000210762023926
469,9.38,0.0,0.30000001192092896,0.0,-0.0011250823736190796,0.30880945920944214,0.0702776089310646,0.5079193711280823,0.9930574893951416,0.0751422792673111,0,0,1,0,0.3141382038593292,1.6177219152450562,1.1400654315948486,0.9535477161407471,1.3585081100463867,1.2747772932052612,1.4040783643722534,-0.017264937981963158,-0.08635075390338898,-1.7602667808532715,-1.128757119178772,-1.0082780122756958,-0.1919967383146286,0.45979511737823486,1.0936315059661865,1.0003726482391357,0.24292173981666565,0.2010563313961029,0.265706866979599,-0.44496479630470276,1.8766868114471436,1.0397287607192993,1.3554835319519043,1.4157230854034424,-0.15926890075206757,0.16536886990070343,1.020781397819519,0.9183273911476135,-2.2082770101405913e-06,-0.0899726003408432,-0.051560405641794205,-0.10144878178834915,1.8926559686660767,1.3940765857696533,1.424828052520752,1.5454604625701904,-2.5033106803894043,-0.41678306460380554,0.01660872995853424,-0.10785676538944244,-7.321142766159028e-05,2.9977850914001465,2.124776601791382,-2.996877908706665,-1.4557896852493286,-4.9583613872528076e-05,0.23593337833881378,-2.977570056915283
470,9.4,0.0,0.30000001192092896,0.0,0.004190012812614441,0.25916025042533875,0.030578339472413063,0.00358663871884346,0.07284103333950043,0.1448632776737213,0,1,1,0,0.5325881242752075,1.1115260124206543,1.1266239881515503,2.024543285369873,0.5645307302474976,1.2904905080795288,1.6657780408859253,0.09376849979162216,0.6735847592353821,-1.2622060775756836,-0.8592877388000488,-1.422682285308838,-0.08277177810668945,0.20669716596603394,1.0869107246398926,1.5358704328536987,-0.15406695008277893,0.2089129388332367,0.39655670523643494,-0.3894480764865875,2.2566545009613037,1.2887591123580933,1.4902182817459106,1.2085210084915161,-0.1841879040002823,0.1487535536289215,1.019213080406189,0.9317200183868408,-0.029734861105680466,-0.0585080161690712,-0.027747182175517082,-0.160536527633667,1.9374266862869263,1.3874644041061401,1.437285304069519,1.485588788986206,-0.2780129909515381,-1.0180139541625977,-0.3349863290786743,1.239336609840393,-2.21726393699646,-0.40510594844818115,-0.17599815130233765,-3.0252795219421387,3.0003347396850586,0.03190840780735016,1.065152645111084,-2.9458558559417725
471,9.42,0.0,0.30000001192092896,0.0,0.06053321063518524,0.2376827895641327,-0.033929090946912766,-0.2760598659515381,-0.06852146983146667,0.1455337256193161,0,1,1,0,0.6971810460090637,1.0945645570755005,0.7933303117752075,2.249420404434204,0.9068526029586792,1.8225620985031128,1.8383833169937134,0.06653948873281479,0.7875065803527832,-1.247371792793274,-0.7769520878791809,-1.2999573945999146,-0.00047531723976135254,0.19821643829345703,0.920263946056366,1.6483089923858643,0.01709398627281189,0.4749487340450287,0.482859343290329,-0.4030625820159912,2.313615322113037,1.2961761951446533,1.531386137008667,1.269883394241333,-0.1618143618106842,0.1298605352640152,1.0116147994995117,0.9643296003341675,-0.05019877105951309,-0.056845784187316895,-0.03674796596169472,-0.22029346227645874,1.9974337816238403,1.3854131698608398,1.4592567682266235,1.4344784021377563,2.1115732192993164,-0.8457757234573364,-0.38603317737579346,1.8791632652282715,-0.07967861741781235,0.29023265838623047,-0.7631513476371765,-2.991950750350952,3.000321626663208,-0.13718509674072266,1.0696913003921509,-2.0903522968292236
472,9.44,0.0,0.30000001192092896,0.0,0.06842127442359924,0.27148377895355225,-0.09075040370225906,-0.35731858015060425,-0.2663760781288147,0.051090117543935776,0,1,1,0,0.7927985787391663,0.9127482175827026,0.7486218214035034,2.2503223419189453,1.122698426246643,1.6740760803222656,1.8395439386367798,0.4069318473339081,0.6187210083007812,-1.226755142211914,-0.5922552943229675,-1.3040417432785034,0.04733344912528992,0.1073082685470581,0.8979097008705139,1.6487599611282349,0.12501689791679382,0.4007057249546051,0.4834396541118622,-0.23286639153957367,2.2292227745056152,1.306484580039978,1.623734474182129,1.2678413391113281,-0.10492116957902908,0.11316032707691193,1.0003538131713867,1.002008318901062,-0.029842384159564972,-0.048861000686883926,-0.061405032873153687,-0.26358112692832947,2.057436943054199,1.3832216262817383,1.488584280014038,1.4044511318206787,3.0003201961517334,-0.787757158279419,-0.7039984464645386,1.8249337673187256,1.7480576038360596,0.4746434986591339,-1.4670783281326294,-1.4384926557540894,3.0001275539398193,-0.15696203708648682,1.6210263967514038,-0.9730712175369263
473,9.46,0.0,0.30000001192092896,0.0,0.039669036865234375,0.3064524829387665,-0.1636074185371399,-0.06938305497169495,-0.6127278208732605,0.027091247960925102,0,1,1,0,1.0278983116149902,0.8389390707015991,0.8193905353546143,2.322251319885254,1.4078311920166016,1.68071448802948,1.8237040042877197,0.6826483607292175,0.5113550424575806,-1.1933460235595703,-0.47772660851478577,-1.3246575593948364,0.1648833155632019,0.07040369510650635,0.9332940578460693,1.6847244501113892,0.26758328080177307,0.4040249288082123,0.47551968693733215,-0.09500813484191895,2.17553973197937,1.32318913936615,1.6809988021850586,1.257533311843872,-0.04492786154150963,0.09392663091421127,0.9822551012039185,1.0331259965896606,1.938924697242328e-06,-0.040630415081977844,-0.09805678576231003,-0.2531040906906128,2.11725115776062,1.380712866783142,1.5294784307479858,1.3937009572982788,2.9999773502349854,-1.1550239324569702,-1.1785774230957031,1.283241868019104,8.740258635953069e-05,0.32368147373199463,-2.149313449859619,2.002061605453491,2.9219820499420166,0.00336589477956295,2.3714349269866943,-0.16400259733200073
474,9.48,0.0,0.30000001192092896,0.0,0.013317510485649109,0.3365001678466797,-0.19203351438045502,-0.008264109492301941,-0.3595249354839325,0.05330701917409897,0,1,1,0,1.2642723321914673,0.8194801211357117,0.8177624344825745,2.2958810329437256,1.8602546453475952,1.8536229133605957,1.8841255903244019,0.6429381966590881,0.5961931943893433,-1.1533174514770508,-0.46983644366264343,-1.3412013053894043,0.28307032585144043,0.06067422032356262,0.932479977607727,1.671539306640625,0.4937950074672699,0.49047914147377014,0.5057305097579956,-0.11486321687698364,2.217958688735962,1.3432034254074097,1.6849439144134521,1.249261498451233,0.015069597400724888,0.06932277232408524,0.9612382054328918,1.0470104217529297,3.0183459784893785e-06,-0.04108470305800438,-0.1386435180902481,-0.1993798464536667,2.1756348609924316,1.3821661472320557,1.578239917755127,1.3967318534851074,2.9997098445892334,-1.2755041122436523,-0.9262840151786804,-0.06787588447332382,0.0002024940913543105,-0.30411699414253235,-1.8025906085968018,3.006826400756836,2.6942222118377686,0.10746030509471893,2.4028398990631104,0.37081068754196167
475,9.5,0.0,0.30000001192092896,0.0,0.03654193878173828,0.35457751154899597,-0.1748998910188675,-0.02804858237504959,-0.0016148332506418228,-0.018284974619746208,0,1,1,0,1.3564807176589966,0.7472822666168213,0.6884163022041321,2.3338565826416016,1.9925713539123535,1.8435178995132446,1.820019245147705,0.669528067111969,0.5057379007339478,-1.1201896667480469,-0.501242458820343,-1.3449422121047974,0.3291745185852051,0.02457529306411743,0.8678069114685059,1.690527081489563,0.5599533319473267,0.4854266345500946,0.47367730736732483,-0.10156828165054321,2.1727311611175537,1.3597673177719116,1.669240951538086,1.2473909854888916,0.07504726201295853,0.04483328387141228,0.9428093433380127,1.0438008308410645,6.028245934430743e-06,-0.05357862263917923,-0.16933269798755646,-0.13944165408611298,2.206814765930176,1.3860772848129272,1.6236157417297363,1.4065687656402588,2.992962121963501,-1.1475918292999268,-0.9047984480857849,-0.22563645243644714,-0.0001621497649466619,-0.8038743734359741,-1.182992935180664,2.9101529121398926,0.6665612459182739,0.19805672764778137,2.0585269927978516,0.5413517951965332
476,9.52,0.0,0.30000001192092896,0.0,0.044217079877853394,0.3182421624660492,-0.03695538640022278,0.3455679416656494,-0.42191895842552185,-0.0804230123758316,0,1,1,1,1.3750578165054321,0.5954310297966003,0.5826032161712646,2.3068456649780273,1.929682731628418,1.583886981010437,1.701917052268982,0.9378949403762817,0.3531341552734375,-1.152601957321167,-0.5711886882781982,-1.3328856229782104,0.33846306800842285,-0.05135032534599304,0.8149003982543945,1.6770216226577759,0.5285090208053589,0.3556111752986908,0.41462621092796326,0.03261515498161316,2.0964293479919434,1.3435611724853516,1.634267807006836,1.2534193992614746,0.13103483617305756,0.020472092553973198,0.9200655817985535,1.0388447046279907,5.3180792747298256e-06,-0.06338565796613693,-0.18773357570171356,-0.10557626932859421,2.188192367553711,1.3883922100067139,1.6581889390945435,1.4254417419433594,2.5610482692718506,-1.3290250301361084,-1.415997862815857,-0.20187273621559143,-0.0004366003267932683,0.03749845176935196,-0.5653225779533386,0.3825985789299011,-1.924337387084961,-0.3476172387599945,1.3116791248321533,1.505372166633606
477,9.540000000000001,0.0,0.30000001192092896,0.0,0.07119493931531906,0.199590802192688,0.05478600785136223,0.5150573253631592,0.43597084283828735,0.0193056408315897,1,0,1,1,1.0011874437332153,0.7233424186706543,0.7987552881240845,1.5895212888717651,1.945061445236206,0.09636687487363815,1.112587809562683,1.8052982091903687,-0.023045338690280914,-1.2358641624450684,-0.6472567319869995,-1.2934507131576538,0.15152788162231445,0.012605369091033936,0.9229764342308044,1.318359375,0.5361983776092529,-0.38814887404441833,0.11996158957481384,0.4663167893886566,1.908339500427246,1.3019300699234009,1.59623384475708,1.273136854171753,0.167634516954422,0.0005571643705479801,0.8966272473335266,1.0277583599090576,-0.00012378222891129553,-0.11085805296897888,-0.17422594130039215,-0.10229585319757462,2.14267635345459,1.3945448398590088,1.6715961694717407,1.453690767288208,0.49699077010154724,-0.7467038631439209,-0.5118693709373474,-0.7265511155128479,-0.16945624351501465,-3.0341696739196777,1.7458250522613525,-0.17972920835018158,-0.9860410094261169,0.654198169708252,-0.4948637783527374,0.9971280097961426
478,9.56,0.0,0.30000001192092896,0.0,0.08027561008930206,0.267082154750824,0.10655778646469116,-0.05913903936743736,0.03716549649834633,0.03886899724602699,1,0,0,1,0.6401841044425964,1.25418221950531,1.3289566040039062,0.8269408345222473,2.4886326789855957,-0.6425700187683105,-0.6735016107559204,1.3941757678985596,-0.3858068585395813,-1.2586350440979004,-0.9923790097236633,-0.8408216834068298,-0.028973788022994995,0.2780252695083618,1.1880770921707153,0.9370691776275635,0.8079839944839478,-0.7576173543930054,-0.7730830907821655,0.2607555687427521,1.7269587516784668,1.2905446290969849,1.4236726760864258,1.4994512796401978,0.14476032555103302,0.006073226220905781,0.9038633108139038,1.020052194595337,0.0003325133875478059,-0.17035219073295593,-0.21701855957508087,-0.10359469056129456,2.123728036880493,1.4100539684295654,1.622600793838501,1.4739494323730469,-1.6249927282333374,1.0770165920257568,0.9352841377258301,-0.29241323471069336,-0.005695240572094917,-2.9905920028686523,-2.963230609893799,0.15688282251358032,-1.2219598293304443,0.735196590423584,-2.9986298084259033,1.0244890451431274
479,9.58,0.0,0.30000001192092896,0.0,0.02993689477443695,0.2933260500431061,0.07893206924200058,-0.08513542264699936,0.003225751221179962,-0.02410106174647808,1,0,0,1,0.7523495554924011,1.40585196018219,1.7456073760986328,0.8129734396934509,2.2059731483459473,0.014083869755268097,-0.3555026650428772,1.35475492477417,0.15087604522705078,-0.38059285283088684,-1.4719059467315674,-0.7369115948677063,0.02710893750190735,0.35386013984680176,1.3964024782180786,0.9300855398178101,0.6666542291641235,-0.42929038405418396,-0.6140836477279663,0.24104514718055725,1.9953001737594604,1.7295657396316528,1.1839091777801514,1.5514063835144043,0.1097964346408844,0.041982244700193405,0.9335389733314514,1.0131851434707642,1.1829548384412192e-05,-0.23067381978034973,-0.27634137868881226,-0.10238034278154373,2.104640483856201,1.4652103185653687,1.5626351833343506,1.4949769973754883,-1.8563129901885986,2.270289897918701,1.870853304862976,-0.3992256224155426,0.03828088194131851,-3.0025317668914795,-2.9787120819091797,0.05230032652616501,-0.9379247426986694,2.997931957244873,-2.9989044666290283,1.0221672058105469
480,9.6,0.0,0.30000001192092896,0.0,0.032998308539390564,0.2759382426738739,0.0699065551161766,-0.3116571307182312,-0.21874229609966278,0.029229886829853058,1,0,0,1,0.9029001593589783,1.4754040241241455,1.6745376586914062,1.0760549306869507,2.182666778564453,0.3564797043800354,0.3394327759742737,1.4504878520965576,0.23708310723304749,-0.282806396484375,-1.483184576034546,-0.6398701667785645,0.10238423943519592,0.38863617181777954,1.3608676195144653,1.0616261959075928,0.6550010442733765,-0.25809246301651,-0.26661592721939087,0.2889116108417511,2.0384037494659424,1.7784589529037476,1.178269863128662,1.5999270677566528,0.08029257506132126,0.0921035185456276,0.9751068353652954,1.0076247453689575,-0.0004292350204195827,-0.2729490101337433,-0.3162153661251068,-0.10205844789743423,2.0868470668792725,1.5251824855804443,1.502606987953186,1.5149797201156616,-1.1441936492919922,2.56821870803833,2.1575706005096436,-0.18154950439929962,-0.004164904356002808,-1.3450320959091187,-1.174081563949585,0.09337438642978668,-0.9779433608055115,2.999894857406616,-3.0018155574798584,0.9176825881004333
481,9.620000000000001,0.0,0.30000001192092896,0.0,0.016729265451431274,0.32058221101760864,0.05652003735303879,-0.2526165843009949,-0.1671465039253235,0.015034100040793419,1,0,0,1,0.6904305815696716,1.642309308052063,1.6408942937850952,0.8635470271110535,2.3210220336914062,0.47227758169174194,0.8533246517181396,1.5526549816131592,0.2687638998031616,-0.6269471049308777,-1.4135187864303589,-0.5646445751190186,-0.0038505494594573975,0.4720888137817383,1.344045877456665,0.9553723335266113,0.724178671836853,-0.20019352436065674,-0.009669989347457886,0.3399951756000519,2.054244041442871,1.6063885688781738,1.2131028175354004,1.6375398635864258,0.05230515077710152,0.13978536427021027,1.0150185823440552,1.0013185739517212,-0.0006212075240910053,-0.278125524520874,-0.28193074464797974,-0.10237234085798264,2.0680530071258545,1.5790174007415771,1.4446187019348145,1.5357987880706787,-1.5411101579666138,2.121570110321045,1.7900973558425903,-0.3666996657848358,-0.09067682176828384,0.6389673948287964,3.0015738010406494,0.037231363356113434,-0.9313594102859497,2.281010866165161,-2.5744917392730713,1.0762972831726074
482,9.64,0.0,0.30000001192092896,0.0,-0.006921261548995972,0.3534075617790222,0.01425990741699934,-0.335129976272583,-0.22581154108047485,0.05607309564948082,1,0,0,1,0.706352949142456,1.7671438455581665,1.7003540992736816,0.8547312021255493,2.16616153717041,0.26412439346313477,0.6673873662948608,1.4901680946350098,0.21043770015239716,-1.0276967287063599,-1.318646788597107,-0.5843713283538818,0.0041106343269348145,0.53450608253479,1.373775839805603,0.9509643912315369,0.646748423576355,-0.3042701184749603,-0.10263863205909729,0.3087517321109772,2.025080919265747,1.4060137271881104,1.2605388164520264,1.6276764869689941,0.021494071930646896,0.17315402626991272,1.0444608926773071,0.9923810362815857,-0.004938972182571888,-0.2670742869377136,-0.22145986557006836,-0.1055448055267334,2.0522987842559814,1.5693999528884888,1.4075545072555542,1.5604819059371948,-1.4934593439102173,1.2413296699523926,1.1775792837142944,-0.5014852285385132,-0.2654876410961151,0.430414617061615,3.013368606567383,-0.18210862576961517,-0.7728894352912903,-2.295945644378662,-1.2097655534744263,1.2893580198287964
483,9.66,0.0,0.30000001192092896,0.0,-0.026680216193199158,0.43899911642074585,0.04433746635913849,-0.534229040145874,-0.2376832664012909,0.03152085840702057,1,0,0,1,0.5413780808448792,1.8800650835037231,1.5675379037857056,0.7476681470870972,2.2403903007507324,0.389644980430603,1.0973584651947021,1.6137657165527344,-0.016994960606098175,-1.2965080738067627,-1.363265872001648,-0.5800867080688477,-0.07837679982185364,0.5909667015075684,1.3073678016662598,0.8974328637123108,0.6838628053665161,-0.2415098249912262,0.11234691739082336,0.3705505430698395,1.9113646745681763,1.2716081142425537,1.2382292747497559,1.6298187971115112,-0.013123014941811562,0.18821483850479126,1.045535922050476,0.9817970395088196,-0.005728669930249453,-0.25093838572502136,-0.1608934998512268,-0.11129311472177505,2.0315802097320557,1.5109705924987793,1.3958500623703003,1.5884977579116821,-1.7506085634231567,0.32382577657699585,-0.18222542107105255,-0.6243394017219543,0.17894092202186584,1.0019053220748901,3.020123243331909,-0.21631458401679993,-1.2804889678955078,-3.003084659576416,-0.1059284657239914,1.3782840967178345
484,9.68,0.0,0.30000001192092896,0.0,0.06354692578315735,0.3985941708087921,0.14153102040290833,0.0067382752895355225,0.2527535855770111,0.21871736645698547,1,0,1,1,0.5168537497520447,1.9989923238754272,1.4240388870239258,0.8396593928337097,2.223646640777588,0.33003315329551697,1.2775883674621582,1.759683609008789,-0.2653449773788452,-1.715118169784546,-1.441482424736023,-0.6287243366241455,-0.09063896536827087,0.6504303216934204,1.235618233680725,0.9434285163879395,0.6754909753799438,-0.2713157534599304,0.2024618685245514,0.4435094892978668,1.7871897220611572,1.062303066253662,1.1991209983825684,1.6054999828338623,-0.0485229417681694,0.18756332993507385,1.0390996932983398,0.9626977443695068,0.00012460599828045815,-0.24107179045677185,-0.14086981117725372,-0.11499275267124176,1.9882996082305908,1.454147458076477,1.4096027612686157,1.6150213479995728,-1.799636721611023,-0.3307206332683563,-0.4021012783050537,-1.1774895191192627,-0.058474257588386536,0.1989867091178894,0.7080977559089661,0.20035991072654724,-2.553309202194214,-2.5146524906158447,0.7626916766166687,1.199186086654663
485,9.700000000000001,0.0,0.30000001192092896,0.0,0.02099759876728058,0.34725213050842285,0.23392657935619354,0.2979506254196167,-0.07466058433055878,0.06961541622877121,1,0,1,1,0.3373372256755829,2.0508642196655273,1.3354766368865967,0.8624736666679382,2.3605141639709473,0.6774650812149048,1.6389409303665161,1.9865727424621582,-0.07080429047346115,-1.8620662689208984,-1.2394741773605347,-0.9119085073471069,-0.18039722740650177,0.6763662695884705,1.1913371086120605,0.9548356533050537,0.7439247369766235,-0.09759977459907532,0.38313814997673035,0.556954026222229,1.8844599723815918,0.9888290166854858,1.3001251220703125,1.4639079570770264,-0.09241557121276855,0.1804400384426117,1.0270754098892212,0.9420439600944519,5.48469552086317e-06,-0.20827995240688324,-0.12328576296567917,-0.09434771537780762,1.9482568502426147,1.413698673248291,1.4218432903289795,1.6253641843795776,-2.378951072692871,-0.3544561266899109,-0.7343823909759521,-0.9365906715393066,0.0014211204834282398,2.5514209270477295,1.1360617876052856,1.6729025840759277,-1.8423469066619873,-1.4971688985824585,0.396616667509079,-0.031015731394290924
486,9.72,0.0,0.30000001192092896,0.0,-0.04560139775276184,0.3322998881340027,0.2778656482696533,0.6318758130073547,0.05398945510387421,0.14351019263267517,1,0,1,1,0.2863347828388214,1.8805466890335083,1.241441249847412,0.5497928261756897,2.101529598236084,0.8694203495979309,1.4712661504745483,1.2541800737380981,-0.19583217799663544,-1.8708828687667847,-1.2118886709213257,-0.9696688652038574,-0.2058984488248825,0.5912075042724609,1.1443194150924683,0.7984951734542847,0.6144324541091919,-0.0016221404075622559,0.29930076003074646,0.19075772166252136,1.8219460248947144,0.9844207167625427,1.313917875289917,1.4350277185440063,-0.13889937102794647,0.17111438512802124,1.0145903825759888,0.9160860180854797,5.020303433411755e-05,-0.14881813526153564,-0.09156372398138046,-0.056191686540842056,1.9149456024169922,1.3959676027297974,1.4263321161270142,1.6172876358032227,-2.29302716255188,-0.544536828994751,-0.5143651366233826,-1.5709400177001953,0.012368202209472656,3.0010387897491455,1.9800331592559814,2.1435704231262207,-1.5939053297042847,-0.3641664981842041,0.06437822431325912,-0.6819611191749573
487,9.74,0.0,0.30000001192092896,0.0,-0.0004542022943496704,0.29039132595062256,0.0818837583065033,0.574491024017334,0.9684863686561584,0.10170120745897293,0,0,1,0,0.3172081708908081,1.551156759262085,1.1522221565246582,0.9018853306770325,1.494497299194336,1.1488789319992065,1.2859716415405273,-0.14813104271888733,-0.10479497164487839,-1.7615495920181274,-1.1722720861434937,-0.9759055376052856,-0.19046175479888916,0.42651253938674927,1.0997098684310913,0.974541425704956,0.31091633439064026,0.13810715079307556,0.20665350556373596,-0.5103978514671326,1.8674646615982056,1.0390872955322266,1.333726167678833,1.4319093227386475,-0.18125687539577484,0.16153676807880402,1.011488676071167,0.8988867998123169,-1.5722366697445977e-06,-0.08882293850183487,-0.048355426639318466,-0.09088464826345444,1.8858869075775146,1.3958700895309448,1.4276149272918701,1.572339653968811,-1.8589820861816406,-0.43725651502609253,0.0209059901535511,-0.2221125066280365,-8.368144335690886e-05,2.9990766048431396,2.2670845985412598,-3.0035407543182373,-1.3200280666351318,0.26949021220207214,0.05434732139110565,-3.000295639038086
488,9.76,0.0,0.30000001192092896,0.0,0.10575617849826813,0.20246197283267975,-0.06033153459429741,0.20572949945926666,0.3295729160308838,0.3455156683921814,0,1,1,0,0.5076886415481567,1.0410722494125366,1.118840217590332,1.9384790658950806,0.7378019690513611,1.1873689889907837,1.5766602754592896,-0.012298500165343285,0.6377357244491577,-1.2764289379119873,-0.8625003099441528,-1.4218193292617798,-0.09522151947021484,0.1714702844619751,1.0830188989639282,1.4928383827209473,-0.06743133068084717,0.15735217928886414,0.35199782252311707,-0.4424815773963928,2.238729953765869,1.2816476821899414,1.4886119365692139,1.2089524269104004,-0.1933361142873764,0.14899100363254547,1.0121062994003296,0.9107400178909302,-0.01224303524941206,-0.058032773435115814,-0.01945551671087742,-0.1460864245891571,1.9291253089904785,1.3796420097351074,1.4351714849472046,1.518600344657898,0.4989195466041565,-0.8038032054901123,-0.06235424801707268,0.9556608200073242,-0.6530433297157288,-0.9670504331588745,0.1901734620332718,-2.5872976779937744,3.000319242477417,-2.306889533996582,0.6013091802597046,-1.8700501918792725
489,9.78,0.0,0.30000001192092896,0.0,0.0934523493051529,0.2209664136171341,-0.0894477367401123,-0.2926100492477417,-0.08159691095352173,0.07416143268346786,0,1,1,0,0.5699858665466309,1.0016180276870728,0.75605309009552,1.9080438613891602,1.0787662267684937,1.8009610176086426,1.6915138959884644,-0.1982423961162567,0.6993972063064575,-1.4397093057632446,-0.7224104404449463,-1.310287594795227,-0.06407290697097778,0.15174317359924316,0.9016253352165222,1.4776207208633423,0.10305079817771912,0.4641481935977936,0.40942463278770447,-0.5354534983634949,2.2695608139038086,1.200007438659668,1.558656930923462,1.2647182941436768,-0.17009752988815308,0.13491126894950867,1.0045303106307983,0.9421310424804688,-0.004636242985725403,-0.06211507320404053,-0.028413228690624237,-0.2054753601551056,1.9891314506530762,1.368435025215149,1.4557679891586304,1.4729535579681396,1.597115397453308,-0.624949038028717,-0.5368622541427612,1.9818469285964966,1.0812876224517822,0.07695440948009491,-1.0796507596969604,-2.9923620223999023,3.0002739429473877,0.5451240539550781,1.2004989385604858,-2.3858847618103027
490,9.8,0.0,0.30000001192092896,0.0,0.09434378147125244,0.22595226764678955,-0.17362333834171295,-0.3435838222503662,-0.40508854389190674,0.06475677341222763,0,1,1,0,0.7936267256736755,0.9694347381591797,0.8326913118362427,2.1251022815704346,1.225304365158081,1.7339904308319092,1.7864521741867065,0.2678242623806,0.7051135897636414,-1.3565220832824707,-0.591996967792511,-1.2810879945755005,0.047747522592544556,0.13565152883529663,0.9399444460868835,1.5861499309539795,0.17631986737251282,0.4306629002094269,0.45689377188682556,-0.3024201989173889,2.272418975830078,1.2416011095046997,1.623863697052002,1.27931809425354,-0.11708740890026093,0.11992783099412918,0.9908902645111084,0.9837280511856079,1.0669370276161771e-08,-0.060062721371650696,-0.06395455449819565,-0.26114413142204285,2.0491366386413574,1.3780932426452637,1.4886534214019775,1.4312812089920044,3.0000181198120117,-0.7102200984954834,-0.7775423526763916,2.0837416648864746,1.6169851733138785e-05,0.19440361857414246,-2.0785939693450928,-2.5428566932678223,3.000197649002075,0.4541732966899872,1.8603639602661133,-1.717713713645935
491,9.82,0.0,0.30000001192092896,0.0,0.05298741161823273,0.24732640385627747,-0.1938171684741974,-0.25549978017807007,-0.5079496502876282,0.06854823231697083,0,1,1,0,0.8842432498931885,0.891960620880127,0.9099809527397156,2.1577072143554688,1.410517692565918,1.5505238771438599,1.7049258947372437,0.6198580861091614,0.6440635323524475,-1.2693957090377808,-0.5085744261741638,-1.2778321504592896,0.09305578470230103,0.09691447019577026,0.9785892963409424,1.6024523973464966,0.2689265310764313,0.3389296233654022,0.4161306321620941,-0.12640327215194702,2.241894006729126,1.2851643562316895,1.6655749082565308,1.2809460163116455,-0.05708723142743111,0.10389243066310883,0.974513590335846,1.0207515954971313,-9.775432019409891e-09,-0.05577608570456505,-0.10970602929592133,-0.2727701961994171,2.109138011932373,1.3853516578674316,1.5305473804473877,1.4048467874526978,2.999985933303833,-0.8528938293457031,-0.8033500909805298,1.6002509593963623,1.844619691837579e-05,0.2108660638332367,-2.260385751724243,0.8836758136749268,3.0000767707824707,0.27257564663887024,2.1441516876220703,-0.920160174369812
492,9.84,0.0,0.30000001192092896,0.0,0.03135967254638672,0.28874945640563965,-0.1985095888376236,-0.12156294286251068,-0.4162293076515198,0.057998672127723694,0,1,1,0,1.1485048532485962,0.7981100082397461,0.7693711519241333,2.112039566040039,1.791075348854065,1.6628332138061523,1.761574387550354,0.6942331790924072,0.6064015626907349,-1.2040470838546753,-0.4412282407283783,-1.278822898864746,0.22518658638000488,0.049989163875579834,0.9082843661308289,1.5796185731887817,0.45920535922050476,0.39508429169654846,0.4444548785686493,-0.0892157256603241,2.2230629920959473,1.3178386688232422,1.6992480754852295,1.280450701713562,0.0029113346245139837,0.08415044099092484,0.957384467124939,1.0458701848983765,2.042182359218714e-06,-0.054961033165454865,-0.15449954569339752,-0.22710824012756348,2.168639898300171,1.390439748764038,1.5758839845657349,1.395321011543274,2.999784231185913,-1.053948163986206,-0.8396122455596924,0.9386067986488342,0.0002625515917316079,-0.11395129561424255,-2.02956485748291,3.00949764251709,2.859330892562866,0.21744075417518616,2.2371227741241455,-0.09273064136505127
493,9.86,0.0,0.30000001192092896,0.0,0.03655475378036499,0.33102238178253174,-0.1720152497291565,-0.108243428170681,-0.07596610486507416,0.051893215626478195,0,1,1,0,1.3109668493270874,0.7540483474731445,0.6728984117507935,2.15580415725708,1.974369764328003,1.7265609502792358,1.7777923345565796,0.7117529511451721,0.5209716558456421,-1.1488449573516846,-0.4612223505973816,-1.2933083772659302,0.3064175844192505,0.027958333492279053,0.8600479960441589,1.6015008687973022,0.5508525371551514,0.4269481599330902,0.4525638520717621,-0.08045583963394165,2.1803479194641113,1.3454396724700928,1.6892509460449219,1.2732079029083252,0.06289660185575485,0.06097036227583885,0.9420627355575562,1.0457594394683838,5.869283995707519e-06,-0.06313392519950867,-0.18953107297420502,-0.16672424972057343,2.2051844596862793,1.3950769901275635,1.6196311712265015,1.3997782468795776,2.9994850158691406,-1.1241569519042969,-0.7609943151473999,-0.16765564680099487,-0.00012016469554509968,-0.5682141780853271,-1.378598690032959,3.016429901123047,0.9824864864349365,0.19579951465129852,1.9914921522140503,0.4250459671020508
494,9.88,0.0,0.30000001192092896,0.0,0.025320515036582947,0.29969024658203125,-0.016536662355065346,0.17384906113147736,-0.4190637469291687,-0.08903065323829651,0,1,1,1,1.3484116792678833,0.6833725571632385,0.580370306968689,2.212270736694336,1.9980764389038086,1.4592773914337158,1.6417807340621948,0.9838425517082214,0.353755921125412,-1.1357115507125854,-0.5389990210533142,-1.3090165853500366,0.32513999938964844,-0.00737956166267395,0.8137839436531067,1.6297341585159302,0.5627058744430542,0.2933063805103302,0.3845580518245697,0.05558896064758301,2.0967400074005127,1.352006435394287,1.6503626108169556,1.2653539180755615,0.11944888532161713,0.03924551606178284,0.9241250157356262,1.0416500568389893,-3.179523628205061e-05,-0.07324590533971786,-0.2097664475440979,-0.12009826302528381,2.190746545791626,1.3983557224273682,1.6538206338882446,1.4132096767425537,2.6176352500915527,-0.970079779624939,-1.2619768381118774,-0.04626576602458954,0.10166546702384949,0.36194634437561035,-0.7078965902328491,-0.1350075900554657,-1.7875126600265503,0.031499382108449936,1.3291709423065186,1.857136845588684
495,9.9,0.0,0.30000001192092896,0.0,0.07737737894058228,0.17480647563934326,0.08174952864646912,0.4671257436275482,0.5854881405830383,-0.018631577491760254,1,0,1,1,0.9330448508262634,0.9085577130317688,0.8260405659675598,1.5370725393295288,2.038693904876709,-0.2719363868236542,1.0120826959609985,2.091053009033203,-0.13868741691112518,-1.2146661281585693,-0.7184818387031555,-1.3135586977005005,0.1174565851688385,0.10521301627159119,0.9366190433502197,1.2921350002288818,0.5830146074295044,-0.5723004937171936,0.06970903277397156,0.6091941595077515,1.8505184650421143,1.3125290870666504,1.5606212615966797,1.26308274269104,0.15122514963150024,0.03388648107647896,0.9052983522415161,1.0321366786956787,-0.0009548619273118675,-0.12435741722583771,-0.19449181854724884,-0.12262250483036041,2.1499342918395996,1.4075896739959717,1.6636898517608643,1.4408137798309326,0.3444894552230835,0.265941858291626,-0.49008071422576904,-0.5837170481681824,-0.014853671193122864,-3.072777032852173,1.5886822938919067,-0.3294330835342407,-1.6239960193634033,0.5774705410003662,-0.69477379322052,0.9935030341148376
496,9.92,0.0,0.30000001192092896,0.0,0.07175189256668091,0.2503831088542938,0.1058359369635582,0.033391714096069336,0.08206470310688019,0.026058949530124664,1,0,0,1,0.609147846698761,1.346389889717102,1.3762023448944092,0.8327255845069885,2.521864891052246,-0.4918290972709656,-0.2950156629085541,1.4939316511154175,-0.20565485954284668,-1.183002233505249,-0.9790089130401611,-0.8453441858291626,-0.04449191689491272,0.3241291046142578,1.2116999626159668,0.9399615526199341,0.824600100517273,-0.6822468638420105,-0.5838401317596436,0.31063351035118103,1.8170347213745117,1.3283610343933105,1.4303576946258545,1.497189998626709,0.1269751936197281,0.05025440827012062,0.9122518301010132,1.0240705013275146,0.0003000707656610757,-0.1839810162782669,-0.22933603823184967,-0.12360120564699173,2.1307852268218994,1.418757677078247,1.612716555595398,1.4602450132369995,-1.742825984954834,1.2779566049575806,0.8991660475730896,-0.3398703336715698,0.029726795852184296,-2.989579677581787,-2.975320339202881,0.15910637378692627,-1.0468666553497314,0.4525444805622101,-2.9985711574554443,0.9804548025131226
497,9.94,0.0,0.30000001192092896,0.0,0.03264632821083069,0.2744579613208771,0.0991898775100708,-0.044636715203523636,-0.01627384126186371,0.0022567007690668106,1,0,0,1,0.7488479614257812,1.4509249925613403,1.69364333152771,0.8717173933982849,2.3159613609313965,0.1339665651321411,0.040196552872657776,1.495700716972351,0.14215104281902313,-0.4154384136199951,-1.4227246046066284,-0.7835889458656311,0.025358140468597412,0.37639665603637695,1.3704204559326172,0.959457516670227,0.7216483354568481,-0.36934903264045715,-0.4162340462207794,0.3115180432796478,1.9909377098083496,1.7121429443359375,1.2084999084472656,1.528067708015442,0.09256219863891602,0.08347470313310623,0.9405049681663513,1.016994595527649,1.1305215593893081e-05,-0.24432232975959778,-0.28861004114151,-0.12067300826311111,2.1119167804718018,1.4717743396759033,1.5527456998825073,1.4793959856033325,-1.7291724681854248,1.8758877515792847,1.7712221145629883,-0.38578617572784424,0.038221973925828934,-3.002333641052246,-2.9765119552612305,0.20704211294651031,-0.9857455492019653,2.9979324340820312,-2.999114513397217,0.8766277432441711
498,9.96,0.0,0.30000001192092896,0.0,0.04687938094139099,0.27197587490081787,0.11986251920461655,-0.1819440871477127,-0.1918349415063858,0.07319517433643341,1,0,0,1,0.8377695679664612,1.5305800437927246,1.6461219787597656,1.0693683624267578,2.2686729431152344,0.43032363057136536,0.609174370765686,1.5427160263061523,0.19950468838214874,-0.3883870542049408,-1.4481881856918335,-0.6785411834716797,0.06981894373893738,0.4162241816520691,1.346659779548645,1.0582829713821411,0.6980041265487671,-0.22117049992084503,-0.1317451298236847,0.33502569794654846,2.0196144580841064,1.7256686687469482,1.195768117904663,1.5805915594100952,0.06354744732379913,0.1214696392416954,0.979483425617218,1.0107166767120361,-4.7542107495246455e-05,-0.27851709723472595,-0.3032901883125305,-0.11486595124006271,2.0914525985717773,1.5317462682724,1.4927129745483398,1.4961817264556885,-1.1973960399627686,1.8287957906723022,2.0044541358947754,-0.25989916920661926,0.0491534061729908,-0.6642871499061584,0.9467906951904297,0.4407326579093933,-1.1753183603286743,2.9995017051696777,-3.001830816268921,0.723423957824707
499,9.98,0.0,0.30000001192092896,0.0,0.02047736942768097,0.31425797939300537,0.08355901390314102,-0.17289018630981445,-0.19725020229816437,0.07764081656932831,1,0,0,1,0.682201087474823,1.6747138500213623,1.6709386110305786,0.8524625897407532,2.2564926147460938,0.376291424036026,0.6230869293212891,1.4706718921661377,0.26155635714530945,-0.8018262982368469,-1.3328731060028076,-0.6295564770698547,-0.007965296506881714,0.48829108476638794,1.3590681552886963,0.9498300552368164,0.6919139623641968,-0.2481866031885147,-0.12478885054588318,0.29900363087654114,2.050640344619751,1.518949031829834,1.2534255981445312,1.60508394241333,0.03625314682722092,0.15332236886024475,1.0166616439819336,1.0034533739089966,-0.001853601890616119,-0.27895885705947876,-0.2575983703136444,-0.10890945047140121,2.0709729194641113,1.5642775297164917,1.437467098236084,1.5138976573944092,-1.4608997106552124,1.3312095403671265,1.6773018836975098,-0.4367125928401947,-0.15601617097854614,0.45872998237609863,3.0066256523132324,0.28844863176345825,-0.9952343106269836,0.5747052431106567,-2.342754602432251,0.9313169121742249
500,10.0,0.0,0.30000001192092896,0.0,-0.010685473680496216,0.3615218698978424,0.05479483678936958,-0.2754337787628174,-0.2150402069091797,0.07733842730522156,1,0,0,1,0.6270161867141724,1.7766082286834717,1.6883599758148193,0.8170671463012695,2.1553397178649902,0.30720382928848267,0.6306279897689819,1.4573190212249756,0.16362731158733368,-1.051437497138977,-1.3156548738479614,-0.6424344778060913,-0.03555774688720703,0.5392382740974426,1.3677787780761719,0.932132363319397,0.641337513923645,-0.2827304005622864,-0.12101832032203674,0.2923271954059601,2.001675844192505,1.3941433429718018,1.2620346546173096,1.5986449718475342,0.005120276007801294,0.17272666096687317,1.0437954664230347,0.9930623769760132,-0.005318501032888889,-0.26741114258766174,-0.19711682200431824,-0.1071154773235321,2.0524187088012695,1.5371692180633545,1.4050794839859009,1.5356849431991577,-1.5904501676559448,0.6469606161117554,1.066398024559021,-0.5802310705184937,-0.14187031984329224,0.6038240194320679,3.014493227005005,0.05906376615166664,-0.968936562538147,-2.533745050430298,-0.997298002243042,1.1259831190109253
501,10.02,0.0,0.30000001192092896,0.0,-0.022723034024238586,0.4293835461139679,0.08496206998825073,-0.5097076892852783,-0.23495110869407654,0.0516338050365448,1,0,0,1,0.540626049041748,1.8711111545562744,1.5660712718963623,0.7767403721809387,2.193695068359375,0.3747916519641876,1.001152515411377,1.5715489387512207,-0.054474957287311554,-1.3118714094161987,-1.3694754838943481,-0.6514478325843811,-0.07875281572341919,0.586489737033844,1.3066344261169434,0.9119689464569092,0.6605151891708374,-0.2489364892244339,0.06424394249916077,0.34944215416908264,1.8926246166229248,1.2639265060424805,1.2351243495941162,1.594138264656067,-0.028976524248719215,0.17903822660446167,1.045719861984253,0.9815871715545654,-0.0027708138804882765,-0.2498498260974884,-0.1365424245595932,-0.10831975936889648,2.027576446533203,1.4790589809417725,1.3964179754257202,1.560138463973999,-1.661281943321228,0.026351705193519592,-0.17490620911121368,-0.6195074319839478,0.3680768609046936,0.9967984557151794,3.0199170112609863,-0.005287647247314453,-1.49747633934021,-2.9037230014801025,-0.009055513888597488,1.1869672536849976
502,10.040000000000001,0.0,0.30000001192092896,0.0,0.07761821150779724,0.3802352845668793,0.16316349804401398,0.11405698955059052,0.23436881601810455,0.25538140535354614,1,0,1,1,0.5072481632232666,1.9847583770751953,1.426191806793213,0.8380645513534546,2.1913599967956543,0.3276582658290863,1.174794316291809,1.713010311126709,-0.27678918838500977,-1.7379354238510132,-1.4409035444259644,-0.6871364116668701,-0.09544175863265991,0.6433133482933044,1.2366946935653687,0.9426310658454895,0.659347653388977,-0.27250319719314575,0.15106484293937683,0.4201728403568268,1.7814675569534302,1.0508944988250732,1.1994104385375977,1.5762939453125,-0.06247403100132942,0.1749430149793625,1.0385706424713135,0.960537314414978,0.00013433696585707366,-0.2428520917892456,-0.12447285652160645,-0.10688567161560059,1.9801768064498901,1.430670142173767,1.4128011465072632,1.5835005044937134,-1.7099815607070923,-0.41051554679870605,-0.40747857093811035,-1.1796729564666748,-0.041254907846450806,0.16641615331172943,0.9504812359809875,0.43632179498672485,-2.4293620586395264,-1.8945683240890503,0.5119969844818115,1.0654993057250977
503,10.06,0.0,0.30000001192092896,0.0,0.037381306290626526,0.346312940120697,0.24836140871047974,0.28622546792030334,-0.09459654986858368,0.0713842511177063,1,0,1,1,0.3051062524318695,2.039339542388916,1.3391962051391602,0.8709607720375061,2.230346441268921,0.8215187191963196,1.5513020753860474,1.838027000427246,-0.14771778881549835,-1.9456021785736084,-1.200346827507019,-0.9355466365814209,-0.19651271402835846,0.6706039309501648,1.1931968927383423,0.9590791463851929,0.6788408756256104,-0.02557295560836792,0.33931872248649597,0.48268118500709534,1.8460032939910889,0.9470610618591309,1.3196887969970703,1.4520888328552246,-0.10455523431301117,0.16810986399650574,1.0254350900650024,0.94143146276474,2.2043543140171096e-05,-0.19965043663978577,-0.104360431432724,-0.08249679952859879,1.9383920431137085,1.402610182762146,1.4204810857772827,1.5919780731201172,-2.303581714630127,-0.2677190899848938,-0.7982488870620728,-0.8622605800628662,0.0026102305855602026,2.9951837062835693,1.2136192321777344,1.7241166830062866,-2.0535624027252197,-0.88552325963974,0.20797067880630493,-0.048117853701114655
504,10.08,0.0,0.30000001192092896,0.0,-0.028270013630390167,0.33421626687049866,0.2670329511165619,0.5902494788169861,0.0641152560710907,0.09315276145935059,1,0,1,1,0.24693205952644348,1.8472766876220703,1.2412400245666504,0.5862783789634705,1.9330897331237793,0.9415671229362488,1.4447861909866333,1.0707318782806396,-0.2197854071855545,-1.9455220699310303,-1.1998543739318848,-0.9911911487579346,-0.22559981048107147,0.5745725035667419,1.1442188024520874,0.8167380094528198,0.5302125215530396,0.03445124626159668,0.28606078028678894,0.09903362393379211,1.809969425201416,0.9471011161804199,1.3199349641799927,1.4242665767669678,-0.15132932364940643,0.16200289130210876,1.0112698078155518,0.917675256729126,4.1699586290633306e-05,-0.13980098068714142,-0.07198412716388702,-0.04599825292825699,1.902967095375061,1.3954133987426758,1.4227044582366943,1.5859757661819458,-2.3472847938537598,-0.32703089714050293,-0.612030029296875,-1.4435125589370728,0.008939329534769058,3.0006558895111084,1.927809476852417,1.9774317741394043,-1.6883316040039062,0.0355357825756073,-0.002654489129781723,-0.5513808131217957
505,10.1,0.0,0.30000001192092896,0.0,0.01379963755607605,0.29036080837249756,0.06609274446964264,0.5109055638313293,0.9242562651634216,0.07008815556764603,0,0,1,0,0.30857279896736145,1.5353187322616577,1.1616649627685547,0.9129894375801086,1.422045350074768,1.163995623588562,1.2983230352401733,-0.0955389067530632,-0.14721637964248657,-1.8360329866409302,-1.1649903059005737,-0.9873687028884888,-0.1947794407606125,0.41859352588653564,1.1044312715530396,0.9800934791564941,0.2746903598308563,0.1456654965877533,0.21282920241355896,-0.4841017723083496,1.8462539911270142,1.0018455982208252,1.337367057800293,1.426177740097046,-0.19294312596321106,0.15690983831882477,1.0061432123184204,0.9029061198234558,-1.4973237512094784e-06,-0.07978878915309906,-0.031340792775154114,-0.08124558627605438,1.8705620765686035,1.4003387689590454,1.4240072965621948,1.5469717979431152,-1.768115758895874,-0.21611244976520538,-0.06946996599435806,-0.11770649254322052,-0.00011069926404161379,3.000060796737671,2.0778565406799316,-2.9978904724121094,-1.52091646194458,0.40037065744400024,0.07903935015201569,-2.949451208114624
506,10.120000000000001,0.0,0.30000001192092896,0.0,0.016062870621681213,0.23738107085227966,0.021662363782525063,-0.06590902805328369,0.07704595476388931,0.12907126545906067,0,1,1,0,0.5080270171165466,1.0250588655471802,1.1122134923934937,1.9296942949295044,0.6423640251159668,1.2043273448944092,1.607312798500061,-0.013501858338713646,0.5830079317092896,-1.3110151290893555,-0.8627995848655701,-1.4109199047088623,-0.0950523316860199,0.16346359252929688,1.0797054767608643,1.4884459972381592,-0.11515030264854431,0.16583135724067688,0.3673240840435028,-0.443083256483078,2.2113661766052246,1.2643545866012573,1.4884623289108276,1.214402198791504,-0.2036309391260147,0.14384326338768005,1.003605842590332,0.9181994795799255,-0.021918242797255516,-0.04874645546078682,-0.009547816589474678,-0.14045779407024384,1.913561224937439,1.3982770442962646,1.4340298175811768,1.4870401620864868,0.3838755488395691,-0.9295995235443115,-0.3108459711074829,1.4161443710327148,-1.5926216840744019,-0.26163312792778015,-0.2000870257616043,-3.0265889167785645,3.000304937362671,0.002547159790992737,0.9121795296669006,-2.959643840789795
507,10.14,0.0,0.30000001192092896,0.0,0.05856626480817795,0.22218266129493713,-0.05102735012769699,-0.35583552718162537,-0.08609075844287872,0.09957233816385269,0,1,1,0,0.6731764674186707,0.9981443285942078,0.778508186340332,2.1347923278808594,0.9590983390808105,1.7513787746429443,1.8028050661087036,-0.022390281781554222,0.7025917768478394,-1.2554738521575928,-0.763741135597229,-1.300991177558899,-0.012477606534957886,0.15000632405281067,0.9128528833389282,1.590994954109192,0.043216854333877563,0.43935707211494446,0.4650702178478241,-0.4475274682044983,2.27115797996521,1.2921252250671387,1.5379915237426758,1.2693665027618408,-0.17064014077186584,0.12799768149852753,0.996290922164917,0.9550727009773254,-0.03047857992351055,-0.04576855152845383,-0.02150687389075756,-0.20022571086883545,1.9735678434371948,1.3960992097854614,1.455464482307434,1.4355368614196777,2.5247743129730225,-0.671367347240448,-0.37675967812538147,2.1154308319091797,0.452488511800766,0.3417128622531891,-0.9544495344161987,-2.9926180839538574,3.0002963542938232,-0.14346671104431152,1.137707233428955,-2.1181352138519287
508,10.16,0.0,0.30000001192092896,0.0,0.05708414316177368,0.26792681217193604,-0.11999435722827911,-0.4154477119445801,-0.24501699209213257,0.04967724159359932,0,1,1,0,0.7981696724891663,0.8649420142173767,0.7700551748275757,2.174652338027954,1.177701473236084,1.633026123046875,1.8062928915023804,0.3723032772541046,0.5520643591880798,-1.2007724046707153,-0.606115460395813,-1.3071057796478271,0.05001899600028992,0.08340516686439514,0.90862637758255,1.6109249591827393,0.15251842141151428,0.3801807463169098,0.4668141305446625,-0.2501806616783142,2.195894241333008,1.3194758892059326,1.6168043613433838,1.2663092613220215,-0.1113133355975151,0.11371015757322311,0.9861899614334106,0.996889591217041,-0.006283714901655912,-0.03852382302284241,-0.050236985087394714,-0.2499150037765503,2.0335700511932373,1.3941855430603027,1.4866443872451782,1.4053795337677002,3.0001821517944336,-0.7378926873207092,-0.6244373321533203,1.9993572235107422,1.696192741394043,0.37387269735336304,-1.6644030809402466,-1.9792990684509277,3.0001156330108643,-0.115712970495224,1.801203966140747,-0.9703060984611511
509,10.18,0.0,0.30000001192092896,0.0,0.019856244325637817,0.28572896122932434,-0.1762770116329193,-0.16614189743995667,-0.5184319615364075,0.03787754476070404,0,1,1,0,1.0149983167648315,0.8762204647064209,0.8592826724052429,2.288144826889038,1.4095603227615356,1.586774230003357,1.7667409181594849,0.7294426560401917,0.4678137004375458,-1.1867823600769043,-0.521249532699585,-1.325278401374817,0.15843331813812256,0.08904439210891724,0.953240156173706,1.6676712036132812,0.2684478461742401,0.35705479979515076,0.4470381438732147,-0.07161098718643188,2.153769016265869,1.326470971107483,1.6592373847961426,1.2572228908538818,-0.051319994032382965,0.09519264101982117,0.9694445133209229,1.0313501358032227,1.607266312930733e-06,-0.031759269535541534,-0.09191852807998657,-0.24491053819656372,2.093362808227539,1.393440842628479,1.5310012102127075,1.3940539360046387,2.9999117851257324,-0.9992399215698242,-0.8978804349899292,1.4410523176193237,0.00031693093478679657,0.2461949735879898,-2.1112418174743652,1.8122189044952393,2.9250776767730713,-0.02686390094459057,2.3253352642059326,-0.22423243522644043
510,10.200000000000001,0.0,0.30000001192092896,0.0,0.0002215355634689331,0.3219122886657715,-0.1926092654466629,-0.08940178155899048,-0.2850409746170044,0.08078926801681519,0,1,1,0,1.2499263286590576,0.8038519024848938,0.7703649997711182,2.210461139678955,1.8390452861785889,1.7386653423309326,1.824827790260315,0.685188353061676,0.49722254276275635,-1.1560968160629272,-0.5053418874740601,-1.3264275789260864,0.2758973240852356,0.052860110998153687,0.9087812900543213,1.6288293600082397,0.4831903278827667,0.4330003559589386,0.47608157992362976,-0.0937381386756897,2.168473482131958,1.3418138027191162,1.6671912670135498,1.256648302078247,0.008675210177898407,0.07295898348093033,0.9525031447410583,1.0470184087753296,4.211114173813257e-06,-0.03331953287124634,-0.13234609365463257,-0.19187842309474945,2.1462242603302,1.394543170928955,1.5791314840316772,1.3960843086242676,2.999635696411133,-1.1880115270614624,-0.731149435043335,-0.06494984030723572,0.00010998579091392457,-0.3311938941478729,-1.783320665359497,3.0090909004211426,2.230727434158325,0.09132193773984909,2.370960235595703,0.3419727087020874
511,10.22,0.0,0.30000001192092896,0.0,0.03039252758026123,0.3404296636581421,-0.16758762300014496,-0.10180693864822388,0.05559265986084938,-0.0039119236171245575,0,1,1,0,1.3390798568725586,0.7542048096656799,0.6510465145111084,2.2690906524658203,1.9750914573669434,1.7237887382507324,1.7683216333389282,0.7241473197937012,0.41105714440345764,-1.1309988498687744,-0.5443688631057739,-1.3350578546524048,0.3204740881919861,0.028036564588546753,0.8491220474243164,1.6581441164016724,0.5512133836746216,0.4255620539188385,0.4478285014629364,-0.07425865530967712,2.1253907680511475,1.3543627262115479,1.6476776599884033,1.252333164215088,0.06865262985229492,0.050278130918741226,0.9372664093971252,1.044115424156189,5.845781288371654e-06,-0.04580995813012123,-0.16221536695957184,-0.13149826228618622,2.1675455570220947,1.398012399673462,1.6231955289840698,1.40566885471344,2.999495506286621,-1.0493637323379517,-0.7776039242744446,-0.2014894187450409,-0.00020927218429278582,-0.7721225023269653,-1.1253242492675781,3.0121490955352783,0.19378221035003662,0.1779198795557022,1.9647022485733032,0.5340307950973511
512,10.24,0.0,0.30000001192092896,0.0,0.037179604172706604,0.3035874366760254,-0.02396349236369133,0.3522115647792816,-0.30475854873657227,-0.08208213746547699,0,1,1,1,1.360365390777588,0.6079404354095459,0.5608559846878052,2.234121561050415,1.9215855598449707,1.444882869720459,1.6452648639678955,0.9973415732383728,0.2447461038827896,-1.171945571899414,-0.6213832497596741,-1.3193273544311523,0.33111685514450073,-0.045095622539520264,0.8040267825126648,1.6406595706939697,0.5244604349136353,0.2861091196537018,0.38630011677742004,0.06233847141265869,2.0422351360321045,1.333889365196228,1.6091705560684204,1.2601984739303589,0.12572965025901794,0.02754155918955803,0.9165372252464294,1.0401400327682495,5.00081750942627e-06,-0.05297703668475151,-0.17941732704639435,-0.09973321110010147,2.1396453380584717,1.4005403518676758,1.6554183959960938,1.4253966808319092,2.624215602874756,-1.2921100854873657,-1.361517071723938,-0.12429864704608917,-0.00032000651117414236,0.6693589687347412,-0.4976702332496643,0.4874725937843323,-2.341726064682007,0.21683669090270996,1.1713130474090576,1.3756332397460938
513,10.26,0.0,0.30000001192092896,0.0,0.07338686287403107,0.1912599802017212,0.07464754581451416,0.4176994860172272,0.5936153531074524,0.009135124273598194,1,0,1,1,0.9224066138267517,0.736484944820404,0.7934491634368896,1.530263066291809,1.746176838874817,0.04324954003095627,1.1675403118133545,1.706284999847412,-0.0223604217171669,-1.1514451503753662,-0.6593468189239502,-1.2926254272460938,0.11213746666908264,0.019176632165908813,0.920323371887207,1.2887303829193115,0.43675610423088074,-0.4147075414657593,0.14743784070014954,0.41681018471717834,1.9086819887161255,1.344139575958252,1.59018874168396,1.2735494375228882,0.15302293002605438,0.005728814750909805,0.8964533805847168,1.0289839506149292,1.644705298531335e-05,-0.09844914078712463,-0.16222794353961945,-0.09939120709896088,2.1026928424835205,1.4094743728637695,1.6645548343658447,1.452209711074829,-0.04017738997936249,-0.842065691947937,-0.476661741733551,-0.7181396484375,0.00501853134483099,-2.979769706726074,1.7802560329437256,-0.1985502541065216,-1.063969612121582,0.5690854787826538,-0.46750956773757935,1.0427547693252563
514,10.28,0.0,0.30000001192092896,0.0,0.07398651540279388,0.2594357132911682,0.08988451212644577,0.01958475634455681,0.10567275434732437,0.06906934082508087,1,0,0,1,0.6587255001068115,1.3189105987548828,1.2984561920166016,0.7816333174705505,2.4441728591918945,-0.5658169388771057,-0.38682547211647034,1.501885175704956,-0.37922701239585876,-1.1636109352111816,-0.9787723422050476,-0.8271363973617554,-0.01970309019088745,0.3103894591331482,1.172826886177063,0.9144154787063599,0.7857540845870972,-0.7192407846450806,-0.6297450661659241,0.3146102726459503,1.7302486896514893,1.3380566835403442,1.4304759502410889,1.5062940120697021,0.12924861907958984,0.008339048363268375,0.9043559432029724,1.0194034576416016,0.0003703017719089985,-0.1580369919538498,-0.19946163892745972,-0.10166864842176437,2.0840630531311035,1.420364260673523,1.6160928010940552,1.4733233451843262,-1.4926443099975586,0.9242939949035645,0.9989175796508789,-0.4284648299217224,0.047206632792949677,-2.9726314544677734,-2.984578847885132,0.05125708505511284,-1.0403627157211304,0.42664578557014465,-3.001314163208008,1.0732462406158447
515,10.3,0.0,0.30000001192092896,0.0,0.029550060629844666,0.2634812295436859,0.07098682969808578,-0.05658870190382004,0.009888408705592155,0.02332410402595997,1,0,0,1,0.7784740328788757,1.4236963987350464,1.6987125873565674,0.842838704586029,2.238725423812866,0.03585813194513321,-0.020428389310836792,1.5239968299865723,0.07593890279531479,-0.27586761116981506,-1.4345372915267944,-0.7775837779045105,0.04017117619514465,0.36278235912323,1.372955083847046,0.9450181722640991,0.683030366897583,-0.4184032380580902,-0.4465464949607849,0.3256660997867584,1.957831621170044,1.781928300857544,1.2025935649871826,1.5310702323913574,0.09874121844768524,0.041959360241889954,0.9354392290115356,1.011109471321106,1.85250992217334e-05,-0.21832427382469177,-0.2588050961494446,-0.10129419714212418,2.0665931701660156,1.4751137495040894,1.5561084747314453,1.49384343624115,-1.529662847518921,2.187431812286377,1.9309262037277222,-0.42819511890411377,0.04009194299578667,-3.0005710124969482,-2.979890823364258,0.052692919969558716,-0.862635612487793,2.9986748695373535,-2.9995124340057373,0.9278578758239746
516,10.32,0.0,0.30000001192092896,0.0,0.03902065008878708,0.24637573957443237,0.07007205486297607,-0.1482507884502411,-0.07780992984771729,0.03210896626114845,1,0,0,1,0.8505129814147949,1.510802984237671,1.640897512435913,1.0436607599258423,2.2240982055664062,0.3525773286819458,0.6270056962966919,1.5857391357421875,0.16093836724758148,-0.2248459905385971,-1.449074387550354,-0.6621690988540649,0.07619065046310425,0.40633565187454224,1.3440475463867188,1.0454292297363281,0.675716757774353,-0.2600436508655548,-0.12282946705818176,0.35653725266456604,2.000331401824951,1.8074392080307007,1.1953248977661133,1.5887775421142578,0.07169590890407562,0.0910903811454773,0.9773938059806824,1.0040942430496216,-6.755513459211215e-05,-0.2644404470920563,-0.27664175629615784,-0.10086449235677719,2.050266981124878,1.5350874662399292,1.4960848093032837,1.5124611854553223,-1.1729607582092285,2.549215793609619,2.1421754360198975,-0.28153061866760254,0.04419254511594772,-1.6486907005310059,0.6769991517066956,0.09911830723285675,-0.9140426516532898,2.999760389328003,-3.0016677379608154,0.8611920475959778
517,10.34,0.0,0.30000001192092896,0.0,0.023238688707351685,0.2817111313343048,0.03860950842499733,-0.19136667251586914,-0.20236408710479736,0.05551862716674805,1,0,0,1,0.7390416860580444,1.643851399421692,1.6490119695663452,0.8717108964920044,2.239861011505127,0.4463275671005249,0.7751641273498535,1.513239860534668,0.22960607707500458,-0.6013913750648499,-1.3291631937026978,-0.5837070941925049,0.020455002784729004,0.47285985946655273,1.34810471534729,0.9594542384147644,0.6835981607437134,-0.21316853165626526,-0.04875025153160095,0.3202876150608063,2.034665107727051,1.6191664934158325,1.2552804946899414,1.6280086040496826,0.04733216390013695,0.138495534658432,1.0170831680297852,0.9975089430809021,-0.002861310727894306,-0.27599966526031494,-0.22951461374759674,-0.1003360003232956,2.03486967086792,1.589919924736023,1.4396811723709106,1.5317505598068237,-1.2102502584457397,2.1167056560516357,1.784263253211975,-0.3281262218952179,-0.2819530665874481,0.29485955834388733,3.002264976501465,0.08219993859529495,-0.7264962196350098,2.3556880950927734,-2.4184796810150146,1.0017235279083252
518,10.36,0.0,0.30000001192092896,0.0,-0.00046771764755249023,0.3404541015625,0.009966479614377022,-0.2972467541694641,-0.16758063435554504,0.049506764858961105,1,0,0,1,0.652235209941864,1.7422046661376953,1.6366175413131714,0.8232914209365845,2.140263557434082,0.2782418131828308,0.7423640489578247,1.5010793209075928,0.10012900084257126,-1.0000841617584229,-1.2930197715759277,-0.5787701606750488,-0.022948235273361206,0.5220364928245544,1.3419075012207031,0.9352445006370544,0.6337994337081909,-0.2972114086151123,-0.06515029072761536,0.3142073452472687,1.9699265956878662,1.4198200702667236,1.2733522653579712,1.6304770708084106,0.02010924369096756,0.1716790646314621,1.0455622673034668,0.9888724684715271,-0.008135429583489895,-0.2692532241344452,-0.16897056996822357,-0.1039176881313324,2.020887851715088,1.5783346891403198,1.405876874923706,1.556046962738037,-1.4363654851913452,1.229602336883545,1.098907709121704,-0.5066015124320984,-0.20368441939353943,0.32100600004196167,3.0176589488983154,-0.24655437469482422,-0.7732064723968506,-2.5005483627319336,-1.0563526153564453,1.3068760633468628
519,10.38,0.0,0.30000001192092896,0.0,0.03710241615772247,0.3665494918823242,0.10982468724250793,-0.20189230144023895,0.43633949756622314,0.11447305232286453,1,0,1,1,0.5486249327659607,1.8642995357513428,1.5490410327911377,0.7324944734573364,2.18910813331604,0.3875507712364197,1.1162830591201782,1.6492998600006104,-0.10995996743440628,-1.231337070465088,-1.3508869409561157,-0.6065098643302917,-0.07475337386131287,0.5830839276313782,1.298119306564331,0.8898460268974304,0.6582217216491699,-0.24255692958831787,0.1218092143535614,0.38831761479377747,1.8648821115493774,1.3041936159133911,1.2444186210632324,1.6166071891784668,-0.012330714613199234,0.1865747570991516,1.0443556308746338,0.9771036505699158,-0.004331085830926895,-0.2558751106262207,-0.11726807057857513,-0.11143214255571365,1.9977552890777588,1.5189405679702759,1.3970239162445068,1.5842478275299072,-1.567482590675354,0.36809277534484863,-0.3017726540565491,-1.1170514822006226,1.0634605884552002,0.5027328729629517,0.2593098282814026,-0.545805811882019,-1.9734997749328613,-3.000840663909912,1.0975990295410156,1.4155677556991577
520,10.4,0.0,0.30000001192092896,0.0,0.028282642364501953,0.3418484926223755,0.2008054405450821,0.08787547051906586,-0.11145500093698502,0.09774570167064667,1,0,1,1,0.4578873813152313,2.044254779815674,1.356040358543396,0.8954195976257324,2.0466208457946777,0.7083143591880798,1.8073097467422485,2.3138723373413086,-0.24064253270626068,-1.691378116607666,-1.2091377973556519,-0.9191300272941589,-0.12012214958667755,0.6730615496635437,1.2016189098358154,0.9713085889816284,0.5869780778884888,-0.08217513561248779,0.46732255816459656,0.7206038236618042,1.7995408773422241,1.074173092842102,1.315293312072754,1.4602971076965332,-0.05067581310868263,0.1884404867887497,1.0349152088165283,0.9599641561508179,8.682508632773533e-05,-0.21193841099739075,-0.10941790044307709,-0.10102304071187973,1.957974910736084,1.4600028991699219,1.414002776145935,1.5989646911621094,-2.00838041305542,-0.10657662153244019,-0.6433572173118591,-0.7706425786018372,-0.03354155272245407,3.004318952560425,0.670699954032898,1.2170276641845703,-2.067864179611206,-2.7431070804595947,0.5672327280044556,0.2798794209957123
521,10.42,0.0,0.30000001192092896,0.0,-0.05114060640335083,0.34912043809890747,0.24874186515808105,0.5219799876213074,0.0704759806394577,0.15694363415241241,1,0,1,1,0.27468204498291016,1.9160478115081787,1.2228468656539917,0.5111850500106812,1.8170230388641357,0.9161156415939331,1.7362052202224731,1.5516583919525146,-0.2008686363697052,-1.6556768417358398,-1.1721141338348389,-1.0271421670913696,-0.21172481775283813,0.6089580655097961,1.1350221633911133,0.7791913151741028,0.47217920422554016,0.021725505590438843,0.43177029490470886,0.3394968807697296,1.8194278478622437,1.0920237302780151,1.3338050842285156,1.4062910079956055,-0.09883951395750046,0.18142706155776978,1.0240731239318848,0.9358601570129395,3.678455686895177e-05,-0.1521041840314865,-0.08493325859308243,-0.07080952823162079,1.923237681388855,1.4165388345718384,1.4227192401885986,1.5978050231933594,-2.6277365684509277,-0.5141629576683044,-0.43446075916290283,-1.5258615016937256,0.0036170966923236847,2.99545955657959,1.7029927968978882,1.7974518537521362,-1.7307751178741455,-1.6035223007202148,0.31337761878967285,-0.34691277146339417
522,10.44,0.0,0.30000001192092896,0.0,-0.004303500056266785,0.3113669753074646,0.05974689871072769,0.4883090853691101,0.9622288942337036,0.0917264074087143,0,0,1,0,0.3410472571849823,1.5725563764572144,1.118556261062622,0.9347929358482361,1.195715308189392,1.345597743988037,1.5198974609375,-0.1567765474319458,-0.017435632646083832,-1.5552884340286255,-1.1209341287612915,-1.0329619646072388,-0.17854221165180206,0.43721234798431396,1.0828769207000732,0.9909952878952026,0.16152533888816833,0.23646655678749084,0.3236164152622223,-0.5147205591201782,1.9111443758010864,1.1422178745269775,1.3593950271606445,1.403381109237671,-0.1499202400445938,0.17123407125473022,1.0216617584228516,0.9190957546234131,-3.09062716041808e-06,-0.09217005223035812,-0.04712454229593277,-0.10789600759744644,1.9003392457962036,1.3964892625808716,1.429303765296936,1.5574724674224854,-2.3735949993133545,-0.5179564952850342,0.03208496794104576,-0.22487840056419373,4.1934130422305316e-05,2.996537208557129,2.011597156524658,-3.0022637844085693,-0.7109604477882385,-0.4764772057533264,0.31279516220092773,-3.0001842975616455
523,10.46,0.0,0.30000001192092896,0.0,0.0012696832418441772,0.2628186345100403,0.019292917102575302,0.022701460868120193,0.02853936143219471,0.1446654349565506,0,1,1,0,0.5220919251441956,1.1578408479690552,1.0748083591461182,2.0363943576812744,0.5194138288497925,1.4135942459106445,1.7487562894821167,-0.05454430729150772,0.7171496152877808,-1.12749445438385,-0.8657425045967102,-1.4232534170150757,-0.08801987767219543,0.22985458374023438,1.0610029697418213,1.5417959690093994,-0.17662540078163147,0.27046480774879456,0.43804582953453064,-0.46360448002815247,2.2784368991851807,1.3561148643493652,1.4869909286499023,1.208235502243042,-0.17529790103435516,0.15378864109516144,1.0194381475448608,0.9306185245513916,-0.03330940753221512,-0.06143444776535034,-0.02672073245048523,-0.16694886982440948,1.9501621723175049,1.3877460956573486,1.4438387155532837,1.4974491596221924,-0.39537468552589417,-1.1165683269500732,-0.3372221291065216,1.1691787242889404,-2.5645787715911865,-0.1642763465642929,-0.1703333556652069,-3.0155081748962402,3.00034761428833,-0.16910229623317719,1.1037659645080566,-2.9981439113616943
524,10.48,0.0,0.30000001192092896,0.0,0.05741756409406662,0.244880810379982,-0.03102031908929348,-0.29147154092788696,-0.07279755175113678,0.13573254644870758,0,1,1,0,0.6822298765182495,1.0882145166397095,0.7908331751823425,2.236787796020508,0.9322144985198975,1.8161582946777344,1.8556796312332153,0.07103332132101059,0.8265418410301208,-1.2215430736541748,-0.769114077091217,-1.3057364225387573,-0.007950901985168457,0.19504141807556152,0.9190154075622559,1.6419926881790161,0.02977493405342102,0.4717468321323395,0.49150750041007996,-0.4008156657218933,2.3331329822540283,1.3090906143188477,1.535305142402649,1.2669939994812012,-0.1571517437696457,0.13440783321857452,1.0119616985321045,0.9623391032218933,-0.05537067726254463,-0.05818142369389534,-0.03681500628590584,-0.22670264542102814,2.01016902923584,1.383163332939148,1.4661993980407715,1.4427714347839355,1.8447942733764648,-0.8220887780189514,-0.4192449748516083,1.849405288696289,0.04650651663541794,0.3390742242336273,-0.7839693427085876,-2.995227813720703,3.00032901763916,-0.1905958354473114,1.0927234888076782,-2.3334197998046875
525,10.5,0.0,0.30000001192092896,0.0,0.07044501602649689,0.26817893981933594,-0.08478757739067078,-0.3684689402580261,-0.2670811414718628,0.06288403272628784,0,1,1,0,0.8087986707687378,0.9352665543556213,0.7593227028846741,2.2566699981689453,1.156978964805603,1.6983344554901123,1.842711091041565,0.4282985329627991,0.641254186630249,-1.2194808721542358,-0.5902313590049744,-1.3103612661361694,0.055333495140075684,0.11856743693351746,0.9032601118087769,1.6519337892532349,0.1421571671962738,0.41283491253852844,0.48502323031425476,-0.22218304872512817,2.2404892444610596,1.310121774673462,1.6247464418411255,1.2646815776824951,-0.10228537023067474,0.11775041371583939,1.001017451286316,0.9998752474784851,-0.03231259062886238,-0.04905764013528824,-0.061494890600442886,-0.26710420846939087,2.0701723098754883,1.3802194595336914,1.4948909282684326,1.4076217412948608,3.000323534011841,-0.7843656539916992,-0.6962834596633911,1.836150050163269,1.8952723741531372,0.5195080041885376,-1.4576650857925415,-1.201450228691101,3.0001261234283447,-0.17256194353103638,1.6036396026611328,-1.215169906616211
526,10.52,0.0,0.30000001192092896,0.0,0.04623366892337799,0.3060123026371002,-0.1628829389810562,-0.0593017041683197,-0.6262516975402832,0.03539391979575157,0,1,1,0,1.0435577630996704,0.8380958437919617,0.8046743273735046,2.3122949600219727,1.4261952638626099,1.7200936079025269,1.841334581375122,0.6641150712966919,0.526600182056427,-1.1941146850585938,-0.46755173802375793,-1.3252760171890259,0.172713041305542,0.06998208165168762,0.9259359836578369,1.6797462701797485,0.2767653167247772,0.4237144887447357,0.4843349754810333,-0.10427477955818176,2.183162212371826,1.3228048086166382,1.6860862970352173,1.2572240829467773,-0.04229271411895752,0.09836261719465256,0.9828894734382629,1.031461238861084,2.4658950223965803e-06,-0.04033512994647026,-0.09797263145446777,-0.254150927066803,2.129859209060669,1.3779839277267456,1.5350128412246704,1.3933892250061035,2.999906539916992,-1.1883004903793335,-1.154264211654663,1.320290446281433,9.67124942690134e-05,0.3244083523750305,-2.1880643367767334,2.043226957321167,2.8942525386810303,0.027585595846176147,2.398188352584839,-0.2778145372867584
527,10.540000000000001,0.0,0.30000001192092896,0.0,0.018184155225753784,0.33533525466918945,-0.19306620955467224,-0.005501493811607361,-0.3592715859413147,0.06687277555465698,0,1,1,0,1.259935975074768,0.828994870185852,0.8302752375602722,2.292400598526001,1.876596212387085,1.8712522983551025,1.8869214057922363,0.6322416663169861,0.6226977705955505,-1.1602612733840942,-0.4595411717891693,-1.344900369644165,0.2809021472930908,0.06543159484863281,0.9387364387512207,1.6697990894317627,0.5019657611846924,0.49929383397102356,0.5071283578872681,-0.12021148204803467,2.231210947036743,1.3397314548492432,1.690091609954834,1.2474119663238525,0.01770487055182457,0.0734277218580246,0.9616438746452332,1.0472012758255005,2.931279595941305e-06,-0.04091060534119606,-0.13861453533172607,-0.2007194608449936,2.188255548477173,1.3804212808609009,1.5833227634429932,1.395171880722046,2.999713659286499,-1.3007216453552246,-0.9072160124778748,-0.0018596085719764233,0.00020226424385327846,-0.31838905811309814,-1.806817650794983,2.9784274101257324,2.7036921977996826,0.15581434965133667,2.3942456245422363,0.3441784083843231
528,10.56,0.0,0.30000001192092896,0.0,0.03901667892932892,0.3543623685836792,-0.17588980495929718,-0.02611396089196205,-0.008362348191440105,-0.007800090592354536,0,1,1,0,1.3531163930892944,0.7581189274787903,0.6898608207702637,2.3343844413757324,2.000016689300537,1.8446648120880127,1.817758321762085,0.6768607497215271,0.5205883979797363,-1.1328222751617432,-0.4878694713115692,-1.346513032913208,0.327492356300354,0.02999362349510193,0.868529200553894,1.6907910108566284,0.5636759996414185,0.48600009083747864,0.47254684567451477,-0.09790194034576416,2.1801562309265137,1.3534510135650635,1.6759274005889893,1.246605634689331,0.07761784642934799,0.0484953373670578,0.9431686997413635,1.0449762344360352,6.155593837320339e-06,-0.05361030623316765,-0.16938075423240662,-0.14060361683368683,2.2183892726898193,1.3851912021636963,1.6284371614456177,1.4050027132034302,2.9760239124298096,-1.159986972808838,-0.9119973182678223,-0.19016341865062714,-0.00017949726316146553,-0.8074291348457336,-1.188249945640564,2.941648006439209,0.5708084106445312,0.24486953020095825,2.0460903644561768,0.5571579933166504
529,10.58,0.0,0.30000001192092896,0.0,0.04555599391460419,0.31737586855888367,-0.03598223999142647,0.3492646813392639,-0.4549892544746399,-0.08019331097602844,0,1,1,1,1.37606680393219,0.6080646514892578,0.5801209211349487,2.310286283493042,1.93923020362854,1.5776671171188354,1.6985801458358765,0.9564316868782043,0.3627336621284485,-1.1624189615249634,-0.5606422424316406,-1.3346843719482422,0.33896756172180176,-0.04503351449966431,0.8136592507362366,1.6787419319152832,0.5332827568054199,0.35250124335289,0.4129577577114105,0.04188352823257446,2.101228952407837,1.3386526107788086,1.6395410299301147,1.252519965171814,0.13282646238803864,0.02379952371120453,0.9204705357551575,1.0401780605316162,5.289885393722216e-06,-0.06427393853664398,-0.18787193298339844,-0.10495086759328842,2.1970014572143555,1.3881001472473145,1.6630724668502808,1.4223949909210205,2.518101930618286,-1.3361567258834839,-1.4419969320297241,-0.1785392165184021,-0.0004503492673393339,0.035636261105537415,-0.5783631801605225,0.28434738516807556,-2.0769145488739014,-0.40524011850357056,1.3033404350280762,1.6292823553085327
530,10.6,0.0,0.30000001192092896,0.0,0.08028912544250488,0.20438313484191895,0.06399833410978317,0.4050878584384918,0.5939892530441284,0.04611074551939964,1,0,1,1,0.9804945588111877,0.7440940141677856,0.7972646951675415,1.5934170484542847,1.7747169733047485,0.1350429654121399,1.154628872871399,1.731669306755066,0.05634281784296036,-1.1430790424346924,-0.5990815162658691,-1.2744694948196411,0.14118143916130066,0.02298116683959961,0.922231137752533,1.3203072547912598,0.45102617144584656,-0.36881083250045776,0.14098212122917175,0.42950233817100525,1.9480335712432861,1.3483226299285889,1.6203213930130005,1.2826273441314697,0.16824688017368317,0.004811080638319254,0.8953262567520142,1.0294569730758667,0.00010285906319040805,-0.11121717840433121,-0.17583802342414856,-0.10083163529634476,2.149815797805786,1.3931266069412231,1.6785240173339844,1.4515621662139893,0.25726810097694397,-0.698948323726654,-0.7983763217926025,-0.6283988356590271,0.3120321035385132,-2.8660354614257812,1.77838134765625,0.11324513703584671,0.09988200664520264,0.615291178226471,-0.03734055161476135,1.1397136449813843
531,10.620000000000001,0.0,0.30000001192092896,0.0,0.09702739119529724,0.2719213366508484,0.11197970807552338,-0.1510651409626007,0.11269526183605194,0.10262853652238846,1,0,0,1,0.6516217589378357,1.3163435459136963,1.2408052682876587,0.8368923664093018,2.399247646331787,-0.5923555493354797,-0.5315696001052856,1.4224604368209839,-0.48322737216949463,-1.3501996994018555,-0.9817211627960205,-0.7858325839042664,-0.023254960775375366,0.30910593271255493,1.1440014839172363,0.9420449733734131,0.7632914781570435,-0.7325100898742676,-0.7021170854568481,0.27489790320396423,1.678248405456543,1.2447623014450073,1.4290015697479248,1.5269458293914795,0.14223597943782806,0.010353514924645424,0.898682177066803,1.0207855701446533,0.0003397066902834922,-0.1706933230161667,-0.2158961445093155,-0.10610555112361908,2.124450445175171,1.4088484048843384,1.6324959993362427,1.4741216897964478,-1.7234737873077393,0.9946064949035645,0.7951086759567261,-0.3646978735923767,-0.04746393859386444,-2.9877476692199707,-2.97062349319458,-0.08570787310600281,-1.7081899642944336,0.7701059579849243,-2.9987552165985107,1.178349494934082
532,10.64,0.0,0.30000001192092896,0.0,0.033175915479660034,0.3129892945289612,0.07296601682901382,-0.06234494596719742,0.058867745101451874,-0.043352872133255005,1,0,0,1,0.6864036321640015,1.467604160308838,1.7441372871398926,0.8113266229629517,2.160861015319824,0.020567484200000763,-0.33047664165496826,1.345534324645996,0.189385324716568,-0.3441890776157379,-1.4629534482955933,-0.7226153612136841,-0.0058640241622924805,0.38473623991012573,1.3956674337387085,0.929262101650238,0.644098162651062,-0.4260485768318176,-0.6015706062316895,0.23643484711647034,2.014554738998413,1.7477675676345825,1.1883854866027832,1.5585544109344482,0.10440423339605331,0.044555842876434326,0.925973653793335,1.012915015220642,-3.168290277244523e-05,-0.23114456236362457,-0.2751808762550354,-0.10730750113725662,2.1031758785247803,1.464555263519287,1.5725568532943726,1.4983505010604858,-2.0648183822631836,2.205618381500244,1.7816894054412842,-0.44622287154197693,0.048220857977867126,-3.0097272396087646,-2.9731194972991943,-0.04154954105615616,-0.9569554924964905,2.9962148666381836,-2.997744560241699,1.1695663928985596
533,10.66,0.0,0.30000001192092896,0.0,0.038612931966781616,0.2803422510623932,0.07096335291862488,-0.29978299140930176,-0.19718745350837708,0.06280425190925598,1,0,0,1,0.9248298406600952,1.4928078651428223,1.6779953241348267,1.0965805053710938,2.1220946311950684,0.3463992476463318,0.36703529953956604,1.4767779111862183,0.2338816523551941,-0.16818495094776154,-1.4794166088104248,-0.6372100710868835,0.1133490800857544,0.3973380923271179,1.3625965118408203,1.071889042854309,0.6247149705886841,-0.2631326913833618,-0.2528146505355835,0.3020566403865814,2.0368030071258545,1.8357696533203125,1.1801538467407227,1.601257085800171,0.07335475832223892,0.09308716654777527,0.9676526784896851,1.006216287612915,-0.00035499047953635454,-0.2737502455711365,-0.31279245018959045,-0.108195960521698,2.0846099853515625,1.5245425701141357,1.5125144720077515,1.5202285051345825,-1.11538827419281,2.484633445739746,2.2359371185302734,-0.23790958523750305,-0.007306162267923355,-1.3732731342315674,-0.9956267476081848,0.0747600793838501,-1.0197886228561401,3.00067138671875,-3.002516269683838,0.9726614952087402
534,10.68,0.0,0.30000001192092896,0.0,0.023942619562149048,0.320474237203598,0.05984438583254814,-0.25266844034194946,-0.1939215064048767,0.04955745115876198,1,0,0,1,0.6894064545631409,1.670515775680542,1.6327109336853027,0.8717270493507385,2.2623190879821777,0.46074897050857544,0.8810197114944458,1.5773508548736572,0.2617819905281067,-0.5099766850471497,-1.3965178728103638,-0.5568951368331909,-0.004362612962722778,0.4861920475959778,1.3399542570114136,0.9594622850418091,0.6948271989822388,-0.20595782995224,0.00417754054069519,0.3523431122303009,2.050753116607666,1.6648738384246826,1.2216031551361084,1.6414146423339844,0.046778514981269836,0.13944663107395172,1.0097641944885254,0.9992267489433289,-0.0010026793461292982,-0.2800852656364441,-0.27560073137283325,-0.10812553763389587,2.0651438236236572,1.584458351135254,1.453756332397461,1.5414842367172241,-1.4340863227844238,2.07344126701355,1.917598009109497,-0.3661273717880249,-0.14124058187007904,0.5617144703865051,3.0026094913482666,0.08991937339305878,-0.9568809270858765,2.9969239234924316,-2.688880443572998,1.082556128501892
535,10.700000000000001,0.0,0.30000001192092896,0.0,0.004055008292198181,0.3508458435535431,0.020019635558128357,-0.3540616035461426,-0.28467249870300293,0.06810417771339417,1,0,0,1,0.7051039338111877,1.779660701751709,1.683560848236084,0.8813217282295227,2.095017433166504,0.26152220368385315,0.6853654384613037,1.4934797286987305,0.20426224172115326,-0.9168505668640137,-1.291980266571045,-0.5692974328994751,0.003486126661300659,0.5407645106315613,1.3653792142868042,0.9642596244812012,0.6111763715744019,-0.30557119846343994,-0.09364959597587585,0.3104075491428375,2.0219931602478027,1.4614368677139282,1.2738720178604126,1.6352133750915527,0.01829509064555168,0.17237736284732819,1.0416066646575928,0.9910587072372437,-0.006529001519083977,-0.26981425285339355,-0.21511733531951904,-0.10971613228321075,2.0487608909606934,1.5919532775878906,1.4131187200546265,1.565800428390503,-1.377397894859314,1.2397830486297607,1.2877671718597412,-0.42787253856658936,-0.3280031085014343,0.4206199049949646,3.015796661376953,-0.08634843677282333,-0.8141370415687561,-1.4172694683074951,-1.4173877239227295,1.2537280321121216
536,10.72,0.0,0.30000001192092896,0.0,-0.016875043511390686,0.4422062039375305,0.04905388876795769,-0.5441389679908752,-0.25537577271461487,0.05029868334531784,1,0,0,1,0.5387298464775085,1.8837624788284302,1.5597071647644043,0.7256219983100891,2.1733174324035645,0.37920695543289185,1.097935438156128,1.6359483003616333,-0.02770877629518509,-1.2068562507629395,-1.3383266925811768,-0.5582716464996338,-0.07970091700553894,0.5928153991699219,1.3034523725509644,0.8864097595214844,0.6503263711929321,-0.2467288374900818,0.11263540387153625,0.38164183497428894,1.9060077667236328,1.3164340257644653,1.2506988048553467,1.6407263278961182,-0.014103359542787075,0.18714670836925507,1.0464322566986084,0.9810821413993835,-0.007833457551896572,-0.254027396440506,-0.15453551709651947,-0.11413941532373428,2.027219772338867,1.5381180047988892,1.39768648147583,1.5936188697814941,-1.6813290119171143,0.3073303699493408,-0.12437587976455688,-0.606488049030304,0.1721094250679016,0.9655469655990601,3.022728204727173,-0.17353396117687225,-1.3374414443969727,-3.0035548210144043,-0.26685935258865356,1.3895541429519653
537,10.74,0.0,0.30000001192092896,0.0,0.07538039982318878,0.3964373469352722,0.1509297788143158,0.03778134286403656,0.23852330446243286,0.2663458585739136,1,0,1,1,0.5220750570297241,2.007610559463501,1.431915283203125,0.822612464427948,2.155269145965576,0.3320493996143341,1.2818149328231812,1.790844440460205,-0.27544522285461426,-1.582904577255249,-1.4228532314300537,-0.6333210468292236,-0.08802831172943115,0.6547394394874573,1.2395564317703247,0.9349050521850586,0.641302227973938,-0.27030760049819946,0.20457515120506287,0.45908990502357483,1.782139539718628,1.1284098625183105,1.2084355354309082,1.6032016277313232,-0.048926256597042084,0.18614070117473602,1.0396466255187988,0.9607962965965271,0.00012504009646363556,-0.24446982145309448,-0.1368565559387207,-0.11664930731058121,1.9831150770187378,1.478476881980896,1.408422827720642,1.6199746131896973,-1.7627637386322021,-0.3449821472167969,-0.38914555311203003,-1.2034529447555542,-0.05516229569911957,0.26891031861305237,0.788830041885376,0.32638925313949585,-2.557333469390869,-2.892780303955078,0.6923812031745911,1.1665692329406738
538,10.76,0.0,0.30000001192092896,0.0,0.027472510933876038,0.3537083566188812,0.25593411922454834,0.27236098051071167,-0.12174557149410248,0.09179043024778366,1,0,1,1,0.3204720914363861,2.0743861198425293,1.3585138320922852,0.8589337468147278,2.1780214309692383,0.7808675765991211,1.6704597473144531,1.9949442148208618,-0.14125864207744598,-1.7203856706619263,-1.2177945375442505,-0.9329236149787903,-0.18882979452610016,0.6881272196769714,1.2028557062149048,0.9530656337738037,0.652678370475769,-0.04589852690696716,0.39889755845069885,0.5611398220062256,1.849232792854309,1.0596692562103271,1.310964822769165,1.4534003734588623,-0.09290902316570282,0.17904046177864075,1.0272666215896606,0.9405016899108887,1.809343484637793e-05,-0.20149613916873932,-0.11891207844018936,-0.09227737039327621,1.939422607421875,1.4271626472473145,1.41888427734375,1.6283215284347534,-2.426590919494629,-0.3417499363422394,-0.7566266059875488,-0.9201282262802124,0.001370923942886293,2.995157480239868,1.155329704284668,1.8418540954589844,-2.1399290561676025,-2.072634220123291,0.3228030800819397,-0.12832462787628174
539,10.78,0.0,0.30000001192092896,0.0,-0.05550026148557663,0.3342127203941345,0.2838601768016815,0.636907696723938,0.048537105321884155,0.11716087907552719,1,0,1,1,0.24672237038612366,1.8556716442108154,1.2463276386260986,0.5418193340301514,1.8278883695602417,1.026564121246338,1.5396825075149536,0.9877992272377014,-0.1735246181488037,-1.7055749893188477,-1.1916427612304688,-0.9948685169219971,-0.22570465505123138,0.5787699818611145,1.1467626094818115,0.7945084571838379,0.47761186957359314,0.07694974541664124,0.3335089385509491,0.057567298412323,1.8330998420715332,1.0670746564865112,1.3240407705307007,1.4224278926849365,-0.14343003928661346,0.17059923708438873,1.0144529342651367,0.9142999053001404,1.4688787814520765e-05,-0.14170263707637787,-0.08632653951644897,-0.05242207273840904,1.9032366275787354,1.3995898962020874,1.422701120376587,1.6188374757766724,-2.5680410861968994,-0.4697688817977905,-0.5190763473510742,-1.5825822353363037,0.003552461741492152,2.9981470108032227,2.0065112113952637,2.1918210983276367,-1.7122303247451782,-0.7851358652114868,0.07255732268095016,-0.765114426612854
540,10.8,0.0,0.30000001192092896,0.0,-0.00728345662355423,0.28539133071899414,0.08353476226329803,0.5661010146141052,0.9421141147613525,0.06979277729988098,0,0,1,0,0.32745909690856934,1.4603900909423828,1.1363472938537598,0.9554906487464905,1.176891803741455,1.3659769296646118,1.3937636613845825,-0.547305166721344,-0.01801200956106186,-1.6127963066101074,-1.1425739526748657,-0.977462887763977,-0.18533629179000854,0.3811292052268982,1.091772437095642,1.001344084739685,0.15211358666419983,0.2466561496257782,0.26054951548576355,-0.7099848985671997,1.9108561277389526,1.1134639978408813,1.3485751152038574,1.4311306476593018,-0.18811212480068207,0.16264210641384125,1.0114222764968872,0.900842547416687,-3.67944221579819e-06,-0.08174187690019608,-0.04297862946987152,-0.09433972090482712,1.885432481765747,1.3935195207595825,1.4243144989013672,1.5731842517852783,-1.8618745803833008,-0.3699967563152313,-0.0035758973099291325,0.11401168256998062,0.00010792520333779976,2.998262882232666,2.228987455368042,-3.003401517868042,-0.32146644592285156,0.08987787365913391,0.07003815472126007,-3.0002119541168213
541,10.82,0.0,0.30000001192092896,0.0,-0.005777046084403992,0.24047420918941498,0.03957531228661537,0.03840528428554535,0.04260058328509331,0.12622809410095215,0,1,1,0,0.4813225269317627,1.082356333732605,1.0590670108795166,1.96568763256073,0.593216061592102,1.3642245531082153,1.7082942724227905,-0.22774779796600342,0.6612348556518555,-1.200229525566101,-0.877144455909729,-1.3797502517700195,-0.10840457677841187,0.19211232662200928,1.0531322956085205,1.5064425468444824,-0.13972428441047668,0.24577996134757996,0.41781482100486755,-0.550206184387207,2.2504796981811523,1.3197474479675293,1.4812898635864258,1.2299870252609253,-0.20273570716381073,0.1490636169910431,1.0100958347320557,0.9197680354118347,-0.026529952883720398,-0.04606840759515762,-0.015332995913922787,-0.15345759689807892,1.9368882179260254,1.3886152505874634,1.4332484006881714,1.5131549835205078,0.09427467733621597,-0.8591946363449097,-0.2870130240917206,1.5461957454681396,-1.9232399463653564,-0.45512983202934265,-0.071291483938694,-2.9705045223236084,3.0003228187561035,0.33098071813583374,0.9673193097114563,-3.001819133758545
542,10.84,0.0,0.30000001192092896,0.0,0.050446487963199615,0.21955372393131256,-0.0330236479640007,-0.2704973518848419,-0.017794840037822723,0.14117299020290375,0,1,1,0,0.671117901802063,1.0606938600540161,0.798543393611908,2.1673200130462646,1.018469214439392,1.798953890800476,1.8135191202163696,-0.055776990950107574,0.752326488494873,-1.2769503593444824,-0.7935102581977844,-1.2841211557388306,-0.013506889343261719,0.18128108978271484,0.9228705167770386,1.6072587966918945,0.07290229201316833,0.4631446301937103,0.4704272449016571,-0.4642208218574524,2.296025276184082,1.2813869714736938,1.5231070518493652,1.277801513671875,-0.17364677786827087,0.13245820999145508,1.0038658380508423,0.9586895108222961,-0.034846313297748566,-0.04623156785964966,-0.02244690991938114,-0.21328027546405792,1.9968949556350708,1.389251708984375,1.4533201456069946,1.4553717374801636,2.4031126499176025,-0.7476889491081238,-0.27601972222328186,2.1822967529296875,0.7082929611206055,0.1952047049999237,-0.6631291508674622,-2.992439031600952,3.0002970695495605,-0.10555043071508408,0.9909102916717529,-2.613110065460205
543,10.86,0.0,0.30000001192092896,0.0,0.05110281705856323,0.2552574872970581,-0.10776709020137787,-0.357207715511322,-0.21751698851585388,0.0513957254588604,0,1,1,0,0.7856394648551941,0.9189785718917847,0.7720232009887695,2.1955738067626953,1.2389193773269653,1.701338291168213,1.834387183189392,0.3340301811695099,0.5910801887512207,-1.2104686498641968,-0.6166188716888428,-1.312475562095642,0.04375389218330383,0.11042344570159912,0.909610390663147,1.6213856935501099,0.18312737345695496,0.41433683037757874,0.48086127638816833,-0.2693172097206116,2.215402126312256,1.3146278858184814,1.6115527153015137,1.2636244297027588,-0.11483150720596313,0.11735816299915314,0.9949552416801453,1.001625418663025,-0.006214081775397062,-0.04104132577776909,-0.04652004316449165,-0.263841450214386,2.0568971633911133,1.387795329093933,1.4823919534683228,1.414513111114502,3.000155448913574,-0.7243735790252686,-0.5984830260276794,2.043652057647705,1.8695933818817139,0.31004804372787476,-1.4971208572387695,-2.0558230876922607,3.0001111030578613,-0.1113988608121872,1.7112929821014404,-1.4873396158218384
544,10.88,0.0,0.30000001192092896,0.0,0.012666068971157074,0.2721651494503021,-0.1736772209405899,-0.10899603366851807,-0.5461211204528809,0.04017431288957596,0,1,1,0,0.9911015629768372,0.8919426202774048,0.8783340454101562,2.2983899116516113,1.452110767364502,1.6451603174209595,1.790910243988037,0.684985339641571,0.5094422101974487,-1.181337594985962,-0.5233948826789856,-1.3343275785446167,0.14648494124412537,0.09690546989440918,0.9627658128738403,1.6727937459945679,0.28972306847572327,0.386247843503952,0.45912280678749084,-0.09383964538574219,2.1745831966400146,1.329193353652954,1.6581647396087646,1.2526984214782715,-0.05483859032392502,0.09884873777627945,0.978434681892395,1.0361464023590088,1.8213385146736982e-06,-0.034902773797512054,-0.08636407554149628,-0.26118579506874084,2.116609573364258,1.3873931169509888,1.52571439743042,1.3948420286178589,2.999908447265625,-0.995691180229187,-0.8917012214660645,1.4126408100128174,0.00029816749156452715,0.2371464967727661,-2.0642995834350586,1.6580021381378174,2.904440402984619,-0.018181947991251945,2.30110502243042,-0.5409243702888489
545,10.9,0.0,0.30000001192092896,0.0,-0.0126190185546875,0.30397284030914307,-0.1959444284439087,-0.042736127972602844,-0.34671562910079956,0.08598490059375763,0,1,1,0,1.2131460905075073,0.8237594366073608,0.8164343237876892,2.219208240509033,1.8876725435256958,1.776776909828186,1.831527829170227,0.6411414742469788,0.5516407489776611,-1.154484510421753,-0.4953957796096802,-1.3373512029647827,0.25750720500946045,0.06281387805938721,0.9318159818649292,1.6332029104232788,0.5075039863586426,0.4520561397075653,0.4794315993785858,-0.11576157808303833,2.1956825256347656,1.3426198959350586,1.6721642017364502,1.2511866092681885,0.005157346371561289,0.07634666562080383,0.9624214172363281,1.0469815731048584,3.913070941052865e-06,-0.03638017550110817,-0.1269681751728058,-0.2111847698688507,2.1701624393463135,1.388555884361267,1.5743565559387207,1.3927987813949585,2.999675750732422,-1.1679736375808716,-0.7069715857505798,-0.0713052973151207,0.00012236862676218152,-0.30311524868011475,-1.8340400457382202,2.981651782989502,2.300565481185913,0.09440034627914429,2.4035298824310303,0.22628732025623322
546,10.92,0.0,0.30000001192092896,0.0,0.009929299354553223,0.3213568925857544,-0.17994463443756104,-0.059089284390211105,-0.020062394440174103,0.005458399653434753,0,1,1,0,1.3109240531921387,0.7722290754318237,0.6972718238830566,2.2677810192108154,2.025970935821533,1.766076922416687,1.7756597995758057,0.6736383438110352,0.46647387742996216,-1.126732349395752,-0.5175986886024475,-1.3412307500839233,0.3063961863517761,0.03704869747161865,0.8722347021102905,1.65748929977417,0.5766531229019165,0.4467061460018158,0.4514975845813751,-0.09951314330101013,2.1530990600585938,1.356495976448059,1.6610628366470337,1.2492468357086182,0.06514319032430649,0.05407364293932915,0.9479634761810303,1.0438477993011475,5.7369716159882955e-06,-0.04835054278373718,-0.1588737666606903,-0.15092037618160248,2.1933295726776123,1.3919891119003296,1.619989037513733,1.4017623662948608,2.9995033740997314,-1.026911973953247,-0.7209218740463257,-0.2160029113292694,-0.00019423820776864886,-0.755883514881134,-1.263840675354004,2.9840261936187744,0.2883908152580261,0.18294256925582886,2.079904556274414,0.5648486018180847
547,10.94,0.0,0.30000001192092896,0.0,0.033471256494522095,0.3147168755531311,-0.06555619090795517,0.15768343210220337,-0.27878156304359436,-0.05412124842405319,0,1,1,1,1.3343206644058228,0.6308926343917847,0.607566773891449,2.2405195236206055,1.9758689403533936,1.4994604587554932,1.6618304252624512,0.947987973690033,0.30596494674682617,-1.1578350067138672,-0.5674950480461121,-1.3235102891921997,0.31809449195861816,-0.03361952304840088,0.8273822069168091,1.643858551979065,0.5516021251678467,0.31339791417121887,0.3945828974246979,0.03766167163848877,2.0728445053100586,1.3409446477890015,1.6361145973205566,1.2581069469451904,0.12198274582624435,0.03219537436962128,0.9314348697662354,1.0378563404083252,4.861662546318257e-06,-0.06428447365760803,-0.1783163845539093,-0.09883012622594833,2.16768741607666,1.3958591222763062,1.656502366065979,1.410517692565918,2.6231987476348877,-1.1145960092544556,-1.1769942045211792,-0.426813542842865,-0.00043195270700380206,-0.04898163676261902,-0.8154022693634033,0.25935816764831543,-2.2151546478271484,-0.029204577207565308,1.5115677118301392,1.0438848733901978
548,10.96,0.0,0.30000001192092896,0.0,0.057226233184337616,0.18194566667079926,0.027756936848163605,0.5074927806854248,0.44131338596343994,-0.015635522082448006,1,0,1,1,0.9917229413986206,0.8453172445297241,0.8391739130020142,1.5774550437927246,2.018784999847412,0.004719994962215424,1.11211097240448,2.01597261428833,-0.06380034983158112,-1.2320773601531982,-0.7058724164962769,-1.3062914609909058,0.1467956304550171,0.07359278202056885,0.9431857466697693,1.3123263120651245,0.573060154914856,-0.4339723289012909,0.11972317099571228,0.5716539621353149,1.887961983680725,1.303823471069336,1.5669260025024414,1.266716480255127,0.16070722043514252,0.022566627711057663,0.9125533103942871,1.0271368026733398,-0.00017634357209317386,-0.11337790638208389,-0.16775725781917572,-0.10377411544322968,2.1221253871917725,1.4043582677841187,1.67109215259552,1.4407105445861816,0.7663480639457703,-0.05310096591711044,-0.25032469630241394,-0.678792417049408,-0.3274041414260864,-3.067106246948242,1.2768707275390625,-0.42240798473358154,-1.1641032695770264,0.6068073511123657,-0.561225175857544,1.0274499654769897
549,10.98,0.0,0.30000001192092896,0.0,0.06344270706176758,0.2437552511692047,0.08197721093893051,-0.05779306963086128,0.04895640164613724,0.002275471342727542,1,0,0,1,0.6347588300704956,1.2797551155090332,1.323911428451538,0.8486501574516296,2.5635509490966797,-0.5504693388938904,-0.22811457514762878,1.5497477054595947,-0.3251008093357086,-1.1350231170654297,-0.9707862734794617,-0.8848157525062561,-0.03168642520904541,0.2908117175102234,1.1855545043945312,0.9479238986968994,0.8454431295394897,-0.7115669846534729,-0.5503895878791809,0.33854153752326965,1.7573117017745972,1.3523505926132202,1.4344689846038818,1.4774543046951294,0.14024679362773895,0.036161329597234726,0.9223785996437073,1.0195066928863525,0.0002776058972813189,-0.17290715873241425,-0.20465219020843506,-0.10786240547895432,2.1062092781066895,1.416751742362976,1.620856761932373,1.4611061811447144,-1.559308409690857,1.2680860757827759,0.9392744302749634,-0.2662634551525116,-0.007648292928934097,-2.999196767807007,-2.9678049087524414,0.0020481348037719727,-1.0686373710632324,0.5291874408721924,-2.997190475463867,1.0016899108886719
550,11.0,0.0,0.30000001192092896,0.0,0.01756037026643753,0.2743057608604431,0.06657634675502777,-0.09151777625083923,-0.008088445290923119,-0.018359143286943436,1,0,0,1,0.7613450288772583,1.4371116161346436,1.6869807243347168,0.8059136867523193,2.3597524166107178,0.09533602744340897,0.046429120004177094,1.5261443853378296,0.12214832752943039,-0.4322807490825653,-1.4198781251907349,-0.785152792930603,0.03160667419433594,0.36948996782302856,1.3670891523361206,0.9265556335449219,0.7435438632965088,-0.3886643052101135,-0.41311776638031006,0.3267398774623871,1.9809362888336182,1.7037217617034912,1.2099230289459229,1.5272858142852783,0.1078999862074852,0.07074445486068726,0.9499555826187134,1.0129921436309814,1.1044681741623208e-05,-0.23325783014297485,-0.2639601528644562,-0.10866084694862366,2.089970827102661,1.4699599742889404,1.5608842372894287,1.481622338294983,-1.692616581916809,2.0097947120666504,1.684309482574463,-0.39542356133461,0.041102394461631775,-3.0030298233032227,-2.9780068397521973,-0.009868133813142776,-0.8269012570381165,2.997840166091919,-2.99906849861145,0.9825339317321777
551,11.02,0.0,0.30000001192092896,0.0,0.0321231484413147,0.2681775689125061,0.0792526826262474,-0.2290383279323578,-0.16494803130626678,0.03205402195453644,1,0,0,1,0.8700276017189026,1.5151135921478271,1.6388624906539917,1.0525267124176025,2.2976274490356445,0.38406455516815186,0.5968987941741943,1.5605337619781494,0.17115528881549835,-0.3923957049846649,-1.4451634883880615,-0.6768054962158203,0.08594796061515808,0.40849095582962036,1.3430299758911133,1.0498621463775635,0.7124813795089722,-0.24430003762245178,-0.13788291811943054,0.343934565782547,2.0054397583007812,1.7236642837524414,1.1972804069519043,1.581459403038025,0.0790456235408783,0.11269941926002502,0.9861817955970764,1.006710410118103,-9.639760537538677e-05,-0.2733917236328125,-0.2836948037147522,-0.10820890963077545,2.073132276535034,1.5299323797225952,1.5008524656295776,1.5006325244903564,-1.2070003747940063,2.0677688121795654,1.8373188972473145,-0.24560467898845673,0.037219565361738205,-1.1565381288528442,0.5184232592582703,0.1540556252002716,-0.9784740209579468,2.9995155334472656,-3.0017619132995605,0.8506436944007874
552,11.040000000000001,0.0,0.30000001192092896,0.0,0.010309308767318726,0.31367921829223633,0.05616215988993645,-0.23812641203403473,-0.18711142241954803,0.04123643413186073,1,0,0,1,0.7147623896598816,1.661300539970398,1.6466002464294434,0.850896418094635,2.311797618865967,0.41114315390586853,0.7074329853057861,1.5087060928344727,0.2244417816400528,-0.8016494512557983,-1.348174810409546,-0.6062384247779846,0.008315354585647583,0.48158442974090576,1.3468989133834839,0.9490469694137573,0.7195664644241333,-0.23076073825359344,-0.08261582255363464,0.3180207312107086,2.032083034515381,1.5190374851226807,1.245774745941162,1.6167429685592651,0.05178610607981682,0.149386927485466,1.019835114479065,0.9998739957809448,-0.0011421296512708068,-0.27869948744773865,-0.24061104655265808,-0.10748346149921417,2.055347442626953,1.5625780820846558,1.4437774419784546,1.520589828491211,-1.4453765153884888,1.5611439943313599,1.4999686479568481,-0.4001588523387909,-0.11734026670455933,0.42347708344459534,3.005446195602417,0.06784844398498535,-0.8877732157707214,0.5872295498847961,-2.5047402381896973,1.0254967212677002
553,11.06,0.0,0.30000001192092896,0.0,-0.01911446452140808,0.36410337686538696,0.032199181616306305,-0.33043795824050903,-0.21298396587371826,0.06314940005540848,1,0,0,1,0.6590880751609802,1.7801495790481567,1.6740450859069824,0.8020679950714111,2.205998420715332,0.2966562807559967,0.6561821699142456,1.4973478317260742,0.12918664515018463,-1.0747672319412231,-1.3211759328842163,-0.6243539452552795,-0.0195218026638031,0.5410089492797852,1.3606213331222534,0.9246327877044678,0.6666668653488159,-0.28800415992736816,-0.10824123024940491,0.3123416006565094,1.9844554662704468,1.3824784755706787,1.2592742443084717,1.6076852083206177,0.021085569635033607,0.1726076304912567,1.0439057350158691,0.9898576140403748,-0.004115444142371416,-0.2685359716415405,-0.18011349439620972,-0.10972186923027039,2.0387449264526367,1.5360815525054932,1.407954216003418,1.544298529624939,-1.5624138116836548,0.7995298504829407,0.9367944002151489,-0.5749015808105469,-0.126724973320961,0.5160008668899536,3.015577793121338,-0.11878207325935364,-0.8765308260917664,-2.4938294887542725,-1.1608357429504395,1.2177934646606445
554,11.08,0.0,0.30000001192092896,0.0,0.031784072518348694,0.36408257484436035,0.12201927602291107,-0.14713454246520996,0.32873204350471497,0.12040712684392929,1,0,1,1,0.5649711489677429,1.8805630207061768,1.5585355758666992,0.7814961075782776,2.2242021560668945,0.36292070150375366,1.004120111465454,1.5966644287109375,-0.07134807854890823,-1.3320810794830322,-1.3783528804779053,-0.6279455423355103,-0.06658026576042175,0.5912156701087952,1.3028665781021118,0.9143468141555786,0.6757687330245972,-0.2548719644546509,0.06572774052619934,0.36199989914894104,1.8841880559921265,1.253821611404419,1.2306857109069824,1.6058893203735352,-0.012321319431066513,0.18132008612155914,1.0453754663467407,0.9767765998840332,2.1058136553619988e-05,-0.2549145817756653,-0.1313793808221817,-0.11475634574890137,2.0140762329101562,1.4787240028381348,1.4007805585861206,1.5703412294387817,-1.5694078207015991,0.16392672061920166,-0.19601477682590485,-1.128528356552124,0.3637591004371643,0.40780219435691833,0.06764005124568939,-0.3649201989173889,-1.947597861289978,-2.8705525398254395,1.289536714553833,1.2737412452697754
555,11.1,0.0,0.30000001192092896,0.0,0.016732215881347656,0.3430057466030121,0.20720615983009338,0.13749629259109497,-0.08264321833848953,0.08157544583082199,1,0,1,1,0.43746620416641235,2.0303642749786377,1.3524341583251953,0.8718515634536743,2.1510825157165527,0.7456031441688538,1.7944782972335815,2.2087960243225098,-0.16858811676502228,-1.818420648574829,-1.2148915529251099,-0.9093899130821228,-0.13033273816108704,0.6661162972450256,1.1998158693313599,0.9595245718955994,0.6392089128494263,-0.06353074312210083,0.46090683341026306,0.6680656671524048,1.8355680704116821,1.0106518268585205,1.3124163150787354,1.4651671648025513,-0.0515681728720665,0.18093785643577576,1.0355278253555298,0.9593446254730225,5.721993511542678e-05,-0.21145586669445038,-0.1221131905913353,-0.10220339894294739,1.972786784172058,1.4279603958129883,1.4181437492370605,1.5837229490280151,-2.136758804321289,-0.1486642211675644,-0.6237026453018188,-0.8428673148155212,-0.049992263317108154,3.0014848709106445,0.7870481014251709,1.2325299978256226,-2.03057599067688,-2.0470612049102783,0.5742918252944946,0.22772762179374695
556,11.120000000000001,0.0,0.30000001192092896,0.0,-0.03957086801528931,0.34655770659446716,0.25932419300079346,0.5369974374771118,0.091513492166996,0.1550045758485794,1,0,1,1,0.2971007823944092,1.9132769107818604,1.2154052257537842,0.5515848398208618,1.9374232292175293,0.9001275897026062,1.665639042854309,1.541466474533081,-0.2286204993724823,-1.8488903045654297,-1.1756236553192139,-1.0030173063278198,-0.20051544904708862,0.607572615146637,1.1313014030456543,0.7993912100791931,0.5323792695999146,0.01373147964477539,0.39648720622062683,0.3344009220600128,1.8055518865585327,0.9954169988632202,1.3320503234863281,1.41835355758667,-0.10068284720182419,0.17410899698734283,1.0247422456741333,0.9350403547286987,6.243945244932547e-05,-0.15155194699764252,-0.09532469511032104,-0.07164853066205978,1.9370644092559814,1.4006751775741577,1.4258558750152588,1.5822901725769043,-2.6104538440704346,-0.466093510389328,-0.45229437947273254,-1.5178998708724976,-0.004735663533210754,2.998767137527466,1.8106509447097778,1.8029906749725342,-1.840262770652771,-0.7830067873001099,0.2132134735584259,-0.35353702306747437
557,11.14,0.0,0.30000001192092896,0.0,0.007036074995994568,0.31026625633239746,0.07224912941455841,0.5127816796302795,1.0096391439437866,0.07711953669786453,0,0,1,0,0.3230278193950653,1.6323423385620117,1.1482728719711304,0.9388062357902527,1.3886760473251343,1.2355549335479736,1.390339970588684,0.06359317153692245,-0.1004386618733406,-1.781888723373413,-1.129227638244629,-1.0076526403427124,-0.18755193054676056,0.46710532903671265,1.0977351665496826,0.9930019378662109,0.25800570845603943,0.1814451515674591,0.25883767008781433,-0.4045357406139374,1.8696428537368774,1.0289177894592285,1.3552483320236206,1.4160358905792236,-0.15283560752868652,0.16553331911563873,1.0212205648422241,0.9188329577445984,-1.439218976884149e-06,-0.09158293157815933,-0.05504487454891205,-0.1001196801662445,1.9003164768218994,1.394404649734497,1.4301060438156128,1.5445733070373535,-2.476280689239502,-0.40317925810813904,0.0002633817493915558,-0.18905651569366455,-0.00013605398999061435,2.9981257915496826,2.16986346244812,-2.9968767166137695,-1.7684531211853027,0.05550818890333176,0.19107961654663086,-2.924144983291626
558,11.16,0.0,0.30000001192092896,0.0,0.009644106030464172,0.26015710830688477,0.03298844024538994,0.01127569004893303,0.07789596170186996,0.1333608627319336,0,1,1,0,0.5390154123306274,1.106273889541626,1.1470344066619873,2.021865129470825,0.5464926958084106,1.244889259338379,1.6266661882400513,0.12991318106651306,0.6701682806015015,-1.267880916595459,-0.8510693907737732,-1.4284292459487915,-0.07955813407897949,0.20407110452651978,1.0971159934997559,1.5345313549041748,-0.1630859673023224,0.18611231446266174,0.3770007789134979,-0.3713757395744324,2.254946231842041,1.2859216928482056,1.494327425956726,1.2056474685668945,-0.17790967226028442,0.14912579953670502,1.019029140472412,0.9309374094009399,-0.03146170452237129,-0.06067966669797897,-0.03073815256357193,-0.15904821455478668,1.9424387216567993,1.3890838623046875,1.441880226135254,1.4847208261489868,-0.3092634677886963,-1.0669280290603638,-0.3583753705024719,1.1942121982574463,-2.365370750427246,-0.3623063266277313,-0.10967158526182175,-3.0223119258880615,3.000326156616211,0.027144744992256165,1.0439928770065308,-2.9396328926086426
559,11.18,0.0,0.30000001192092896,0.0,0.06304731965065002,0.2402370274066925,-0.028660276904702187,-0.26971960067749023,-0.06533070653676987,0.12531183660030365,0,1,1,0,0.6921961903572083,1.0784783363342285,0.7952600717544556,2.241574764251709,0.890965461730957,1.7983986139297485,1.8312350511550903,0.07633205503225327,0.7896823883056641,-1.2458211183547974,-0.7698010802268982,-1.3049263954162598,-0.002967745065689087,0.19017332792282104,0.92122882604599,1.6443861722946167,0.009150415658950806,0.46286699175834656,0.47928521037101746,-0.398166298866272,2.3147034645080566,1.2969515323638916,1.5349615812301636,1.2673989534378052,-0.15740419924259186,0.1302405595779419,1.0109856128692627,0.9629496932029724,-0.055144283920526505,-0.05868739262223244,-0.03903529793024063,-0.2187965363264084,2.002445697784424,1.3867374658584595,1.4628591537475586,1.4338659048080444,1.9798146486282349,-0.8307070136070251,-0.4155944883823395,1.861681580543518,-0.23325642943382263,0.30848878622055054,-0.7217850685119629,-2.992013931274414,3.0003159046173096,-0.1621467024087906,1.0456891059875488,-2.073025941848755
560,11.200000000000001,0.0,0.30000001192092896,0.0,0.07356736063957214,0.2734159231185913,-0.08146321773529053,-0.36133652925491333,-0.25227874517440796,0.058124784380197525,0,1,1,0,0.7897990345954895,0.9027957916259766,0.7514630556106567,2.241227149963379,1.117361307144165,1.6561410427093506,1.8311433792114258,0.4141644835472107,0.6232002973556519,-1.2260627746582031,-0.5915377736091614,-1.3085097074508667,0.04583367705345154,0.10233205556869507,0.8993303179740906,1.6442123651504517,0.12234833836555481,0.3917382061481476,0.4792393743991852,-0.22925007343292236,2.231462240219116,1.3068307638168335,1.6240932941436768,1.2656073570251465,-0.10176558047533035,0.11352705955505371,0.9994975328445435,1.0003726482391357,-0.035917337983846664,-0.05023342743515968,-0.0625733733177185,-0.26177266240119934,2.062448740005493,1.3840738534927368,1.4910101890563965,1.4041762351989746,3.0003647804260254,-0.8023045063018799,-0.694951593875885,1.817676305770874,1.7654532194137573,0.5046075582504272,-1.4015768766403198,-1.4118703603744507,3.0001232624053955,-0.1802958846092224,1.5637218952178955,-0.9576506614685059
561,11.22,0.0,0.30000001192092896,0.0,0.046136900782585144,0.3102286458015442,-0.15669041872024536,-0.07434019446372986,-0.5975888967514038,0.03058984875679016,0,1,1,0,1.0250608921051025,0.8330913782119751,0.8083623647689819,2.318164825439453,1.403341293334961,1.6723170280456543,1.8218036890029907,0.6826632618904114,0.5079786777496338,-1.1950950622558594,-0.4737413227558136,-1.3272522687911987,0.16346460580825806,0.06747984886169434,0.9277799725532532,1.6826812028884888,0.26533833146095276,0.39982619881629944,0.47456952929496765,-0.09500068426132202,2.173851490020752,1.3223146200180054,1.6829915046691895,1.2562360763549805,-0.04177246615290642,0.09436877816915512,0.981715202331543,1.031580924987793,2.913212483690586e-06,-0.04130643233656883,-0.09728535264730453,-0.2514606714248657,2.122060537338257,1.3808554410934448,1.530103325843811,1.39369535446167,2.999584197998047,-1.2428770065307617,-1.2576619386672974,1.2994697093963623,-5.398545181378722e-05,0.4069354236125946,-2.1069765090942383,1.9917396306991577,2.922584295272827,0.010076016187667847,2.379913806915283,-0.15067072212696075
562,11.24,0.0,0.30000001192092896,0.0,0.020070478320121765,0.3405137062072754,-0.18650932610034943,-0.00865684449672699,-0.3640894293785095,0.053672388195991516,0,1,1,0,1.264851450920105,0.8198773264884949,0.814918041229248,2.3010551929473877,1.846961498260498,1.8498058319091797,1.8913242816925049,0.6452746987342834,0.6004840135574341,-1.1545544862747192,-0.46985217928886414,-1.3430231809616089,0.2833598852157593,0.060872822999954224,0.9310578107833862,1.674126386642456,0.4871484339237213,0.48857060074806213,0.5093297958374023,-0.11369496583938599,2.220104217529297,1.3425848484039307,1.6849360466003418,1.2483506202697754,0.018224870786070824,0.06939838826656342,0.9599815607070923,1.047201156616211,3.1722493076813407e-06,-0.04095273092389107,-0.13757739961147308,-0.19775040447711945,2.1801164150238037,1.382114291191101,1.5782902240753174,1.3969180583953857,2.9997012615203857,-1.2978429794311523,-0.9576694369316101,-0.0016573963221162558,0.00018938792345579714,-0.26380640268325806,-1.7863686084747314,3.006098747253418,2.655024290084839,0.09228087961673737,2.378282070159912,0.37401002645492554
563,11.26,0.0,0.30000001192092896,0.0,0.04156957566738129,0.3581062853336334,-0.17092587053775787,-0.032420217990875244,-0.002671554684638977,-0.016201142221689224,0,1,1,0,1.355635643005371,0.7498915195465088,0.6900743842124939,2.333148241043091,1.9920179843902588,1.8378188610076904,1.8218001127243042,0.67593914270401,0.5104829668998718,-1.1240348815917969,-0.5025573968887329,-1.3475795984268188,0.32875198125839233,0.02587991952896118,0.8686360120773315,1.6901729106903076,0.5596766471862793,0.4825771152973175,0.4745677411556244,-0.0983627438545227,2.1751036643981934,1.3578447103500366,1.6685833930969238,1.2460722923278809,0.07818663865327835,0.04452775418758392,0.9410161972045898,1.0449581146240234,5.993890226818621e-06,-0.052793245762586594,-0.16788919270038605,-0.13776209950447083,2.210343837738037,1.385864496231079,1.6230839490890503,1.4067295789718628,2.9857020378112793,-1.1646019220352173,-0.9258905053138733,-0.19223909080028534,-0.00016681780107319355,-0.777938187122345,-1.16555655002594,2.9194087982177734,0.6164152026176453,0.1917283833026886,2.032858371734619,0.5365421175956726
564,11.28,0.0,0.30000001192092896,0.0,0.047512635588645935,0.3213117718696594,-0.03330903872847557,0.34681886434555054,-0.397583544254303,-0.08548516035079956,0,1,1,1,1.3765453100204468,0.598895251750946,0.5801287889480591,2.306713104248047,1.9307804107666016,1.5738983154296875,1.6997425556182861,0.94878751039505,0.3532717823982239,-1.1567535400390625,-0.5786312222480774,-1.3350276947021484,0.3392068147659302,-0.04961821436882019,0.8136631846427917,1.6769553422927856,0.5290578603744507,0.35061684250831604,0.41353896260261536,0.038061439990997314,2.0964980125427246,1.3414853811264038,1.6305465698242188,1.2523483037948608,0.13362081348896027,0.020055396482348442,0.9178591370582581,1.0404725074768066,5.319033334671985e-06,-0.061900753527879715,-0.18593131005764008,-0.10420101135969162,2.190309524536133,1.388382911682129,1.6571173667907715,1.42607581615448,2.5123698711395264,-1.3368656635284424,-1.438538670539856,-0.19038072228431702,-0.00042268712422810495,0.15016239881515503,-0.5487917065620422,0.4256961941719055,-2.0028674602508545,-0.21831777691841125,1.294487714767456,1.4853044748306274
565,11.3,0.0,0.30000001192092896,0.0,0.08592568337917328,0.19893403351306915,0.07187997549772263,0.42727071046829224,0.6216417551040649,0.058772437274456024,1,0,1,1,1.0007622241973877,0.7237378358840942,0.7963008880615234,1.5790643692016602,1.942033290863037,0.07353352755308151,1.0993852615356445,1.8075124025344849,-0.026085764169692993,-1.2465051412582397,-0.6621865630149841,-1.2941523790359497,0.15131527185440063,0.012803077697753906,0.9217492341995239,1.3131309747695923,0.5346843004226685,-0.39956554770469666,0.11336031556129456,0.4674238860607147,1.906819224357605,1.29660964012146,1.5887688398361206,1.2727859020233154,0.17053499817848206,-0.0001388764358125627,0.8932750225067139,1.0293431282043457,0.00016376006533391774,-0.10900207608938217,-0.17156922817230225,-0.10022229701280594,2.1428651809692383,1.3967210054397583,1.6707360744476318,1.4547319412231445,0.42006930708885193,-0.794070839881897,-0.8150445222854614,-0.6707379817962646,0.28983473777770996,-2.8815348148345947,1.8608601093292236,0.0881299376487732,-0.16449052095413208,0.6978254914283752,-0.2444048523902893,1.1132497787475586
566,11.32,0.0,0.30000001192092896,0.0,0.09265445172786713,0.26000016927719116,0.10874141752719879,-0.09864401072263718,0.0859682559967041,0.08543999493122101,1,0,0,1,0.6329846382141113,1.304780125617981,1.302797794342041,0.8389351963996887,2.480417251586914,-0.6040623784065247,-0.6576262712478638,1.3690400123596191,-0.45416393876075745,-1.4201381206512451,-1.0351098775863647,-0.8032901287078857,-0.03257352113723755,0.30332422256469727,1.1749976873397827,0.9430663585662842,0.8038762807846069,-0.73836350440979,-0.7651454210281372,0.24818769097328186,1.6927801370620728,1.2097930908203125,1.4023072719573975,1.5182170867919922,0.1449112892150879,0.004924486391246319,0.8963519334793091,1.0208101272583008,0.00025298120453953743,-0.16846393048763275,-0.21372905373573303,-0.10428079217672348,2.117652177810669,1.4125723838806152,1.6231637001037598,1.4761273860931396,-1.8550782203674316,1.0352915525436401,0.8083488941192627,-0.3377120792865753,-0.16856081783771515,-2.990746259689331,-2.9902732372283936,0.00735747255384922,-1.7393748760223389,0.7258237600326538,-2.997183322906494,1.0937206745147705
567,11.34,0.0,0.30000001192092896,0.0,0.025629624724388123,0.30333375930786133,0.07151337713003159,-0.015416815876960754,0.08399005234241486,-0.07324838638305664,1,0,0,1,0.682214081287384,1.4411054849624634,1.751312255859375,0.8034705519676208,2.2169454097747803,0.02787298709154129,-0.39202266931533813,1.3154653310775757,0.1883280873298645,-0.43974390625953674,-1.4689234495162964,-0.7253012657165527,-0.007958799600601196,0.3714869022369385,1.3992549180984497,0.925334095954895,0.67214035987854,-0.42239582538604736,-0.6323436498641968,0.22140035033226013,2.014026165008545,1.699990153312683,1.1854004859924316,1.5572115182876587,0.105437271296978,0.04069368168711662,0.9240509271621704,1.0130228996276855,-1.876786154753063e-05,-0.22895251214504242,-0.27298054099082947,-0.10462779551744461,2.097602367401123,1.4668021202087402,1.5632296800613403,1.4987821578979492,-2.146976947784424,2.2989585399627686,1.8110976219177246,-0.44952380657196045,0.056550703942775726,-3.0046956539154053,-2.977651357650757,-0.011918973177671432,-0.8881317377090454,2.996943473815918,-2.9984288215637207,1.101948618888855
568,11.36,0.0,0.30000001192092896,0.0,0.03404093533754349,0.269284188747406,0.06566885858774185,-0.2937580347061157,-0.1972787082195282,0.059383101761341095,1,0,0,1,0.9459598660469055,1.4525731801986694,1.6869503259658813,1.1128627061843872,2.158916711807251,0.34491166472435,0.30148351192474365,1.4389595985412598,0.22093044221401215,-0.2543400526046753,-1.4869672060012817,-0.637710690498352,0.12391409277915955,0.3772207498550415,1.3670740127563477,1.0800302028656006,0.6431260108947754,-0.2638764977455139,-0.2855905592441559,0.2831474840641022,2.030327320098877,1.7926921844482422,1.1763784885406494,1.6010067462921143,0.07429754734039307,0.09103769809007645,0.9666166305541992,1.0064162015914917,-0.0004605600261129439,-0.27168282866477966,-0.316848486661911,-0.10531062632799149,2.080410957336426,1.5267937183380127,1.5031830072402954,1.519558310508728,-1.0616710186004639,2.5667760372161865,2.288139581680298,-0.22783884406089783,-0.01229737140238285,-1.3882867097854614,-1.512353777885437,0.0651908665895462,-0.9606325626373291,3.0008628368377686,-3.002723455429077,0.9314724802970886
569,11.38,0.0,0.30000001192092896,0.0,0.019257232546806335,0.3106158375740051,0.05772357061505318,-0.22126904129981995,-0.15921379625797272,0.013314562849700451,1,0,0,1,0.6730016469955444,1.636484146118164,1.6346765756607056,0.8848456740379333,2.316523551940918,0.4780847430229187,0.8894686698913574,1.5576839447021484,0.2599124610424042,-0.5840187668800354,-1.4227088689804077,-0.5637383460998535,-0.012565016746520996,0.4691762328147888,1.3409371376037598,0.9660216569900513,0.7219294309616089,-0.19728994369506836,0.008402019739151001,0.3425096571445465,2.049818277359009,1.6278527975082397,1.208507776260376,1.6379929780960083,0.047429900616407394,0.13920831680297852,1.0094565153121948,0.9997078776359558,-0.000784939038567245,-0.27731117606163025,-0.2846234142780304,-0.10546708106994629,2.0620131492614746,1.5845460891723633,1.4450325965881348,1.5399647951126099,-1.5085248947143555,2.1648800373077393,1.9422903060913086,-0.3580693006515503,-0.10668596625328064,0.6409306526184082,3.0016822814941406,0.07547041773796082,-0.9083162546157837,2.6305932998657227,-2.5917537212371826,1.034793734550476
570,11.4,0.0,0.30000001192092896,0.0,-0.004668891429901123,0.3415095806121826,0.012282744981348515,-0.29736948013305664,-0.22515562176704407,0.05770863592624664,1,0,0,1,0.7024250626564026,1.7448604106903076,1.704430341720581,0.8525806069374084,2.152651309967041,0.2634124457836151,0.6698877811431885,1.4762771129608154,0.2150525599718094,-1.0002552270889282,-1.3123080730438232,-0.575468897819519,0.002146691083908081,0.5233643651008606,1.3758139610290527,0.949889063835144,0.6399933099746704,-0.30462610721588135,-0.10138842463493347,0.30180624127388,2.027388334274292,1.4197344779968262,1.2637081146240234,1.6321277618408203,0.017278248444199562,0.17331263422966003,1.0420315265655518,0.9909483194351196,-0.005974179599434137,-0.2662580907344818,-0.22415654361248016,-0.10780243575572968,2.0470962524414062,1.577859878540039,1.4076460599899292,1.5637670755386353,-1.462733268737793,1.2717589139938354,1.3315961360931396,-0.4911051094532013,-0.32806330919265747,0.4257503151893616,3.0152087211608887,-0.141525536775589,-0.7241109609603882,-2.2990636825561523,-1.2241461277008057,1.2441070079803467
571,11.42,0.0,0.30000001192092896,0.0,-0.02615860104560852,0.43056538701057434,0.041461821645498276,-0.4867616295814514,-0.2208758443593979,0.035751041024923325,1,0,0,1,0.5297117829322815,1.8590850830078125,1.5729572772979736,0.7230644822120667,2.2339067459106445,0.39778900146484375,1.1018671989440918,1.6004375219345093,-0.013574906624853611,-1.2626913785934448,-1.3537191152572632,-0.5734628438949585,-0.08420994877815247,0.580476701259613,1.310077428817749,0.8851310014724731,0.6806210279464722,-0.23743781447410583,0.11460128426551819,0.36388644576072693,1.9130747318267822,1.2885165214538574,1.2430026531219482,1.6331307888031006,-0.016791583970189095,0.18868450820446014,1.0464351177215576,0.9800503849983215,-0.007910758256912231,-0.2498289942741394,-0.1635919064283371,-0.11289837956428528,2.027658224105835,1.5191947221755981,1.3957948684692383,1.5910664796829224,-1.7552658319473267,0.3307841420173645,-0.12293415516614914,-0.6455968618392944,0.1251123547554016,1.0317034721374512,3.022329092025757,-0.19332201778888702,-1.2213226556777954,-3.003584623336792,-0.11035995930433273,1.3541518449783325
572,11.44,0.0,0.30000001192092896,0.0,0.053950488567352295,0.3885308504104614,0.14025060832500458,-0.026629649102687836,0.3028002679347992,0.20147787034511566,1,0,1,1,0.5116161108016968,1.9840046167373657,1.431190848350525,0.828665554523468,2.218226432800293,0.3401743471622467,1.2781630754470825,1.7458319664001465,-0.26592910289764404,-1.6896417140960693,-1.4342093467712402,-0.631798505783081,-0.09325778484344482,0.6429364681243896,1.2391941547393799,0.9379315376281738,0.6727808713912964,-0.26624512672424316,0.20274922251701355,0.43658366799354553,1.7868976593017578,1.0750412940979004,1.202757477760315,1.6039628982543945,-0.05165328457951546,0.18809165060520172,1.0410850048065186,0.9626505970954895,0.00011513906792970374,-0.23673230409622192,-0.1345522254705429,-0.11676015704870224,1.9875677824020386,1.4612293243408203,1.405627727508545,1.6169161796569824,-1.7021374702453613,-0.2997463047504425,-0.248742014169693,-1.1049089431762695,0.026490697637200356,0.20314134657382965,0.3679726719856262,0.23010337352752686,-2.6767947673797607,-2.641008138656616,1.4524122476577759,1.0675867795944214
573,11.46,0.0,0.30000001192092896,0.0,-0.0014783143997192383,0.34601080417633057,0.23195767402648926,0.24540844559669495,-0.1526058465242386,0.08550772815942764,1,0,1,1,0.3572408854961395,2.036878824234009,1.3028502464294434,0.8307411670684814,2.169933795928955,0.7713691592216492,1.755985975265503,2.1219682693481445,-0.05726931244134903,-1.921794056892395,-1.1883947849273682,-0.9253239631652832,-0.17044539749622345,0.6693735718727112,1.1750239133834839,0.9389693737030029,0.6486345529556274,-0.050647735595703125,0.44166067242622375,0.6246517896652222,1.8912274837493896,0.9589651226997375,1.325664758682251,1.4572001695632935,-0.09261275827884674,0.18088579177856445,1.029902458190918,0.9427928328514099,8.711947884876281e-06,-0.1955598145723343,-0.12107382714748383,-0.09537842869758606,1.9487407207489014,1.417148470878601,1.4207881689071655,1.6253674030303955,-2.1844494342803955,-0.376979261636734,-0.6717495322227478,-0.9411288499832153,0.010255493223667145,2.9960460662841797,0.9180688858032227,1.724752426147461,-1.744931697845459,-1.6792654991149902,0.5395846366882324,-0.13681279122829437
574,11.48,0.0,0.30000001192092896,0.0,-0.07426954805850983,0.333304226398468,0.26805439591407776,0.6364119648933411,0.04266616702079773,0.17290087044239044,1,0,1,1,0.27507105469703674,1.8454698324203491,1.159349799156189,0.4945020079612732,1.8869127035140991,1.0094550848007202,1.5945156812667847,1.0926344394683838,-0.15146151185035706,-1.8442354202270508,-1.1817651987075806,-0.9694194793701172,-0.21153031289577484,0.5736690759658813,1.103273630142212,0.7708498239517212,0.5071240663528442,0.0683952271938324,0.3609255254268646,0.10998490452766418,1.844131350517273,0.9977444410324097,1.3289794921875,1.4351524114608765,-0.13737137615680695,0.1709252893924713,1.019399881362915,0.9151312112808228,7.954782631713897e-05,-0.13572436571121216,-0.09135027974843979,-0.05781044065952301,1.9193270206451416,1.3967489004135132,1.4281872510910034,1.616695761680603,-2.3028273582458496,-0.5801189541816711,-0.38184526562690735,-1.7345045804977417,0.024317314848303795,2.9995808601379395,1.9185848236083984,2.0874617099761963,-1.3570027351379395,-0.4755042791366577,0.18730048835277557,-0.7406848073005676
575,11.5,0.0,0.30000001192092896,0.0,-0.018647439777851105,0.27972155809402466,0.07457705587148666,0.5820226669311523,0.952465832233429,0.08213444799184799,0,0,1,0,0.3293178379535675,1.4823106527328491,1.083422064781189,0.9934282302856445,1.248920202255249,1.3746986389160156,1.389963984489441,-0.5207454562187195,0.006496354006230831,-1.705826997756958,-1.129306674003601,-0.9694665670394897,-0.18440692126750946,0.39208948612213135,1.065309762954712,1.0203129053115845,0.1881277859210968,0.2510170042514801,0.25864967703819275,-0.6967050433158875,1.9231103658676147,1.066948652267456,1.3552088737487793,1.435128927230835,-0.1797230839729309,0.1615723818540573,1.0183700323104858,0.9023096561431885,-2.8100828330934746e-06,-0.07573336362838745,-0.04926133528351784,-0.10021591931581497,1.9045768976211548,1.3951218128204346,1.4316307306289673,1.5719876289367676,-1.8307981491088867,-0.40266332030296326,0.06687875837087631,0.27830666303634644,7.675369124626741e-05,2.9987399578094482,2.2115790843963623,-3.002413511276245,-0.301411896944046,0.229232519865036,0.11558277904987335,-3.0001752376556396
576,11.52,0.0,0.30000001192092896,0.0,-0.010099001228809357,0.2379876673221588,0.034323591738939285,0.04058617353439331,0.1662387102842331,0.11542032659053802,0,1,1,0,0.47434598207473755,1.0566660165786743,1.0567834377288818,1.9964150190353394,0.7003012895584106,1.3636915683746338,1.7229593992233276,-0.04871300607919693,0.7180017232894897,-1.2751036882400513,-0.8585554361343384,-1.401300072669983,-0.11189284920692444,0.17926716804504395,1.0519905090332031,1.521806240081787,-0.08618167042732239,0.24551346898078918,0.4251473844051361,-0.46068882942199707,2.278862953186035,1.2823102474212646,1.490584373474121,1.2192120552062988,-0.19621264934539795,0.1470346301794052,1.0178929567337036,0.9240328073501587,-0.015880689024925232,-0.047212887555360794,-0.023859933018684387,-0.15943868458271027,1.956361174583435,1.3926615715026855,1.4416207075119019,1.5119537115097046,-0.03446388989686966,-0.977550208568573,-0.19623389840126038,1.6632881164550781,-1.1568551063537598,-0.2714996933937073,0.1763155162334442,-3.0143635272979736,3.0003364086151123,-0.2787915766239166,0.8126714825630188,-2.998248815536499
577,11.540000000000001,0.0,0.30000001192092896,0.0,0.040411919355392456,0.22590316832065582,-0.03716849535703659,-0.23206058144569397,-0.061616428196430206,0.09114199876785278,0,1,1,0,0.6986088156700134,1.0387667417526245,0.7589013576507568,2.1987483501434326,1.0393630266189575,1.8456043004989624,1.8800965547561646,0.0480928048491478,0.7887749671936035,-1.2219339609146118,-0.7432874441146851,-1.3065625429153442,0.00023856759071350098,0.17031753063201904,0.9030494689941406,1.6229729652404785,0.08334919810295105,0.4864698350429535,0.503715991973877,-0.4122859239578247,2.3142495155334473,1.3088951110839844,1.5482184886932373,1.2665808200836182,-0.16868935525417328,0.12993788719177246,1.0115641355514526,0.9643625617027283,-0.016073502600193024,-0.04662315547466278,-0.030276140198111534,-0.21910010278224945,2.0163676738739014,1.3875160217285156,1.462022304534912,1.4544028043746948,2.370556592941284,-0.7323931455612183,-0.372976690530777,2.215299129486084,0.8251957893371582,0.22934505343437195,-0.710271418094635,-2.9886691570281982,3.0002970695495605,-0.20074182748794556,1.1050357818603516,-2.586456298828125
578,11.56,0.0,0.30000001192092896,0.0,0.0354522243142128,0.2537659704685211,-0.12616589665412903,-0.1465398520231247,-0.45569491386413574,0.04194434732198715,0,1,1,0,0.8205201625823975,0.9075372219085693,0.8023315072059631,2.263476848602295,1.2868297100067139,1.7489367723464966,1.8723441362380981,0.42808666825294495,0.6422033309936523,-1.1787168979644775,-0.5873627662658691,-1.3244985342025757,0.06119424104690552,0.10470277070999146,0.9247645139694214,1.6553372144699097,0.20708253979682922,0.4381360709667206,0.49983975291252136,-0.22228898108005524,2.240963935852051,1.3305037021636963,1.6261807680130005,1.257612943649292,-0.10984909534454346,0.11342161148786545,0.9999351501464844,1.0068621635437012,1.1114811293566618e-08,-0.04057033360004425,-0.05647880211472511,-0.2597240209579468,2.0763707160949707,1.3852418661117554,1.4936951398849487,1.4135878086090088,3.0000624656677246,-0.9059621691703796,-0.8325408697128296,1.9817551374435425,-2.3959146346896887e-06,0.34207236766815186,-1.7182223796844482,-1.194195032119751,3.00011944770813,-0.053001388907432556,1.9420219659805298,-1.4913113117218018
579,11.58,0.0,0.30000001192092896,0.0,0.0030042901635169983,0.28082275390625,-0.17555193603038788,-0.0424068421125412,-0.5049088597297668,0.03911764919757843,0,1,1,0,0.9877826571464539,0.8596912622451782,0.879299521446228,2.273758888244629,1.6174499988555908,1.728904128074646,1.8433808088302612,0.6054840683937073,0.6519100666046143,-1.1609985828399658,-0.4998728334903717,-1.3348731994628906,0.14482548832893372,0.0807797908782959,0.9632485508918762,1.6604782342910767,0.3723926842212677,0.4281197488307953,0.4853580892086029,-0.13359028100967407,2.245817184448242,1.3393628597259521,1.6699256896972656,1.2524255514144897,-0.04984835907816887,0.09329578280448914,0.9824196696281433,1.0395431518554688,-2.5516067037045786e-10,-0.03646165505051613,-0.09513138234615326,-0.2539360821247101,2.1363720893859863,1.3849897384643555,1.5381581783294678,1.3947912454605103,3.0000152587890625,-1.060651183128357,-0.8736773729324341,1.3027822971343994,2.3506901925429702e-05,0.07394160330295563,-1.9412128925323486,1.3574929237365723,3.0000462532043457,0.001971052959561348,2.325467348098755,-0.4682561755180359
580,11.6,0.0,0.30000001192092896,0.0,-0.023112185299396515,0.31314903497695923,-0.19670937955379486,0.044417016208171844,-0.35518836975097656,0.057647690176963806,0,1,1,0,1.2301803827285767,0.8128868341445923,0.8002010583877563,2.300750970840454,1.9512019157409668,1.8094532489776611,1.8496949672698975,0.7104788422584534,0.6239198446273804,-1.1248016357421875,-0.4504261910915375,-1.3473762273788452,0.2660243511199951,0.05737757682800293,0.9236993193626404,1.6739742755889893,0.5392686128616333,0.46839430928230286,0.488515168428421,-0.08109289407730103,2.2318220138549805,1.3574613332748413,1.69464910030365,1.2461740970611572,0.01014880184084177,0.06933026015758514,0.9657549262046814,1.04645574092865,3.27231032315467e-06,-0.040143921971321106,-0.1337466984987259,-0.2040286511182785,2.1941146850585938,1.3857009410858154,1.5877094268798828,1.3932719230651855,2.9997057914733887,-1.2211987972259521,-0.7810895442962646,-0.1294477880001068,0.00017720612231642008,-0.39412641525268555,-1.7483261823654175,3.007107973098755,2.612323760986328,0.04136165976524353,2.454475164413452,0.2411840260028839
581,11.620000000000001,0.0,0.30000001192092896,0.0,-0.0017603784799575806,0.33254683017730713,-0.18050037324428558,0.028011051937937737,-0.04922960698604584,-0.020943069830536842,0,1,1,0,1.3459283113479614,0.7486505508422852,0.6949748992919922,2.332651138305664,2.10040283203125,1.8292583227157593,1.8056119680404663,0.6996846795082092,0.5388514995574951,-1.0739452838897705,-0.47291022539138794,-1.3536269664764404,0.3238983154296875,0.025259435176849365,0.8710862398147583,1.6899243593215942,0.6138690710067749,0.47829684615135193,0.46647366881370544,-0.0864899754524231,2.1892879009246826,1.3828895092010498,1.6834070682525635,1.2430486679077148,0.07012809813022614,0.04609949141740799,0.9497448801994324,1.0423935651779175,5.781288109574234e-06,-0.05358981341123581,-0.1642599105834961,-0.14366567134857178,2.223811149597168,1.3881332874298096,1.6345791816711426,1.4023462533950806,2.9978339672088623,-1.0851463079452515,-0.8078817129135132,-0.2507103979587555,-0.00016241328557953238,-0.8140248656272888,-1.2047898769378662,3.012341260910034,0.6018434762954712,0.12660613656044006,2.1346235275268555,0.5607643127441406
582,11.64,0.0,0.30000001192092896,0.0,0.0414050817489624,0.34799373149871826,-0.08616277575492859,0.1592053771018982,-0.19580398499965668,-0.057184185832738876,0,1,1,1,1.36757230758667,0.6020712852478027,0.6061865091323853,2.3067550659179688,2.0521721839904785,1.5799479484558105,1.6946405172348022,0.9550086855888367,0.39789706468582153,-1.1001896858215332,-0.5259769558906555,-1.3455389738082886,0.33472031354904175,-0.048030197620391846,0.8266920447349548,1.6769763231277466,0.5897537469863892,0.35364165902137756,0.4109879434108734,0.041172027587890625,2.1188106536865234,1.3697673082351685,1.6568737030029297,1.2470927238464355,0.12602925300598145,0.023083440959453583,0.931631863117218,1.0358335971832275,4.786877525475575e-06,-0.07117833197116852,-0.18244054913520813,-0.08934598416090012,2.2054684162139893,1.3908005952835083,1.6725201606750488,1.4097192287445068,2.5378975868225098,-1.21310555934906,-1.2493935823440552,-0.7074496746063232,-0.00032845011446624994,-0.392402321100235,-0.7423160076141357,0.9154709577560425,-1.851590633392334,-0.10280893743038177,1.6451784372329712,0.18824434280395508
583,11.66,0.0,0.30000001192092896,0.0,0.05959945172071457,0.21090459823608398,0.03368682414293289,0.5111281871795654,0.4330078363418579,-0.026029877364635468,1,0,1,1,1.1289820671081543,0.7179093360900879,0.771321177482605,1.6034718751907349,2.0423269271850586,0.19286590814590454,1.1042872667312622,1.90320885181427,0.08558327704668045,-1.1911636590957642,-0.6796087622642517,-1.2734397649765015,0.21542519330978394,0.009888827800750732,0.9092593789100647,1.3253347873687744,0.5848311185836792,-0.33989936113357544,0.1158113181591034,0.5152721405029297,1.9626537561416626,1.3242802619934082,1.5800577402114868,1.283142328262329,0.16462373733520508,0.005681173410266638,0.9098952412605286,1.0244477987289429,-0.00011678767623379827,-0.117608942091465,-0.17256811261177063,-0.09083336591720581,2.159581184387207,1.3987571001052856,1.6891533136367798,1.4401122331619263,0.7396807074546814,-0.6856653094291687,-0.4359849691390991,-0.7385321259498596,-0.23375719785690308,-3.0386526584625244,1.4761760234832764,-0.3055458664894104,-0.9113792777061462,0.6620303988456726,-0.35437965393066406,1.099949836730957
584,11.68,0.0,0.30000001192092896,0.0,0.09201867133378983,0.2623289227485657,0.09483092278242111,-0.14950641989707947,-0.016029872000217438,0.06748926639556885,1,0,0,1,0.6859597563743591,1.2232275009155273,1.3213543891906738,0.8586023449897766,2.495969295501709,-0.6432797312736511,-0.5762325525283813,1.4468133449554443,-0.3898928165435791,-1.199872374534607,-0.9883726239204407,-0.872403085231781,-0.0060859620571136475,0.26254791021347046,1.1842759847640991,0.9528999328613281,0.8116523027420044,-0.7579721808433533,-0.724448561668396,0.28707435727119446,1.7249157428741455,1.3199260234832764,1.425675868988037,1.4836605787277222,0.14499624073505402,0.011046390049159527,0.9173574447631836,1.0174560546875,0.00044146933942101896,-0.17690332233905792,-0.21591563522815704,-0.09492569416761398,2.1414036750793457,1.4136329889297485,1.639595627784729,1.4620192050933838,-1.4568387269973755,1.0109010934829712,0.8703473806381226,-0.21679633855819702,0.013577446341514587,-2.991358995437622,-2.970978021621704,0.035879626870155334,-1.169853687286377,0.6818652749061584,-2.9978222846984863,1.1003696918487549
585,11.700000000000001,0.0,0.30000001192092896,0.0,0.028784774243831635,0.30982279777526855,0.06663209199905396,-0.12428944557905197,0.022478431463241577,-0.031156837940216064,1,0,0,1,0.7009832262992859,1.4377307891845703,1.733588457107544,0.7515276074409485,2.257854700088501,0.01530686765909195,-0.33291834592819214,1.380746603012085,0.17241398990154266,-0.44079259037971497,-1.4519060850143433,-0.7575715780258179,0.0014257729053497314,0.36979955434799194,1.3903930187225342,0.8993625640869141,0.6925950050354004,-0.42867887020111084,-0.6027914881706238,0.25404098629951477,2.0060691833496094,1.6994658708572388,1.1939091682434082,1.541076421737671,0.11070308834314346,0.04526150971651077,0.9438468217849731,1.0109819173812866,2.560435859777499e-05,-0.2372925877571106,-0.2752170264720917,-0.09671635925769806,2.1220850944519043,1.467543125152588,1.579646110534668,1.4854906797409058,-1.974014401435852,2.1613497734069824,1.6544981002807617,-0.421489417552948,0.021804720163345337,-3.002758026123047,-2.9802939891815186,-0.10465134680271149,-0.9321935176849365,2.997570037841797,-2.99845027923584,1.171602725982666
586,11.72,0.0,0.30000001192092896,0.0,0.03306872397661209,0.2914584279060364,0.06367101520299911,-0.3809475898742676,-0.2254309058189392,0.023601101711392403,1,0,0,1,0.9066983461380005,1.4879741668701172,1.6768193244934082,1.0719507932662964,2.197230815887451,0.3481007516384125,0.3174218535423279,1.4542827606201172,0.2443828135728836,-0.31827330589294434,-1.4752590656280518,-0.6587307453155518,0.10428333282470703,0.3949212431907654,1.3620084524154663,1.0595741271972656,0.6622830629348755,-0.26228195428848267,-0.27762138843536377,0.2908090651035309,2.042053461074829,1.760725498199463,1.1822326183319092,1.5904967784881592,0.07971155643463135,0.09320978075265884,0.9806407690048218,1.0053578615188599,-0.00019937288016080856,-0.27876174449920654,-0.31724873185157776,-0.09920323640108109,2.103724718093872,1.5275180339813232,1.5196120738983154,1.5080983638763428,-1.1815706491470337,2.4640159606933594,1.9130233526229858,-0.1692751944065094,0.022259853780269623,-1.278152346611023,-1.3539739847183228,-0.02736954391002655,-1.0250202417373657,3.000089645385742,-3.002105951309204,1.0303152799606323
587,11.74,0.0,0.30000001192092896,0.0,0.019493743777275085,0.3368113040924072,0.05400071293115616,-0.31194835901260376,-0.18019625544548035,0.017649823799729347,1,0,0,1,0.6860126852989197,1.6624186038970947,1.6372387409210205,0.8584476709365845,2.336252450942993,0.4636828899383545,0.8511841297149658,1.5706119537353516,0.27180203795433044,-0.6639751195907593,-1.4176703691482544,-0.5735989809036255,-0.006059497594833374,0.48214346170425415,1.3422181606292725,0.9528226256370544,0.7317938804626465,-0.20449087023735046,-0.0107402503490448,0.34897366166114807,2.0557632446289062,1.5878746509552002,1.211026906967163,1.6330626010894775,0.0510181188583374,0.1388690024614334,1.0159697532653809,0.9993160963058472,-0.0005670847021974623,-0.282415509223938,-0.28501489758491516,-0.10130732506513596,2.0841593742370605,1.5764938592910767,1.4603065252304077,1.5310572385787964,-1.5726245641708374,2.0321695804595947,1.5830163955688477,-0.35948142409324646,-0.07941223680973053,0.7102659940719604,3.0041143894195557,-0.040859565138816833,-0.990957498550415,1.8929314613342285,-2.7874419689178467,1.1745213270187378
588,11.76,0.0,0.30000001192092896,0.0,-0.009240180253982544,0.3668595552444458,0.015894651412963867,-0.3910202980041504,-0.24140039086341858,0.06236268952488899,1,0,0,1,0.6973086595535278,1.7997266054153442,1.7103216648101807,0.8397654294967651,2.183633327484131,0.2570728659629822,0.6231226921081543,1.5035028457641602,0.2299218624830246,-1.0286697149276733,-1.3140934705734253,-0.6028461456298828,-0.0004115104675292969,0.5507974624633789,1.3787596225738525,0.9434815049171448,0.6554843187332153,-0.3077958822250366,-0.12477096915245056,0.31541910767555237,2.034823179244995,1.4055273532867432,1.2628154754638672,1.6184390783309937,0.019560854882001877,0.17097996175289154,1.0421351194381714,0.9904048442840576,-0.004340692423284054,-0.2703123688697815,-0.22452639043331146,-0.1056729406118393,2.067044973373413,1.5627778768539429,1.4170539379119873,1.5571242570877075,-1.5276477336883545,1.2032825946807861,1.055739164352417,-0.506060779094696,-0.23040771484375,0.4678266942501068,3.015733242034912,-0.22402167320251465,-0.8473959565162659,-2.3588523864746094,-1.561120867729187,1.3306742906570435
589,11.78,0.0,0.30000001192092896,0.0,-0.03235529363155365,0.4452062249183655,0.04306575283408165,-0.5854352116584778,-0.28546804189682007,0.04188699647784233,1,0,0,1,0.5490110516548157,1.9013410806655884,1.586961269378662,0.7557579278945923,2.2376444339752197,0.38505178689956665,1.026984691619873,1.6065912246704102,0.023738019168376923,-1.2620177268981934,-1.362250566482544,-0.5862642526626587,-0.07456031441688538,0.601604700088501,1.3170794248580933,0.9014777541160583,0.6824898719787598,-0.24380642175674438,0.07716003060340881,0.36696329712867737,1.931731104850769,1.2888532876968384,1.238736867904663,1.626729965209961,-0.014387734234333038,0.1857908070087433,1.046432614326477,0.979526162147522,-0.0050314441323280334,-0.25340721011161804,-0.16398143768310547,-0.11174793541431427,2.045907497406006,1.504241704940796,1.3989088535308838,1.5854084491729736,-1.7277586460113525,0.3414575457572937,-0.12612290680408478,-0.6077601313591003,0.15541936457157135,1.0440888404846191,3.021082878112793,-0.21448293328285217,-1.2807563543319702,-3.003232002258301,-0.3879433274269104,1.3749351501464844
590,11.8,0.0,0.30000001192092896,0.0,0.0764654129743576,0.3942914307117462,0.14407160878181458,0.05038950592279434,0.27177223563194275,0.25904881954193115,1,0,1,1,0.5122217535972595,2.0125327110290527,1.4295638799667358,0.8369674682617188,2.235156297683716,0.32606062293052673,1.260387659072876,1.752621054649353,-0.2372782677412033,-1.6828516721725464,-1.4373520612716675,-0.6183134913444519,-0.09295496344566345,0.6572005152702332,1.2383806705474854,0.9420825242996216,0.6812458038330078,-0.27330201864242554,0.19386151432991028,0.4399782121181488,1.8012230396270752,1.0784363746643066,1.201186180114746,1.6107053756713867,-0.05001404136419296,0.18555063009262085,1.039286732673645,0.9590449929237366,0.00010953344462905079,-0.24453364312648773,-0.14812983572483063,-0.1154593676328659,2.002387523651123,1.4487619400024414,1.4118949174880981,1.6124439239501953,-1.816681981086731,-0.30388373136520386,-0.3654939830303192,-1.216619610786438,-0.0905064046382904,0.18470734357833862,0.781039834022522,0.21742962300777435,-2.4767627716064453,-2.396287441253662,0.6907822489738464,1.2356369495391846
591,11.82,0.0,0.30000001192092896,0.0,0.04117420315742493,0.35465866327285767,0.25069543719291687,0.27457934617996216,-0.055329203605651855,0.06908126920461655,1,0,1,1,0.30487486720085144,2.070324182510376,1.3493049144744873,0.8852036595344543,2.282475471496582,0.7937933206558228,1.652466893196106,1.954092264175415,-0.11539196223020554,-1.9174466133117676,-1.2147551774978638,-0.8989759683609009,-0.1966284066438675,0.6860962510108948,1.1982512474060059,0.966200590133667,0.7049053907394409,-0.03943565487861633,0.38990113139152527,0.5407137870788574,1.862166166305542,0.9611388444900513,1.3124845027923584,1.4703741073608398,-0.09566445648670197,0.1792197972536087,1.0267852544784546,0.9389132857322693,2.1704940081690438e-05,-0.20222312211990356,-0.12932121753692627,-0.0935560092329979,1.9591144323349,1.4104092121124268,1.422150731086731,1.6227998733520508,-2.534450054168701,-0.30726465582847595,-0.7818647027015686,-0.8969247937202454,0.00015745917335152626,2.9951348304748535,1.21835458278656,1.6995720863342285,-2.176898241043091,-1.373258352279663,0.2930854856967926,-0.003730788826942444
592,11.84,0.0,0.30000001192092896,0.0,-0.026921778917312622,0.34437277913093567,0.28865885734558105,0.6335557699203491,0.11659390479326248,0.12130306661128998,1,0,1,1,0.24030832946300507,1.8913953304290771,1.264211893081665,0.5493238568305969,1.992652416229248,0.9304283261299133,1.486914038658142,1.219275951385498,-0.21085847914218903,-1.9340879917144775,-1.201210379600525,-0.9653425216674805,-0.22891166806221008,0.5966318249702454,1.1557047367095947,0.7982606887817383,0.5599938631057739,0.028881847858428955,0.30712470412254333,0.1733056604862213,1.8144328594207764,0.9528181552886963,1.3192570209503174,1.4371908903121948,-0.1478225290775299,0.1707744598388672,1.0132431983947754,0.9130924344062805,3.991568155470304e-05,-0.14236927032470703,-0.09479768574237823,-0.056083232164382935,1.9196456670761108,1.3954044580459595,1.4245563745498657,1.6163712739944458,-2.634263753890991,-0.4979556202888489,-0.5695103406906128,-1.5663692951202393,0.0013047289103269577,2.999443531036377,2.1198039054870605,2.0923526287078857,-1.963247299194336,-0.25637730956077576,-0.02625262551009655,-0.5967032313346863
593,11.86,0.0,0.30000001192092896,0.0,0.016972467303276062,0.30038049817085266,0.09035079181194305,0.5711342096328735,1.0247888565063477,0.0731610357761383,0,0,1,0,0.28898802399635315,1.568854570388794,1.1963825225830078,0.9333780407905579,1.4069801568984985,1.189986228942871,1.2588237524032593,-0.1365910768508911,-0.1067388728260994,-1.8236242532730103,-1.157072901725769,-0.962787389755249,-0.20457182824611664,0.43536144495010376,1.1217900514602661,0.9902877807617188,0.26715776324272156,0.15866079926490784,0.19307956099510193,-0.5046278238296509,1.866492748260498,1.0080499649047852,1.3413257598876953,1.4384684562683105,-0.19587038457393646,0.16213005781173706,1.0087273120880127,0.8984230756759644,-2.2155168153403793e-06,-0.0823773667216301,-0.04886350780725479,-0.09097983688116074,1.8846142292022705,1.3967279195785522,1.4240463972091675,1.5733439922332764,-2.0984957218170166,-0.39611122012138367,-0.05046107620000839,-0.005478009581565857,-8.320183405885473e-05,2.9993667602539062,2.387665271759033,-3.0039114952087402,-1.5389413833618164,0.3105402886867523,-0.03463630750775337,-3.000248432159424
594,11.88,0.0,0.30000001192092896,0.0,0.03818603605031967,0.24238574504852295,-0.002051657997071743,0.1107604131102562,0.16481438279151917,0.19594284892082214,0,1,1,0,0.5112561583518982,1.0490758419036865,1.1477783918380737,1.9563180208206177,0.5764707922935486,1.1815173625946045,1.5757713317871094,-0.015558844432234764,0.6205739974975586,-1.3050826787948608,-0.8690915703773499,-1.3957099914550781,-0.09343776106834412,0.17547208070755005,1.0974879264831543,1.5017578601837158,-0.14809691905975342,0.15442636609077454,0.351553350687027,-0.44411173462867737,2.230149269104004,1.2673208713531494,1.4853163957595825,1.222007155418396,-0.21030956506729126,0.1476222276687622,1.006445288658142,0.9153075814247131,-0.0281660333275795,-0.050259772688150406,-0.019694026559591293,-0.14965976774692535,1.9278419017791748,1.3986924886703491,1.4296290874481201,1.5140149593353271,0.3486163020133972,-1.145188808441162,-0.26715734601020813,1.4300816059112549,-2.0773494243621826,-0.524612307548523,0.4192349314689636,-3.033259391784668,3.000312566757202,0.19233715534210205,0.5487874746322632,-2.9100940227508545
595,11.9,0.0,0.30000001192092896,0.0,0.07183713465929031,0.2364705353975296,-0.054048385471105576,-0.2167208194732666,-0.09283137321472168,0.07251858711242676,0,1,1,0,0.6131693720817566,1.0124826431274414,0.7345337867736816,2.111907720565796,0.8884580135345459,1.722836971282959,1.808975338935852,-0.07981017976999283,0.7394541501998901,-1.338580846786499,-0.7556049227714539,-1.2812798023223877,-0.04248115420341492,0.1571754813194275,0.890865683555603,1.5795526504516602,0.00789669156074524,0.4250861704349518,0.4681553542613983,-0.476237416267395,2.2895891666412354,1.2505717277526855,1.5420596599578857,1.2792222499847412,-0.18215437233448029,0.12809588015079498,0.9980791807174683,0.9534123539924622,-0.04823648929595947,-0.05359803885221481,-0.027672329917550087,-0.20926159620285034,1.9878487586975098,1.4008382558822632,1.448981761932373,1.4567203521728516,2.1457362174987793,-0.7869328260421753,-0.5467371940612793,2.1981210708618164,-0.19089645147323608,0.1465749442577362,-0.8323723077774048,-2.9879164695739746,3.0003020763397217,0.011563356965780258,1.151706337928772,-2.610736608505249
596,11.92,0.0,0.30000001192092896,0.0,0.06437031179666519,0.2666753828525543,-0.1026594415307045,-0.4324685335159302,-0.1632109433412552,0.04687555134296417,0,1,1,0,0.7653048634529114,0.9100450277328491,0.8257917761802673,2.1685519218444824,1.2073925733566284,1.6889514923095703,1.8242679834365845,0.31640228629112244,0.6513245701789856,-1.2309036254882812,-0.6322057843208313,-1.3116819858551025,0.033586591482162476,0.10595667362213135,0.9364947080612183,1.6078747510910034,0.1673639714717865,0.40814343094825745,0.4758016765117645,-0.2781311869621277,2.2455244064331055,1.3044103384017944,1.6037592887878418,1.2640211582183838,-0.12474377453327179,0.11287093907594681,0.9872657656669617,0.9966182708740234,-0.028179742395877838,-0.048486460000276566,-0.053086940199136734,-0.2625792324542999,2.047853708267212,1.400384783744812,1.4783233404159546,1.4155834913253784,3.00030517578125,-0.7006373405456543,-0.5762364864349365,2.0590033531188965,1.8053317070007324,0.34201741218566895,-1.4740772247314453,-2.2910268306732178,3.000161647796631,-0.13659241795539856,1.6421278715133667,-1.5131340026855469
597,11.94,0.0,0.30000001192092896,0.0,0.02585785835981369,0.29007869958877563,-0.15934695303440094,-0.17219479382038116,-0.548163890838623,0.0419079028069973,0,1,1,0,0.9807075262069702,0.8642781376838684,0.85616135597229,2.2809810638427734,1.3891253471374512,1.5994770526885986,1.7686253786087036,0.7144500613212585,0.49572473764419556,-1.170140027999878,-0.5296367406845093,-1.3261401653289795,0.1412879228591919,0.08307322859764099,0.9516794681549072,1.664089322090149,0.2582303583621979,0.3634062111377716,0.4479803740978241,-0.07910728454589844,2.167724609375,1.334792137145996,1.6550438404083252,1.2567920684814453,-0.06475068628787994,0.09588576853275299,0.9723490476608276,1.0319043397903442,1.6511979765709839e-06,-0.04035023972392082,-0.09026733785867691,-0.26169276237487793,2.107630491256714,1.3969364166259766,1.5188993215560913,1.395006775856018,2.9999632835388184,-1.0205310583114624,-0.9277042150497437,1.4683879613876343,0.00022040835756342858,0.42361021041870117,-2.132673501968384,1.8038604259490967,2.9210128784179688,-0.14797277748584747,2.3273093700408936,-0.5787149667739868
598,11.96,0.0,0.30000001192092896,0.0,0.0002750903367996216,0.3258744776248932,-0.17980310320854187,-0.10966604948043823,-0.3352543115615845,0.08702272176742554,0,1,1,0,1.2307498455047607,0.8127880096435547,0.7913697957992554,2.206855535507202,1.8493742942810059,1.773191213607788,1.8471421003341675,0.649040699005127,0.5445255637168884,-1.1305384635925293,-0.5133008360862732,-1.3349242210388184,0.26630908250808716,0.05732816457748413,0.9192836880683899,1.6270265579223633,0.4883548319339752,0.45026329159736633,0.48723873496055603,-0.11181196570396423,2.192124843597412,1.3545929193496704,1.663211703300476,1.2524000406265259,-0.00475428719073534,0.07323773950338364,0.954982578754425,1.0469955205917358,3.7824941045982996e-06,-0.037989865988492966,-0.13112866878509521,-0.20905384421348572,2.1626667976379395,1.3954366445541382,1.5667824745178223,1.3925052881240845,2.999671459197998,-1.1998547315597534,-0.7502241730690002,-0.07012747973203659,0.00014367866970133036,-0.1322900652885437,-1.8227757215499878,3.006748914718628,2.406843900680542,-0.04905728995800018,2.372246503829956,0.21951481699943542
599,11.98,0.0,0.30000001192092896,0.0,0.027755677700042725,0.3436872363090515,-0.1608775556087494,-0.1176525354385376,0.011987783014774323,-0.008646688424050808,0,1,1,0,1.3336650133132935,0.7659805417060852,0.6591070890426636,2.269218921661377,1.9893088340759277,1.7439144849777222,1.786828637123108,0.7019816040992737,0.4436623752117157,-1.1083364486694336,-0.547324538230896,-1.3413971662521362,0.3177666664123535,0.03392443060874939,0.853152334690094,1.6582082509994507,0.5583220720291138,0.4356249272823334,0.45708200335502625,-0.08534151315689087,2.141693353652954,1.3656939268112183,1.6461999416351318,1.2491636276245117,0.05523265525698662,0.05046229809522629,0.9393577575683594,1.0440893173217773,6.159489657875383e-06,-0.046993449330329895,-0.16213099658489227,-0.14869339764118195,2.1861472129821777,1.3964154720306396,1.6112689971923828,1.401453971862793,2.999479293823242,-1.0554931163787842,-0.7956839799880981,-0.19742074608802795,-0.00021481199655681849,-0.6287493705749512,-1.191455602645874,3.0141844749450684,0.24514079093933105,0.061875391751527786,2.0039241313934326,0.5653519630432129
600,12.0,0.0,0.30000001192092896,0.0,0.07208560407161713,0.34048229455947876,-0.04754874110221863,0.1612340658903122,-0.2675391733646393,-0.03854219242930412,0,1,1,1,1.3576189279556274,0.6180395483970642,0.5701842308044434,2.2347471714019775,1.934086799621582,1.4415054321289062,1.6593250036239624,1.0036119222640991,0.2646014392375946,-1.1535189151763916,-0.6236699819564819,-1.3211699724197388,0.3297436237335205,-0.04004606604576111,0.8086909055709839,1.640972375869751,0.5307110548019409,0.2844204008579254,0.3933301866054535,0.06547364592552185,2.0521628856658936,1.3431026935577393,1.6080272197723389,1.259277105331421,0.11337882280349731,0.0265212319791317,0.9200513958930969,1.037808895111084,5.312760094966507e-06,-0.05902985855937004,-0.17998094856739044,-0.10562098026275635,2.1567301750183105,1.3981812000274658,1.6452467441558838,1.401748538017273,2.7636349201202393,-1.306746482849121,-1.3148030042648315,-0.4720015525817871,-0.0005012809997424483,-0.022760435938835144,-0.6579899787902832,0.6385406851768494,-2.496462345123291,-0.20173397660255432,1.3270097970962524,0.43608784675598145
601,12.02,0.0,0.30000001192092896,0.0,0.08235149830579758,0.19287587702274323,0.038426823914051056,0.5862106084823608,0.4154833257198334,0.0009205200476571918,1,0,1,1,1.0089646577835083,0.8356072902679443,0.8354199528694153,1.5193767547607422,2.049196481704712,0.021701045334339142,1.0680506229400635,2.0252671241760254,-0.035275302827358246,-1.2353713512420654,-0.7432352304458618,-1.321327805519104,0.15541648864746094,0.06873780488967896,0.9413087368011475,1.2832871675491333,0.5882658958435059,-0.42548179626464844,0.09769299626350403,0.5763012170791626,1.9022245407104492,1.3021764755249023,1.5482444763183594,1.2591981887817383,0.15894995629787445,0.015001322142779827,0.8976131081581116,1.0279029607772827,-3.6295969039201736e-06,-0.10768167674541473,-0.16721439361572266,-0.10607652366161346,2.105428695678711,1.4038686752319336,1.6577157974243164,1.432262897491455,1.142418622970581,-0.1303027868270874,-0.4999206066131592,-0.6464233994483948,-0.416402667760849,-2.9968314170837402,1.5219247341156006,-0.09718749672174454,-0.8729005455970764,0.5036394000053406,-0.4564526677131653,1.1253962516784668
602,12.040000000000001,0.0,0.30000001192092896,0.0,0.07750954478979111,0.24187085032463074,0.09512350708246231,-0.04345433786511421,0.0335017666220665,0.031795524060726166,1,0,0,1,0.6136865615844727,1.279045820236206,1.3248546123504639,0.8397495150566101,2.55692982673645,-0.5917953848838806,-0.2994287610054016,1.5212395191192627,-0.3537970185279846,-1.2291258573532104,-1.003163456916809,-0.9065673351287842,-0.042222559452056885,0.2904570698738098,1.1860260963439941,0.9434735774993896,0.842132568359375,-0.732230007648468,-0.5860466957092285,0.32428744435310364,1.7429636716842651,1.3052992820739746,1.4182803630828857,1.466578483581543,0.14068762958049774,0.028949933126568794,0.9058533906936646,1.0207717418670654,0.0002544070885051042,-0.16719792783260345,-0.20353202521800995,-0.10826969891786575,2.087247133255005,1.4153226613998413,1.6087313890457153,1.452731966972351,-1.572318434715271,1.3338252305984497,0.9915311932563782,-0.24337594211101532,-0.017045147716999054,-3.000558853149414,-2.958421230316162,0.11706320941448212,-1.160731554031372,0.513970136642456,-2.9975805282592773,0.9783372282981873
603,12.06,0.0,0.30000001192092896,0.0,0.018180973827838898,0.27402180433273315,0.0690871924161911,-0.03906681388616562,0.014927297830581665,-0.038978710770606995,1,0,0,1,0.73497074842453,1.441489815711975,1.6929672956466675,0.8068275451660156,2.345643997192383,0.08840910345315933,0.0042013004422187805,1.5060995817184448,0.133613720536232,-0.4493041932582855,-1.4309455156326294,-0.7919402122497559,0.018419533967971802,0.37167906761169434,1.3700823783874512,0.92701256275177,0.7364896535873413,-0.39212775230407715,-0.4342316687107086,0.3167174756526947,1.9866690635681152,1.6952100992202759,1.2043893337249756,1.5238920450210571,0.10783006995916367,0.06600386649370193,0.9360559582710266,1.014310598373413,1.067808443622198e-05,-0.2276507169008255,-0.2627969980239868,-0.10787203907966614,2.070460796356201,1.4681719541549683,1.5487769842147827,1.4731166362762451,-1.7759212255477905,2.165067672729492,1.8778746128082275,-0.40376296639442444,0.027514159679412842,-3.00256085395813,-2.9839744567871094,0.018812429159879684,-0.8068633079528809,2.9981305599212646,-2.99873948097229,0.9775428175926208
604,12.08,0.0,0.30000001192092896,0.0,0.032102376222610474,0.25728970766067505,0.07188183814287186,-0.18205909430980682,-0.12497465312480927,0.04835701733827591,1,0,0,1,0.897321879863739,1.492550015449524,1.6458836793899536,1.0779074430465698,2.2779343128204346,0.3671792149543762,0.5781806707382202,1.5543735027313232,0.17209605872631073,-0.34677764773368835,-1.4502975940704346,-0.686240553855896,0.0995950996875763,0.39720916748046875,1.3465406894683838,1.0625524520874023,0.7026348114013672,-0.2527427077293396,-0.1472419798374176,0.3408544361591339,2.0059101581573486,1.7464733123779297,1.1947133541107178,1.5767419338226318,0.07873792946338654,0.11097566038370132,0.9775845408439636,1.0074113607406616,-0.00015337992226704955,-0.2703794836997986,-0.2844312787055969,-0.10770657658576965,2.0544605255126953,1.5281503200531006,1.4887410402297974,1.4923261404037476,-1.1640527248382568,2.208935499191284,2.1444320678710938,-0.29203054308891296,0.020513633266091347,-1.3701354265213013,0.35927286744117737,0.1072879508137703,-0.917765200138092,3.0000388622283936,-3.0021252632141113,0.8704107403755188
605,12.1,0.0,0.30000001192092896,0.0,0.012764133512973785,0.29815617203712463,0.0432124026119709,-0.1842166781425476,-0.19954417645931244,0.0392780639231205,1,0,0,1,0.7239580750465393,1.6428773403167725,1.6469542980194092,0.8820761442184448,2.3049259185791016,0.42974311113357544,0.7508715391159058,1.5057413578033447,0.23360957205295563,-0.7284828424453735,-1.352770447731018,-0.6113047003746033,0.01291319727897644,0.472372829914093,1.3470759391784668,0.9646368622779846,0.7161306142807007,-0.22146075963974,-0.06089654564857483,0.31653836369514465,2.0366668701171875,1.5556206703186035,1.2434768676757812,1.614209771156311,0.05248229205608368,0.15046869218349457,1.0170639753341675,1.0003002882003784,-0.0027916249819099903,-0.278085857629776,-0.24111907184123993,-0.10738495737314224,2.03879451751709,1.569704294204712,1.4336745738983154,1.5124701261520386,-1.3874555826187134,1.694966197013855,1.7659989595413208,-0.3718687891960144,-0.2647937536239624,0.4005119800567627,3.0030980110168457,0.06466899812221527,-0.7384340167045593,1.2981146574020386,-2.302748203277588,1.0513553619384766
606,12.120000000000001,0.0,0.30000001192092896,0.0,-0.013624832034111023,0.3547404706478119,0.014959616586565971,-0.27263668179512024,-0.1755421757698059,0.04846089333295822,1,0,0,1,0.6530059576034546,1.7494308948516846,1.65382719039917,0.8074292540550232,2.209165573120117,0.2784227728843689,0.7145605087280273,1.4971922636032104,0.11340039223432541,-1.0862507820129395,-1.3151271343231201,-0.6147159934043884,-0.022562861442565918,0.5256496071815491,1.3505123853683472,0.9273134469985962,0.6682504415512085,-0.29712092876434326,-0.07905206084251404,0.3122638165950775,1.9765623807907104,1.3767367601394653,1.262298583984375,1.6125041246414185,0.021990902721881866,0.17552784085273743,1.045437216758728,0.9905219078063965,-0.008222969248890877,-0.27002623677253723,-0.18058446049690247,-0.11071173846721649,2.024946689605713,1.5501676797866821,1.4026979207992554,1.5372737646102905,-1.587287425994873,0.8567280769348145,1.1048160791397095,-0.5715528130531311,-0.2292260229587555,0.3629801273345947,3.0173497200012207,-0.21730872988700867,-0.7523553967475891,-2.4203243255615234,-0.9105013608932495,1.3210915327072144
607,12.14,0.0,0.30000001192092896,0.0,0.011164948344230652,0.38643911480903625,0.09367632120847702,-0.25787609815597534,0.27391040325164795,0.09311246126890182,1,0,1,1,0.5666057467460632,1.861448049545288,1.551925778388977,0.7757387757301331,2.234694004058838,0.3697294294834137,1.0719215869903564,1.6117490530014038,-0.08405721932649612,-1.332801342010498,-1.3677271604537964,-0.631755530834198,-0.0657629668712616,0.5816581845283508,1.2995617389678955,0.9114681482315063,0.6810146570205688,-0.25146758556365967,0.09962847828865051,0.3695422112941742,1.8778334856033325,1.253461480140686,1.2359986305236816,1.6039843559265137,-0.01296490989625454,0.1845746636390686,1.044028401374817,0.9788693785667419,-0.006245435681194067,-0.2566321790218353,-0.12643052637577057,-0.11720002442598343,2.0033926963806152,1.4918335676193237,1.3935679197311401,1.5652912855148315,-1.7224551439285278,0.1177285835146904,-0.6016576886177063,-0.9960670471191406,0.9103868007659912,0.5140703916549683,0.7500473260879517,-0.5259280204772949,-1.751682162284851,-2.979499578475952,0.3815183639526367,1.407579779624939
608,12.16,0.0,0.30000001192092896,0.0,0.037161096930503845,0.3528081178665161,0.20794135332107544,0.03704163432121277,-0.07265403121709824,0.09826900064945221,1,0,1,1,0.4769255220890045,2.0832009315490723,1.3058792352676392,0.9098363518714905,2.197566509246826,0.6867877244949341,1.7652709484100342,2.3111729621887207,-0.29922640323638916,-1.8200422525405884,-1.2038215398788452,-0.8718233108520508,-0.11060307919979095,0.6925346255302429,1.1765384674072266,0.9785169363021851,0.662450909614563,-0.09293845295906067,0.4463031589984894,0.7192541360855103,1.7702488899230957,1.009840965270996,1.3179514408111572,1.4839504957199097,-0.05052673816680908,0.18313558399677277,1.0346624851226807,0.96196448802948,0.00010849656973732635,-0.21579866111278534,-0.11798755079507828,-0.10938868671655655,1.9585833549499512,1.4370872974395752,1.4110907316207886,1.5816847085952759,-1.957315444946289,-0.24500638246536255,-0.6368551254272461,-0.7467533349990845,-0.03406066447496414,3.0042459964752197,0.6787359714508057,1.095302700996399,-2.467075824737549,-2.31268310546875,0.5611971616744995,0.40564385056495667
609,12.18,0.0,0.30000001192092896,0.0,-0.0314377024769783,0.3549669682979584,0.25586169958114624,0.4794658422470093,0.06253158301115036,0.16434958577156067,1,0,1,1,0.27507689595222473,1.9713324308395386,1.243682622909546,0.5424076914787292,1.993546485900879,0.8145967125892639,1.7082983255386353,1.824862003326416,-0.23559848964214325,-1.8736952543258667,-1.1802223920822144,-1.0059224367141724,-0.21152739226818085,0.6366003751754761,1.1454401016235352,0.7948026657104492,0.5604408979415894,-0.029033958911895752,0.4178168475627899,0.4760986864566803,1.8020628690719604,0.9830145239830017,1.3297510147094727,1.416900873184204,-0.09944843500852585,0.17464062571525574,1.0234265327453613,0.9392463564872742,4.2598410800565034e-05,-0.15590155124664307,-0.09400194138288498,-0.0805220752954483,1.9170935153961182,1.4044203758239746,1.4194347858428955,1.5829411745071411,-2.702547073364258,-0.5330077409744263,-0.4788658618927002,-1.4247431755065918,0.002661666367202997,2.995952606201172,1.663741111755371,1.7607542276382446,-2.0318784713745117,-1.0364478826522827,0.2825680375099182,-0.2265554666519165
610,12.200000000000001,0.0,0.30000001192092896,0.0,0.005925759673118591,0.32434505224227905,0.07800959795713425,0.5009866952896118,0.9160370826721191,0.11094315350055695,0,0,1,0,0.30583393573760986,1.7008883953094482,1.1592633724212646,0.8800753951072693,1.4779469966888428,1.1861464977264404,1.423763394355774,0.31384891271591187,-0.12392520159482956,-1.7957278490066528,-1.1339086294174194,-1.0165622234344482,-0.19614887237548828,0.5013783574104309,1.1032304763793945,0.9636365175247192,0.3026411831378937,0.1567409336566925,0.27554938197135925,-0.2794078588485718,1.85789954662323,1.0219981670379639,1.3529078960418701,1.411581039428711,-0.1540507674217224,0.16453693807125092,1.018505573272705,0.9197433590888977,-2.137349383701803e-06,-0.0959518775343895,-0.05679513141512871,-0.08902623504400253,1.8799667358398438,1.3943021297454834,1.4253654479980469,1.545674443244934,-2.632960557937622,-0.4763794541358948,-0.045386478304862976,-0.5502071380615234,-9.924756159307435e-05,2.9979982376098633,2.035888671875,-2.0636954307556152,-1.6690157651901245,-0.08927512168884277,0.28915706276893616,-2.9339370727539062
611,12.22,0.0,0.30000001192092896,0.0,0.030881352722644806,0.2644609212875366,0.016754841431975365,0.00883745402097702,0.21501068770885468,0.1948104351758957,0,1,1,0,0.5450059175491333,1.1375596523284912,1.1195497512817383,1.9797307252883911,0.5795661211013794,1.3680129051208496,1.6219416856765747,-0.07542286068201065,0.6607511043548584,-1.3101136684417725,-0.8692469000816345,-1.3963607549667358,-0.07656288146972656,0.2197139859199524,1.0833736658096313,1.5134642124176025,-0.146549254655838,0.2476741373538971,0.37463852763175964,-0.47404375672340393,2.2502377033233643,1.2648053169250488,1.4852386713027954,1.221681833267212,-0.18040208518505096,0.1492227166891098,1.0173399448394775,0.9256657361984253,-0.02690332941710949,-0.06231474131345749,-0.03168709576129913,-0.1471874862909317,1.923675537109375,1.3905459642410278,1.436955213546753,1.4869177341461182,-0.23684749007225037,-1.0491182804107666,-0.2243754118680954,0.9428934454917908,-1.9483850002288818,-0.5454128980636597,-0.11605888605117798,-3.0213727951049805,3.0003440380096436,0.2126121073961258,1.0562458038330078,-2.7448325157165527
612,12.24,0.0,0.30000001192092896,0.0,0.08020275831222534,0.24572138488292694,-0.04576469212770462,-0.2608824074268341,-0.0959891676902771,0.12857511639595032,0,1,1,0,0.6845211386680603,1.0940386056900024,0.7620358467102051,2.2443366050720215,0.8185983896255493,1.827184796333313,1.8164607286453247,0.013954425230622292,0.7905584573745728,-1.3133639097213745,-0.7736504077911377,-1.2863579988479614,-0.0068052709102630615,0.197953462600708,0.9046167135238647,1.645767092704773,-0.027033120393753052,0.4772600829601288,0.47189804911613464,-0.42935511469841003,2.315141439437866,1.2631802558898926,1.5330369472503662,1.2766830921173096,-0.1595817357301712,0.1290999799966812,1.0091735124588013,0.9549336433410645,-0.05278247967362404,-0.06334832310676575,-0.041279327124357224,-0.2067742496728897,1.9836829900741577,1.391257405281067,1.4590940475463867,1.4380402565002441,1.9535470008850098,-0.8656815886497498,-0.5006546974182129,1.8095171451568604,-0.7120316624641418,0.24557361006736755,-0.8581152558326721,-2.9865517616271973,3.000343084335327,-0.005909206345677376,1.1283891201019287,-2.0469799041748047
613,12.26,0.0,0.30000001192092896,0.0,0.0907130315899849,0.28013718128204346,-0.08671664446592331,-0.4224673807621002,-0.21527522802352905,0.055634260177612305,0,1,1,0,0.7727510333061218,0.8981763124465942,0.7524530291557312,2.214860200881958,1.0548317432403564,1.6550183296203613,1.8204975128173828,0.3696543574333191,0.6483890414237976,-1.2577402591705322,-0.6046582460403442,-1.2888545989990234,0.0373096764087677,0.1000223159790039,0.8998253345489502,1.6310288906097412,0.09108355641365051,0.39117684960365295,0.4739164412021637,-0.25150513648986816,2.2440567016601562,1.290992021560669,1.6175329685211182,1.2754348516464233,-0.10456810891628265,0.1122109517455101,0.9968842267990112,0.9925267100334167,-0.03992098942399025,-0.0557129792869091,-0.06664419919252396,-0.25557267665863037,2.0436878204345703,1.390716791152954,1.48771333694458,1.4080418348312378,3.0004189014434814,-0.7825847268104553,-0.7270154356956482,1.8705426454544067,1.5877126455307007,0.48461341857910156,-1.4590623378753662,-1.9087809324264526,3.000164031982422,-0.11590759456157684,1.5690686702728271,-1.004879355430603
614,12.280000000000001,0.0,0.30000001192092896,0.0,0.06135369837284088,0.3243259787559509,-0.1422031819820404,-0.19920507073402405,-0.5386196374893188,0.02350381202995777,0,1,1,0,0.9987328052520752,0.822293758392334,0.8103455901145935,2.3060638904571533,1.3104872703552246,1.6143181324005127,1.7883797883987427,0.7136032581329346,0.4969937205314636,-1.202804446220398,-0.4863359034061432,-1.3093534708023071,0.15030056238174438,0.06208103895187378,0.9287716150283813,1.6766307353973389,0.2189113199710846,0.37082675099372864,0.45785757899284363,-0.07953068614006042,2.1683590412139893,1.3184599876403809,1.6766941547393799,1.2651853561401367,-0.04456779733300209,0.09376471489667892,0.9794216156005859,1.0254775285720825,1.5194325442280388e-06,-0.04592738300561905,-0.101308174431324,-0.25097131729125977,2.103614330291748,1.387316346168518,1.525481104850769,1.395707607269287,2.996185064315796,-1.0404540300369263,-0.978552520275116,1.4080278873443604,1.2256537675857544,0.483730673789978,-1.8519954681396484,1.8660269975662231,2.998825788497925,-0.20504043996334076,2.0412631034851074,-0.26410192251205444
615,12.3,0.0,0.30000001192092896,0.0,0.045502424240112305,0.35719048976898193,-0.178100124001503,-0.046031415462493896,-0.40445712208747864,0.006046636495739222,0,1,1,0,1.2986470460891724,0.790674090385437,0.7597129940986633,2.2875685691833496,1.7812025547027588,1.8339909315109253,1.888865351676941,0.7008829116821289,0.5231667757034302,-1.151806116104126,-0.4599502384662628,-1.3399008512496948,0.30025768280029297,0.04627120494842529,0.9034552574157715,1.667383074760437,0.4542689621448517,0.48066315054893494,0.5081003904342651,-0.08589085936546326,2.181445598602295,1.343959093093872,1.6898870468139648,1.2499117851257324,0.015421655960381031,0.06857982277870178,0.9556164145469666,1.047200083732605,4.249427547620144e-06,-0.04252112656831741,-0.14251665771007538,-0.19558711349964142,2.1581270694732666,1.3875739574432373,1.5729995965957642,1.39707612991333,2.9996516704559326,-1.2809315919876099,-1.1399526596069336,0.6895399689674377,0.0001120109373005107,-0.11691252142190933,-1.8420469760894775,3.007911443710327,2.3043503761291504,0.06639103591442108,2.3411865234375,0.32043662667274475
616,12.32,0.0,0.30000001192092896,0.0,0.056453555822372437,0.38068947196006775,-0.15997889637947083,-0.0624348446726799,0.0007571391761302948,0.006716354750096798,0,1,1,0,1.3741915225982666,0.7362539768218994,0.7035879492759705,2.309194564819336,1.925367832183838,1.8004539012908936,1.845084309577942,0.7566379308700562,0.5013819932937622,-1.1288681030273438,-0.5088561177253723,-1.3392499685287476,0.3380299210548401,0.019061148166656494,0.8753927946090698,1.6781960725784302,0.5263515710830688,0.46389463543891907,0.48620983958244324,-0.058013349771499634,2.170553207397461,1.3554280996322632,1.6654341220855713,1.250237226486206,0.07538852840662003,0.0419311597943306,0.9351452589035034,1.0457156896591187,4.690219157055253e-06,-0.05215589702129364,-0.17314249277114868,-0.13526107370853424,2.1881721019744873,1.3902838230133057,1.617630958557129,1.4059922695159912,2.9933948516845703,-1.2668401002883911,-0.9763686656951904,-0.1718325912952423,-9.026499901665375e-05,-0.6880709528923035,-1.1496063470840454,3.0125763416290283,0.838715672492981,0.1421075165271759,2.009636878967285,0.5008633136749268
617,12.34,0.0,0.30000001192092896,0.0,0.060987427830696106,0.32161611318588257,-0.010364511050283909,0.4223386347293854,-0.4477546215057373,-0.09627804905176163,0,1,1,1,1.4070197343826294,0.6187055110931396,0.5546659231185913,2.318981409072876,1.8968443870544434,1.5668877363204956,1.7070282697677612,0.9635456204414368,0.3315749168395996,-1.147062063217163,-0.6183140277862549,-1.3364430665969849,0.3544440269470215,-0.03971308469772339,0.8009317517280579,1.6830894947052002,0.5120898485183716,0.3471115529537201,0.4171818196773529,0.045440495014190674,2.0856494903564453,1.3463311195373535,1.6107051372528076,1.2516405582427979,0.13166488707065582,0.015541061758995056,0.908950924873352,1.0419255495071411,5.49778178537963e-06,-0.05536249279975891,-0.19064700603485107,-0.11182086914777756,2.173522710800171,1.3892182111740112,1.649600625038147,1.4282976388931274,2.5723824501037598,-1.412615180015564,-1.540852665901184,-0.1295890063047409,-0.0004219704132992774,0.18426263332366943,-0.44130659103393555,0.7164593935012817,-1.7305059432983398,-0.4426877796649933,1.169009804725647,1.3506377935409546
618,12.36,0.0,0.30000001192092896,0.0,0.0707765519618988,0.21403485536575317,0.06493527442216873,0.6358213424682617,0.42722204327583313,-0.01840035244822502,1,0,1,1,0.990050733089447,0.6844038963317871,0.7737796902656555,1.560533881187439,1.763744831085205,0.24227654933929443,1.1831268072128296,1.554253339767456,0.0714523121714592,-1.1424405574798584,-0.6235076785087585,-1.2650974988937378,0.1459595263004303,-0.006863892078399658,0.9104886054992676,1.303865671157837,0.44554010033607483,-0.3151940405368805,0.15523108839988708,0.3407943546772003,1.9555883407592773,1.3486418724060059,1.6081082820892334,1.287313461303711,0.16792958974838257,-0.007711052428930998,0.8824249505996704,1.0318238735198975,-0.0001394815044477582,-0.09752307087182999,-0.17554761469364166,-0.10291599482297897,2.1289191246032715,1.394166350364685,1.661275863647461,1.454972743988037,0.42306771874427795,-0.948756992816925,-0.5605597496032715,-0.7053992748260498,-0.12806573510169983,-3.0352039337158203,1.702263593673706,0.047188371419906616,-0.7565978765487671,0.621590793132782,-0.5530167818069458,0.9625669717788696
619,12.38,0.0,0.30000001192092896,0.0,0.09231363236904144,0.2512257397174835,0.1251329779624939,-0.0450749471783638,-0.003911573439836502,0.0896574854850769,1,0,0,1,0.715421199798584,1.2180472612380981,1.310141921043396,0.8624709248542786,2.376249313354492,-0.654704749584198,-0.6855646371841431,1.3939648866653442,-0.44886070489883423,-1.0900845527648926,-0.9880310893058777,-0.857455849647522,0.00864475965499878,0.25995779037475586,1.1786696910858154,0.9548342227935791,0.751792311668396,-0.7636846899986267,-0.7791146039962769,0.2606501281261444,1.6954318284988403,1.3748198747634888,1.4258465766906738,1.4911341667175293,0.14556142687797546,-0.004233990795910358,0.8921803832054138,1.0241440534591675,0.00036840897519141436,-0.15685154497623444,-0.2191126048564911,-0.10081882774829865,2.109159469604492,1.4096465110778809,1.612032175064087,1.4731988906860352,-1.4247441291809082,1.0337225198745728,1.1566163301467896,-0.27202779054641724,0.008118532598018646,-2.986898422241211,-2.9603688716888428,0.3374519348144531,-1.2804317474365234,0.7557864189147949,-2.999664545059204,0.8795863389968872
620,12.4,0.0,0.30000001192092896,0.0,0.037305720150470734,0.2877349257469177,0.08505262434482574,-0.03689729422330856,0.01967024803161621,-0.007823929190635681,1,0,0,1,0.7320403456687927,1.4079008102416992,1.7385106086730957,0.8038294911384583,2.1321680545806885,-0.011337213218212128,-0.3570508658885956,1.377500057220459,0.13250337541103363,-0.262339323759079,-1.4701095819473267,-0.724918007850647,0.01695433259010315,0.3548845648765564,1.39285409450531,0.925513505935669,0.6297516822814941,-0.4420009255409241,-0.6148577332496643,0.2524177134037018,1.9861137866973877,1.7886924743652344,1.184807300567627,1.5574030876159668,0.11302517354488373,0.03252182528376579,0.9264794588088989,1.017336368560791,5.672185125149554e-06,-0.21722228825092316,-0.2784319221973419,-0.09715314954519272,2.0891945362091064,1.4659324884414673,1.5520800352096558,1.492710828781128,-1.8172146081924438,2.3691892623901367,2.099677085876465,-0.42102867364883423,0.029711153358221054,-3.0044548511505127,-2.979072332382202,0.1299782395362854,-0.9516619443893433,2.997533082962036,-2.9984023571014404,0.9739483594894409
621,12.42,0.0,0.30000001192092896,0.0,0.04245030879974365,0.2640807628631592,0.06432029604911804,-0.21519994735717773,-0.1213899701833725,0.05265560746192932,1,0,0,1,0.9141173362731934,1.4718230962753296,1.6782441139221191,1.0842745304107666,2.1192305088043213,0.33822235465049744,0.3886244595050812,1.4868388175964355,0.23178304731845856,-0.11525837332010269,-1.4785290956497192,-0.6385288834571838,0.10799282789230347,0.3868457078933716,1.3627208471298218,1.0657360553741455,0.6232829093933105,-0.2672211527824402,-0.24202008545398712,0.30708709359169006,2.0357537269592285,1.8622329235076904,1.1805975437164307,1.6005977392196655,0.08354582637548447,0.08547765761613846,0.9726940393447876,1.0106117725372314,-0.0004616487130988389,-0.26419949531555176,-0.31344884634017944,-0.09676975756883621,2.071669816970825,1.525911808013916,1.4920523166656494,1.5129724740982056,-1.1664769649505615,2.736070394515991,2.380955219268799,-0.2660459280014038,-0.013228071853518486,-1.733885407447815,-0.7730821371078491,0.05161929130554199,-0.9380784034729004,3.000267744064331,-3.0019469261169434,0.9435812830924988
622,12.44,0.0,0.30000001192092896,0.0,0.031123027205467224,0.30002254247665405,0.042795512825250626,-0.20224103331565857,-0.1636798083782196,0.03449767827987671,1,0,0,1,0.7302096486091614,1.647983431816101,1.6494349241256714,0.9045223593711853,2.248075008392334,0.4899701476097107,0.8769201040267944,1.5574058294296265,0.2756904065608978,-0.45640289783477783,-1.394587516784668,-0.5615770816802979,0.016038984060287476,0.4749258756637573,1.3483161926269531,0.9758599996566772,0.6877051591873169,-0.19134724140167236,0.002127736806869507,0.3423705995082855,2.0577073097229004,1.6916606426239014,1.222568392753601,1.6390736103057861,0.05701484531164169,0.13700252771377563,1.0164117813110352,1.0038535594940186,-0.0022978391498327255,-0.27465328574180603,-0.27444788813591003,-0.09754472225904465,2.0546388626098633,1.5858336687088013,1.4355071783065796,1.5344942808151245,-1.3960446119308472,2.323206663131714,1.9462096691131592,-0.32942837476730347,-0.2334524393081665,0.4769532084465027,2.9981212615966797,0.03700598329305649,-0.8147705793380737,2.9972596168518066,-2.399937391281128,1.1034009456634521
623,12.46,0.0,0.30000001192092896,0.0,0.01668538898229599,0.3476230204105377,0.0012106241192668676,-0.302054226398468,-0.17693988978862762,0.01702979952096939,1,0,0,1,0.7030354142189026,1.7637877464294434,1.6676452159881592,0.8678556084632874,2.12399959564209,0.27188819646835327,0.7645868062973022,1.5160905122756958,0.18309079110622406,-0.947088897228241,-1.3014112710952759,-0.5641041994094849,0.002451866865158081,0.5328280329704285,1.3574213981628418,0.9575265645980835,0.6256674528121948,-0.3003882169723511,-0.05403891205787659,0.3217129409313202,2.0114076137542725,1.4463176727294922,1.2691564559936523,1.6378099918365479,0.02773131988942623,0.1739102452993393,1.0472079515457153,0.9956953525543213,-0.008487862534821033,-0.2660670578479767,-0.2139616310596466,-0.10196337848901749,2.040393590927124,1.589356541633606,1.4027268886566162,1.5606555938720703,-1.519262671470642,1.4031660556793213,0.7674930691719055,-0.430072546005249,-0.31730955839157104,0.3446316421031952,3.0140938758850098,-0.27874863147735596,-0.7351251244544983,-1.734512209892273,-0.991780161857605,1.382652997970581
624,12.48,0.0,0.30000001192092896,0.0,-0.005313247442245483,0.43555647134780884,0.04133164510130882,-0.5157397985458374,-0.13124912977218628,0.05116746574640274,1,0,0,1,0.5531526207923889,1.8900060653686523,1.5488734245300293,0.7334409356117249,2.207432985305786,0.3768694996833801,1.1455166339874268,1.678309679031372,-0.07587973028421402,-1.3133426904678345,-1.354559063911438,-0.5748214721679688,-0.07248952984809875,0.595937192440033,1.2980355024337769,0.8903192281723022,0.667384147644043,-0.24789756536483765,0.13642600178718567,0.4028225243091583,1.8819222450256348,1.263190746307373,1.2425825595855713,1.6324514150619507,-0.006470182444900274,0.19068342447280884,1.0456100702285767,0.9854496717453003,-0.00826339516788721,-0.25220736861228943,-0.15334533154964447,-0.11041992157697678,2.01884126663208,1.5334492921829224,1.394913673400879,1.591365098953247,-1.7076594829559326,0.3545423150062561,-0.1735096424818039,-0.6559064388275146,0.29703232645988464,0.8645594120025635,3.024589776992798,-0.36314642429351807,-1.3771462440490723,-3.0035085678100586,0.0527011901140213,1.5054197311401367
625,12.5,0.0,0.30000001192092896,0.0,0.06900283694267273,0.3973209857940674,0.13873830437660217,-0.022939566522836685,0.2699282169342041,0.19665266573429108,1,0,1,1,0.5321670770645142,2.008291721343994,1.432179570198059,0.8582223057746887,2.15090012550354,0.3228374719619751,1.2897512912750244,1.8060872554779053,-0.2853178381919861,-1.6236552000045776,-1.4276443719863892,-0.6478419303894043,-0.08298230171203613,0.6550800204277039,1.2396886348724365,0.9527099132537842,0.6391177177429199,-0.27491357922554016,0.2085433304309845,0.4667113125324249,1.7772032022476196,1.108034610748291,1.2060399055480957,1.595941185951233,-0.04004582017660141,0.19054032862186432,1.0389717817306519,0.9668141007423401,0.00013212961493991315,-0.24343347549438477,-0.1314721554517746,-0.11595222353935242,1.9741729497909546,1.474086880683899,1.4098314046859741,1.6194792985916138,-1.7180019617080688,-0.3119901418685913,-0.43821942806243896,-1.1122658252716064,-0.021364551037549973,0.16638301312923431,0.6752719879150391,0.17624497413635254,-2.6909332275390625,-2.837702751159668,0.8064395785331726,1.2152411937713623
626,12.52,0.0,0.30000001192092896,0.0,0.021055079996585846,0.3553658425807953,0.23936572670936584,0.24640506505966187,-0.11447349190711975,0.10346058756113052,1,0,1,1,0.3518069088459015,2.0783274173736572,1.3433921337127686,0.822490394115448,2.015758514404297,0.85006183385849,1.721622109413147,2.1227312088012695,-0.13919101655483246,-1.804626703262329,-1.1757489442825317,-0.9186587929725647,-0.17316238582134247,0.6900978684425354,1.1952948570251465,0.9348440170288086,0.5715469121932983,-0.011301398277282715,0.4244787395000458,0.6250332593917847,1.850266695022583,1.0175487995147705,1.3319876194000244,1.460532784461975,-0.08281496167182922,0.1826714277267456,1.0266273021697998,0.9474093914031982,1.3357122043089475e-05,-0.19852648675441742,-0.11611343920230865,-0.09421343356370926,1.9293497800827026,1.4243052005767822,1.4222934246063232,1.6291557550430298,-2.3517258167266846,-0.43286365270614624,-0.7139409184455872,-0.9516211152076721,0.0005076918751001358,2.996196746826172,1.058306336402893,1.7006417512893677,-2.088151693344116,-1.968770146369934,0.4045758843421936,-0.05046766996383667
627,12.540000000000001,0.0,0.30000001192092896,0.0,-0.06576891243457794,0.31913164258003235,0.2414667308330536,0.6072618365287781,0.13377174735069275,0.11877228319644928,1,0,1,1,0.24205394089221954,1.8309972286224365,1.1739261150360107,0.5507693886756897,1.6016689538955688,1.152457356452942,1.6297551393508911,0.8844841122627258,-0.12188378721475601,-1.7501261234283447,-1.1494905948638916,-0.9875720739364624,-0.22803887724876404,0.566432774066925,1.1105618476867676,0.7989834547042847,0.3645021617412567,0.13989636301994324,0.37854525446891785,0.005909740924835205,1.8589202165603638,1.0447990894317627,1.3451168537139893,1.4260761737823486,-0.13586920499801636,0.17282751202583313,1.0156513452529907,0.9206681847572327,-1.478953066680333e-07,-0.1386973261833191,-0.08583939075469971,-0.06022575497627258,1.8950533866882324,1.3985164165496826,1.4283764362335205,1.6233718395233154,-2.832200050354004,-0.5182917714118958,-0.38741451501846313,-1.6237627267837524,0.0015037888661026955,3.002147674560547,1.8908090591430664,1.7672312259674072,-1.5696378946304321,-0.7114959955215454,0.19043684005737305,-0.5111871957778931
628,12.56,0.0,0.30000001192092896,0.0,-0.01719951629638672,0.2698456048965454,0.050329167395830154,0.563782811164856,1.0230001211166382,0.058119382709264755,0,0,1,0,0.3004017472267151,1.4411029815673828,1.0549161434173584,0.9455996155738831,1.0078167915344238,1.4630833864212036,1.4914180040359497,-0.5750667452812195,0.03803234547376633,-1.6217570304870605,-1.0992354154586792,-0.9489166736602783,-0.19886496663093567,0.3714856505393982,1.0510568618774414,0.9963985681533813,0.0675760805606842,0.2952093780040741,0.30937668681144714,-0.7238656878471375,1.9388782978057861,1.1089836359024048,1.3702445030212402,1.445403814315796,-0.18733158707618713,0.16395260393619537,1.0149704217910767,0.9053728580474854,-4.6512259359587915e-06,-0.07875099778175354,-0.0442875474691391,-0.10532580316066742,1.8869011402130127,1.3935832977294922,1.4322624206542969,1.5813748836517334,-2.2546911239624023,-0.41371333599090576,0.10533773899078369,-0.020072080194950104,0.00022297102259472013,2.9982309341430664,2.1707911491394043,-3.003000497817993,0.3809252977371216,0.1297208070755005,0.1621241271495819,-3.000243902206421
629,12.58,0.0,0.30000001192092896,0.0,-0.008377179503440857,0.2218409776687622,0.0013404511846601963,0.10663633048534393,0.02781745418906212,0.12215901166200638,0,1,1,0,0.45283639430999756,1.0828280448913574,0.9948515892028809,1.9903508424758911,0.4835781157016754,1.4957616329193115,1.80316960811615,-0.25746625661849976,0.7229691743850708,-1.2064735889434814,-0.8633190989494324,-1.3609880208969116,-0.12264764308929443,0.1923481822013855,1.0210245847702026,1.5187742710113525,-0.19454325735569,0.31154850125312805,0.46525248885154724,-0.5650654435157776,2.2813467979431152,1.3166253566741943,1.4882025718688965,1.239368200302124,-0.21063901484012604,0.14942824840545654,1.0133870840072632,0.9219844341278076,-0.0359371155500412,-0.05208989977836609,-0.023480137810111046,-0.1643255352973938,1.9423037767410278,1.393559455871582,1.4447946548461914,1.5213543176651,-0.2863474488258362,-1.0100882053375244,-0.28893446922302246,1.4503374099731445,-2.8457963466644287,-0.20619940757751465,-0.038842443376779556,-2.9907796382904053,3.000361204147339,-0.18267419934272766,0.9231495261192322,-2.9986419677734375
630,12.6,0.0,0.30000001192092896,0.0,0.04271503537893295,0.21299363672733307,-0.046578146517276764,-0.21359960734844208,-0.11825407296419144,0.06293565034866333,0,1,1,0,0.6041679382324219,1.0113581418991089,0.7427282333374023,2.1537322998046875,0.9020673632621765,1.8276937007904053,1.8931738138198853,-0.052787281572818756,0.844367504119873,-1.2577940225601196,-0.7557181119918823,-1.2744015455245972,-0.046981871128082275,0.15661323070526123,0.8949629068374634,1.600464940071106,0.014701366424560547,0.4775145351886749,0.5102546215057373,-0.462725967168808,2.342045783996582,1.2909650802612305,1.5420031547546387,1.2826614379882812,-0.19205833971500397,0.1328364759683609,1.0057224035263062,0.9595427513122559,-0.06439248472452164,-0.0510714016854763,-0.033907849341630936,-0.22400103509426117,2.0023114681243896,1.3903019428253174,1.4663149118423462,1.4626212120056152,1.807802677154541,-0.6754164099693298,-0.4701806306838989,2.129263162612915,-0.28544533252716064,0.2496894896030426,-0.8224799036979675,-2.991337299346924,3.0003533363342285,-0.15286952257156372,1.1175284385681152,-2.731621742248535
631,12.620000000000001,0.0,0.30000001192092896,0.0,0.05521456152200699,0.2488778680562973,-0.09752174466848373,-0.3491347134113312,-0.22605279088020325,0.06346563249826431,0,1,1,0,0.7596285343170166,0.8888022303581238,0.7716472148895264,2.203681468963623,1.1933904886245728,1.7560855150222778,1.8826404809951782,0.3342992961406708,0.684756875038147,-1.2309517860412598,-0.5951926708221436,-1.297625184059143,0.030748426914215088,0.09533527493476868,0.9094223976135254,1.6254395246505737,0.16036292910575867,0.4417104423046112,0.5049879550933838,-0.2691826820373535,2.2622406482696533,1.3043862581253052,1.6222658157348633,1.2710494995117188,-0.13691066205501556,0.11816868185997009,0.9955670833587646,1.0009806156158447,-0.04354464262723923,-0.044806916266679764,-0.05866992846131325,-0.27297312021255493,2.062316656112671,1.3887490034103394,1.4951940774917603,1.4184945821762085,3.000408887863159,-0.7359734177589417,-0.5917019248008728,1.9622437953948975,1.9415653944015503,0.3557950556278229,-1.4375953674316406,-1.9243998527526855,3.00016450881958,-0.10498923063278198,1.6074128150939941,-1.6665645837783813
632,12.64,0.0,0.30000001192092896,0.0,0.0195554718375206,0.2898334264755249,-0.18378281593322754,-0.018606901168823242,-0.7396184206008911,0.04521161690354347,0,1,1,0,0.9841328859329224,0.846135139465332,0.8237946629524231,2.33090877532959,1.4174165725708008,1.7258996963500977,1.8392834663391113,0.6658841967582703,0.547714352607727,-1.1876635551452637,-0.4669371247291565,-1.3235719203948975,0.14300060272216797,0.0740017294883728,0.9354960918426514,1.6890531778335571,0.2723759710788727,0.4266175329685211,0.48330941796302795,-0.10339021682739258,2.1937193870544434,1.3260303735733032,1.6863936185836792,1.2580761909484863,-0.07691685110330582,0.10084491223096848,0.9809010624885559,1.0341558456420898,6.502509677375201e-06,-0.03815295919775963,-0.09358544647693634,-0.26974302530288696,2.1223180294036865,1.3861867189407349,1.5343950986862183,1.3957265615463257,2.9915308952331543,-1.0060137510299683,-0.8601138591766357,1.3549699783325195,0.005088090896606445,0.3619033098220825,-1.9860913753509521,1.857933521270752,3.0000736713409424,-0.11981534212827682,2.1544039249420166,-0.6349038481712341
633,12.66,0.0,0.30000001192092896,0.0,-0.014126889407634735,0.3246696889400482,-0.20449578762054443,0.03362910449504852,-0.4380952715873718,0.07096320390701294,0,1,1,0,1.2276743650436401,0.8235685229301453,0.8134433627128601,2.2757558822631836,1.9405856132507324,1.8823909759521484,1.8943792581558228,0.618739664554596,0.6233382225036621,-1.1427061557769775,-0.4183214008808136,-1.3522826433181763,0.26477134227752686,0.06271842122077942,0.9303205013275146,1.661476731300354,0.5339604616165161,0.5048631429672241,0.510857343673706,-0.12696248292922974,2.2315311431884766,1.3485090732574463,1.7107014656066895,1.2437207698822021,-0.016919128596782684,0.07579898834228516,0.9613697528839111,1.0469634532928467,2.3938134745549178e-06,-0.0385747030377388,-0.13638155162334442,-0.21799232065677643,2.181502342224121,1.3874952793121338,1.5853170156478882,1.3923721313476562,2.9997761249542236,-1.3010339736938477,-0.8763062953948975,-0.07716865837574005,0.00023841802612878382,-0.28718993067741394,-1.9344284534454346,3.0046005249023438,2.8058736324310303,0.07849039137363434,2.540083408355713,0.18695253133773804
634,12.68,0.0,0.30000001192092896,0.0,-0.0025346651673316956,0.33800172805786133,-0.18878501653671265,0.0040528057143092155,-0.04983414709568024,-0.013785882852971554,0,1,1,0,1.3513118028640747,0.7879341244697571,0.7265125513076782,2.367361545562744,2.0506927967071533,1.906628131866455,1.8422380685806274,0.6555824279785156,0.5535879135131836,-1.085660457611084,-0.45879554748535156,-1.3595417737960815,0.32659006118774414,0.04490122199058533,0.8868550658226013,1.7072795629501343,0.5890140533447266,0.5169817209243774,0.484786719083786,-0.1085411012172699,2.1966562271118164,1.377031922340393,1.6904643774032593,1.240091323852539,0.04306967556476593,0.05163321644067764,0.9446184635162354,1.0435723066329956,5.5923355830600485e-06,-0.05107814818620682,-0.16958259046077728,-0.15783117711544037,2.218360185623169,1.3903112411499023,1.633785605430603,1.400920033454895,2.9994919300079346,-1.1039531230926514,-0.7949638366699219,-0.23326243460178375,-0.00010407109220977873,-0.818401038646698,-1.2969077825546265,2.963951349258423,1.0386885404586792,0.12507469952106476,2.2184810638427734,0.5580178499221802
635,12.700000000000001,0.0,0.30000001192092896,0.0,0.05209869146347046,0.36936748027801514,-0.10806263983249664,0.085645891726017,-0.08388034254312515,-0.028149468824267387,0,1,1,1,1.376279354095459,0.6122929453849792,0.5912247896194458,2.3351972103118896,1.980830192565918,1.6609857082366943,1.7342735528945923,0.8993852734565735,0.3810563087463379,-1.1085389852523804,-0.5101549625396729,-1.3427261114120483,0.3390738368034363,-0.04291936755180359,0.8192111849784851,1.691197395324707,0.5540827512741089,0.39416053891181946,0.43080446124076843,0.013360321521759033,2.1103901863098145,1.3655927181243896,1.6647846698760986,1.2484991550445557,0.10195282846689224,0.027967454865574837,0.9270025491714478,1.0369093418121338,5.863338174094679e-06,-0.06947757303714752,-0.18896283209323883,-0.10221228003501892,2.2046289443969727,1.393616795539856,1.6728633642196655,1.4074609279632568,2.813683271408081,-1.2740771770477295,-1.1631120443344116,-0.8388712406158447,-0.0003905791381839663,-0.6007757782936096,-0.7747653126716614,1.3480535745620728,-1.7871102094650269,0.050055235624313354,1.7017693519592285,-0.39598262310028076
636,12.72,0.0,0.30000001192092896,0.0,0.08121290802955627,0.2290845364332199,0.06286551058292389,0.4545462429523468,0.448584645986557,0.04740557819604874,1,0,1,1,1.1666940450668335,0.6826878190040588,0.7176930904388428,1.6492410898208618,1.9662904739379883,0.41660499572753906,1.2357312440872192,1.8469445705413818,0.12196484953165054,-1.188323736190796,-0.6765530109405518,-1.2417813539505005,0.23428118228912354,-0.007721930742263794,0.8824453353881836,1.348219394683838,0.546812891960144,-0.22802981734275818,0.1815333068370819,0.4871399700641632,1.9808446168899536,1.325700283050537,1.5815856456756592,1.29897141456604,0.1512829214334488,0.007224940694868565,0.9031369686126709,1.0266451835632324,0.000915972632355988,-0.10445134341716766,-0.182380810379982,-0.10082888603210449,2.152604818344116,1.401794672012329,1.6924545764923096,1.4383822679519653,1.3010456562042236,-1.0358909368515015,-0.9130697250366211,-0.7830632925033569,0.5017126798629761,-2.2858188152313232,1.2980854511260986,-0.0038890987634658813,0.307639479637146,0.6226904392242432,0.1629285216331482,1.2306013107299805
637,12.74,0.0,0.30000001192092896,0.0,0.11134926229715347,0.2542937695980072,0.1311097890138626,-0.22808176279067993,-0.05544924736022949,0.11117327958345413,1,0,0,1,0.65823894739151,1.2492769956588745,1.215277075767517,0.9222151041030884,2.4644265174865723,-0.6668803095817566,-0.38908398151397705,1.4936455488204956,-0.575904369354248,-1.4160151481628418,-0.983066737651825,-0.8971613645553589,-0.019946366548538208,0.27557265758514404,1.131237268447876,0.9847063422203064,0.795880913734436,-0.769772469997406,-0.6308742761611938,0.3104904592037201,1.631909966468811,1.2118545770645142,1.4283287525177002,1.4712815284729004,0.13673000037670135,0.008135252632200718,0.9043811559677124,1.0192608833312988,0.0002726558595895767,-0.1635906845331192,-0.22267980873584747,-0.10438311845064163,2.124600648880005,1.4164867401123047,1.6457879543304443,1.460011601448059,-1.4187794923782349,0.8358821868896484,0.6860042810440063,-0.16854743659496307,-0.25612038373947144,-2.9919350147247314,-2.995386838912964,0.11674381047487259,-2.074141025543213,0.6607071161270142,-2.9962332248687744,0.9992966651916504
638,12.76,0.0,0.30000001192092896,0.0,0.015953533351421356,0.32666781544685364,0.07887520641088486,-0.020139720290899277,0.058619819581508636,-0.05839924514293671,1,0,0,1,0.5828872323036194,1.480393648147583,1.7360117435455322,0.670684814453125,2.286485195159912,0.026085264980793,-0.37112781405448914,1.359969139099121,0.23270563781261444,-0.5383568406105042,-1.4325052499771118,-0.7562758922576904,-0.05762222409248352,0.3911309838294983,1.3916046619415283,0.8589411973953247,0.706910252571106,-0.4232896864414215,-0.6218962073326111,0.24365225434303284,2.03621506690979,1.6506837606430054,1.2036094665527344,1.5417242050170898,0.09796762466430664,0.03983569145202637,0.9294775724411011,1.0124828815460205,-0.0003143821668345481,-0.2241906374692917,-0.28194984793663025,-0.10319720208644867,2.101440668106079,1.4681576490402222,1.5858803987503052,1.4821456670761108,-2.23527455329895,2.120500326156616,1.653679370880127,-0.5145444869995117,0.04137129709124565,-3.025029420852661,-2.9666390419006348,0.03757527470588684,-0.9031044840812683,2.9931209087371826,-2.9948558807373047,1.1313514709472656
639,12.780000000000001,0.0,0.30000001192092896,0.0,0.02741018682718277,0.28629201650619507,0.06997999548912048,-0.3338867425918579,-0.22862696647644043,0.09005557000637054,1,0,0,1,0.9484854936599731,1.4497873783111572,1.6820610761642456,1.12431800365448,2.159878730773926,0.3253207206726074,0.23976147174835205,1.4331610202789307,0.21416723728179932,-0.2818905711174011,-1.4649001359939575,-0.664091169834137,0.12517690658569336,0.3758278489112854,1.3646292686462402,1.0857577323913574,0.6436070203781128,-0.273671954870224,-0.3164515793323517,0.2802481949329376,2.0269458293914795,1.778916835784912,1.1874120235443115,1.587816596031189,0.06638352572917938,0.08724416792392731,0.9688506722450256,1.0046310424804688,-0.00020751819829456508,-0.2691364288330078,-0.3290404677391052,-0.10376828163862228,2.083204746246338,1.528157353401184,1.52582585811615,1.5037459135055542,-1.0454137325286865,2.4571080207824707,2.141726493835449,-0.2824563980102539,0.003634285181760788,-1.5754972696304321,-1.8142316341400146,0.059164874255657196,-1.0193941593170166,3.0009965896606445,-3.0027358531951904,0.9724905490875244
640,12.8,0.0,0.30000001192092896,0.0,0.02021125704050064,0.32346242666244507,0.06089809536933899,-0.2698928117752075,-0.22585424780845642,0.02014092169702053,1,0,0,1,0.6636127829551697,1.6529183387756348,1.61946439743042,0.9203172326087952,2.3161697387695312,0.49201059341430664,0.8868705034255981,1.5655626058578491,0.2575800120830536,-0.5946729779243469,-1.4194080829620361,-0.5781638622283936,-0.017259448766708374,0.47739332914352417,1.3333309888839722,0.9837573766708374,0.7217525243759155,-0.1903270184993744,0.007102936506271362,0.34644898772239685,2.048652172088623,1.622525691986084,1.210158109664917,1.6307802200317383,0.03998957946896553,0.13442251086235046,1.0088351964950562,0.9978682398796082,-0.0009880432626232505,-0.2764824628829956,-0.2993106245994568,-0.1035802885890007,2.0637900829315186,1.5848180055618286,1.466272234916687,1.5248786211013794,-1.469629168510437,2.16406512260437,1.8050148487091064,-0.32232949137687683,-0.15249662101268768,0.6340280771255493,3.0034239292144775,0.10766735672950745,-0.9510324001312256,2.5163912773132324,-2.844576835632324,1.0603266954421997
641,12.82,0.0,0.30000001192092896,0.0,-0.007383555173873901,0.35362958908081055,0.008593925274908543,-0.332166850566864,-0.2728601396083832,0.06124076619744301,1,0,0,1,0.6851636171340942,1.7675764560699463,1.7052826881408691,0.8461602926254272,2.165799379348755,0.2572816014289856,0.622699499130249,1.4878547191619873,0.23268289864063263,-0.9946944713592529,-1.2941852807998657,-0.5932203531265259,-0.006484031677246094,0.5347223877906799,1.3762401342391968,0.9466789364814758,0.6465673446655273,-0.3076915144920349,-0.1249825656414032,0.30759504437446594,2.036203622817993,1.4225149154663086,1.2727694511413574,1.6232519149780273,0.010393188335001469,0.16918189823627472,1.0392776727676392,0.989628255367279,-0.007204027846455574,-0.26659417152404785,-0.23882648348808289,-0.10578466951847076,2.0485663414001465,1.5773166418075562,1.4209070205688477,1.5495858192443848,-1.443889856338501,1.3295429944992065,1.2545408010482788,-0.4773578345775604,-0.3795318007469177,0.33642342686653137,3.0133965015411377,-0.15637952089309692,-0.7131587862968445,-2.2863810062408447,-1.6893665790557861,1.303430438041687
642,12.84,0.0,0.30000001192092896,0.0,-0.03161291778087616,0.4361666738986969,0.028135940432548523,-0.5204540491104126,-0.28774216771125793,0.04911273717880249,1,0,0,1,0.5350180268287659,1.8729952573776245,1.5915138721466064,0.7289310693740845,2.238374948501587,0.40233153104782104,1.0362234115600586,1.5986419916152954,0.030059508979320526,-1.206926703453064,-1.3383071422576904,-0.5818407535552979,-0.08155682682991028,0.587431788444519,1.3193557262420654,0.8880643248558044,0.6828551292419434,-0.2351665496826172,0.08177939057350159,0.36298868060112,1.934891939163208,1.3163988590240479,1.2507085800170898,1.6289417743682861,-0.022337226197123528,0.1860073059797287,1.0465253591537476,0.9787125587463379,-0.011116832494735718,-0.251073956489563,-0.1783086657524109,-0.11134836077690125,2.030174970626831,1.5187175273895264,1.4003092050552368,1.5779496431350708,-1.6813628673553467,0.4228755533695221,-0.11389879882335663,-0.6249549984931946,-0.003288108855485916,1.0211337804794312,3.0183544158935547,-0.22871969640254974,-1.1389976739883423,-3.0032808780670166,-0.49635758996009827,1.414685845375061
643,12.86,0.0,0.30000001192092896,0.0,0.06269459426403046,0.39358335733413696,0.1353992074728012,0.0024372637271881104,0.29319462180137634,0.22919385135173798,1,0,1,1,0.49726012349128723,1.9989551305770874,1.4309674501419067,0.8277709484100342,2.2454752922058105,0.3362361192703247,1.2687050104141235,1.7514294385910034,-0.24154646694660187,-1.6506578922271729,-1.4175816774368286,-0.6243958473205566,-0.1004357784986496,0.6504117250442505,1.2390825748443604,0.9374842643737793,0.6864053010940552,-0.26821425557136536,0.19802019000053406,0.439382404088974,1.799088954925537,1.0945332050323486,1.211071252822876,1.6076642274856567,-0.05579904094338417,0.18725210428237915,1.0412019491195679,0.9596748352050781,0.0001242139405803755,-0.24017956852912903,-0.15425094962120056,-0.11751410365104675,1.991034746170044,1.4608416557312012,1.4107458591461182,1.6054251194000244,-1.682240605354309,-0.24023009836673737,-0.3659389913082123,-1.195063829421997,-0.027848929166793823,0.19384557008743286,0.6056451201438904,0.066883385181427,-2.489124298095703,-2.6335370540618896,0.9144588112831116,1.2836322784423828
644,12.88,0.0,0.30000001192092896,0.0,0.0322539284825325,0.34985971450805664,0.23978249728679657,0.2709835171699524,-0.0614919513463974,0.08972678333520889,1,0,1,1,0.32572048902511597,2.0743632316589355,1.321879267692566,0.8695574402809143,2.115880250930786,0.8552179932594299,1.7301890850067139,2.0960464477539062,-0.12623192369937897,-1.9589604139328003,-1.155730128288269,-0.9065929651260376,-0.18620559573173523,0.6881157755851746,1.1845383644104004,0.958377480506897,0.621607780456543,-0.008723318576812744,0.4287622272968292,0.611690878868103,1.8567461967468262,0.9403819441795349,1.3419971466064453,1.4665656089782715,-0.09791091829538345,0.18131123483181,1.0296070575714111,0.9396523833274841,2.4483637389494106e-05,-0.1952190399169922,-0.13811050355434418,-0.097310870885849,1.947843313217163,1.4167007207870483,1.4234260320663452,1.6161822080612183,-2.3175559043884277,-0.3204631507396698,-0.7126312851905823,-0.9320861101150513,-0.0017090849578380585,2.996675968170166,1.1399297714233398,1.6100420951843262,-2.0806334018707275,-1.6574761867523193,0.3717975318431854,0.04569755494594574
645,12.9,0.0,0.30000001192092896,0.0,-0.04249751940369606,0.3412054777145386,0.2763221859931946,0.6910214424133301,0.16219362616539001,0.13574111461639404,1,0,1,1,0.21525591611862183,1.8743349313735962,1.1989831924438477,0.5082473158836365,1.7941093444824219,1.067966103553772,1.5666359663009644,1.1226180791854858,-0.17766499519348145,-1.9422492980957031,-1.1492676734924316,-0.9660824537277222,-0.2414378821849823,0.5881016254425049,1.123090386390686,0.7777224779129028,0.4607223570346832,0.09765073657035828,0.34698566794395447,0.12497672438621521,1.8310296535491943,0.9487375020980835,1.3452283143997192,1.4368209838867188,-0.1484159678220749,0.17236793041229248,1.017655611038208,0.9122224450111389,2.3220240109367296e-05,-0.13540802896022797,-0.10399831831455231,-0.061390142887830734,1.9121829271316528,1.3966138362884521,1.4276169538497925,1.610524296760559,-2.6315972805023193,-0.5255023837089539,-0.48091989755630493,-1.683266520500183,0.004428686574101448,2.998157024383545,2.1691184043884277,2.0095436573028564,-1.7225449085235596,-0.4701564908027649,0.061284974217414856,-0.5632378458976746
646,12.92,0.0,0.30000001192092896,0.0,0.007017143070697784,0.2921379506587982,0.08157612383365631,0.6437602043151855,1.0849024057388306,0.038921672850847244,0,0,1,0,0.2766343057155609,1.4990975856781006,1.1441874504089355,0.9946781992912292,1.134857177734375,1.3949487209320068,1.333664059638977,-0.4898635447025299,-0.0011837417259812355,-1.779636025428772,-1.1016089916229248,-0.957029402256012,-0.21074868738651276,0.4004829525947571,1.09569251537323,1.0209379196166992,0.1310962736606598,0.2611420452594757,0.23049971461296082,-0.6812641024589539,1.9192702770233154,1.0300440788269043,1.3690576553344727,1.4413474798202515,-0.19731710851192474,0.16368736326694489,1.014530062675476,0.9004145860671997,-3.6633007312047994e-06,-0.0754387229681015,-0.05618593469262123,-0.10410953313112259,1.8941196203231812,1.3949947357177734,1.4281800985336304,1.5697449445724487,-2.1736550331115723,-0.38879555463790894,-0.03135081008076668,0.33073222637176514,0.00010529765131650493,2.9987263679504395,2.499101161956787,-3.0035760402679443,-0.33532825112342834,0.2281695306301117,-0.013520170003175735,-3.0002381801605225
647,12.94,0.0,0.30000001192092896,0.0,0.008752115070819855,0.24545170366764069,0.02993459813296795,0.15286412835121155,0.09741219878196716,0.11267199367284775,0,1,1,0,0.4616609513759613,1.0543251037597656,1.1023508310317993,2.019012689590454,0.49352261424064636,1.3460054397583008,1.7106812000274658,-0.0793779268860817,0.7120213508605957,-1.3040521144866943,-0.8546543121337891,-1.3857601881027222,-0.11823536455631256,0.1780967116355896,1.0747742652893066,1.5331051349639893,-0.18957100808620453,0.23667040467262268,0.4190082848072052,-0.47602128982543945,2.2758727073669434,1.267836093902588,1.4925349950790405,1.2269821166992188,-0.2170175462961197,0.14757215976715088,1.0111948251724243,0.9229422807693481,-0.03556922450661659,-0.04731743410229683,-0.027957579120993614,-0.16315104067325592,1.9460985660552979,1.3935835361480713,1.437156081199646,1.509722113609314,-0.06413155049085617,-1.1179735660552979,-0.38274314999580383,1.694522738456726,-2.749253988265991,-0.40847647190093994,0.13883212208747864,-3.0210165977478027,3.000349760055542,-0.034970954060554504,0.8737005591392517,-2.998208522796631
648,12.96,0.0,0.30000001192092896,0.0,0.05239354074001312,0.23054547607898712,-0.03051980584859848,-0.167838916182518,-0.04636477679014206,0.09908557683229446,0,1,1,0,0.6136772632598877,1.0404632091522217,0.7889552712440491,2.201890468597412,0.8673009872436523,1.807987928390503,1.8823293447494507,-0.0076143499463796616,0.8293069005012512,-1.259098768234253,-0.7751359939575195,-1.2873543500900269,-0.042227208614349365,0.17116576433181763,0.9180763959884644,1.6245440244674683,-0.002681821584701538,0.46766164898872375,0.50483238697052,-0.440139502286911,2.3345155715942383,1.2903127670288086,1.5322941541671753,1.2761850357055664,-0.19291633367538452,0.12817922234535217,1.0026780366897583,0.9636679887771606,-0.06568457931280136,-0.048645373433828354,-0.03303615748882294,-0.22288160026073456,2.006105661392212,1.3914415836334229,1.4567641019821167,1.4524219036102295,2.101771831512451,-0.818772554397583,-0.44919154047966003,2.226548433303833,-0.4983174800872803,0.13708104193210602,-0.5861899852752686,-2.993516683578491,3.0003373622894287,-0.11006495356559753,1.0188966989517212,-2.559849262237549
649,12.98,0.0,0.30000001192092896,0.0,0.05682143568992615,0.26753196120262146,-0.08444824814796448,-0.3254556655883789,-0.17733928561210632,0.052196163684129715,0,1,1,0,0.7456770539283752,0.8975068926811218,0.76445472240448,2.2351036071777344,1.1575570106506348,1.7186275720596313,1.8817754983901978,0.35757264494895935,0.6688019037246704,-1.2298963069915771,-0.6128292083740234,-1.3072067499160767,0.02377268671989441,0.0996876060962677,0.9058261513710022,1.6411505937576294,0.14244619011878967,0.42298147082328796,0.5045554637908936,-0.25754600763320923,2.254263162612915,1.3049139976501465,1.6134475469589233,1.266258716583252,-0.13579438626766205,0.1117108017206192,0.9920238852500916,1.006430983543396,-0.04757418483495712,-0.043948668986558914,-0.05361811816692352,-0.27033841609954834,2.0661098957061768,1.3894718885421753,1.484853744506836,1.4126008749008179,3.000444173812866,-0.7787922024726868,-0.6158123016357422,1.996051549911499,1.850658893585205,0.3220824599266052,-1.2505720853805542,-1.7876485586166382,3.0001487731933594,-0.17263086140155792,1.5270413160324097,-1.4369381666183472
650,13.0,0.0,0.30000001192092896,0.0,0.024913959205150604,0.30882367491722107,-0.13566823303699493,-0.19349925220012665,-0.37438639998435974,0.016308534890413284,0,1,1,0,0.993914783000946,0.8408884406089783,0.8092745542526245,2.3461828231811523,1.4210858345031738,1.7075204849243164,1.8435803651809692,0.682521641254425,0.5294333100318909,-1.1789723634719849,-0.4872409403324127,-1.334497332572937,0.1478915512561798,0.07137838006019592,0.9282360672950745,1.6966902017593384,0.2742106020450592,0.4174279272556305,0.4854578673839569,-0.09507149457931519,2.1845788955688477,1.3303759098052979,1.6762416362762451,1.2526135444641113,-0.07578937709331512,0.09361999481916428,0.9766874313354492,1.0395900011062622,-0.0013112891465425491,-0.03771664947271347,-0.08562753349542618,-0.2645362913608551,2.1258151531219482,1.3853591680526733,1.523727297782898,1.3939383029937744,2.999964952468872,-0.9855228662490845,-0.8648481965065002,1.3297039270401,2.5445499420166016,0.27154242992401123,-1.7112274169921875,1.802590250968933,2.904146432876587,-0.2307259440422058,2.14312481880188,-0.485626220703125
651,13.02,0.0,0.30000001192092896,0.0,-0.004068620502948761,0.33874279260635376,-0.19859646260738373,0.020577311515808105,-0.42110511660575867,0.03887641429901123,0,1,1,0,1.3160759210586548,0.8196113109588623,0.7773714065551758,2.3840835094451904,1.8150575160980225,1.9377591609954834,1.9251525402069092,0.6981891989707947,0.526665985584259,-1.137793779373169,-0.45831015706062317,-1.36164391040802,0.3089721202850342,0.06073981523513794,0.9122844934463501,1.7156405448913574,0.4711964428424835,0.5325472354888916,0.5262439250946045,-0.08723771572113037,2.183195114135742,1.3509652614593506,1.6907070875167847,1.2390401363372803,-0.015806129202246666,0.06784365326166153,0.9562177658081055,1.046459674835205,4.958458703185897e-06,-0.03746124356985092,-0.12691155076026917,-0.20843321084976196,2.175584077835083,1.3848662376403809,1.5746798515319824,1.3930423259735107,2.9996206760406494,-1.2921853065490723,-0.9657710194587708,-0.12941880524158478,3.569059117580764e-05,-0.2628774344921112,-1.8988001346588135,3.0055501461029053,1.9265272617340088,0.03124198690056801,2.5392417907714844,0.2921125590801239
652,13.040000000000001,0.0,0.30000001192092896,0.0,0.008769787847995758,0.34844639897346497,-0.18762646615505219,-0.016253944486379623,-0.038052938878536224,-0.0226299911737442,0,1,1,0,1.34526789188385,0.76582932472229,0.7292588949203491,2.3592331409454346,2.021543264389038,1.8401306867599487,1.833328127861023,0.7162279486656189,0.5338650345802307,-1.0951452255249023,-0.4913293421268463,-1.3613439798355103,0.32356810569763184,0.03384882211685181,0.8882282376289368,1.7032153606414795,0.574439287185669,0.48373302817344666,0.48033174872398376,-0.07821834087371826,2.1867947578430176,1.3722895383834839,1.6741974353790283,1.2391901016235352,0.04418526962399483,0.04366128519177437,0.9380326271057129,1.0421831607818604,3.836667474388378e-06,-0.049630459398031235,-0.1597478985786438,-0.1481378674507141,2.2008461952209473,1.3872151374816895,1.62306547164917,1.4026732444763184,2.999607801437378,-1.1135860681533813,-0.8533032536506653,-0.2691889703273773,-7.361340976785868e-05,-0.8040046095848083,-1.2954496145248413,3.0112900733947754,0.7102987170219421,0.1211373507976532,2.2126989364624023,0.5701450705528259
653,13.06,0.0,0.30000001192092896,0.0,0.01673627644777298,0.3235095739364624,-0.05438593402504921,0.22189366817474365,-0.4028654098510742,-0.07352765649557114,0,1,1,1,1.378451943397522,0.5986796617507935,0.5814776420593262,2.3223109245300293,1.9580769538879395,1.627385139465332,1.7283470630645752,0.9159913659095764,0.36448949575424194,-1.125343680381775,-0.5510618686676025,-1.3381597995758057,0.3401601314544678,-0.049726009368896484,0.8143376111984253,1.6847542524337769,0.5427061319351196,0.3773602545261383,0.4278412163257599,0.021663367748260498,2.102106809616089,1.3571903705596924,1.6443312168121338,1.2507822513580322,0.10325156152248383,0.02024252898991108,0.9188734889030457,1.03568696975708,4.961609192832839e-06,-0.06544179469347,-0.17980074882507324,-0.09872487187385559,2.1853578090667725,1.3905786275863647,1.6615629196166992,1.4147284030914307,2.8647987842559814,-1.158416748046875,-1.3118023872375488,-0.30106478929519653,-0.0003623263328336179,0.10434079170227051,-0.794830858707428,-0.07538166642189026,-1.6855400800704956,0.10282793641090393,1.5678294897079468,1.753218173980713
654,13.08,0.0,0.30000001192092896,0.0,0.07228346914052963,0.20238909125328064,0.053722869604825974,0.3089733421802521,0.6313639879226685,0.06811963021755219,1,0,1,1,0.9969627261161804,0.7495988607406616,0.7778114080429077,1.6859420537948608,1.892445683479309,0.037744730710983276,1.1552759408950806,1.8777456283569336,-0.06617335975170135,-1.2570827007293701,-0.6603403091430664,-1.2904683351516724,0.149415522813797,0.025733590126037598,0.9125044941902161,1.3665697574615479,0.5098905563354492,-0.41745996475219727,0.14130565524101257,0.5025404691696167,1.8867754936218262,1.29132080078125,1.5896919965744019,1.274627923965454,0.14960885047912598,0.004210620652884245,0.896798849105835,1.0238498449325562,0.00021957777789793909,-0.1136188954114914,-0.17018871009349823,-0.10162344574928284,2.1382479667663574,1.4016507863998413,1.679453730583191,1.44663405418396,0.9564431309700012,-0.5776586532592773,-0.7624862194061279,-0.6625022888183594,0.3514286279678345,-2.8586227893829346,1.625295639038086,-0.10732138156890869,-0.07788175344467163,0.7364845275878906,-0.024844259023666382,1.2171180248260498
655,13.1,0.0,0.30000001192092896,0.0,0.09433995187282562,0.27150171995162964,0.08965906500816345,-0.20255261659622192,0.021572068333625793,0.11776924878358841,1,0,0,1,0.6029514670372009,1.299694538116455,1.2492594718933105,0.8456109762191772,2.4814255237579346,-0.625478208065033,-0.48788461089134216,1.420907974243164,-0.48639678955078125,-1.4428329467773438,-1.0297857522964478,-0.7782723903656006,-0.04759010672569275,0.3007814288139343,1.1482285261154175,0.9464042782783508,0.8043804168701172,-0.7490714192390442,-0.6802746057510376,0.2741216719150543,1.6766637563705444,1.1984456777572632,1.4049692153930664,1.5307259559631348,0.1317196488380432,0.011537120677530766,0.8999778628349304,1.0153405666351318,0.000261087145190686,-0.17299702763557434,-0.2109827995300293,-0.10971397161483765,2.11331844329834,1.416925311088562,1.6326531171798706,1.4709367752075195,-1.610766053199768,1.0648471117019653,0.7776113748550415,-0.3263755738735199,-0.1889202892780304,-2.989253520965576,-2.9941983222961426,-0.187956303358078,-1.706691861152649,0.6551904678344727,-2.996952533721924,1.2544829845428467
656,13.120000000000001,0.0,0.30000001192092896,0.0,0.01032286137342453,0.3235591948032379,0.055542126297950745,-0.07983763515949249,0.04315462335944176,-0.08100290596485138,1,0,0,1,0.6164020299911499,1.4793365001678467,1.7260715961456299,0.7614055275917053,2.264479398727417,0.03374982625246048,-0.3033130466938019,1.3301323652267456,0.21360723674297333,-0.49743160605430603,-1.4515348672866821,-0.7322943210601807,-0.04086482524871826,0.3906024098396301,1.3866345882415771,0.9043015241622925,0.6959073543548584,-0.41945740580558777,-0.5879888534545898,0.2287338674068451,2.026665687561035,1.6711463928222656,1.1940946578979492,1.5537149906158447,0.09373845905065536,0.0472169928252697,0.9266201853752136,1.0075019598007202,-0.0005369990831241012,-0.23357397317886353,-0.2701881229877472,-0.11322099715471268,2.093693494796753,1.4695093631744385,1.572733998298645,1.4963022470474243,-2.188498020172119,2.2617180347442627,1.740322470664978,-0.46752944588661194,0.015395179390907288,-3.005596160888672,-2.973964214324951,-0.12846747040748596,-0.8124604821205139,2.9960756301879883,-2.998231887817383,1.2152193784713745
657,13.14,0.0,0.30000001192092896,0.0,0.02055153250694275,0.2848604917526245,0.05923259258270264,-0.3613967299461365,-0.2762840986251831,0.06319979578256607,1,0,0,1,0.9354168176651001,1.4709808826446533,1.6697618961334229,1.1047207117080688,2.1812710762023926,0.34461069107055664,0.3425729274749756,1.446857213973999,0.21992626786231995,-0.28860795497894287,-1.4769972562789917,-0.6371561884880066,0.11864256858825684,0.38642460107803345,1.3584797382354736,1.0759592056274414,0.6543031930923462,-0.2640269696712494,-0.2650458514690399,0.2870962917804718,2.029825210571289,1.7755582332611084,1.181363582611084,1.6012840270996094,0.0625612884759903,0.09613829851150513,0.9678907990455627,1.0007075071334839,-0.0016095713945105672,-0.2751712501049042,-0.3110714852809906,-0.1153276190161705,2.0770576000213623,1.529503583908081,1.5126804113388062,1.5183786153793335,-1.0295027494430542,2.4704737663269043,2.228968381881714,-0.22759608924388885,-0.061401307582855225,-1.2925612926483154,-1.2672839164733887,0.049856431782245636,-0.9369396567344666,3.0009820461273193,-3.0029871463775635,0.960673451423645
658,13.16,0.0,0.30000001192092896,0.0,0.004225112497806549,0.3301667273044586,0.05306851118803024,-0.29333099722862244,-0.25036177039146423,0.028694765642285347,1,0,0,1,0.6539989113807678,1.6574655771255493,1.6148477792739868,0.8639686703681946,2.3269591331481934,0.45909982919692993,0.8905023336410522,1.5584900379180908,0.25073930621147156,-0.6369667053222656,-1.4066755771636963,-0.5515754222869873,-0.022066384553909302,0.47966694831848145,1.3310227394104004,0.9555830955505371,0.7271472215652466,-0.20678240060806274,0.008918851613998413,0.3429127037525177,2.045231819152832,1.6013787984848022,1.216524362564087,1.6440744400024414,0.03642236813902855,0.14186786115169525,1.0096925497055054,0.9938536882400513,-0.003070490900427103,-0.27997827529907227,-0.27651187777519226,-0.1155875027179718,2.059004783630371,1.5812054872512817,1.4538497924804688,1.5393850803375244,-1.4635850191116333,2.0293328762054443,1.895715355873108,-0.370833158493042,-0.16297143697738647,0.6351208686828613,3.004518985748291,0.08147874474525452,-0.8938359022140503,2.11028790473938,-2.6993725299835205,1.0632389783859253
659,13.18,0.0,0.30000001192092896,0.0,-0.020152337849140167,0.3653388023376465,0.0171580258756876,-0.3815498352050781,-0.3274204134941101,0.0660126730799675,1,0,0,1,0.6745298504829407,1.773972749710083,1.6786490678787231,0.8393800854682922,2.171126365661621,0.2620028257369995,0.6933677196502686,1.493910789489746,0.19314734637737274,-1.0109859704971313,-1.3055397272109985,-0.5725210309028625,-0.011800915002822876,0.5379205346107483,1.3629233837127686,0.9432888031005859,0.6492308378219604,-0.30533090233802795,-0.08964845538139343,0.31062307953834534,2.0164358615875244,1.4143691062927246,1.267092227935791,1.6336016654968262,0.0069463225081563,0.1734599620103836,1.0413284301757812,0.9849658608436584,-0.008834031410515308,-0.2686266005039215,-0.21601136028766632,-0.11716603487730026,2.0435760021209717,1.5689892768859863,1.4131453037261963,1.5632209777832031,-1.4390281438827515,1.161389708518982,1.2873146533966064,-0.49222636222839355,-0.330486536026001,0.4549088180065155,3.016744375228882,-0.07780328392982483,-0.7760828137397766,-2.385885715484619,-1.416975736618042,1.2241904735565186
660,13.200000000000001,0.0,0.30000001192092896,0.0,-0.042847976088523865,0.46085768938064575,0.047115158289670944,-0.5039857625961304,-0.07867512851953506,0.06591643393039703,1,0,1,1,0.5263916850090027,1.885807991027832,1.5549497604370117,0.7355837225914001,2.2341580390930176,0.3911496102809906,1.1100414991378784,1.6153321266174316,-0.02201230078935623,-1.2664812803268433,-1.3522058725357056,-0.5696839094161987,-0.08586999773979187,0.5938381552696228,1.301073670387268,0.8913906812667847,0.6807466745376587,-0.2407575100660324,0.1186884343624115,0.3713337481021881,1.9088560342788696,1.2866215705871582,1.2437591552734375,1.6350202560424805,-0.025866525247693062,0.18713782727718353,1.0454347133636475,0.974378228187561,-0.010438120923936367,-0.25196683406829834,-0.15751700103282928,-0.12052988260984421,2.0229849815368652,1.5101648569107056,1.3952291011810303,1.5897233486175537,-1.8026666641235352,0.22892944514751434,-0.790463924407959,-0.6795206665992737,0.454049289226532,0.8010274171829224,1.4145801067352295,-0.1991734653711319,-1.2921552658081055,-2.996216058731079,-1.894934892654419,1.3013676404953003
661,13.22,0.0,0.30000001192092896,0.0,0.07074643671512604,0.3884328007698059,0.20725961029529572,-0.029348187148571014,-0.009211540222167969,0.23277416825294495,1,0,1,1,0.4768686592578888,2.1690351963043213,1.2878000736236572,0.8698004484176636,2.2730674743652344,0.658446192741394,1.7216570377349854,2.2879233360290527,-0.3340112268924713,-1.6518363952636719,-1.198099136352539,-0.6995397210121155,-0.11063151061534882,0.7354517579078674,1.1674988269805908,0.958499014377594,0.7002013921737671,-0.10710921883583069,0.42449620366096497,0.7076293230056763,1.7528564929962158,1.0939439535140991,1.3208125829696655,1.5700923204421997,-0.060619063675403595,0.18664295971393585,1.0382602214813232,0.9558365941047668,0.00013123403186909854,-0.2135053426027298,-0.15051142871379852,-0.11529766768217087,1.9748356342315674,1.452376365661621,1.4155546426773071,1.6095225811004639,-1.7996469736099243,-0.3005092740058899,-0.5146649479866028,-0.955527663230896,-0.03689505159854889,2.7450835704803467,0.6073811054229736,0.9136590361595154,-2.7916598320007324,-2.607577323913574,0.6176003813743591,0.7089617252349854
662,13.24,0.0,0.30000001192092896,0.0,-0.0022906512022018433,0.3607071042060852,0.2738052010536194,0.448430597782135,0.03759121149778366,0.14422431588172913,1,0,1,1,0.21647010743618011,2.065203905105591,1.2602092027664185,0.6564924120903015,2.0311574935913086,0.784949004650116,1.7710858583450317,2.0244228839874268,-0.16222837567329407,-1.9292956590652466,-1.1514989137649536,-0.9962154626846313,-0.24083077907562256,0.6835361123085022,1.1537034511566162,0.8518450260162354,0.5792464017868042,-0.04385781288146973,0.44921061396598816,0.5758790969848633,1.8387479782104492,0.9552143216133118,1.3441126346588135,1.4217543601989746,-0.11114674806594849,0.17893798649311066,1.026706576347351,0.932891309261322,1.2682631677307654e-05,-0.15378643572330475,-0.12731638550758362,-0.08616011589765549,1.9267916679382324,1.412182092666626,1.4240593910217285,1.6130746603012085,-2.9710516929626465,-0.4266170859336853,-0.582203209400177,-1.3175263404846191,0.002953518182039261,2.9945998191833496,1.6456615924835205,1.8869431018829346,-2.3191287517547607,-1.4192097187042236,0.23075810074806213,-0.24213218688964844
663,13.26,0.0,0.30000001192092896,0.0,0.01860421895980835,0.33601266145706177,0.12759068608283997,0.5871151685714722,0.8407500386238098,0.14680571854114532,0,0,1,0,0.22484993934631348,1.794582724571228,1.206366777420044,0.7369001507759094,1.579005241394043,1.1860713958740234,1.4020265340805054,0.5200987458229065,-0.09333544224500656,-1.8469882011413574,-1.1180633306503296,-0.9869805574417114,-0.23664087057113647,0.5482255220413208,1.1267821788787842,0.8920488357543945,0.3531703054904938,0.156703382730484,0.264680951833725,-0.17628294229507446,1.8731944561004639,0.9963680505752563,1.360830545425415,1.4263718128204346,-0.17096437513828278,0.16944392025470734,1.0196788311004639,0.9055699110031128,-3.010184173035668e-06,-0.09386178106069565,-0.08786936104297638,-0.07397066801786423,1.8871601819992065,1.395613431930542,1.4277384281158447,1.5745031833648682,-2.9654123783111572,-0.516070544719696,-0.15277394652366638,-1.2971704006195068,-6.612116703763604e-05,2.9967892169952393,2.2540841102600098,-0.42987245321273804,-1.6638320684432983,-0.3486699163913727,0.12542325258255005,-3.000286817550659
664,13.280000000000001,0.0,0.30000001192092896,0.0,0.07100684940814972,0.26422345638275146,-0.015467491000890732,0.2545374631881714,0.6247429847717285,0.1635482758283615,0,1,1,0,0.4750363528728485,1.1653852462768555,1.1600655317306519,1.9143245220184326,0.5362224578857422,1.5279420614242554,1.4851083755493164,-0.5712241530418396,0.7494125962257385,-1.36923348903656,-0.8695958852767944,-1.3276668787002563,-0.11154766380786896,0.23362678289413452,1.1036314964294434,1.4807610511779785,-0.16822108626365662,0.3276387155056,0.3062218725681305,-0.7219443917274475,2.2945685386657715,1.2352454662322998,1.4850642681121826,1.256028652191162,-0.2058643251657486,0.1539863795042038,1.0194013118743896,0.9018407464027405,-0.030366549268364906,-0.04556867107748985,-0.050018031150102615,-0.12973055243492126,1.9325848817825317,1.3863950967788696,1.434617280960083,1.5144938230514526,-0.722072422504425,-2.2633118629455566,-0.253659188747406,0.7979597449302673,-2.355098009109497,-0.1511620283126831,0.7472913265228271,-2.9833426475524902,3.0003910064697266,-1.559103012084961,0.4666660726070404,-3.012554168701172
665,13.3,0.0,0.30000001192092896,0.0,0.07677286118268967,0.2687530815601349,-0.032308850437402725,-0.078754723072052,-0.020304972305893898,0.048742085695266724,0,1,1,0,0.5331941843032837,0.9826170206069946,0.771045446395874,2.108600616455078,0.671921968460083,1.8090070486068726,1.8803895711898804,-0.14395084977149963,0.9532071948051453,-1.1992313861846924,-0.7588725090026855,-1.3323112726211548,-0.08246874809265137,0.1422426700592041,0.9091215133666992,1.5778990983963013,-0.1003713309764862,0.46817120909690857,0.5038625001907349,-0.5083077549934387,2.39646577835083,1.3202464580535889,1.5404258966445923,1.253706455230713,-0.20112672448158264,0.1332850605249405,1.0087958574295044,0.9310914874076843,-0.07451561093330383,-0.05152743309736252,-0.05251069739460945,-0.18889060616493225,1.9925943613052368,1.3895491361618042,1.4546868801116943,1.4568219184875488,1.014763355255127,-0.9458754062652588,-0.6768732666969299,1.9590189456939697,-1.9657459259033203,-0.06357140839099884,-0.49173158407211304,-2.985316276550293,3.0004420280456543,0.04499417543411255,1.0966264009475708,-2.6088976860046387
666,13.32,0.0,0.30000001192092896,0.0,0.10482717305421829,0.28077369928359985,-0.05747063830494881,-0.41211414337158203,0.042212992906570435,0.0711202621459961,0,1,1,0,0.7164364457130432,0.9303876161575317,0.8004629015922546,2.192105770111084,1.0541383028030396,1.7012779712677002,1.8402718305587769,0.30439791083335876,0.7931941747665405,-1.279313564300537,-0.6676151752471924,-1.3053678274154663,0.009152382612228394,0.11612796783447266,0.9238302707672119,1.6196516752243042,0.09073683619499207,0.4143066704273224,0.4838036000728607,-0.2841333746910095,2.3164591789245605,1.2802053689956665,1.5860545635223389,1.2671782970428467,-0.15585462749004364,0.11580768972635269,0.9970130920410156,0.9740090370178223,-0.07317563891410828,-0.05094651132822037,-0.06783851236104965,-0.24696804583072662,2.0525996685028076,1.3907849788665771,1.4781566858291626,1.4159735441207886,3.0007431507110596,-0.7821580767631531,-0.5514959692955017,2.2124311923980713,1.5221086740493774,0.1419151872396469,-0.8953331708908081,-2.6922130584716797,3.000249147415161,0.014779731631278992,1.1660473346710205,-1.4950636625289917
667,13.34,0.0,0.30000001192092896,0.0,0.08454792946577072,0.3341379761695862,-0.09360302239656448,-0.29333215951919556,-0.2298818826675415,0.01489111315459013,0,1,1,0,0.9200536012649536,0.814378559589386,0.769511342048645,2.2991137504577637,1.1956604719161987,1.572359561920166,1.7714577913284302,0.702887773513794,0.5060670375823975,-1.2247200012207031,-0.520230770111084,-1.3043922185897827,0.1109609603881836,0.05812343955039978,0.9083544611930847,1.673155665397644,0.16149792075157166,0.3498474657535553,0.4493965804576874,-0.08488842844963074,2.172895669937134,1.3075021505355835,1.659746766090393,1.2676661014556885,-0.09584565460681915,0.09754914790391922,0.9813440442085266,1.0149539709091187,-0.027263524010777473,-0.04563594609498978,-0.09284283965826035,-0.2558852434158325,2.112335443496704,1.3888561725616455,1.509432315826416,1.395658016204834,3.000087261199951,-1.0095266103744507,-0.9401429891586304,1.834634780883789,2.7474334239959717,0.33413243293762207,-1.3867825269699097,1.2314525842666626,2.9122977256774902,-0.1807858645915985,1.7681902647018433,-0.5781742334365845
668,13.36,0.0,0.30000001192092896,0.0,0.0663532242178917,0.3721073269844055,-0.1643822342157364,-0.01926371455192566,-0.45685240626335144,-0.02131628431379795,0,1,1,0,1.2783299684524536,0.7989578247070312,0.7347077131271362,2.339632034301758,1.6250081062316895,1.8539612293243408,1.911164402961731,0.728954553604126,0.49291181564331055,-1.191046118736267,-0.4776674807071686,-1.3406325578689575,0.2900991439819336,0.05041307210922241,0.8909526467323303,1.6934148073196411,0.376171737909317,0.4906482994556427,0.5192499160766602,-0.07185503840446472,2.166317939758301,1.3243391513824463,1.6810283660888672,1.2495458126068115,-0.035863202065229416,0.07324519753456116,0.9578542709350586,1.0449122190475464,5.234037416812498e-06,-0.042084455490112305,-0.12722226977348328,-0.20553253591060638,2.1609413623809814,1.3876221179962158,1.5522288084030151,1.392911672592163,2.9996285438537598,-1.3483346700668335,-1.3092626333236694,1.1700999736785889,2.8452072001527995e-05,0.0013834289275109768,-1.8042421340942383,3.0066356658935547,1.899970293045044,0.04898219555616379,2.301398277282715,0.2232382744550705
669,13.38,0.0,0.30000001192092896,0.0,0.05961388349533081,0.3960425853729248,-0.16063305735588074,-0.056883811950683594,-0.05984407290816307,0.013323969207704067,0,1,1,0,1.343892216682434,0.7637189626693726,0.7436155080795288,2.3004446029663086,1.888184905052185,1.8161925077438354,1.885659098625183,0.7397757172584534,0.5557274222373962,-1.1613070964813232,-0.5197967886924744,-1.3453880548477173,0.32288026809692383,0.032793641090393066,0.8954065442085266,1.6738210916519165,0.5077601671218872,0.47176393866539,0.5064972639083862,-0.06644445657730103,2.197725772857666,1.3392086029052734,1.6599637269973755,1.2471680641174316,0.02413083426654339,0.04482903704047203,0.9352304339408875,1.045640468597412,2.9007865123276133e-06,-0.04959980398416519,-0.15873491764068604,-0.14527404308319092,2.1919150352478027,1.3897297382354736,1.597864031791687,1.4014968872070312,2.999681234359741,-1.3428759574890137,-1.0503299236297607,-0.18179672956466675,1.9125967810396105e-05,-0.5934390425682068,-1.2468839883804321,3.0097525119781494,1.1856988668441772,0.11692821979522705,2.1060492992401123,0.5430473685264587
670,13.4,0.0,0.30000001192092896,0.0,0.05137864500284195,0.3263772428035736,-0.021175291389226913,0.35092297196388245,-0.4680122137069702,-0.09852201491594315,0,1,1,1,1.3924859762191772,0.664350152015686,0.5742619037628174,2.3354132175445557,1.894854187965393,1.6245481967926025,1.7435914278030396,0.8930951952934265,0.3803866505622864,-1.1612837314605713,-0.6249550580978394,-1.3420113325119019,0.3471771478652954,-0.016890764236450195,0.8107297420501709,1.69130539894104,0.5110948085784912,0.37594178318977356,0.43546339869499207,0.010215282440185547,2.110055446624756,1.3392202854156494,1.6073846817016602,1.248856544494629,0.08410285413265228,0.018275845795869827,0.9091839790344238,1.0421985387802124,5.53666131963837e-06,-0.05340993031859398,-0.178955540060997,-0.11822204291820526,2.18635630607605,1.3905049562454224,1.632756233215332,1.422545313835144,2.9863858222961426,-1.3218233585357666,-1.5213885307312012,-0.042652685195207596,-0.0003566718369256705,0.33752745389938354,-0.6195752620697021,0.3802741765975952,-1.2301502227783203,-0.29039904475212097,1.2861157655715942,1.8685381412506104
671,13.42,0.0,0.30000001192092896,0.0,0.0320592075586319,0.23154515027999878,-0.04589412361383438,1.138118863105774,0.2607883810997009,-0.132212296128273,0,0,1,1,1.0334450006484985,0.7011443376541138,0.8184623718261719,1.7676411867141724,1.9126710891723633,0.4352128803730011,1.299544095993042,1.510549783706665,0.10152494162321091,-1.2643325328826904,-0.6281029582023621,-1.2169170379638672,0.16765666007995605,0.0015063285827636719,0.9328299760818481,1.4074194431304932,0.5200031995773315,-0.21872587502002716,0.2134397327899933,0.3189425766468048,1.970624566078186,1.2876958847045898,1.6058106422424316,1.3114036321640015,0.13995128870010376,-0.004389079753309488,0.8819419145584106,1.0323960781097412,8.20785075461572e-08,-0.08228428661823273,-0.17015598714351654,-0.10953819751739502,2.1316213607788086,1.3958101272583008,1.6501494646072388,1.4507858753204346,2.523703098297119,-0.8438133001327515,-1.2665493488311768,-0.7854902744293213,8.686932233104017e-06,-2.552138566970825,1.298823356628418,0.48696431517601013,-3.000114917755127,0.5873756408691406,0.4862664043903351,1.235630989074707
672,13.44,0.0,0.30000001192092896,0.0,0.06012263521552086,0.12109307199716568,0.09014663100242615,-0.1609259992837906,-0.1636955887079239,0.25059813261032104,1,0,0,1,0.9551451802253723,0.921035647392273,1.1660597324371338,1.402966856956482,2.460888624191284,-0.2596302926540375,-0.03840656578540802,1.6053646802902222,-0.3298829197883606,-1.119917392730713,-0.9048945307731628,-1.0425406694412231,0.12850674986839294,0.11145198345184326,1.106628656387329,1.2250821590423584,0.794111967086792,-0.5661474466323853,-0.4555355906486511,0.3663500249385834,1.7549207210540771,1.3599034547805786,1.4674148559570312,1.3985917568206787,0.15208639204502106,-0.0029893333557993174,0.8851689696311951,1.0233761072158813,0.00030734349275007844,-0.14101573824882507,-0.1969791054725647,-0.10572010278701782,2.1117074489593506,1.4118367433547974,1.6157926321029663,1.465458631515503,0.0026321038603782654,0.7401304841041565,1.135786533355713,-0.1794929802417755,-0.05621149390935898,-2.9941153526306152,-2.971729040145874,0.3317203223705292,-0.9710791707038879,0.8160809874534607,-2.9990456104278564,0.3778708577156067
673,13.46,0.0,0.30000001192092896,0.0,0.03263206034898758,0.2463620901107788,0.06910596787929535,-0.10615111887454987,-0.03187042847275734,-0.032101113349199295,1,0,0,1,0.5875869393348694,1.292543649673462,1.600785493850708,0.830488383769989,2.514641284942627,0.028952278196811676,-0.4686560332775116,1.2817028760910034,-0.05504582077264786,-0.5144068598747253,-1.4106686115264893,-0.6695773601531982,-0.05527237057685852,0.29720598459243774,1.3239915370941162,0.9388430118560791,0.8209882974624634,-0.421856164932251,-0.6706603169441223,0.204519122838974,1.8923392295837402,1.66265869140625,1.2145278453826904,1.585073471069336,0.1354181468486786,0.028403405100107193,0.916714608669281,1.0191439390182495,0.00013493870210368186,-0.2014589160680771,-0.25609463453292847,-0.10366326570510864,2.0960237979888916,1.4652718305587769,1.5558866262435913,1.4795000553131104,-1.5210845470428467,2.125276803970337,1.8770530223846436,-0.2567003071308136,0.03598928824067116,-3.0072648525238037,-2.9722821712493896,0.03630080074071884,-0.8190170526504517,2.9956140518188477,-2.996006965637207,0.8862762451171875
674,13.48,0.0,0.30000001192092896,0.0,0.03706926107406616,0.25720760226249695,0.04466197267174721,-0.36370521783828735,-0.1930842399597168,-0.00870799832046032,1,0,0,1,0.9200491905212402,1.3483049869537354,1.6825823783874512,1.1361087560653687,2.3038861751556396,0.29597777128219604,0.04159004986286163,1.3168902397155762,0.15554483234882355,-0.24426595866680145,-1.476849913597107,-0.6236244440078735,0.1109587550163269,0.32508665323257446,1.3648899793624878,1.0916531085968018,0.7156107425689697,-0.2883434295654297,-0.4155372977256775,0.22211280465126038,1.9976345300674438,1.7977291345596313,1.1814372539520264,1.6080498695373535,0.11019589751958847,0.07750019431114197,0.9597486257553101,1.016048550605774,-0.0001163830456789583,-0.25410082936286926,-0.3155326843261719,-0.10636357963085175,2.0806570053100586,1.5252251625061035,1.4958853721618652,1.499558925628662,-1.0341523885726929,2.596109390258789,2.2837629318237305,-0.07066263258457184,0.030626937747001648,-2.2077200412750244,-2.983896255493164,-0.15267162024974823,-0.8708258867263794,2.9989724159240723,-3.000673770904541,1.01043701171875
675,13.5,0.0,0.30000001192092896,0.0,0.039595894515514374,0.2761046588420868,0.0471763014793396,-0.3499812185764313,-0.24265721440315247,-0.03726153075695038,1,0,0,1,0.8208568692207336,1.5174689292907715,1.6439275741577148,1.0362586975097656,2.432199478149414,0.4968777298927307,0.7075788974761963,1.4683520793914795,0.2682822346687317,-0.3576057255268097,-1.4760485887527466,-0.5813274383544922,0.06136259436607361,0.40966862440109253,1.3455625772476196,1.041728138923645,0.7797673940658569,-0.18789345026016235,-0.08254286646842957,0.29784372448921204,2.0540032386779785,1.7410593032836914,1.181837797164917,1.629198431968689,0.08783681690692902,0.12821832299232483,1.0035264492034912,1.015028953552246,-0.000848991796374321,-0.27166125178337097,-0.31751880049705505,-0.10952983796596527,2.0640079975128174,1.5851595401763916,1.4383450746536255,1.5208274126052856,-1.1708106994628906,2.361882448196411,2.0316755771636963,-0.034047555178403854,-0.07938366383314133,0.16697536408901215,2.0035336017608643,-0.039436161518096924,-0.8763222098350525,2.9980804920196533,-2.570125102996826,1.0174856185913086
676,13.52,0.0,0.30000001192092896,0.0,0.0037836432456970215,0.3190914988517761,-0.014636960811913013,-0.26556843519210815,-0.20917212963104248,0.0480518713593483,1,0,0,1,0.764671266078949,1.6327028274536133,1.6892929077148438,0.8110085129737854,2.4132614135742188,0.28012195229530334,0.5787009000778198,1.4514005184173584,0.2970927357673645,-0.8338721990585327,-1.3835293054580688,-0.5573074221611023,0.033269792795181274,0.4672855734825134,1.368245244026184,0.9291030168533325,0.7702983617782593,-0.29627132415771484,-0.1469818651676178,0.2893679440021515,2.068408489227295,1.5029261112213135,1.2280974388122559,1.6412084102630615,0.061219606548547745,0.1666385680437088,1.038875937461853,1.0098594427108765,-0.0070788078010082245,-0.26973792910575867,-0.2610428035259247,-0.11488597840070724,2.0516393184661865,1.6020805835723877,1.401808500289917,1.546181321144104,-1.3921055793762207,1.4847149848937988,1.492784023284912,-0.40670230984687805,-0.4750913083553314,0.05407865345478058,3.01265811920166,-0.3031870722770691,-0.49333199858665466,-0.6745083332061768,-1.1255903244018555,1.3572452068328857
677,13.540000000000001,0.0,0.30000001192092896,0.0,-0.022873103618621826,0.3785766661167145,-0.010526476427912712,-0.3941771984100342,-0.2710452973842621,-0.007579670287668705,1,0,0,1,0.6657056212425232,1.7354278564453125,1.5882835388183594,0.8292620778083801,2.431001663208008,0.29399818181991577,0.7951618432998657,1.4603493213653564,0.13963262736797333,-1.1198461055755615,-1.4048192501068115,-0.5885975360870361,-0.016213029623031616,0.518648087978363,1.317740559577942,0.9382297992706299,0.7791684865951538,-0.2893332242965698,-0.03875139355659485,0.2938423454761505,1.9896785020828247,1.3599390983581543,1.2174525260925293,1.625563383102417,0.028710555285215378,0.18698859214782715,1.0465750694274902,1.0016791820526123,-0.015808777883648872,-0.26590126752853394,-0.20049360394477844,-0.12297120690345764,2.0408847332000732,1.5537511110305786,1.3923953771591187,1.5755341053009033,-1.6726367473602295,0.5978723168373108,-0.10538678616285324,-0.45104870200157166,-0.34214481711387634,0.23065851628780365,3.020615577697754,-0.33220353722572327,-0.6546064615249634,-3.0031707286834717,0.016040075570344925,1.4280281066894531
678,13.56,0.0,0.30000001192092896,0.0,0.028578288853168488,0.3511269986629486,0.12490837275981903,-0.2034611701965332,0.425674170255661,0.14473724365234375,1,0,1,1,0.6101524233818054,1.8460230827331543,1.447743535041809,0.8358710408210754,2.4952354431152344,0.30630284547805786,0.9936659336090088,1.566657304763794,-0.09048456698656082,-1.4900304079055786,-1.4819071292877197,-0.6135995388031006,-0.0439896285533905,0.5739457011222839,1.2474706172943115,0.9415342807769775,0.8112853765487671,-0.2831808924674988,0.060500651597976685,0.34699633717536926,1.8746198415756226,1.174846887588501,1.1789085865020752,1.6130623817443848,-0.0035907370038330555,0.19078485667705536,1.0425388813018799,0.9874745607376099,-0.007426538038998842,-0.2637920081615448,-0.16693837940692902,-0.13178762793540955,2.015779972076416,1.4937101602554321,1.4043828248977661,1.6029902696609497,-1.6991260051727295,-0.1204315721988678,-0.12987500429153442,-1.046208381652832,1.2248198986053467,-0.12453188002109528,0.5861645936965942,-0.35754743218421936,-1.9487169981002808,-2.995284080505371,0.962494969367981,1.1851047277450562
679,13.58,0.0,0.30000001192092896,0.0,0.04022736847400665,0.3113696575164795,0.21834923326969147,0.13864772021770477,-0.06412851810455322,0.08981641381978989,1,0,1,1,0.5216096043586731,1.9998104572296143,1.275137186050415,0.9873179197311401,2.443824291229248,0.7929545640945435,1.6075587272644043,2.015310764312744,-0.1428575962781906,-1.7208199501037598,-1.1974290609359741,-0.7805825471878052,-0.08826103806495667,0.6508393883705139,1.1611673831939697,1.0172576904296875,0.7855798006057739,-0.03985503315925598,0.36744704842567444,0.571323037147522,1.8484333753585815,1.0594521760940552,1.3211476802825928,1.5295708179473877,-0.03907638415694237,0.18549974262714386,1.0341969728469849,0.9711922407150269,6.290820601861924e-05,-0.22284828126430511,-0.1539991796016693,-0.12006614357233047,1.9724853038787842,1.4378472566604614,1.4169588088989258,1.614941954612732,-1.8294663429260254,-0.38497400283813477,-0.5833125710487366,-0.716350257396698,-0.03290160000324249,3.0020670890808105,0.8682485818862915,1.2948366403579712,-2.2007458209991455,-2.362889528274536,0.33260995149612427,0.1570458710193634
680,13.6,0.0,0.30000001192092896,0.0,-0.017674587666988373,0.3098674714565277,0.2580512762069702,0.646506130695343,0.13837069272994995,0.16816890239715576,1,0,1,1,0.33928942680358887,1.8859530687332153,1.2152141332626343,0.5755131840705872,2.2958993911743164,0.8595464825630188,1.4798654317855835,1.505436658859253,-0.1281777322292328,-1.7319951057434082,-1.1951607465744019,-0.9001021385192871,-0.17942112684249878,0.5939106941223145,1.1312057971954346,0.8113553524017334,0.7116173505783081,-0.0065590739250183105,0.30360040068626404,0.31638601422309875,1.8557733297348022,1.053864598274231,1.322281837463379,1.4698110818862915,-0.08331721276044846,0.17438459396362305,1.0239362716674805,0.9486851096153259,2.9920856832177378e-05,-0.1629696786403656,-0.12453694641590118,-0.08793464303016663,1.938379168510437,1.4043097496032715,1.420348882675171,1.6127092838287354,-2.393549680709839,-0.6495431661605835,-0.4278287887573242,-1.47217857837677,0.005170927848666906,2.996370315551758,1.989700198173523,1.8768647909164429,-1.5602389574050903,-1.0704593658447266,0.0010420121252536774,-0.38645580410957336
681,13.620000000000001,0.0,0.30000001192092896,0.0,0.02631557732820511,0.27584391832351685,0.07125496864318848,0.6493298411369324,1.110001802444458,0.10781514644622803,0,0,1,0,0.41001662611961365,1.5995335578918457,1.1849780082702637,0.9502405524253845,1.8261656761169434,1.1235860586166382,1.1306581497192383,0.11987904459238052,-0.014437609352171421,-1.6226215362548828,-1.1613247394561768,-0.9181927442550659,-0.1440575271844864,0.45070093870162964,1.116087794303894,0.9987190961837769,0.47675052285194397,0.12546071410179138,0.12899675965309143,-0.37639278173446655,1.912643313407898,1.1085513830184937,1.3391997814178467,1.4607658386230469,-0.12819355726242065,0.16257765889167786,1.0208114385604858,0.932064950466156,-2.2226458895602264e-06,-0.10301423072814941,-0.0794384554028511,-0.11045442521572113,1.9144293069839478,1.3936352729797363,1.4199676513671875,1.576714277267456,-2.0350453853607178,-0.5342033505439758,0.04316078498959541,-0.26541668176651,-1.4508011190628167e-05,2.9974663257598877,2.4570765495300293,-2.997267484664917,-0.910596489906311,-0.10463595390319824,-0.06403052806854248,-2.7248141765594482
682,13.64,0.0,0.30000001192092896,0.0,-0.007903825491666794,0.25429093837738037,0.08451101928949356,-0.15334823727607727,0.0776224136352539,0.04994076117873192,0,1,1,0,0.5941994786262512,1.0321522951126099,1.1411983966827393,1.9885796308517456,0.9991157054901123,1.1030951738357544,1.5065308809280396,0.38434037566185,0.677804708480835,-1.2491551637649536,-0.8708861470222473,-1.463261365890503,-0.0519661009311676,0.16701030731201172,1.0941979885101318,1.5178885459899902,0.06322553753852844,0.11521527171134949,0.31693312525749207,-0.24416212737560272,2.2587645053863525,1.2952845096588135,1.4844191074371338,1.1882314682006836,-0.14631463587284088,0.14851601421833038,1.0229295492172241,0.9404578804969788,-5.692988338523719e-07,-0.06365872174501419,-0.04151448607444763,-0.16598917543888092,1.961381435394287,1.3869788646697998,1.423580288887024,1.5184005498886108,-0.1422196328639984,-1.102463960647583,-0.188227117061615,0.8993905186653137,-0.0006698428187519312,-0.5555651783943176,0.39055708050727844,-1.9368261098861694,3.000290632247925,1.217104434967041,0.5586019158363342,-2.811462163925171
683,13.66,0.0,0.30000001192092896,0.0,0.07902322709560394,0.22612619400024414,-0.046535082161426544,-0.14789512753486633,-0.09637703001499176,0.09775136411190033,0,1,1,0,0.9108020663261414,1.0437617301940918,0.697379469871521,2.2200350761413574,1.3418606519699097,1.8588457107543945,1.7804571390151978,0.20485606789588928,0.6553245782852173,-1.3533458709716797,-0.7571629285812378,-1.2894436120986938,0.10633519291877747,0.17281502485275269,0.8722885251045227,1.633616328239441,0.23459801077842712,0.49309054017066956,0.45389625430107117,-0.3339042663574219,2.2475244998931885,1.2431892156600952,1.541280746459961,1.2751402854919434,-0.11175598204135895,0.13117386400699615,1.014582633972168,0.966828465461731,1.1292859625200435e-07,-0.06394166499376297,-0.048381030559539795,-0.2191842943429947,2.0213866233825684,1.3954455852508545,1.4420886039733887,1.462240219116211,3.0000052452087402,-0.7179628014564514,-0.5443713665008545,1.600718379020691,-1.443535802536644e-05,0.4447341561317444,-0.6734411120414734,-2.9867730140686035,3.000204086303711,-0.1552979052066803,1.0241304636001587,-2.595130681991577
684,13.68,0.0,0.30000001192092896,0.0,0.05095243453979492,0.26714393496513367,-0.09922998398542404,-0.171770840883255,-0.4290412664413452,0.031270839273929596,0,1,1,0,0.8272427916526794,0.8747340440750122,0.8731449842453003,2.277536153793335,1.2724665403366089,1.7112352848052979,1.8789833784103394,0.4719655215740204,0.6388722062110901,-1.2201998233795166,-0.6063743233680725,-1.341392159461975,0.06455555558204651,0.08830118179321289,0.9601712822914124,1.6623668670654297,0.19990095496177673,0.4192853271961212,0.5031594038009644,-0.20034955441951752,2.2392983436584473,1.3097622394561768,1.6166750192642212,1.2491660118103027,-0.05175543203949928,0.11382966488599777,0.9997655749320984,0.9989435076713562,-5.602326158538062e-09,-0.055825501680374146,-0.0746409222483635,-0.2556411325931549,2.0813889503479004,1.393440842628479,1.4727269411087036,1.419195294380188,3.0000193119049072,-0.9128016233444214,-0.859308123588562,1.5419073104858398,2.2352593077812344e-05,0.48647964000701904,-1.5649768114089966,-0.9123497009277344,3.0001115798950195,-0.16791823506355286,1.7881512641906738,-1.6624667644500732
685,13.700000000000001,0.0,0.30000001192092896,0.0,0.016758263111114502,0.2923223078250885,-0.14128167927265167,-0.12605388462543488,-0.4174707531929016,0.03756166622042656,0,1,1,0,1.0426900386810303,0.8609346747398376,0.9252055883407593,2.287004232406616,1.5604290962219238,1.8028252124786377,1.8776708841323853,0.5597742199897766,0.6572455167770386,-1.139296293258667,-0.537929117679596,-1.3457764387130737,0.17227917909622192,0.08140149712562561,0.9862015843391418,1.6671009063720703,0.3438822329044342,0.46508029103279114,0.5025031566619873,-0.1564452052116394,2.2484848499298096,1.3502140045166016,1.6508976221084595,1.246973991394043,0.008244224824011326,0.09408948570489883,0.9827767014503479,1.0255340337753296,-2.3545660976509453e-09,-0.04887315258383751,-0.10999003797769547,-0.25044405460357666,2.141390323638916,1.3903659582138062,1.5139554738998413,1.397441029548645,2.999962091445923,-1.0279324054718018,-0.8094475865364075,1.1157785654067993,2.9719321901211515e-05,0.21934038400650024,-1.7638219594955444,1.0957916975021362,3.000041961669922,-0.16905204951763153,2.1539158821105957,-0.5925259590148926
686,13.72,0.0,0.30000001192092896,0.0,0.0516984686255455,0.01472320407629013,0.044873494654893875,-0.006397010758519173,-0.029675383120775223,0.027114486321806908,0,1,1,0,1.2557860612869263,0.813051700592041,0.8185988664627075,2.3126397132873535,1.7687358856201172,1.8483102321624756,1.8815969228744507,0.6494075655937195,0.5911760926246643,-1.0822538137435913,-0.5066654086112976,-1.3449342250823975,0.2788271903991699,0.057460010051727295,0.932898223400116,1.679918646812439,0.4480356276035309,0.4878228008747101,0.50446617603302,-0.11162853240966797,2.2154502868652344,1.3787353038787842,1.6665294170379639,1.2473950386047363,-0.34456169605255127,-0.3428841531276703,0.5465116500854492,0.5494258999824524,-0.46396589279174805,-0.4083462655544281,-0.48876410722732544,-0.37032121419906616,1.9123640060424805,1.9415209293365479,1.9515494108200073,1.8755710124969482,0.03123914636671543,0.023465586826205254,-0.0001474291057093069,0.04311829432845116,0.049169331789016724,-0.0432964488863945,-0.026602713391184807,0.008431446738541126,0.019262535497546196,0.00998651422560215,0.0350564680993557,-0.013695046305656433
687,13.74,0.0,0.30000001192092896,0.0,0.06532776355743408,0.591543436050415,0.6224555373191833,-0.16732151806354523,0.12084811925888062,0.09102959930896759,0,1,1,1,-0.30146512389183044,-1.2443385124206543,-1.139636516571045,-0.027554139494895935,-1.9809074401855469,0.09789488464593887,0.9932504892349243,-0.4347531795501709,-0.6428961753845215,-0.5817127227783203,0.9703354239463806,0.0030280277132987976,-0.49979841709136963,-0.9712350964546204,-0.046219468116760254,0.5098217129707336,-1.4267860651016235,-0.3873848617076874,0.06029292941093445,-0.6537089347839355,1.5984140634536743,1.629005789756775,2.405029773712158,1.92137610912323,-0.36591485142707825,-0.3647782802581787,0.5164990425109863,0.5296842455863953,-0.5115846991539001,-0.44588831067085266,-0.5384447574615479,-0.43029141426086426,1.9048831462860107,1.944014072418213,1.9984219074249268,1.9297958612442017,-1.9993865489959717,-2.10142183303833,-2.9879841804504395,-2.02030611038208,-2.9839062690734863,-1.6359038352966309,0.6198992729187012,-2.8818953037261963,-2.846449136734009,-0.9252126812934875,2.997202157974243,3.0023906230926514
688,13.76,0.0,0.30000001192092896,0.0,-0.033196061849594116,0.3855362832546234,0.4660494029521942,-0.18160927295684814,-0.3516908288002014,-0.5685969591140747,0,0,0,1,-0.3990388810634613,-0.21816834807395935,0.18529175221920013,1.5391279458999634,-3.008363723754883,-1.8769503831863403,-0.38895130157470703,-0.1642652153968811,-0.13734544813632965,-0.4292914569377899,-0.03192133083939552,-0.8409887552261353,-0.5485852956771851,-0.4581500291824341,0.6162446737289429,1.2931628227233887,-1.9405142068862915,-1.3748074769973755,-0.6308079957962036,-0.5184649229049683,1.851189374923706,1.705216407775879,1.90390145778656,1.4993677139282227,-0.4232361316680908,-0.3898979127407074,0.4843582808971405,0.5339154601097107,-0.5716327428817749,-0.5028529167175293,-0.5461655259132385,-0.4744681417942047,1.8583203554153442,1.90369713306427,2.0137293338775635,1.9292380809783936,-2.9993371963500977,-1.1705689430236816,-0.41026830673217773,2.9916975498199463,-3.0028891563415527,-2.999410629272461,-1.0783729553222656,-2.0182383060455322,-1.8011161088943481,-3.0004868507385254,-0.8353813886642456,-3.000338077545166
689,13.780000000000001,0.0,0.30000001192092896,0.0,-0.023521557450294495,0.2870014011859894,0.24899886548519135,-0.27377891540527344,-0.5350161194801331,-0.10076598823070526,0,0,0,0,0.05835270881652832,0.04479459673166275,1.6761558055877686,0.06816808134317398,-1.079393982887268,-0.7507542371749878,-1.613473653793335,-0.48496511578559875,1.1137481927871704,1.3863781690597534,-0.6786925196647644,-0.45488059520721436,-0.31988948583602905,-0.32666853070259094,1.3616766929626465,0.5576828122138977,-0.9760292768478394,-0.8117094039916992,-1.2430691719055176,-0.6788148880004883,2.476736307144165,2.613051176071167,1.5805158615112305,1.6924219131469727,-0.44619250297546387,-0.4017780125141144,0.5340524315834045,0.5810555219650269,-0.6318591833114624,-0.5632389783859253,-0.6019303202629089,-0.5309421420097351,1.9076474905014038,1.9454563856124878,1.956531286239624,1.8692231178283691,0.07829955220222473,-0.08160082995891571,3.010488510131836,1.8135384321212769,-3.0000412464141846,-3.005197286605835,-2.9969794750213623,-2.9999396800994873,3.0005342960357666,3.002845287322998,-3.001756429672241,-3.000136613845825
690,13.8,0.0,0.30000001192092896,0.0,-0.005167186260223389,0.22491110861301422,0.09989258646965027,-0.38301312923431396,-0.9265971779823303,-0.0336056724190712,0,0,0,0,0.462125688791275,0.08714960515499115,1.735616683959961,1.233960747718811,-0.9792653322219849,-0.19881010055541992,-0.8294475078582764,-0.22182637453079224,0.9852110147476196,2.0314085483551025,-0.8910467028617859,-0.7986562252044678,-0.1180029958486557,-0.30549103021621704,1.3914071321487427,1.1405792236328125,-0.9259649515151978,-0.5357373952865601,-0.8510560989379883,-0.5472455024719238,2.4124677181243896,2.9355664253234863,1.4743387699127197,1.5205340385437012,-0.4011099338531494,-0.38962042331695557,0.5943453907966614,0.6395535469055176,-0.6918624639511108,-0.5987622141838074,-0.6620327830314636,-0.573226809501648,1.9676569700241089,2.0055291652679443,1.896467924118042,1.8092331886291504,3.0001654624938965,1.1579322814941406,2.9983975887298584,3.0034070014953613,-3.0000717639923096,-0.7307494282722473,-3.009124517440796,-1.3574548959732056,3.0004384517669678,3.000580072402954,-3.0004961490631104,-3.0008301734924316
691,13.82,0.0,0.30000001192092896,0.0,-0.01692795753479004,0.2120494246482849,0.10306993871927261,-0.6856774687767029,-0.7593883275985718,-0.13032357394695282,0,0,0,0,0.5018643140792847,0.183476060628891,1.521740198135376,1.113847017288208,-0.18994790315628052,0.12482405453920364,0.057677462697029114,0.2856554090976715,0.7761339545249939,1.8243129253387451,-0.8927575945854187,-0.7704495191574097,-0.09813368320465088,-0.2573277950286865,1.2844688892364502,1.0805222988128662,-0.531306266784668,-0.3739202916622162,-0.40749359130859375,-0.29350459575653076,2.307929039001465,2.8320186138153076,1.4734833240509033,1.534637451171875,-0.3410336375236511,-0.3515070080757141,0.6541596055030823,0.6997185349464417,-0.7018146514892578,-0.5654274821281433,-0.6586761474609375,-0.5445734262466431,2.0276620388031006,2.0655324459075928,1.8364711999893188,1.7491719722747803,3.0029172897338867,2.344614267349243,2.9933524131774902,3.0079152584075928,1.3654239177703857,3.00121808052063,2.5206568241119385,2.9724512100219727,3.000229835510254,2.999990940093994,-2.9992425441741943,-3.002692937850952
692,13.84,0.0,0.30000001192092896,0.0,-0.02461041510105133,0.2088441550731659,-0.07822485268115997,-0.6545962691307068,-0.3901108503341675,-0.17381177842617035,0,0,0,0,0.8558139801025391,0.4418460428714752,1.426955223083496,1.1754108667373657,0.477656751871109,-0.23679476976394653,-0.03850618004798889,0.8163368105888367,0.4708138108253479,1.2589740753173828,-0.768002986907959,-0.5119719505310059,0.07884114980697632,-0.1281428188085556,1.2370764017105103,1.1113042831420898,-0.1975039392709732,-0.554729700088501,-0.45558542013168335,-0.028163909912109375,2.155269145965576,2.549349308013916,1.5358606576919556,1.6638761758804321,-0.28099992871284485,-0.2928738296031952,0.7140882611274719,0.7598336338996887,-0.6434531807899475,-0.5223613381385803,-0.5988513231277466,-0.48490002751350403,2.0875704288482666,2.1255364418029785,1.776491641998291,1.6924753189086914,3.0000572204589844,2.999014139175415,2.9997003078460693,3.002126932144165,3.000567674636841,1.3999900817871094,3.0078513622283936,2.9901468753814697,2.9679911136627197,3.0002188682556152,-2.9996116161346436,-2.4930191040039062
693,13.86,0.0,0.30000001192092896,0.0,-0.025200366973876953,0.21862339973449707,-0.21642182767391205,-0.7623080015182495,-0.16519206762313843,-0.07026879489421844,0,0,1,0,0.9651044011116028,0.6603373885154724,1.343238115310669,1.2017236948013306,0.9816129207611084,0.1435815393924713,0.5453991889953613,1.2217731475830078,0.1929597705602646,1.0768213272094727,-0.6751945614814758,-0.3237531781196594,0.13348636031150818,-0.018897145986557007,1.1952178478240967,1.1244606971740723,0.05447414517402649,-0.36454153060913086,-0.16363272070884705,0.1745542585849762,2.0163419246673584,2.458272933959961,1.5822649002075195,1.7579855918884277,-0.22103476524353027,-0.23287244141101837,0.772034227848053,0.8198090195655823,-0.5833334922790527,-0.4727568030357361,-0.5402317047119141,-0.42520368099212646,2.106344699859619,2.1855430603027344,1.7168540954589844,1.6774119138717651,2.993783473968506,3.02457332611084,1.4516870975494385,2.9961650371551514,3.004436492919922,2.8285038471221924,2.0056707859039307,2.7749133110046387,-0.48318299651145935,2.9984130859375,-2.737713098526001,0.46625185012817383
694,13.88,0.0,0.30000001192092896,0.0,0.10763830691576004,0.10873013734817505,0.039428628981113434,0.3833543658256531,1.0038602352142334,-0.17069312930107117,0,0,1,1,0.6553955674171448,1.094524621963501,0.49758294224739075,0.9756165742874146,1.6755106449127197,-0.12051994353532791,1.5966590642929077,2.698075294494629,-0.4228709042072296,0.44590890407562256,-0.2714924216270447,-0.15503263473510742,-0.021368056535720825,0.19819647073745728,0.7723902463912964,1.0114071369171143,0.40142300724983215,-0.49659228324890137,0.36199721693992615,0.9127053022384644,1.7084267139434814,2.1428165435791016,1.7841159105300903,1.8423458337783813,-0.16107580065727234,-0.1728602945804596,0.7707555890083313,0.8544455766677856,-0.5232418179512024,-0.45191678404808044,-0.5083120465278625,-0.4018633961677551,2.0507562160491943,2.2121119499206543,1.717297077178955,1.7006924152374268,2.9997382164001465,2.9994099140167236,-0.5201880931854248,-0.4612239897251129,3.0002498626708984,0.9326565265655518,2.1331069469451904,-1.9866502285003662,-3.000330686569214,0.0676177442073822,-0.5454288721084595,1.7735614776611328
695,13.9,0.0,0.30000001192092896,0.0,0.02365720085799694,0.07852192968130112,0.07373201847076416,1.437020182609558,0.7359076738357544,0.1124095618724823,0,0,1,1,0.18268458545207977,1.218959093093872,0.9611663222312927,0.5335921049118042,1.7380008697509766,-0.4806261956691742,1.1050864458084106,2.410496711730957,-0.19370709359645844,-0.16664651036262512,-0.29593023657798767,-0.23532190918922424,-0.25772354006767273,0.2604137063026428,1.004181981086731,0.7903948426246643,0.43266811966896057,-0.6766453981399536,0.11621090769767761,0.7689160108566284,1.82300865650177,1.8365389108657837,1.7718970775604248,1.8022011518478394,-0.12677648663520813,-0.11263087391853333,0.7625868320465088,0.8371831178665161,-0.463238924741745,-0.4778331518173218,-0.45290911197662354,-0.41196513175964355,1.9907530546188354,2.1592631340026855,1.7057383060455322,1.7156306505203247,0.6618897318840027,3.011103391647339,-0.3430565595626831,-1.1980476379394531,3.0000598430633545,-2.677677631378174,2.861988067626953,0.5590112209320068,-3.000121831893921,-3.0036468505859375,-0.5140625834465027,0.2590675950050354
696,13.92,0.0,0.30000001192092896,0.0,-0.12130360305309296,0.048117462545633316,0.22530841827392578,1.7363921403884888,0.11824584007263184,0.2355194240808487,0,0,1,1,0.19759370386600494,1.1260513067245483,0.9854011535644531,0.6325814723968506,1.7158147096633911,0.6154816746711731,0.9005813598632812,1.6722017526626587,-0.11120232194662094,-0.1783895045518875,-0.10229053348302841,-0.4441486895084381,-0.25026899576187134,0.21395981311798096,1.0162993669509888,0.8398895263671875,0.42157503962516785,-0.12859147787094116,0.013958364725112915,0.39976856112480164,1.8642610311508179,1.8306673765182495,1.868716835975647,1.6977877616882324,-0.13419820368289948,-0.05233757197856903,0.7571986317634583,0.8103897571563721,-0.4032343924045563,-0.44952985644340515,-0.40013736486434937,-0.3712773025035858,1.930808186531067,2.0992071628570557,1.6984953880310059,1.7007838487625122,-1.107685923576355,3.008216142654419,0.051037393510341644,-1.578093409538269,2.9996695518493652,3.002573251724243,2.7946090698242188,2.7882769107818604,-2.9717321395874023,-3.002241373062134,-0.10322318226099014,-1.3771294355392456
697,13.94,0.0,0.30000001192092896,0.0,-0.16413219273090363,0.015523090958595276,0.3841245770454407,-0.5940275192260742,0.677897572517395,-0.18283873796463013,1,1,0,0,0.15186408162117004,0.74852454662323,0.8555253744125366,0.9566857814788818,1.0463461875915527,1.4279873371124268,1.3939632177352905,-0.7091935276985168,0.5567471981048584,-0.19987504184246063,-0.2851124107837677,-0.8834667205810547,-0.2731338143348694,0.025196433067321777,0.9513614773750305,1.0019416809082031,0.08684077858924866,0.27766135334968567,0.26064929366111755,-0.7909290790557861,2.1982357501983643,1.8199245929718018,1.7773059606552124,1.4781287908554077,-0.16629330813884735,-0.00542816985398531,0.7802937626838684,0.8130700588226318,-0.3496023416519165,-0.3993462026119232,-0.34084147214889526,-0.4040432870388031,1.953916072845459,2.042889356613159,1.715031385421753,1.6458364725112915,-2.030397653579712,1.1518391370773315,1.9677971601486206,1.414900302886963,3.0000948905944824,2.1152870655059814,2.9175143241882324,-2.9232935905456543,3.0002200603485107,-2.436229944229126,1.2253552675247192,-2.999258518218994
698,13.96,0.0,0.30000001192092896,0.0,-0.07898582518100739,0.1521601676940918,0.4119783639907837,-0.712951123714447,0.41069483757019043,0.38530540466308594,0,1,1,0,0.28775691986083984,0.043115489184856415,0.4812946617603302,1.7777494192123413,0.32550525665283203,0.8392698764801025,1.3513127565383911,-0.05225730687379837,0.2996326982975006,-0.17016948759555817,-0.3878497779369354,-1.2684258222579956,-0.2051873803138733,-0.3275080919265747,0.7642461061477661,1.412473440170288,-0.2735796868801117,-0.01669737696647644,0.23932406306266785,-0.4624609649181366,2.069678544998169,1.8347773551940918,1.7259372472763062,1.285649299621582,-0.19978739321231842,-0.012068947777152061,0.8057048320770264,0.8572859168052673,-0.2910200357437134,-0.3419434130191803,-0.29383063316345215,-0.4507055878639221,2.0133025646209717,1.9860340356826782,1.71400785446167,1.586000680923462,-1.297922968864441,-1.3486453294754028,0.9163453578948975,2.7659804821014404,2.892930269241333,2.92879581451416,2.055816173553467,-1.8720707893371582,2.8480820655822754,-2.9231059551239014,-0.9898546934127808,-2.9932847023010254
699,13.98,0.0,0.30000001192092896,0.0,0.056962743401527405,0.22860950231552124,0.36776629090309143,0.10503000020980835,-0.5025266408920288,0.2782222032546997,0,1,1,0,0.9184410572052002,0.43698790669441223,-0.34592458605766296,2.1106221675872803,-0.11254831403493881,0.9605301022529602,1.8128186464309692,1.1230006217956543,0.11961840838193893,0.08851037919521332,-0.15345850586891174,-1.3521958589553833,0.11015468835830688,-0.1305718868970871,0.35063648223876953,1.5789098739624023,-0.4926064610481262,0.04393273591995239,0.4700770080089569,0.12516799569129944,1.9796713590621948,1.9641172885894775,1.8431328535079956,1.2437641620635986,-0.17933788895606995,-0.040537621825933456,0.8001516461372375,0.9172991514205933,-0.291850209236145,-0.28459519147872925,-0.2641189396381378,-0.40744152665138245,2.0412416458129883,1.9403653144836426,1.6979292631149292,1.5261973142623901,2.7415499687194824,-1.7913005352020264,-1.3827171325683594,3.0174365043640137,-1.9309073686599731,2.862718105316162,1.2477881908416748,3.0290746688842773,0.2763863503932953,-2.1121826171875,-0.5872787237167358,-2.9927871227264404
700,14.0,0.0,0.30000001192092896,0.0,0.15035118162631989,0.31934574246406555,0.4084782600402832,-0.05181262642145157,-0.2292143851518631,0.11974947899580002,0,1,1,0,0.895416259765625,0.3711863160133362,0.04962677136063576,2.0932140350341797,0.528305172920227,1.2513244152069092,1.9669280052185059,0.6799370050430298,0.5591785907745361,0.04084613174200058,-0.34913572669029236,-1.38540780544281,0.09864228963851929,-0.16347268223762512,0.5484122037887573,1.570205807685852,-0.17217972874641418,0.18932989239692688,0.5471316576004028,-0.09636381268501282,2.199451446533203,1.9402852058410645,1.7452943325042725,1.2271583080291748,-0.11941546946763992,-0.07730796188116074,0.7774003148078918,0.9772788286209106,-0.29189568758010864,-0.22840292751789093,-0.23437319695949554,-0.34716153144836426,2.0797653198242188,1.8966526985168457,1.6757986545562744,1.4672596454620361,3.0016753673553467,-1.8459662199020386,-1.178833246231079,2.9506795406341553,1.3723751306533813,2.841973066329956,1.7555371522903442,3.0034868717193604,2.900244951248169,-2.345146894454956,-1.349644660949707,-2.7702791690826416
701,14.02,0.0,0.30000001192092896,0.0,0.18396694958209991,0.3120381534099579,0.43940097093582153,-0.4117527902126312,0.2216743528842926,0.0735592395067215,0,1,1,0,1.0206036567687988,0.5292959809303284,0.3845464289188385,2.246225357055664,1.0686156749725342,1.2491014003753662,1.748267412185669,0.7415041327476501,0.5114125609397888,-0.09342115372419357,-0.5766668319702148,-1.5232608318328857,0.1612359881401062,-0.08441784977912903,0.7158719897270203,1.6467114686965942,0.09797552227973938,0.1882183849811554,0.43780139088630676,-0.06558024883270264,2.1755683422088623,1.8731515407562256,1.6315287351608276,1.1582317352294922,-0.05940677225589752,-0.1074678972363472,0.757895827293396,1.0306506156921387,-0.23420055210590363,-0.17176741361618042,-0.19101740419864655,-0.28720590472221375,2.1362733840942383,1.8476524353027344,1.6413073539733887,1.4215750694274902,2.9995250701904297,-1.2837296724319458,-0.8640284538269043,2.342719316482544,3.0017387866973877,2.87239408493042,2.3552565574645996,2.996875286102295,2.5872671604156494,-2.5220465660095215,-1.9354636669158936,-1.7504498958587646
702,14.040000000000001,0.0,0.30000001192092896,0.0,0.1599920094013214,0.2927767038345337,0.19556383788585663,-0.12347739934921265,0.7915335297584534,0.2793509066104889,0,0,1,0,1.0932897329330444,0.5751393437385559,0.6380878686904907,2.205289363861084,1.2591406106948853,0.21801674365997314,0.6276580095291138,1.0581190586090088,0.12067597359418869,-0.22002370655536652,-1.1676807403564453,-1.5542482137680054,0.197579026222229,-0.06149616837501526,0.8426427245140076,1.6262434720993042,0.19323799014091492,-0.32732394337654114,-0.12250331044197083,0.09272721409797668,1.980200171470642,1.8098503351211548,1.3360217809677124,1.1427381038665771,0.000564867164939642,-0.12326705455780029,0.7552972435951233,1.046241283416748,-0.17400743067264557,-0.16302894055843353,-0.14110195636749268,-0.22767609357833862,2.1310441493988037,1.8114765882492065,1.5855367183685303,1.3989578485488892,2.9993069171905518,-0.30638179183006287,0.5285828709602356,-0.15961216390132904,3.0061428546905518,-1.3341524600982666,2.3751332759857178,2.9902522563934326,-2.1562650203704834,-1.2470065355300903,-3.0892393589019775,-0.5982140302658081
703,14.06,0.0,0.30000001192092896,0.0,0.027304120361804962,0.15089255571365356,0.03140716254711151,0.2007860541343689,-0.6009844541549683,0.10282403975725174,0,0,0,1,1.1053670644760132,0.9996522665023804,1.5891735553741455,1.844468355178833,1.9544939994812012,-0.6262299418449402,-1.3907920122146606,1.4610967636108398,0.0042641377076506615,-0.07114680856466293,-1.5427117347717285,-1.2123736143112183,0.20361769199371338,0.15076029300689697,1.318185567855835,1.4458329677581787,0.5409146547317505,-0.7494472861289978,-1.1317282915115356,0.2942160665988922,1.9219942092895508,1.8842887878417969,1.1485062837600708,1.3136754035949707,0.06055964529514313,-0.08756854385137558,0.798084020614624,1.0426054000854492,-0.11416853964328766,-0.22146965563297272,-0.18371516466140747,-0.1898508220911026,2.0724570751190186,1.8160514831542969,1.5256071090698242,1.4000309705734253,3.000133991241455,3.000497817993164,2.9996845722198486,-0.009525634348392487,2.9999542236328125,-3.0043575763702393,-2.9987270832061768,0.6353603005409241,-3.0001025199890137,1.0932890176773071,-3.0000905990600586,0.7459529638290405
704,14.08,0.0,0.30000001192092896,0.0,-0.008547469973564148,0.2006942480802536,-0.11416402459144592,0.634880781173706,-1.303814172744751,0.057788677513599396,0,0,0,1,0.7233320474624634,1.141496181488037,1.5570976734161377,0.9210482239723206,2.3129782676696777,-0.31891143321990967,-0.25391024351119995,1.8279701471328735,0.10928953438997269,0.42946329712867737,-1.3903658390045166,-0.8445822596549988,0.012600183486938477,0.22168225049972534,1.302147626876831,0.9841228723526001,0.7201567888259888,-0.5957880020141602,-0.5632874369621277,0.47765275835990906,1.9745069742202759,2.1345937252044678,1.2246792316436768,1.4975709915161133,0.09845148026943207,-0.027366073802113533,0.8578481078147888,1.0437084436416626,-0.05418437719345093,-0.2816280126571655,-0.24358822405338287,-0.16522401571273804,2.0140068531036377,1.8726468086242676,1.4666208028793335,1.4133013486862183,0.9604699611663818,3.0088260173797607,2.9890193939208984,0.13051868975162506,2.9979023933410645,-3.0020992755889893,-2.9974052906036377,1.5962380170822144,-2.6963846683502197,2.9978373050689697,-2.7744147777557373,0.7440937757492065
705,14.1,0.0,0.30000001192092896,0.0,-0.022228702902793884,0.25209081172943115,0.06690710037946701,-0.3133823275566101,-0.09779572486877441,-0.06226314604282379,1,0,0,1,0.639958918094635,1.3696438074111938,1.4960343837738037,0.9640861749649048,2.5102031230926514,-0.055458180606365204,0.39913806319236755,1.9866611957550049,-0.028090834617614746,0.15169666707515717,-1.1408684253692627,-0.6909319758415222,-0.029086381196975708,0.3357560634613037,1.271615982055664,1.0056419372558594,0.8187692165374756,-0.4640614092350006,-0.23676328361034393,0.5569982528686523,1.9058167934417725,1.9957104921340942,1.3494279384613037,1.5743961334228516,0.07998527586460114,0.03302478417754173,0.9178139567375183,1.0411438941955566,-0.04458824545145035,-0.3412608504295349,-0.27384018898010254,-0.16514678299427032,1.9912266731262207,1.9321545362472534,1.4213184118270874,1.4280946254730225,-1.1118535995483398,3.0105504989624023,2.9846887588500977,-0.23556235432624817,0.5121300220489502,-3.0172135829925537,-0.6362056136131287,-0.23069524765014648,-0.9068969488143921,2.910083055496216,-1.7056821584701538,0.8871347308158875
706,14.120000000000001,0.0,0.30000001192092896,0.0,-0.04898849129676819,0.3010006546974182,0.07488442957401276,-0.34734612703323364,-0.3166693449020386,-0.05153857544064522,1,0,0,1,0.7653802037239075,1.5742723941802979,1.5782978534698486,0.9400027394294739,2.203815460205078,0.4201650619506836,1.1515506505966187,1.7028405666351318,0.159475639462471,-0.25120335817337036,-1.354079008102417,-0.5352523922920227,0.03362426161766052,0.4380703568458557,1.3127477169036865,0.9936001300811768,0.665575385093689,-0.2262497842311859,0.13944301009178162,0.4150879681110382,1.9995999336242676,1.7942605018615723,1.2428226470947266,1.652235984802246,0.05528958886861801,0.09261785447597504,0.9772734045982361,1.0351412296295166,-0.037067461758852005,-0.3582437038421631,-0.2324439138174057,-0.17002786695957184,1.9738547801971436,1.9328581094741821,1.3964614868164062,1.452544093132019,-1.261156678199768,2.901029586791992,2.87705135345459,-0.3466974198818207,0.21534287929534912,0.8301390409469604,2.99573016166687,0.2632316052913666,-0.8366882801055908,-1.8772284984588623,-0.7073513865470886,1.8134703636169434
707,14.14,0.0,0.30000001192092896,0.0,-0.04594138264656067,0.3898394703865051,0.08269679546356201,-0.4195874333381653,-0.2745800018310547,0.00877254456281662,1,0,0,1,0.6328069567680359,1.8276333808898926,1.5083909034729004,0.8504683375358582,2.322927951812744,0.12537190318107605,1.4535554647445679,2.037342071533203,-0.12923888862133026,-0.7076533436775208,-1.2633403539657593,-0.6601840853691101,-0.03266236186027527,0.5647508502006531,1.2777942419052124,0.9488329887390137,0.725131630897522,-0.3736463785171509,0.2904454171657562,0.5823386907577515,1.8552427291870117,1.566035509109497,1.2881920337677002,1.5897700786590576,0.026083247736096382,0.1410996913909912,1.0268223285675049,1.0268899202346802,-0.030940236523747444,-0.34582388401031494,-0.17167159914970398,-0.1728580892086029,1.9530428647994995,1.8734303712844849,1.393479585647583,1.4726059436798096,-1.51221764087677,2.0504214763641357,2.1084344387054443,-0.4999676048755646,0.36055243015289307,0.5214114189147949,3.030235767364502,-0.2916658818721771,-1.1971633434295654,-3.0037012100219727,0.23442670702934265,1.422987937927246
708,14.16,0.0,0.30000001192092896,0.0,0.002908870577812195,0.3156788647174835,0.18880444765090942,0.03238588571548462,0.46352502703666687,0.19384491443634033,1,0,1,1,0.6480123400688171,1.9403681755065918,1.4938997030258179,0.9843878149986267,2.283773899078369,0.13251301646232605,1.4820334911346436,2.0900425910949707,-0.15560288727283478,-0.9968560934066772,-1.2938486337661743,-0.8220052123069763,-0.025059670209884644,0.6211182475090027,1.2705485820770264,1.015792727470398,0.7055546045303345,-0.3700758218765259,0.30468443036079407,0.6086889505386353,1.8420606851577759,1.4214341640472412,1.2729377746582031,1.5088595151901245,-0.0038738884031772614,0.17367087304592133,1.0284981727600098,1.007096529006958,-0.0039041892159730196,-0.34631940722465515,-0.14901454746723175,-0.17985138297080994,1.9167791604995728,1.8134057521820068,1.4020047187805176,1.4961764812469482,-1.5539865493774414,1.2876492738723755,-0.022930413484573364,-1.1071674823760986,1.4507232904434204,-0.10908184200525284,1.322890281677246,0.030169665813446045,-1.9762576818466187,-3.000465154647827,0.30431225895881653,0.9005283117294312
709,14.18,0.0,0.30000001192092896,0.0,-0.006750568747520447,0.283419132232666,0.2536144256591797,0.44930651783943176,-0.16353513300418854,0.15796738862991333,1,0,1,1,0.5121713280677795,2.0230486392974854,1.2935068607330322,1.1348505020141602,2.1719248294830322,0.6055699586868286,1.6224621534347534,2.2824034690856934,-0.2551945447921753,-1.3919243812561035,-1.0839580297470093,-0.9997251033782959,-0.09298017621040344,0.6624584794044495,1.1703522205352783,1.0910240411758423,0.649630069732666,-0.1335473358631134,0.374898761510849,0.7048693895339966,1.7922649383544922,1.2238999605178833,1.3778831958770752,1.419999599456787,-0.03773171827197075,0.19200943410396576,1.0214362144470215,0.9887351393699646,5.1921611884608865e-05,-0.30545368790626526,-0.12651851773262024,-0.15667353570461273,1.8806908130645752,1.7534008026123047,1.408181071281433,1.501975417137146,-1.651867151260376,0.583579421043396,-0.5378428101539612,-0.8540551066398621,0.022994935512542725,3.0008387565612793,1.3162791728973389,1.8315351009368896,-1.418485403060913,-3.0005714893341064,0.13573479652404785,-0.1149856299161911
710,14.200000000000001,0.0,0.30000001192092896,0.0,-0.07589700818061829,0.2910730838775635,0.26734158396720886,0.7916891574859619,0.10199838876724243,0.08693653345108032,1,0,1,1,0.3140506148338318,1.757142186164856,1.1934245824813843,0.723022997379303,1.795295000076294,0.9018223881721497,1.5852757692337036,1.1107385158538818,-0.17537203431129456,-1.313464641571045,-1.060335636138916,-1.1727508306503296,-0.19204053282737732,0.5295052528381348,1.1203110218048096,0.8851102590560913,0.46131518483161926,0.01457887887954712,0.3563055694103241,0.11903694272041321,1.8321760892868042,1.2631298303604126,1.389694333076477,1.333486795425415,-0.07955785095691681,0.1963033229112625,1.01137375831604,0.9661640524864197,-0.0001110780140152201,-0.24568980932235718,-0.09075159579515457,-0.11846164613962173,1.857304334640503,1.6933039426803589,1.4096349477767944,1.4958338737487793,-2.3920822143554688,-0.07968555390834808,-0.4444740116596222,-1.3407130241394043,0.04081407189369202,2.9898154735565186,2.1664953231811523,2.010270357131958,-1.1154636144638062,-3.0035793781280518,0.021898062899708748,-0.48371946811676025
711,14.22,0.0,0.30000001192092896,0.0,-0.03462795913219452,0.27286815643310547,0.062111981213092804,0.7232199907302856,0.9870768785476685,0.07367002964019775,0,0,1,0,0.4072079658508301,1.3820881843566895,1.162794828414917,1.0065633058547974,1.2128791809082031,1.3145384788513184,1.461354374885559,-0.35440120100975037,0.03304750472307205,-1.1291061639785767,-1.0392924547195435,-1.1635650396347046,-0.14546185731887817,0.3419782519340515,1.1049962043762207,1.0268805027008057,0.17010727524757385,0.22093692421913147,0.29434487223625183,-0.6135329008102417,1.9363858699798584,1.355309009552002,1.4002158641815186,1.3380796909332275,-0.1254798173904419,0.18979278206825256,1.0094282627105713,0.9520419836044312,-5.194214281800669e-06,-0.18567444384098053,-0.04503924399614334,-0.15692177414894104,1.86152982711792,1.6333099603652954,1.411969780921936,1.477577805519104,-2.0884335041046143,-0.524054229259491,0.06430357694625854,-0.141525536775589,0.0003306595317553729,3.0003533363342285,2.3344566822052,-3.000560998916626,1.1402957439422607,-2.999469041824341,0.18043406307697296,-1.3568115234375
712,14.24,0.0,0.30000001192092896,0.0,-0.0559232234954834,0.2579067051410675,0.06442883610725403,-0.1122356429696083,0.02475295215845108,0.09365427494049072,0,1,1,0,0.5472927689552307,1.0628440380096436,1.0649296045303345,2.0553550720214844,0.7565329074859619,1.3206214904785156,1.7298274040222168,-0.07114825397729874,0.6156488656997681,-0.792133092880249,-0.8469619154930115,-1.5399936437606812,-0.07541945576667786,0.18235617876052856,1.0560636520385742,1.5512763261795044,-0.05806586146354675,0.2239784300327301,0.4285813868045807,-0.471906453371048,2.227686643600464,1.5237956047058105,1.496381163597107,1.1498653888702393,-0.147758349776268,0.17271623015403748,1.0107934474945068,0.9584727883338928,-0.009275572374463081,-0.14237168431282043,-0.014826521277427673,-0.21204909682273865,1.9180201292037964,1.5816093683242798,1.4244798421859741,1.4502865076065063,-0.21260856091976166,-0.9784833788871765,-0.2584304213523865,0.5724353790283203,-0.3648587763309479,0.06553423404693604,-0.2587150037288666,-2.3503994941711426,3.000317335128784,-0.4267539978027344,1.251416802406311,-0.9466708898544312
713,14.26,0.0,0.30000001192092896,0.0,-0.03660379350185394,0.26390570402145386,0.04383785277605057,-0.5465915203094482,-0.6107465028762817,0.09287568926811218,0,1,1,0,0.8890984654426575,1.052614450454712,0.7245086431503296,2.3519270420074463,1.0282732248306274,1.753631353378296,1.792944312095642,0.15986797213554382,0.6428316831588745,-0.9055895805358887,-0.7248052954673767,-1.3693948984146118,0.09548339247703552,0.17724138498306274,0.885853111743927,1.6995623111724854,0.07780429720878601,0.44048336148262024,0.46013984084129333,-0.356398344039917,2.2412779331207275,1.4670673608779907,1.5574594736099243,1.2351646423339844,-0.11687026172876358,0.15626224875450134,1.0026781558990479,0.9762332439422607,7.741722356513492e-07,-0.11549820005893707,-0.03294695168733597,-0.265592485666275,1.9780257940292358,1.5557780265808105,1.4546535015106201,1.4324402809143066,2.784830093383789,-0.6869413256645203,-0.44707465171813965,1.1031185388565063,0.7962421774864197,2.153079032897949,-1.4777852296829224,-2.752363920211792,3.000262975692749,-1.6789711713790894,1.5402737855911255,-0.7939570546150208
714,14.280000000000001,0.0,0.30000001192092896,0.0,-0.03359651565551758,0.29795849323272705,-0.01780417189002037,-0.2874250113964081,-1.0292296409606934,0.08812842518091202,0,1,1,0,0.906900942325592,0.8658692240715027,0.7823797464370728,2.356842517852783,1.2574785947799683,1.481156349182129,1.8086740970611572,0.6393701434135437,0.43872225284576416,-0.7600627541542053,-0.573992908000946,-1.4007998704910278,0.10438463091850281,0.08386877179145813,0.9147886633872986,1.7020200490951538,0.19240698218345642,0.30424585938453674,0.4680047333240509,-0.11664724349975586,2.139223337173462,1.5398308038711548,1.6328656673431396,1.2194621562957764,-0.056947361677885056,0.13693416118621826,0.9863492250442505,0.9992010593414307,-1.4211691379273361e-08,-0.06959240138530731,-0.0740513801574707,-0.275568425655365,2.038027286529541,1.5241400003433228,1.494712233543396,1.4172992706298828,3.0000603199005127,-1.1189765930175781,-0.9896718859672546,1.1543753147125244,2.337533442187123e-05,2.234224319458008,-2.1739327907562256,1.1121689081192017,3.0000338554382324,-1.5185184478759766,2.157580852508545,-0.6495634913444519
715,14.3,0.0,0.30000001192092896,0.0,-0.017004281282424927,0.3266264796257019,-0.09912791103124619,-0.025286734104156494,-0.7938677072525024,0.12865057587623596,0,1,1,0,1.198407769203186,0.8266692161560059,0.7994266748428345,2.283926010131836,1.7755277156829834,1.7380993366241455,1.938804268836975,0.6234676241874695,0.5930957794189453,-0.6865851283073425,-0.4941370487213135,-1.4256740808486938,0.2501380443572998,0.06426876783370972,0.9233121275901794,1.6655617952346802,0.451431542634964,0.43271735310554504,0.5330698490142822,-0.12459850311279297,2.2164101600646973,1.5765695571899414,1.6727936267852783,1.2070250511169434,0.0030527086928486824,0.10985132306814194,0.9660859107971191,1.0202964544296265,7.845392779870508e-09,-0.038494475185871124,-0.11753425747156143,-0.23279094696044922,2.0980286598205566,1.503178358078003,1.5411072969436646,1.4087382555007935,2.999978542327881,-1.515971302986145,-0.9969590306282043,0.9400120377540588,2.6874924515141174e-05,0.9617091417312622,-1.981135606765747,2.7600784301757812,3.0000572204589844,-0.6689215302467346,2.3144707679748535,-0.22238272428512573
716,14.32,0.0,0.30000001192092896,0.0,-0.01572483777999878,0.3445453941822052,-0.13688860833644867,0.05388423800468445,-0.3699014186859131,0.07970263808965683,0,1,1,0,1.3634487390518188,0.831041693687439,0.769127607345581,2.3357386589050293,2.0724339485168457,1.8715624809265137,1.9152883291244507,0.6775414347648621,0.6485283374786377,-0.7697586417198181,-0.46045342087745667,-1.4256840944290161,0.3326585292816162,0.06645500659942627,0.9081625938415527,1.6914681196212769,0.5998846292495728,0.4994489252567291,0.52131187915802,-0.09756159782409668,2.244126319885254,1.5349828004837036,1.6896353960037231,1.2070200443267822,0.0630498006939888,0.07927189767360687,0.9473938941955566,1.0358445644378662,-1.6384213097353495e-08,-0.0317113883793354,-0.1532694548368454,-0.17295655608177185,2.1580300331115723,1.4953861236572266,1.5878677368164062,1.4082040786743164,2.9998512268066406,-1.4950337409973145,-0.8548581600189209,0.6189458966255188,2.779504211503081e-05,-0.12644198536872864,-1.4724093675613403,3.0036191940307617,3.000014543533325,-0.20281657576560974,2.240828275680542,0.12001416832208633
717,14.34,0.0,0.30000001192092896,0.0,0.0006751716136932373,0.37610504031181335,-0.11591772735118866,0.04102072864770889,0.015379313379526138,0.007868533954024315,0,1,1,0,1.4149459600448608,0.7329986691474915,0.6725306510925293,2.3635826110839844,2.103912353515625,1.7990033626556396,1.8259177207946777,0.7857248783111572,0.505466639995575,-0.8436741828918457,-0.4901175796985626,-1.4114651679992676,0.3584071397781372,0.017433494329452515,0.8598641157150269,1.7053900957107544,0.6156238317489624,0.4631693661212921,0.47662654519081116,-0.0434698760509491,2.172595500946045,1.4980250597000122,1.674803376197815,1.2141295671463013,0.11991192400455475,0.05019322782754898,0.9303390979766846,1.044433832168579,6.132583621365484e-06,-0.04105408862233162,-0.17652085423469543,-0.11260075122117996,2.197005271911621,1.492671012878418,1.6302262544631958,1.4122275114059448,2.5900778770446777,-1.3844733238220215,-0.8505454063415527,0.2704373896121979,-0.00011958224058616906,-0.6602373719215393,-0.7764518857002258,3.0125529766082764,1.076696753501892,-0.16752378642559052,1.933563232421875,0.2400709092617035
718,14.36,0.0,0.30000001192092896,0.0,0.009575575590133667,0.34556958079338074,0.03442911431193352,0.3662930130958557,-0.3696354925632477,-0.1275644302368164,0,1,1,1,1.4618581533432007,0.6085590124130249,0.5607858896255493,2.374418258666992,2.0768864154815674,1.538285255432129,1.689563512802124,1.0653597116470337,0.333465039730072,-0.8834702968597412,-0.6022965908050537,-1.4280203580856323,0.38186323642730713,-0.04478633403778076,0.8039917349815369,1.7108079195022583,0.6021108627319336,0.33281031250953674,0.4084494411945343,0.09634754061698914,2.086594581604004,1.4781270027160645,1.6187138557434082,1.2058520317077637,0.16251309216022491,0.020370502024888992,0.9067556262016296,1.0348436832427979,6.190417479956523e-06,-0.04827055335044861,-0.18809723854064941,-0.0779501423239708,2.1830379962921143,1.485763430595398,1.6635186672210693,1.404280185699463,1.773058295249939,-1.4388718605041504,-1.4500625133514404,-0.06198045611381531,-0.0004391217662487179,0.27538686990737915,-0.1802682876586914,0.7966480255126953,-1.810253381729126,-0.8476399779319763,1.2092821598052979,2.3216593265533447
719,14.38,0.0,0.30000001192092896,0.0,0.04513475298881531,0.24276328086853027,0.010251770727336407,1.118377447128296,0.555117130279541,-0.23527765274047852,0,0,1,1,1.1267321109771729,0.768200159072876,0.7679945230484009,1.56577467918396,2.073253631591797,-0.13634687662124634,1.0064456462860107,1.9969871044158936,-0.12205202132463455,-1.058526873588562,-0.8006013035774231,-1.3888530731201172,0.2143002152442932,0.035034239292144775,0.9075960516929626,1.3064861297607422,0.6002944707870483,-0.5045057535171509,0.06689050793647766,0.5621612071990967,1.8588361740112305,1.3905987739562988,1.519561529159546,1.2254356145858765,0.1885169893503189,0.0017210518708452582,0.879368007183075,1.021013617515564,-7.750722375021724e-08,-0.09906324744224548,-0.1640089601278305,-0.07316668331623077,2.1241495609283447,1.4630392789840698,1.6745622158050537,1.433500051498413,0.9231727123260498,-0.46932411193847656,-1.3052163124084473,-0.877437949180603,6.4398773247376084e-06,-2.998530387878418,2.0858192443847656,0.3547705411911011,-3.0002520084381104,-1.3969743251800537,0.02023313194513321,1.1705201864242554
720,14.4,0.0,0.30000001192092896,0.0,0.08271196484565735,0.15058746933937073,0.09364613890647888,-0.04034518823027611,-0.023242011666297913,0.11273263394832611,1,0,0,1,1.1113313436508179,1.009713053703308,1.3890535831451416,1.0921859741210938,2.5863196849823,-0.6301873922348022,-0.8090840578079224,1.785583734512329,-0.20895569026470184,-0.8648005723953247,-1.1469358205795288,-1.158045768737793,0.20659983158111572,0.15579068660736084,1.218125581741333,1.069691777229309,0.8568274974822998,-0.7514259815216064,-0.8408743143081665,0.45645955204963684,1.8153842687606812,1.487461805343628,1.3463943004608154,1.3408392667770386,0.1766120195388794,0.012252379208803177,0.8817902207374573,1.0133826732635498,0.0003106889489572495,-0.15810269117355347,-0.20611627399921417,-0.07097449153661728,2.1084399223327637,1.454565405845642,1.628413200378418,1.449638843536377,-0.6521466970443726,1.33444082736969,1.0644422769546509,-0.1484004110097885,0.03739519044756889,-2.9831926822662354,-2.9864625930786133,0.26407408714294434,-0.9005123376846313,0.19163286685943604,-3.0021610260009766,0.5594971776008606
721,14.42,0.0,0.30000001192092896,0.0,0.032401710748672485,0.25480037927627563,0.040584832429885864,0.050903528928756714,0.19857753813266754,0.01788918860256672,1,0,0,1,0.6665236353874207,1.3402554988861084,1.6859854459762573,0.6834599375724792,2.262127637863159,-0.053678445518016815,-0.42468276619911194,1.4133973121643066,0.07373153418302536,-0.3248259127140045,-1.4516270160675049,-0.7237304449081421,-0.015804022550582886,0.321061909198761,1.366591453552246,0.8653287887573242,0.6947314739227295,-0.4631715416908264,-0.6486737132072449,0.2703663408756256,1.9567278623580933,1.7574491500854492,1.1940486431121826,1.5579969882965088,0.150975301861763,0.04992228373885155,0.9147443175315857,1.005875587463379,7.870629633544013e-05,-0.21860577166080475,-0.26538193225860596,-0.0722736120223999,2.094115734100342,1.5063610076904297,1.568491816520691,1.4679967164993286,-1.791780710220337,2.2210543155670166,2.048935890197754,-0.5924533605575562,0.03931669145822525,-3.005429267883301,-2.9822871685028076,-0.25005266070365906,-0.6872670650482178,2.9968273639678955,-2.997013568878174,1.132240891456604
722,14.44,0.0,0.30000001192092896,0.0,0.04027847945690155,0.256070613861084,0.014681609347462654,-0.16548527777194977,0.08043482154607773,0.007391148246824741,1,0,0,1,0.9198514223098755,1.4020037651062012,1.6762025356292725,1.0983296632766724,2.172732353210449,0.26893091201782227,0.2523595094680786,1.4537467956542969,0.1834949404001236,-0.1529609113931656,-1.4518487453460693,-0.6665523052215576,0.11085987091064453,0.3519360423088074,1.3617000579833984,1.0727636814117432,0.6500338315963745,-0.3018668591976166,-0.3101525604724884,0.2905410826206207,2.0116095542907715,1.843381643295288,1.1939377784729004,1.5865859985351562,0.119228295981884,0.09830421954393387,0.9605486392974854,0.996421754360199,-0.00010874011786654592,-0.271222323179245,-0.31389814615249634,-0.08094974607229233,2.081533670425415,1.5663174390792847,1.5084894895553589,1.493220567703247,-1.3957501649856567,2.4609227180480957,2.392515182495117,-0.3673986494541168,0.028915273025631905,-2.1960527896881104,-1.9084302186965942,-0.4577559530735016,-0.7230053544044495,2.999058961868286,-3.000741720199585,1.2761852741241455
723,14.46,0.0,0.30000001192092896,0.0,0.043387845158576965,0.27834564447402954,0.01715731807053089,-0.1814822256565094,0.0040484219789505005,-0.04445332661271095,1,0,0,1,0.8020498752593994,1.5800883769989014,1.6647063493728638,0.957497775554657,2.2956180572509766,0.4905809760093689,0.8768408298492432,1.5773961544036865,0.2667590081691742,-0.39110609889030457,-1.4288042783737183,-0.6024061441421509,0.051959097385406494,0.44097834825515747,1.3559520244598389,1.002347707748413,0.7114766836166382,-0.19104182720184326,0.002088099718093872,0.35236576199531555,2.053241729736328,1.7243090867996216,1.2054600715637207,1.6186590194702148,0.08908218145370483,0.14424093067646027,1.0056333541870117,0.9893347024917603,-0.0006294850027188659,-0.2862783372402191,-0.28805074095726013,-0.09014962613582611,2.0676238536834717,1.6262493133544922,1.4495683908462524,1.5192742347717285,-1.542968988418579,2.058346748352051,2.0594615936279297,-0.28193944692611694,-0.09472444653511047,0.4219265878200531,2.998784303665161,-0.33447733521461487,-0.7402846217155457,2.9974334239959717,-2.7095744609832764,1.2649667263031006
724,14.48,0.0,0.30000001192092896,0.0,0.013762518763542175,0.31361401081085205,-0.035160236060619354,-0.23210495710372925,-0.03400932252407074,0.06006217747926712,1,0,0,1,0.7906474471092224,1.694388508796692,1.732603669166565,0.7701824903488159,2.177882194519043,0.2545585334300995,0.6320010423660278,1.5113301277160645,0.2590681314468384,-0.8723369240760803,-1.2998324632644653,-0.580866813659668,0.04625788331031799,0.49812841415405273,1.3899006843566895,0.9086900353431702,0.6526087522506714,-0.30905306339263916,-0.1203317940235138,0.3193327486515045,2.049396276473999,1.4836937189102173,1.2699458599090576,1.629428744316101,0.058498580008745193,0.17542989552021027,1.041111946105957,0.9805246591567993,-0.006068436428904533,-0.2783690094947815,-0.22762629389762878,-0.10141240805387497,2.056694746017456,1.6290898323059082,1.409680962562561,1.5485236644744873,-1.4779688119888306,1.1037805080413818,1.4914004802703857,-0.5501454472541809,-0.3639303743839264,0.3340184688568115,3.012843608856201,-0.6045558452606201,-0.5077264904975891,-1.7912415266036987,-1.3425456285476685,1.528098464012146
725,14.5,0.0,0.30000001192092896,0.0,-0.013074338436126709,0.4054674208164215,-0.007419309578835964,-0.3808424472808838,-0.026918739080429077,0.01502896472811699,1,0,0,1,0.5894439816474915,1.8119964599609375,1.6061396598815918,0.6745769381523132,2.240107774734497,0.3559993505477905,1.0439006090164185,1.6095322370529175,0.04010849446058273,-1.1424132585525513,-1.3310052156448364,-0.5771185755729675,-0.054343849420547485,0.5569323897361755,1.326668620109558,0.8608872890472412,0.6837215423583984,-0.25833263993263245,0.08561798930168152,0.36843380331993103,1.9399163722991943,1.3486554622650146,1.254359483718872,1.631302833557129,0.022345121949911118,0.1879425048828125,1.0464595556259155,0.9682691097259521,-0.009565066546201706,-0.2646038830280304,-0.1670387238264084,-0.11565623432397842,2.0426087379455566,1.5715184211730957,1.3959908485412598,1.5817245244979858,-1.9143811464309692,0.2112860530614853,-0.11810028553009033,-0.7229251861572266,0.012732096016407013,0.8685897588729858,3.0219788551330566,-0.630366325378418,-0.9274253845214844,-3.0037760734558105,-0.17689460515975952,1.625601887702942
726,14.52,0.0,0.30000001192092896,0.0,0.0279504656791687,0.3929133117198944,0.1114799901843071,-0.21247324347496033,0.303008496761322,0.08278919011354446,1,0,1,1,0.5705772638320923,1.9399921894073486,1.4765559434890747,0.7885531187057495,2.2356348037719727,0.31516188383102417,1.224429965019226,1.7427828311920166,-0.22340215742588043,-1.5735223293304443,-1.4141355752944946,-0.6385127902030945,-0.06377720832824707,0.6209302544593811,1.2618768215179443,0.917875349521637,0.6814850568771362,-0.2787513732910156,0.17588266730308533,0.4350591003894806,1.8081610202789307,1.133100986480713,1.212794303894043,1.6006057262420654,-0.014028348959982395,0.1856960952281952,1.0417121648788452,0.9526720643043518,3.2443058444187045e-05,-0.24901622533798218,-0.11965962499380112,-0.12734438478946686,2.0118401050567627,1.5114703178405762,1.40232253074646,1.6117514371871948,-1.6659579277038574,-0.31811144948005676,-0.21506531536579132,-1.0701959133148193,0.018009424209594727,0.3611360788345337,0.0730142593383789,-0.3486519753932953,-2.689750909805298,-2.9916388988494873,1.4216771125793457,1.3077009916305542
727,14.540000000000001,0.0,0.30000001192092896,0.0,9.930133819580078e-05,0.3588433265686035,0.21431812644004822,0.06658279895782471,-0.14491653442382812,0.07252966612577438,1,0,1,1,0.4410848915576935,2.0298678874969482,1.3746018409729004,0.7872225642204285,2.1076912879943848,0.7025712728500366,1.8467919826507568,2.299990177154541,-0.13491760194301605,-1.8001716136932373,-1.2375415563583374,-0.872976541519165,-0.12852339446544647,0.6658681035041809,1.2108997106552124,0.9172101020812988,0.6175132989883423,-0.0850466787815094,0.4870636761188507,0.7136627435684204,1.8524034023284912,1.0197763442993164,1.3010914325714111,1.4833738803863525,-0.05463854968547821,0.177199587225914,1.0312800407409668,0.9342321753501892,3.421089058974758e-05,-0.20886985957622528,-0.11258192360401154,-0.11485527455806732,1.9657361507415771,1.4531818628311157,1.4222007989883423,1.6244876384735107,-2.176435947418213,-0.47403550148010254,-0.6489422917366028,-0.8792997598648071,-0.022492341697216034,3.0002317428588867,0.6412777900695801,1.3487478494644165,-2.1733453273773193,-2.659634590148926,0.7022595405578613,0.09087038040161133
728,14.56,0.0,0.30000001192092896,0.0,-0.07233619689941406,0.3480842709541321,0.2715354263782501,0.5155993700027466,-0.035257548093795776,0.21426810324192047,1,0,1,1,0.3339068293571472,1.9019379615783691,1.1954652070999146,0.4336698055267334,2.0207574367523193,0.7830168008804321,1.6835218667984009,1.678048849105835,-0.18740993738174438,-1.7317087650299072,-1.1911908388137817,-0.9889388084411621,-0.1821124255657196,0.6019031405448914,1.1213314533233643,0.7404336929321289,0.5740463733673096,-0.044823914766311646,0.40542861819267273,0.40269210934638977,1.8261572122573853,1.0540077686309814,1.3242666721343994,1.425392746925354,-0.1014404371380806,0.16545341908931732,1.0212204456329346,0.908141016960144,4.731432272819802e-05,-0.14896415174007416,-0.08871661871671677,-0.08038981258869171,1.9304794073104858,1.4125343561172485,1.4320844411849976,1.6187472343444824,-2.3722760677337646,-0.6361356377601624,-0.37091997265815735,-1.658779263496399,0.002008954994380474,2.998037338256836,1.6756529808044434,2.0471785068511963,-1.6853982210159302,-1.4332873821258545,0.30251848697662354,-0.6135921478271484
729,14.58,0.0,0.30000001192092896,0.0,-0.023377925157546997,0.3054131865501404,0.08467568457126617,0.4846898317337036,0.907294511795044,0.12696826457977295,0,0,1,0,0.34337466955184937,1.6102592945098877,1.107330322265625,0.866596519947052,1.4587054252624512,1.2238351106643677,1.4082237482070923,-0.03771788626909256,-0.056270383298397064,-1.643229603767395,-1.1410527229309082,-1.0038763284683228,-0.17737850546836853,0.45606380701065063,1.0772639513015747,0.9568970203399658,0.2930203974246979,0.17558524012565613,0.26777955889701843,-0.4551912546157837,1.8917269706726074,1.0982472896575928,1.349335789680481,1.417923927307129,-0.14830282330513,0.15559960901737213,1.0198765993118286,0.888774573802948,-2.0812744878639933e-06,-0.089018814265728,-0.050618793815374374,-0.11024888604879379,1.9020907878875732,1.3955310583114624,1.4377461671829224,1.572170376777649,-2.2034106254577637,-0.3885228633880615,0.10570569336414337,-0.34859615564346313,-4.884642839897424e-05,2.9968490600585938,2.069910764694214,-3.0027363300323486,-1.192307710647583,-0.3539656698703766,0.24522382020950317,-3.000443935394287
730,14.6,0.0,0.30000001192092896,0.0,-0.009625762701034546,0.25140106678009033,0.045638639479875565,-0.05547124147415161,0.16772016882896423,0.12157154828310013,0,1,1,0,0.5443535447120667,1.082719087600708,1.0971564054489136,2.000187873840332,0.7165511846542358,1.2533291578292847,1.615312933921814,0.10404457896947861,0.6882582902908325,-1.1937761306762695,-0.8487522006034851,-1.4442638158798218,-0.07688906788825989,0.1922937035560608,1.0721769332885742,1.5236927270889282,-0.07805672287940979,0.19033226370811462,0.3713241517543793,-0.3843100368976593,2.263991355895996,1.3229740858078003,1.4954860210418701,1.197730302810669,-0.17022964358329773,0.14209692180156708,1.0199542045593262,0.9028852581977844,-0.014527487568557262,-0.05926017463207245,-0.02750251814723015,-0.16931429505348206,1.9482930898666382,1.3876248598098755,1.4490785598754883,1.5121352672576904,-0.20513421297073364,-0.9428257942199707,-0.1681789755821228,1.487331509590149,-1.0538932085037231,-0.016360744833946228,0.18564310669898987,-3.000088930130005,3.00032639503479,-0.5072795152664185,0.8025985360145569,-2.9987311363220215
731,14.620000000000001,0.0,0.30000001192092896,0.0,0.051348552107810974,0.2356722503900528,-0.02628416381776333,-0.29954469203948975,-0.08611956238746643,0.0429946705698967,0,1,1,0,0.7424308657646179,1.0061646699905396,0.7226599454879761,2.186241626739502,0.994394063949585,1.7842645645141602,1.851292610168457,0.12107410281896591,0.7516957521438599,-1.177536129951477,-0.7278144359588623,-1.3147408962249756,0.022149592638015747,0.15401649475097656,0.8849287629127502,1.6167196035385132,0.06086471676826477,0.45579996705055237,0.4893139898777008,-0.37579527497291565,2.2957100868225098,1.3310940265655518,1.555954933166504,1.2624917030334473,-0.14635348320007324,0.12630192935466766,1.0128332376480103,0.9438904523849487,-0.01441686786711216,-0.05438605695962906,-0.035077255219221115,-0.22893092036247253,2.0082995891571045,1.3791286945343018,1.4690101146697998,1.4546130895614624,2.19645094871521,-0.6644527316093445,-0.47751468420028687,2.4016690254211426,0.7788770198822021,0.42228272557258606,-0.7608779668807983,-2.986436367034912,3.000283718109131,-0.3367845118045807,1.0852197408676147,-2.583336353302002
732,14.64,0.0,0.30000001192092896,0.0,0.057845696806907654,0.2647396922111511,-0.11294422298669815,-0.15077100694179535,-0.510538637638092,0.04993334040045738,0,1,1,0,0.8513086438179016,0.8605611324310303,0.7945954203605652,2.230175018310547,1.2326579093933105,1.693005919456482,1.8520311117172241,0.4896387755870819,0.6185069680213928,-1.148940086364746,-0.5757453441619873,-1.3199810981750488,0.07658848166465759,0.08121472597122192,0.9208965301513672,1.6386862993240356,0.17999663949012756,0.41017064452171326,0.48968324065208435,-0.19151292741298676,2.2291157245635986,1.345392107963562,1.6319894790649414,1.2598716020584106,-0.08844629675149918,0.10966506600379944,0.9988840222358704,0.9916698932647705,-7.301805826642749e-09,-0.044559162110090256,-0.062036413699388504,-0.262322336435318,2.0683023929595947,1.375672698020935,1.4995923042297363,1.4134236574172974,3.000072479248047,-0.9744504690170288,-0.9505548477172852,2.297506332397461,1.6683192370692268e-05,0.509701669216156,-1.710607886314392,-0.6004136800765991,3.000115156173706,-0.07751193642616272,1.8506337404251099,-1.5189836025238037
733,14.66,0.0,0.30000001192092896,0.0,0.03149215877056122,0.29799336194992065,-0.16988669335842133,-0.03531143069267273,-0.5259463787078857,0.04587536305189133,0,1,1,0,1.0304068326950073,0.8368009328842163,0.8525277376174927,2.2305679321289062,1.623782992362976,1.7476634979248047,1.8657034635543823,0.5922349691390991,0.6668683290481567,-1.1628471612930298,-0.4794141948223114,-1.329572081565857,0.16613757610321045,0.06933462619781494,0.9498626589775085,1.6388827562332153,0.3755591809749603,0.43749943375587463,0.49651941657066345,-0.14021483063697815,2.253296375274658,1.3384385108947754,1.6801550388336182,1.2550761699676514,-0.028445769101381302,0.08789747208356857,0.9787923097610474,1.0312985181808472,8.88955853373119e-10,-0.03858465328812599,-0.10055139660835266,-0.24879807233810425,2.1283037662506104,1.3760608434677124,1.542527675628662,1.3946353197097778,3.0000035762786865,-1.1570799350738525,-1.0082595348358154,1.6589879989624023,2.248830242024269e-05,0.11312193423509598,-1.9271256923675537,1.5691790580749512,3.000065803527832,0.06989116966724396,2.256516456604004,-0.44960126280784607
734,14.68,0.0,0.30000001192092896,0.0,0.0009215176105499268,0.3298855423927307,-0.19296370446681976,0.03401842713356018,-0.32522326707839966,0.0749158263206482,0,1,1,0,1.2540215253829956,0.8192166090011597,0.7974381446838379,2.286283493041992,1.947444200515747,1.807790994644165,1.8558446168899536,0.7297828197479248,0.6443586945533752,-1.144883155822754,-0.44248348474502563,-1.3430956602096558,0.2779449224472046,0.06054246425628662,0.9223178625106812,1.6667405366897583,0.5373897552490234,0.4675631821155548,0.4915899932384491,-0.07144090533256531,2.24204158782959,1.347420573234558,1.6986204385757446,1.248314380645752,0.03155200183391571,0.06270787864923477,0.9596610069274902,1.0469907522201538,2.004236648645019e-06,-0.04227716103196144,-0.13846085965633392,-0.1962587535381317,2.187769889831543,1.3784489631652832,1.5904380083084106,1.3934028148651123,2.999760150909424,-1.3014062643051147,-0.851782500743866,-0.06905550509691238,0.00025520994677208364,-0.43147528171539307,-1.696866512298584,3.0065484046936035,2.853815793991089,0.1361072063446045,2.3888299465179443,0.2513903081417084
735,14.700000000000001,0.0,0.30000001192092896,0.0,0.024128004908561707,0.3444390892982483,-0.17445102334022522,0.003106276039034128,0.009247572161257267,-0.03866198658943176,0,1,1,0,1.361559510231018,0.7618235349655151,0.6761800646781921,2.334752082824707,2.0919482707977295,1.802788257598877,1.7902246713638306,0.7281264066696167,0.52960205078125,-1.0960055589675903,-0.48614010214805603,-1.348949670791626,0.3317139148712158,0.031845927238464355,0.8616888523101807,1.6909748315811157,0.6096417903900146,0.46506181359291077,0.4587800204753876,-0.07226911187171936,2.1846632957458496,1.3718593120574951,1.6767921447753906,1.245387315750122,0.09104130417108536,0.038705576211214066,0.94218510389328,1.0441298484802246,6.275549367273925e-06,-0.05647343024611473,-0.16743837296962738,-0.135903462767601,2.2208244800567627,1.3822606801986694,1.6353338956832886,1.402498722076416,2.889421224594116,-1.0852043628692627,-0.8929328918457031,-0.19242604076862335,-0.00016979493375401944,-0.8509803414344788,-1.1107289791107178,3.0145933628082275,0.7046308517456055,0.16271354258060455,2.023700714111328,0.5549834370613098
736,14.72,0.0,0.30000001192092896,0.0,0.032603174448013306,0.31067365407943726,-0.03011552058160305,0.3871508240699768,-0.4175198972225189,-0.11223182082176208,0,1,1,1,1.3883763551712036,0.5893872380256653,0.5784063935279846,2.2822659015655518,2.0368916988372803,1.5084264278411865,1.6565160751342773,1.0075370073318481,0.3615330457687378,-1.1282155513763428,-0.5710801482200623,-1.3352607488632202,0.3451223373413086,-0.05437222123146057,0.8128019571304321,1.664731740951538,0.58211350440979,0.31788089871406555,0.39192572236061096,0.06743618845939636,2.100628614425659,1.3557543754577637,1.6343220472335815,1.2522318363189697,0.1428714543581009,0.015467719174921513,0.9196857810020447,1.0392529964447021,5.671481630997732e-06,-0.06795035302639008,-0.18435443937778473,-0.09874759614467621,2.200230360031128,1.3843902349472046,1.6694986820220947,1.418032169342041,2.2906200885772705,-1.2657175064086914,-1.4827659130096436,-0.1396975815296173,-0.0004272402438800782,0.36236298084259033,-0.5271698832511902,0.23013772070407867,-2.096391439437866,-0.05295476317405701,1.2458021640777588,1.6220638751983643
737,14.74,0.0,0.30000001192092896,0.0,0.06294703483581543,0.1923140287399292,0.04544839262962341,0.5085779428482056,0.4891631603240967,-0.02153743803501129,1,0,1,1,0.9836652874946594,0.7257437705993652,0.8105323910713196,1.5359392166137695,2.003134250640869,-0.1305358111858368,0.957443356513977,1.8577954769134521,-0.03603765368461609,-1.2145861387252808,-0.6562724113464355,-1.3028823137283325,0.1427668035030365,0.013806045055389404,0.9288649559020996,1.291568398475647,0.5652347803115845,-0.5016002058982849,0.042389363050460815,0.49256542325019836,1.9018433094024658,1.3125691413879395,1.5917259454727173,1.268420934677124,0.17271538078784943,-0.003568536601960659,0.8958595395088196,1.028033971786499,-2.767005753412377e-05,-0.11746539175510406,-0.1692572832107544,-0.09697578847408295,2.1540889739990234,1.3967770338058472,1.6829736232757568,1.4463870525360107,0.10276101529598236,-0.6758679747581482,-0.48273947834968567,-0.6863124966621399,-0.11449834704399109,-3.0088255405426025,1.687927484512329,-0.26958662271499634,-0.8699426054954529,0.8707998394966125,-0.5075933337211609,1.0212692022323608
738,14.76,0.0,0.30000001192092896,0.0,0.08012723922729492,0.26724180579185486,0.08738116174936295,-0.02994580566883087,0.09788835048675537,0.0440126471221447,1,0,0,1,0.6577724814414978,1.2450037002563477,1.3519771099090576,0.8029650449752808,2.48527193069458,-0.6556835174560547,-0.6994597911834717,1.3887767791748047,-0.3777007758617401,-1.2228479385375977,-0.9792751669883728,-0.8151959776878357,-0.02017959952354431,0.2734360098838806,1.199587345123291,0.9250813126564026,0.8063036203384399,-0.7641741037368774,-0.7860622406005859,0.25805607438087463,1.7310117483139038,1.3084381818771362,1.4302245378494263,1.5122641324996948,0.14542971551418304,0.0027855539228767157,0.9037750363349915,1.0197170972824097,0.0003398808476049453,-0.17692455649375916,-0.2128760665655136,-0.10122450441122055,2.1363635063171387,1.4144471883773804,1.6333653926849365,1.4682198762893677,-1.7763737440109253,1.0949159860610962,0.9743936061859131,-0.35863810777664185,-0.06429792940616608,-2.9948394298553467,-2.9720749855041504,-0.01187821477651596,-1.190960168838501,0.762078583240509,-2.9973318576812744,1.1547834873199463
739,14.780000000000001,0.0,0.30000001192092896,0.0,0.03557567298412323,0.2901799976825714,0.06857171654701233,-0.0830349251627922,0.048840414732694626,-0.033798281103372574,1,0,0,1,0.7611703276634216,1.4000122547149658,1.7518792152404785,0.8375756740570068,2.207041025161743,-0.005417041480541229,-0.3761296570301056,1.3474184274673462,0.15451614558696747,-0.3531993329524994,-1.4617968797683716,-0.7426104545593262,0.0315193235874176,0.3509402871131897,1.3995383977890015,0.9423866271972656,0.6671881675720215,-0.4390408396720886,-0.6243971586227417,0.23737689852714539,1.9971202611923218,1.743262529373169,1.1889636516571045,1.548556923866272,0.10899647325277328,0.039605095982551575,0.9338443875312805,1.0122392177581787,2.925254375441e-05,-0.23722371459007263,-0.27217230200767517,-0.10310985893011093,2.118046760559082,1.469922423362732,1.573394775390625,1.4914236068725586,-1.8962851762771606,2.3304171562194824,1.8808399438858032,-0.3965526521205902,0.02481875941157341,-2.9991960525512695,-2.980984926223755,-0.07651959359645844,-0.9136660695075989,2.998642683029175,-2.9993669986724854,1.1123971939086914
740,14.8,0.0,0.30000001192092896,0.0,0.038201600313186646,0.2713110148906708,0.06476592272520065,-0.32237470149993896,-0.197025328874588,0.01951475441455841,1,0,0,1,0.9038810133934021,1.4729043245315552,1.68318510055542,1.0770459175109863,2.1826982498168945,0.34555745124816895,0.3305581212043762,1.450427770614624,0.2534829080104828,-0.2595111131668091,-1.480670690536499,-0.6475206613540649,0.10287466645240784,0.3873863220214844,1.3651913404464722,1.0621217489242554,0.6550167798995972,-0.26355358958244324,-0.2710532546043396,0.2888815701007843,2.0466036796569824,1.7901065349578857,1.1795268058776855,1.5961017608642578,0.07919885963201523,0.0910344272851944,0.9755501747131348,1.0070098638534546,-0.00035972389741800725,-0.2789829969406128,-0.31359755992889404,-0.10477558523416519,2.1004843711853027,1.5298950672149658,1.513364315032959,1.5127085447311401,-1.1383097171783447,2.633119821548462,2.1616122722625732,-0.1549082100391388,0.00397079810500145,-1.3020670413970947,-1.3002169132232666,0.0149904265999794,-0.9758462905883789,2.9999423027038574,-3.0018980503082275,0.963794469833374
741,14.82,0.0,0.30000001192092896,0.0,0.02236717939376831,0.31723207235336304,0.05614595115184784,-0.2484191656112671,-0.15283283591270447,0.013060972094535828,1,0,0,1,0.683000922203064,1.6366777420043945,1.6460753679275513,0.8532081246376038,2.3275985717773438,0.46331632137298584,0.8580069541931152,1.562114953994751,0.28194424510002136,-0.604011058807373,-1.4112389087677002,-0.5707278251647949,-0.0075653791427612305,0.46927303075790405,1.3466365337371826,0.9502028226852417,0.7274669408798218,-0.2046741545200348,-0.007328838109970093,0.3447251617908478,2.0608341693878174,1.6178566217422485,1.214242696762085,1.6344982385635376,0.05113445967435837,0.13976223766803741,1.0154896974563599,1.001136064529419,-0.0006171303684823215,-0.28325989842414856,-0.28067293763160706,-0.10608019679784775,2.0816543102264404,1.5853264331817627,1.454413890838623,1.5341575145721436,-1.5519319772720337,2.1617918014526367,1.7893258333206177,-0.35251301527023315,-0.10279709100723267,0.6833677887916565,3.003286600112915,0.010188370943069458,-0.9372178912162781,2.408421754837036,-2.7184598445892334,1.100077748298645
742,14.84,0.0,0.30000001192092896,0.0,-0.003649413585662842,0.3462825417518616,0.01611328311264515,-0.3269220292568207,-0.22914397716522217,0.05888546258211136,1,0,0,1,0.7082059979438782,1.7626581192016602,1.720814824104309,0.8509218096733093,2.1605119705200195,0.2578386962413788,0.6290664672851562,1.4835999011993408,0.24141977727413177,-0.9914390444755554,-1.3115278482437134,-0.5945647954940796,0.005037158727645874,0.5322632193565369,1.3840062618255615,0.9490597248077393,0.6439236402511597,-0.3074129819869995,-0.12179908156394958,0.3054676353931427,2.040571928024292,1.424142599105835,1.2640981674194336,1.62257981300354,0.020469650626182556,0.17376403510570526,1.0449506044387817,0.9925791025161743,-0.005351181607693434,-0.27103641629219055,-0.22019751369953156,-0.10924199968576431,2.0659635066986084,1.5767463445663452,1.4133155345916748,1.558782935142517,-1.4737216234207153,1.26544189453125,1.180545687675476,-0.4810866415500641,-0.29198116064071655,0.49462980031967163,3.0133256912231445,-0.16339723765850067,-0.7641245722770691,-2.298114776611328,-1.4345955848693848,1.2688435316085815
743,14.86,0.0,0.30000001192092896,0.0,-0.02730002999305725,0.43187806010246277,0.04696594923734665,-0.5170245170593262,-0.2383623719215393,0.04008159413933754,1,0,0,1,0.5371229648590088,1.8737761974334717,1.5907481908798218,0.7329121232032776,2.2348532676696777,0.39138102531433105,1.0466760396957397,1.5987040996551514,0.016222350299358368,-1.247816562652588,-1.3582817316055298,-0.5862917900085449,-0.08050435781478882,0.5878222584724426,1.3189728260040283,0.8900548219680786,0.6810942888259888,-0.24064180254936218,0.08700570464134216,0.363019734621048,1.9279732704162598,1.2959538698196411,1.2407212257385254,1.6267162561416626,-0.013980479910969734,0.1890694499015808,1.0455925464630127,0.9822179079055786,-0.006724603474140167,-0.25321128964424133,-0.1596365123987198,-0.11446115374565125,2.045557737350464,1.5181063413619995,1.3975731134414673,1.5862312316894531,-1.747056007385254,0.32495710253715515,-0.1745644360780716,-0.6287204623222351,0.15095219016075134,1.0945192575454712,3.0198774337768555,-0.18721981346607208,-1.2595285177230835,-3.003225803375244,-0.2753715515136719,1.3429747819900513
744,14.88,0.0,0.30000001192092896,0.0,0.052441537380218506,0.40174829959869385,0.14389322698116302,-0.04400858283042908,0.21528270840644836,0.21119177341461182,1,0,1,1,0.5088971257209778,1.9942758083343506,1.4376945495605469,0.8343509435653687,2.225674629211426,0.33239975571632385,1.2470675706863403,1.7391855716705322,-0.2458377629518509,-1.6773988008499146,-1.4354972839355469,-0.6356395483016968,-0.09461727738380432,0.6480720639228821,1.2424460649490356,0.9407742619514465,0.6765049695968628,-0.2701324224472046,0.18720147013664246,0.4332604706287384,1.7969433069229126,1.081162691116333,1.2021135091781616,1.6020424365997314,-0.04915256425738335,0.18820717930793762,1.038906216621399,0.9641146659851074,0.00013611894974019378,-0.24025064706802368,-0.13427844643592834,-0.11782745271921158,2.0038599967956543,1.4603737592697144,1.4072829484939575,1.6119744777679443,-1.7873891592025757,-0.34466251730918884,-0.3930928111076355,-1.1098424196243286,-0.07429592311382294,0.3057582974433899,0.6988286375999451,0.2151615023612976,-2.583306074142456,-2.621466875076294,0.7523584365844727,1.1675347089767456
745,14.9,0.0,0.30000001192092896,0.0,0.022742539644241333,0.36211487650871277,0.2495533525943756,0.20036549866199493,-0.12236571311950684,0.1007353663444519,1,0,1,1,0.3366393744945526,2.0842349529266357,1.317345142364502,0.854585587978363,2.125321388244629,0.8526613712310791,1.7228918075561523,2.0848488807678223,-0.13672536611557007,-1.9496619701385498,-1.1743980646133423,-0.902979850769043,-0.1807461529970169,0.6930516362190247,1.1822713613510132,0.9508916139602661,0.6263283491134644,-0.01000162959098816,0.42511358857154846,0.606092095375061,1.8514994382858276,0.9450311660766602,1.3326630592346191,1.4683722257614136,-0.09259597957134247,0.18015748262405396,1.0269899368286133,0.9446662664413452,3.4701060940278694e-05,-0.19425034523010254,-0.11955855786800385,-0.09574957937002182,1.9582386016845703,1.4165891408920288,1.4202698469161987,1.6210814714431763,-2.367647171020508,-0.42530423402786255,-0.7168260812759399,-0.91940838098526,-0.007176235318183899,2.9974050521850586,1.0313924551010132,1.683527946472168,-2.2369840145111084,-1.6368355751037598,0.416510671377182,-0.017993036657571793
746,14.92,0.0,0.30000001192092896,0.0,-0.05137181282043457,0.3487132787704468,0.28291255235671997,0.5855353474617004,0.05282235145568848,0.13764776289463043,1,0,1,1,0.22905582189559937,1.8989779949188232,1.1978015899658203,0.5422523617744446,1.8174200057983398,1.0659613609313965,1.5824295282363892,1.148923397064209,-0.1748388111591339,-1.9428179264068604,-1.170383095741272,-0.9740052223205566,-0.23453792929649353,0.6004231572151184,1.1224995851516724,0.7947249412536621,0.4723776876926422,0.09664836525917053,0.35488244891166687,0.13812938332557678,1.8324427604675293,0.9484531879425049,1.3346705436706543,1.4328595399856567,-0.1439579278230667,0.16988180577754974,1.0146563053131104,0.9185354113578796,2.3407250409945846e-05,-0.1344192624092102,-0.08907551318407059,-0.05794382467865944,1.9198644161224365,1.3968703746795654,1.4257084131240845,1.6138584613800049,-2.6592354774475098,-0.5575663447380066,-0.508750319480896,-1.5838428735733032,0.0019815892446786165,2.9978091716766357,1.9342657327651978,2.1102874279022217,-1.8688616752624512,-0.4560334384441376,0.1370047628879547,-0.6446768641471863
747,14.94,0.0,0.30000001192092896,0.0,-0.004405200481414795,0.2998955249786377,0.08680704981088638,0.5250844955444336,0.9710037708282471,0.05348086357116699,0,0,1,0,0.2791909873485565,1.5461835861206055,1.1314711570739746,0.9783180952072144,1.217634916305542,1.400329828262329,1.3678667545318604,-0.3953918218612671,-0.015568302012979984,-1.8015837669372559,-1.127389669418335,-0.960054874420166,-0.20947034657001495,0.4240259528160095,1.0893343687057495,1.0127577781677246,0.1724851429462433,0.26383259892463684,0.24760106205940247,-0.6340281963348389,1.9120780229568481,1.0190702676773071,1.3561673164367676,1.439834713935852,-0.19362667202949524,0.16095033288002014,1.011354923248291,0.9062367677688599,-3.499991180433426e-06,-0.07444886863231659,-0.0464274026453495,-0.09887125343084335,1.8964523077011108,1.3953969478607178,1.4283126592636108,1.571316123008728,-2.2196476459503174,-0.38597479462623596,-0.023063724860548973,0.20987167954444885,6.316173676168546e-05,2.998771905899048,2.2302424907684326,-3.0037765502929688,-0.6617803573608398,0.22936144471168518,0.10484340786933899,-3.0003178119659424
748,14.96,0.0,0.30000001192092896,0.0,0.006585538387298584,0.24588464200496674,0.02907859906554222,0.057309482246637344,0.09204799681901932,0.15047909319400787,0,1,1,0,0.4862341582775116,1.0815489292144775,1.085512399673462,2.0248823165893555,0.5431544780731201,1.3423826694488525,1.7029777765274048,-0.02757648192346096,0.6852622032165527,-1.30085027217865,-0.8650395274162292,-1.3865444660186768,-0.10594876110553741,0.19170862436294556,1.0663549900054932,1.53603994846344,-0.16475507616996765,0.23485901951789856,0.4151565730571747,-0.45012056827545166,2.262493133544922,1.2694370746612549,1.487342357635498,1.2265899181365967,-0.21255917847156525,0.1454753428697586,1.0089609622955322,0.9260865449905396,-0.030845487490296364,-0.045373450964689255,-0.02243046462535858,-0.15801796317100525,1.9461493492126465,1.3938360214233398,1.4386526346206665,1.5112909078598022,0.0450456440448761,-1.0944403409957886,-0.2885439991950989,1.5582880973815918,-2.380507707595825,-0.2023771107196808,0.07710710167884827,-3.0086169242858887,3.0003302097320557,-0.19153332710266113,0.860054075717926,-2.9983620643615723
749,14.98,0.0,0.30000001192092896,0.0,0.05313144624233246,0.23397909104824066,-0.038680799305438995,-0.21474896371364594,-0.09314809739589691,0.09171628206968307,0,1,1,0,0.6299155354499817,1.0293054580688477,0.7413910627365112,2.1986923217773438,0.8679772615432739,1.7978578805923462,1.8849167823791504,0.012110317125916481,0.791920006275177,-1.2467987537384033,-0.7610395550727844,-1.2878972291946411,-0.03410807251930237,0.16558688879013062,0.8942943215370178,1.622944951057434,-0.002343684434890747,0.4625966250896454,0.5061260461807251,-0.43027716875076294,2.315822124481201,1.2964627742767334,1.5393424034118652,1.2759134769439697,-0.18679402768611908,0.12659505009651184,1.0008735656738281,0.9647064208984375,-0.05725213140249252,-0.04403674229979515,-0.030517134815454483,-0.21770186722278595,2.0061562061309814,1.3901821374893188,1.459351897239685,1.4537922143936157,2.164886951446533,-0.7911791205406189,-0.48609814047813416,2.1439812183380127,-0.4507227838039398,0.23461298644542694,-0.754418671131134,-2.9920122623443604,3.000311851501465,-0.13429458439350128,1.1189242601394653,-2.580868721008301
750,15.0,0.0,0.30000001192092896,0.0,0.057838305830955505,0.2703378200531006,-0.09531992673873901,-0.3385753333568573,-0.19098281860351562,0.05276443064212799,0,1,1,0,0.7583739757537842,0.8865891098976135,0.7691932916641235,2.2365989685058594,1.1608877182006836,1.7150242328643799,1.8779059648513794,0.3762606382369995,0.655405580997467,-1.2194597721099854,-0.6087996363639832,-1.3058723211288452,0.030121147632598877,0.09422871470451355,0.908195436000824,1.641898274421692,0.1441115438938141,0.42117980122566223,0.5026206970214844,-0.24820199608802795,2.2475650310516357,1.3101322650909424,1.615462303161621,1.2669260501861572,-0.12920963764190674,0.11026507616043091,0.9898343086242676,1.0059292316436768,-0.04011206328868866,-0.038612786680459976,-0.053745903074741364,-0.264529824256897,2.066160202026367,1.3882575035095215,1.4887912273406982,1.4133598804473877,3.0004050731658936,-0.784541130065918,-0.6201233267784119,1.9285069704055786,1.7476978302001953,0.30013349652290344,-1.3634312152862549,-1.7350070476531982,3.000138521194458,-0.12634490430355072,1.6243599653244019,-1.4717445373535156
751,15.02,0.0,0.30000001192092896,0.0,0.02471262216567993,0.30725306272506714,-0.18075914680957794,-0.0359133780002594,-0.6448298096656799,0.036195557564496994,0,1,1,0,1.0029520988464355,0.8347001075744629,0.8112631440162659,2.340491771697998,1.4236022233963013,1.708385705947876,1.8387151956558228,0.6870253682136536,0.5307644009590149,-1.1816394329071045,-0.48875999450683594,-1.3314521312713623,0.15241020917892456,0.06828421354293823,0.9292303323745728,1.6938446760177612,0.2754687964916229,0.4178605377674103,0.48302528262138367,-0.09281963109970093,2.18524432182312,1.3290424346923828,1.675482153892517,1.254136085510254,-0.06921512633562088,0.09189660847187042,0.9743822813034058,1.0380510091781616,3.5020721043110825e-06,-0.03351708874106407,-0.08720764517784119,-0.2584332823753357,2.126026153564453,1.3854624032974243,1.5286277532577515,1.3941892385482788,2.9933433532714844,-1.0683180093765259,-0.9235293865203857,1.2907313108444214,0.001822829246520996,0.27694326639175415,-1.9288243055343628,1.943382740020752,3.0000112056732178,-0.10456185042858124,2.2237837314605713,-0.482921838760376
752,15.040000000000001,0.0,0.30000001192092896,0.0,-0.003583282232284546,0.33967238664627075,-0.2039126306772232,0.002700239419937134,-0.36960312724113464,0.05534067004919052,0,1,1,0,1.2488521337509155,0.8092688322067261,0.7890365123748779,2.293656826019287,1.919205904006958,1.869497537612915,1.8982090950012207,0.641701877117157,0.5974543690681458,-1.1414486169815063,-0.45295393466949463,-1.3538713455200195,0.27536022663116455,0.055568575859069824,0.9181170463562012,1.6704272031784058,0.5232706069946289,0.4984164535999298,0.5127722024917603,-0.11548137664794922,2.2185893058776855,1.349137783050537,1.693385124206543,1.2429264783859253,-0.009218537248671055,0.06620017439126968,0.9547162652015686,1.0464730262756348,3.4809270346158883e-06,-0.03560711443424225,-0.12846346199512482,-0.20531772077083588,2.1833696365356445,1.386683702468872,1.5797030925750732,1.3930730819702148,2.999702215194702,-1.2950143814086914,-0.9068670272827148,-0.13163946568965912,0.00016725527530070394,-0.3595753610134125,-1.8667376041412354,3.0057759284973145,2.568068265914917,0.08762627094984055,2.528846025466919,0.26849353313446045
753,15.06,0.0,0.30000001192092896,0.0,0.015559107065200806,0.35286620259284973,-0.18782411515712738,-0.03281072527170181,-0.005511566996574402,-0.023750638589262962,0,1,1,0,1.3590424060821533,0.7585476636886597,0.6952877640724182,2.3637428283691406,2.0221922397613525,1.8667370080947876,1.834661602973938,0.6881786584854126,0.5213742852210999,-1.09795343875885,-0.4952617287635803,-1.355664849281311,0.33045536279678345,0.03020799160003662,0.8712426424026489,1.7054702043533325,0.5747637748718262,0.4970361888408661,0.4809984862804413,-0.09224298596382141,2.180549383163452,1.3708853721618652,1.6722313165664673,1.2420296669006348,0.05076954513788223,0.041949816048145294,0.9369838237762451,1.0423853397369385,5.703248461941257e-06,-0.049080755561590195,-0.16062681376934052,-0.14507879316806793,2.213068723678589,1.389880657196045,1.627658486366272,1.402449131011963,2.999490737915039,-1.114036202430725,-0.8600593209266663,-0.25155726075172424,-0.00015458503912668675,-0.8434476256370544,-1.2598025798797607,2.9836161136627197,0.6302308440208435,0.15144258737564087,2.1827211380004883,0.5677125453948975
754,15.08,0.0,0.30000001192092896,0.0,0.009811729192733765,0.318207710981369,-0.030566152185201645,0.2564256191253662,-0.49889200925827026,-0.09412400424480438,0,1,1,1,1.3833454847335815,0.5879648327827454,0.5663933753967285,2.322336196899414,1.9477834701538086,1.6011438369750977,1.7194832563400269,0.9507028460502625,0.35228002071380615,-1.1302692890167236,-0.5601930022239685,-1.3358734846115112,0.34260690212249756,-0.05508342385292053,0.8067954778671265,1.6847668886184692,0.5375593900680542,0.3642396032810211,0.4234093129634857,0.039019107818603516,2.0960021018981934,1.3547275066375732,1.6397656202316284,1.2519254684448242,0.10936761647462845,0.018316296860575676,0.916836142539978,1.03679621219635,4.8350857468904e-06,-0.06366724520921707,-0.18015198409557343,-0.0997287854552269,2.1923232078552246,1.3938612937927246,1.665257453918457,1.4167053699493408,2.819061517715454,-1.1818088293075562,-1.3883451223373413,-0.10396869480609894,0.0006932467222213745,0.2738492488861084,-0.7453234195709229,-0.2434319257736206,-2.054806709289551,0.18318182229995728,1.4708476066589355,2.251005172729492
755,15.1,0.0,0.30000001192092896,0.0,0.06299574673175812,0.21311871707439423,0.038068585097789764,0.5581589341163635,0.47979456186294556,-0.035915713757276535,1,0,1,1,0.9599199891090393,0.7785897254943848,0.7945317029953003,1.6682696342468262,1.8963227272033691,-0.09682106971740723,1.105745553970337,1.9371322393417358,-0.1176634207367897,-1.2605009078979492,-0.6699037551879883,-1.3062111139297485,0.13089415431022644,0.04022902250289917,0.9208646416664124,1.3577336072921753,0.5118290185928345,-0.4847428500652313,0.11654046177864075,0.5322338342666626,1.8610304594039917,1.2896116971969604,1.584910273551941,1.266756534576416,0.15351936221122742,0.00413501588627696,0.8925656676292419,1.0255120992660522,0.0007298678974620998,-0.11393499374389648,-0.16886866092681885,-0.10039447247982025,2.1389474868774414,1.4051645994186401,1.683478593826294,1.447993516921997,0.9431044459342957,-0.38901567459106445,-0.7913023233413696,-0.7748677134513855,0.178946852684021,-2.7717010974884033,1.3517053127288818,-0.12893128395080566,-0.0009329319000244141,0.6810823082923889,0.02207505702972412,1.1495423316955566
756,15.120000000000001,0.0,0.30000001192092896,0.0,0.09676778316497803,0.25852906703948975,0.11010782420635223,-0.14112262427806854,0.04875883460044861,0.09489927440881729,1,0,0,1,0.6547495722770691,1.2367278337478638,1.2825615406036377,0.8720512986183167,2.4791946411132812,-0.6520297527313232,-0.4329535663127899,1.4687021970748901,-0.5250133872032166,-1.3182778358459473,-0.9798709750175476,-0.8470509052276611,-0.021691054105758667,0.26929807662963867,1.164879560470581,0.9596244096755981,0.8032649755477905,-0.7623472213745117,-0.6528090834617615,0.29801878333091736,1.6573554277420044,1.2607232332229614,1.4299266338348389,1.4963366985321045,0.1343783140182495,0.014452161267399788,0.897350549697876,1.0173168182373047,0.0004012298595625907,-0.17315836250782013,-0.21056243777275085,-0.10466614365577698,2.1167242527008057,1.4191467761993408,1.636587142944336,1.4697202444076538,-1.4763760566711426,1.176742672920227,0.8876692056655884,-0.2817640006542206,-0.03161070495843887,-2.985985279083252,-2.9615418910980225,0.05073690414428711,-1.5100996494293213,0.5832826495170593,-2.9994099140167236,1.0708696842193604
757,15.14,0.0,0.30000001192092896,0.0,0.022170543670654297,0.30544108152389526,0.07301745563745499,-0.05032481253147125,0.04111458733677864,-0.049229852855205536,1,0,0,1,0.6488202810287476,1.455562710762024,1.7349340915679932,0.7682502269744873,2.255916118621826,0.04641024023294449,-0.31215688586235046,1.3593978881835938,0.1879245638847351,-0.4643242657184601,-1.4481757879257202,-0.7515236139297485,-0.024655699729919434,0.37871551513671875,1.3910658359527588,0.9077239036560059,0.691625714302063,-0.41312718391418457,-0.5924107432365417,0.24336662888526917,2.013824462890625,1.6877000331878662,1.1957743167877197,1.544100284576416,0.09893966466188431,0.05108695104718208,0.9264218211174011,1.0100066661834717,1.2229954336362425e-05,-0.2336573451757431,-0.2698289453983307,-0.10471993684768677,2.096727132797241,1.471967101097107,1.5766539573669434,1.4921098947525024,-2.0455005168914795,2.261295795440674,1.8607982397079468,-0.460886150598526,0.02701113559305668,-3.005239248275757,-2.983612060546875,-0.0047111064195632935,-0.8955857157707214,2.9972472190856934,-2.9979004859924316,1.0707892179489136
758,15.16,0.0,0.30000001192092896,0.0,0.02856317162513733,0.2789831757545471,0.06725718826055527,-0.3203306794166565,-0.24316471815109253,0.05539447069168091,1,0,0,1,0.914537787437439,1.4621447324752808,1.6748321056365967,1.0998809337615967,2.176762580871582,0.35496702790260315,0.315632164478302,1.4455652236938477,0.22335177659988403,-0.2825588881969452,-1.469725251197815,-0.6520212888717651,0.10820305347442627,0.38200652599334717,1.3610148429870605,1.0735392570495605,0.6520489454269409,-0.25884878635406494,-0.2785162329673767,0.2864502966403961,2.0315380096435547,1.7785826921463013,1.1849994659423828,1.5938515663146973,0.06864549964666367,0.09962347894906998,0.9691927433013916,1.0035405158996582,-0.0008537419489584863,-0.27483245730400085,-0.31312209367752075,-0.10474829375743866,2.079369068145752,1.531949520111084,1.5166120529174805,1.512658953666687,-1.0729045867919922,2.4381070137023926,2.267300605773926,-0.21545913815498352,-0.03742734342813492,-1.2589901685714722,-1.459986925125122,0.1090516597032547,-0.9644811749458313,3.0005991458892822,-3.002748966217041,0.9024746417999268
759,15.18,0.0,0.30000001192092896,0.0,0.013742625713348389,0.3220757842063904,0.05785335227847099,-0.2525293231010437,-0.1824200451374054,0.025140495970845222,1,0,0,1,0.6646199226379395,1.6427240371704102,1.6294848918914795,0.8676810264587402,2.322875738143921,0.47037339210510254,0.8808212280273438,1.569084882736206,0.2536112070083618,-0.6100254654884338,-1.4098879098892212,-0.5732449293136597,-0.016755878925323486,0.47229617834091187,1.338341236114502,0.9574393033981323,0.7251055240631104,-0.20114561915397644,0.004078298807144165,0.3482101261615753,2.0466678142547607,1.6148494482040405,1.2149181365966797,1.63323974609375,0.041623156517744064,0.1444309651851654,1.0114951133728027,0.9967033267021179,-0.0014589999336749315,-0.2786174416542053,-0.2809286117553711,-0.10463539510965347,2.060555934906006,1.586214303970337,1.4574686288833618,1.5332138538360596,-1.505801796913147,1.9730859994888306,1.9082856178283691,-0.3867356479167938,-0.10126500576734543,0.6907932162284851,3.0045230388641357,0.07166580855846405,-0.9372225403785706,2.3152670860290527,-2.75447416305542,1.0367553234100342
760,15.200000000000001,0.0,0.30000001192092896,0.0,-0.010117053985595703,0.3496180772781372,0.012365820817649364,-0.33303186297416687,-0.2595245838165283,0.07471337914466858,1,0,0,1,0.7000749707221985,1.759585976600647,1.7073026895523071,0.8459567427635193,2.154291868209839,0.2636255621910095,0.6440023183822632,1.4850494861602783,0.2144842892885208,-0.9799668192863464,-1.3025002479553223,-0.5915932655334473,0.0009716451168060303,0.5307271480560303,1.3772501945495605,0.9465771913528442,0.6408135890960693,-0.30451953411102295,-0.11433115601539612,0.30619242787361145,2.027104377746582,1.4298787117004395,1.268612027168274,1.6240655183792114,0.012116394005715847,0.17489883303642273,1.0433216094970703,0.9875543117523193,-0.006593253929167986,-0.26672109961509705,-0.22046183049678802,-0.10698231309652328,2.0451416969299316,1.5776935815811157,1.4151827096939087,1.5572986602783203,-1.4098527431488037,1.1061447858810425,1.2924612760543823,-0.5052809119224548,-0.3247081935405731,0.4580261707305908,3.013763666152954,-0.13590243458747864,-0.7446157932281494,-2.23075008392334,-1.504921555519104,1.2399187088012695
761,15.22,0.0,0.30000001192092896,0.0,-0.03158023953437805,0.43459662795066833,0.0370962992310524,-0.5216710567474365,-0.26307177543640137,0.05111313238739967,1,0,0,1,0.5314963459968567,1.8694349527359009,1.5784071683883667,0.7227804064750671,2.228093385696411,0.39530861377716064,1.0572822093963623,1.5987677574157715,-0.003381856717169285,-1.236825704574585,-1.347904086112976,-0.5804415941238403,-0.08331766724586487,0.5856516361236572,1.3128023147583008,0.8849890232086182,0.6777143478393555,-0.2386780083179474,0.09230878949165344,0.36305156350135803,1.9181711673736572,1.3014492988586426,1.2459101676940918,1.6296412944793701,-0.02080770581960678,0.18765339255332947,1.0458301305770874,0.9766597151756287,-0.008861820213496685,-0.24990081787109375,-0.1599143147468567,-0.1120845377445221,2.0256946086883545,1.5193352699279785,1.3981229066848755,1.5848373174667358,-1.683712363243103,0.2275644838809967,-0.16165971755981445,-0.6450111865997314,0.09584119915962219,1.0352882146835327,3.0214169025421143,-0.19642561674118042,-1.2057667970657349,-3.0034868717193604,-0.33396151661872864,1.3527228832244873
762,15.24,0.0,0.30000001192092896,0.0,0.05666045844554901,0.3952162265777588,0.13881812989711761,-0.007838815450668335,0.2666510343551636,0.21352383494377136,1,0,1,1,0.502304196357727,1.9912573099136353,1.4236233234405518,0.8209070563316345,2.2242624759674072,0.3349083662033081,1.2557686567306519,1.7434260845184326,-0.26849108934402466,-1.6790310144424438,-1.4289840459823608,-0.6288538575172424,-0.09791374206542969,0.6465628147125244,1.235410451889038,0.9340523481369019,0.6757988929748535,-0.26887813210487366,0.19155201315879822,0.4353807270526886,1.7856166362762451,1.0803465843200684,1.2053701877593994,1.6054352521896362,-0.05356122925877571,0.18582096695899963,1.0402096509933472,0.957275390625,0.00011850331793539226,-0.23913010954856873,-0.13848644495010376,-0.116609126329422,1.9835999011993408,1.4613778591156006,1.4122451543807983,1.6110583543777466,-1.6805707216262817,-0.36669549345970154,-0.3654261529445648,-1.1762796640396118,-0.04948849231004715,0.21788658201694489,0.6528088450431824,0.17580729722976685,-2.611990213394165,-2.6445164680480957,0.8476830124855042,1.1644970178604126
763,15.26,0.0,0.30000001192092896,0.0,0.02292180061340332,0.35242703557014465,0.23995298147201538,0.2453068494796753,-0.10076503455638885,0.10283544659614563,1,0,1,1,0.33797112107276917,2.0638628005981445,1.3240272998809814,0.8352944254875183,2.1034722328186035,0.8623657822608948,1.7154794931411743,2.0769400596618652,-0.13860170543193817,-1.9444669485092163,-1.1636238098144531,-0.90314781665802,-0.18008027970790863,0.682865560054779,1.185612440109253,0.9412460327148438,0.6154037714004517,-0.005149424076080322,0.42140743136405945,0.6021376848220825,1.850561261177063,0.9476286768913269,1.3380502462387085,1.4682881832122803,-0.09501234441995621,0.1778060346841812,1.028584361076355,0.93719881772995,2.2396870917873457e-05,-0.1936250925064087,-0.12293986976146698,-0.09526355564594269,1.9395108222961426,1.417012095451355,1.4249069690704346,1.620465636253357,-2.267183303833008,-0.40271633863449097,-0.7005009651184082,-0.9602985978126526,-0.0016557574272155762,2.9969005584716797,1.077754259109497,1.6529226303100586,-2.090690851211548,-1.6664015054702759,0.3912510871887207,-0.03319758176803589
764,15.280000000000001,0.0,0.30000001192092896,0.0,-0.05342403054237366,0.3392942547798157,0.2738892436027527,0.6416895985603333,0.08808183670043945,0.13089407980442047,1,0,1,1,0.2263050377368927,1.8610305786132812,1.1849703788757324,0.516808032989502,1.7768092155456543,1.0850645303726196,1.5773845911026,1.0687767267227173,-0.18267831206321716,-1.9292100667953491,-1.156623363494873,-0.9678375720977783,-0.23591332137584686,0.5814494490623474,1.1160839796066284,0.7820028066635132,0.45207229256629944,0.1061999499797821,0.35235998034477234,0.09805604815483093,1.82852303981781,0.9552571177482605,1.3415504693984985,1.435943365097046,-0.14433957636356354,0.1682608723640442,1.0166692733764648,0.910309910774231,1.7936066797119565e-05,-0.13382303714752197,-0.09105906635522842,-0.05847536399960518,1.904384970664978,1.396783709526062,1.4298514127731323,1.6136223077774048,-2.5640170574188232,-0.5116955041885376,-0.4893932342529297,-1.64268958568573,0.004405674058943987,2.9977850914001465,2.02231764793396,2.0360913276672363,-1.6739305257797241,-0.47517815232276917,0.10485436022281647,-0.6136807799339294
765,15.3,0.0,0.30000001192092896,0.0,-0.003578394651412964,0.28861287236213684,0.07895857095718384,0.5857634544372559,0.998314380645752,0.04317173361778259,0,0,1,0,0.2914235293865204,1.4920741319656372,1.122147560119629,0.9733154773712158,1.1613571643829346,1.406886100769043,1.3714038133621216,-0.4820820391178131,-0.0226639062166214,-1.779797077178955,-1.1145282983779907,-0.955289363861084,-0.20335407555103302,0.3969712257385254,1.0846725702285767,1.0102565288543701,0.14434626698493958,0.2671107351779938,0.24936959147453308,-0.6773733496665955,1.9085302352905273,1.0299636125564575,1.362597942352295,1.442217469215393,-0.19158397614955902,0.16029544174671173,1.0136172771453857,0.8980456590652466,-3.494224529276835e-06,-0.07385411858558655,-0.046719372272491455,-0.10103658586740494,1.8861634731292725,1.395108699798584,1.4317047595977783,1.571743369102478,-2.085672616958618,-0.3377397358417511,-0.02129387855529785,0.2562291920185089,9.401041461387649e-05,2.9987475872039795,2.310479164123535,-3.00355863571167,-0.3776092529296875,0.22706462442874908,0.059966206550598145,-3.000290870666504
766,15.32,0.0,0.30000001192092896,0.0,0.003727242350578308,0.23839327692985535,0.02429405227303505,0.09886591881513596,0.08409562706947327,0.1140517145395279,0,1,1,0,0.47433602809906006,1.0481854677200317,1.0812795162200928,2.008432149887085,0.5388548970222473,1.3613910675048828,1.7213603258132935,-0.07610667496919632,0.6840899586677551,-1.3058191537857056,-0.8579739332199097,-1.382736086845398,-0.11189782619476318,0.17502689361572266,1.0642385482788086,1.5278148651123047,-0.16690486669540405,0.2443632185459137,0.424347847700119,-0.47438564896583557,2.2619071006774902,1.2669525146484375,1.490875244140625,1.2284941673278809,-0.20994135737419128,0.14587394893169403,1.0106209516525269,0.9198197722434998,-0.031062498688697815,-0.045811139047145844,-0.021984117105603218,-0.1601404994726181,1.937696933746338,1.3944076299667358,1.441692590713501,1.5117181539535522,-0.0006695464253425598,-1.050148844718933,-0.3361186385154724,1.6869401931762695,-2.411756992340088,-0.23488573729991913,0.12101674824953079,-3.0027968883514404,3.00034236907959,-0.19159996509552002,0.8399784564971924,-2.998353958129883
767,15.34,0.0,0.30000001192092896,0.0,0.04811391979455948,0.22663384675979614,-0.03969241678714752,-0.1948147714138031,-0.09211544692516327,0.07071122527122498,0,1,1,0,0.6294007897377014,1.0130418539047241,0.760661244392395,2.185398578643799,0.8777665495872498,1.8065086603164673,1.8921194076538086,-0.0036739464849233627,0.7972084879875183,-1.248868703842163,-0.7567458748817444,-1.2880206108093262,-0.034365445375442505,0.15745508670806885,0.9039294123649597,1.6162980794906616,0.002550959587097168,0.46692201495170593,0.5097273588180542,-0.43816930055618286,2.3184664249420166,1.2954277992248535,1.5414892435073853,1.275851845741272,-0.18517212569713593,0.12795886397361755,1.0022375583648682,0.9611791968345642,-0.05686235800385475,-0.045220691710710526,-0.02964555099606514,-0.2198346108198166,1.997704029083252,1.3909106254577637,1.4619579315185547,1.4541429281234741,2.117060422897339,-0.7479746341705322,-0.5013697147369385,2.2772443294525146,-0.3742152750492096,0.20653626322746277,-0.7309399247169495,-2.993147850036621,3.000328302383423,-0.13844236731529236,1.0874743461608887,-2.589367628097534
768,15.36,0.0,0.30000001192092896,0.0,0.05319516360759735,0.26351287961006165,-0.09561987221240997,-0.32129353284835815,-0.20201325416564941,0.05323503538966179,0,1,1,0,0.7645556926727295,0.8823232650756836,0.7791619300842285,2.2317557334899902,1.1693552732467651,1.7264512777328491,1.8831309080123901,0.3691434860229492,0.6550270915031433,-1.2162339687347412,-0.604744553565979,-1.3069533109664917,0.03321200609207153,0.09209579229354858,0.9131797552108765,1.6394766569137573,0.14834532141685486,0.42689332365989685,0.5052331686019897,-0.2517605721950531,2.247375726699829,1.3117451667785645,1.6174898147583008,1.266385555267334,-0.12785907089710236,0.11212332546710968,0.9913843870162964,1.0048000812530518,-0.03880523517727852,-0.039993587881326675,-0.05271097645163536,-0.26679667830467224,2.057708263397217,1.388982892036438,1.491100788116455,1.4135469198226929,3.0003933906555176,-0.7746611833572388,-0.6256237626075745,2.0324552059173584,1.7760781049728394,0.29785218834877014,-1.3637210130691528,-1.751323938369751,3.0001516342163086,-0.12812495231628418,1.6369714736938477,-1.4794504642486572
769,15.38,0.0,0.30000001192092896,0.0,0.01934361457824707,0.2978706657886505,-0.17597495019435883,-0.033856481313705444,-0.5939215421676636,0.042878780514001846,0,1,1,0,1.005731463432312,0.8414987921714783,0.8188130855560303,2.345125198364258,1.428584337234497,1.720271110534668,1.845767617225647,0.6822171211242676,0.5337921380996704,-1.1788907051086426,-0.4839608371257782,-1.3325804471969604,0.1537998914718628,0.07168355584144592,0.9330053329467773,1.6961613893508911,0.2779598534107208,0.4238032400608063,0.4865514934062958,-0.09522375464439392,2.186758279800415,1.3304167985916138,1.6778817176818848,1.2535719871520996,-0.06786499172449112,0.09384354948997498,0.9759060144424438,1.0386664867401123,3.410558974792366e-06,-0.034561775624752045,-0.08661184459924698,-0.2608369290828705,2.117706537246704,1.3861641883850098,1.531165361404419,1.3942323923110962,2.9968295097351074,-1.1355137825012207,-1.0997259616851807,1.3598480224609375,-0.0004811286926269531,0.3143996000289917,-2.0116896629333496,1.8979785442352295,3.0000181198120117,-0.022274069488048553,2.3591787815093994,-0.49511823058128357
770,15.4,0.0,0.30000001192092896,0.0,-0.010841965675354004,0.32966089248657227,-0.20217537879943848,0.013175725936889648,-0.3845413327217102,0.05673745647072792,0,1,1,0,1.2550286054611206,0.8221480846405029,0.7978360652923584,2.3190691471099854,1.8948872089385986,1.8893089294433594,1.9127185344696045,0.6388301253318787,0.6078715324401855,-1.1399948596954346,-0.4572814702987671,-1.352412462234497,0.2784484624862671,0.06200820207595825,0.9225168228149414,1.6831333637237549,0.5111112594604492,0.5083221197128296,0.5200269222259521,-0.11691725254058838,2.2237977981567383,1.3498647212982178,1.6912214756011963,1.2436559200286865,-0.00786716677248478,0.06838908046483994,0.9568790793418884,1.0464595556259155,2.6523086944507668e-06,-0.036241672933101654,-0.12789945304393768,-0.2077549695968628,2.176676034927368,1.3869251012802124,1.5821672677993774,1.3929675817489624,2.999746561050415,-1.270251750946045,-0.8683404922485352,-0.1303737312555313,0.00022583166719414294,-0.33600711822509766,-1.8655232191085815,3.00537371635437,2.7690303325653076,0.06637586653232574,2.520920991897583,0.26358410716056824
771,15.42,0.0,0.30000001192092896,0.0,0.008157789707183838,0.3451892137527466,-0.18828441202640533,-0.01793857291340828,-0.027471885085105896,-0.020706674084067345,0,1,1,0,1.3553533554077148,0.7582840919494629,0.6968463659286499,2.3603715896606445,2.031492233276367,1.8828316926956177,1.8369063138961792,0.6613143682479858,0.520380973815918,-1.093186616897583,-0.48662930727005005,-1.3560864925384521,0.3286108374595642,0.030076205730438232,0.8720219731330872,1.7037845849990845,0.5794137716293335,0.5050835609436035,0.4821208417415619,-0.10567513108253479,2.1800527572631836,1.3732688426971436,1.6765475273132324,1.241818904876709,0.05212082341313362,0.044478051364421844,0.9396301507949829,1.0423479080200195,5.9673739087884314e-06,-0.049276914447546005,-0.1602109968662262,-0.14769577980041504,2.2102906703948975,1.3897995948791504,1.630103588104248,1.4023621082305908,2.9994776248931885,-1.1040234565734863,-0.8395296931266785,-0.25472337007522583,-0.00014394278696272522,-0.8278036117553711,-1.27318274974823,2.9337315559387207,0.8079390525817871,0.14057400822639465,2.1885299682617188,0.5768557786941528
772,15.44,0.0,0.30000001192092896,0.0,0.020051300525665283,0.3297230899333954,-0.059650857001543045,0.22761407494544983,-0.34986525774002075,-0.0801490992307663,0,1,1,1,1.3763612508773804,0.5934571027755737,0.577174961566925,2.327629566192627,1.9614768028259277,1.6240005493164062,1.724648356437683,0.9252495169639587,0.3591807782649994,-1.1248271465301514,-0.5399138331413269,-1.3399075269699097,0.339114785194397,-0.05233728885650635,0.8121862411499023,1.6874135732650757,0.5444060564041138,0.3756679594516754,0.42599186301231384,0.02629244327545166,2.099452495574951,1.3574485778808594,1.6499052047729492,1.249908447265625,0.11036349833011627,0.02097652666270733,0.9205209016799927,1.0358426570892334,5.564656021306291e-06,-0.06560515612363815,-0.17990702390670776,-0.09698665887117386,2.193154811859131,1.393290400505066,1.6684694290161133,1.4131768941879272,2.761406898498535,-1.1771851778030396,-1.305682897567749,-0.3596009910106659,-0.0003903798933606595,0.20900297164916992,-0.7998143434524536,0.012067168951034546,-1.882511019706726,0.21305622160434723,1.5578126907348633,1.5884668827056885
773,15.46,0.0,0.30000001192092896,0.0,0.04238852113485336,0.21716229617595673,-0.020117713138461113,0.8017552495002747,0.18944960832595825,-0.08005739003419876,1,0,1,1,1.0065072774887085,0.7413182854652405,0.7861796617507935,1.6770524978637695,1.893027663230896,0.03352866321802139,1.1427608728408813,1.8884629011154175,-0.04607560485601425,-1.2435038089752197,-0.6562174558639526,-1.2943381071090698,0.15418779850006104,0.021593302488327026,0.9166886210441589,1.362125039100647,0.5101815462112427,-0.4195679724216461,0.13504812121391296,0.5078991651535034,1.8968243598937988,1.2981102466583252,1.5917534828186035,1.272693157196045,0.15615323185920715,0.003654543310403824,0.897681474685669,1.0235296487808228,-0.00029671270749531686,-0.11319761723279953,-0.1697620153427124,-0.10027135908603668,2.1417582035064697,1.4046748876571655,1.6868665218353271,1.4459081888198853,1.281964898109436,-0.6066464185714722,-0.39028608798980713,-0.8030238151550293,-1.2234998941421509,-2.8947792053222656,1.144844889640808,-0.26691126823425293,-1.1612677574157715,0.7217673659324646,-0.3177747130393982,1.1671714782714844
774,15.48,0.0,0.30000001192092896,0.0,0.06451787054538727,0.2477823942899704,0.09722685068845749,-0.14249764382839203,0.05698641389608383,0.03108644299209118,1,0,0,1,0.626724898815155,1.1398855447769165,1.3245631456375122,0.833957314491272,2.4883666038513184,-0.7591351270675659,-0.49139079451560974,1.4773168563842773,-0.42416873574256897,-1.041668176651001,-0.9363158941268921,-0.8966169953346252,-0.0357033908367157,0.22087693214416504,1.185880422592163,0.9405774474143982,0.8078509569168091,-0.8158998489379883,-0.6820276975631714,0.30232611298561096,1.707777738571167,1.3990280628204346,1.4517042636871338,1.4715536832809448,0.13541926443576813,0.011309521272778511,0.9085297584533691,1.0145022869110107,0.0003179609193466604,-0.17240175604820251,-0.212981179356575,-0.10543812066316605,2.1227192878723145,1.418834924697876,1.6394712924957275,1.466373085975647,-1.7272663116455078,1.1442062854766846,1.094576120376587,-0.2983255684375763,-0.07111884653568268,-2.9902150630950928,-2.9705307483673096,-0.028167422860860825,-1.4755196571350098,0.5808817148208618,-2.9982106685638428,0.9602203965187073
775,15.5,0.0,0.30000001192092896,0.0,0.011227786540985107,0.29353368282318115,0.06089060753583908,-0.08034715801477432,0.04091291502118111,-0.015543095767498016,1,0,0,1,0.715783953666687,1.4075738191604614,1.7305409908294678,0.7446197271347046,2.25378155708313,0.01871330291032791,-0.2987869381904602,1.3862981796264648,0.17497022449970245,-0.3704303205013275,-1.4325982332229614,-0.7293177843093872,0.008826136589050293,0.3547210693359375,1.388869285583496,0.8959086537361145,0.6905584335327148,-0.42697566747665405,-0.5857257843017578,0.2568167746067047,2.007347345352173,1.7346470355987549,1.2035629749298096,1.5552031993865967,0.09993675351142883,0.04681247100234032,0.9397939443588257,1.0067179203033447,-8.27324311103439e-06,-0.23279865086078644,-0.27230390906333923,-0.10696176439523697,2.104931116104126,1.4732089042663574,1.5795141458511353,1.4878337383270264,-1.8944483995437622,2.1991963386535645,1.8983240127563477,-0.49183252453804016,0.05085659399628639,-3.0064473152160645,-2.9752988815307617,-0.08984877914190292,-0.8353891372680664,2.9969825744628906,-2.998541831970215,1.0791980028152466
776,15.52,0.0,0.30000001192092896,0.0,0.02551068365573883,0.27431973814964294,0.060158517211675644,-0.33141934871673584,-0.209239661693573,0.053500570356845856,1,0,0,1,0.9040992856025696,1.4655699729919434,1.662200927734375,1.089342713356018,2.189541816711426,0.34279048442840576,0.3572705090045929,1.4585665464401245,0.2172933667898178,-0.25347936153411865,-1.4588298797607422,-0.6406716108322144,0.10298380255699158,0.38371914625167847,1.3546992540359497,1.068270206451416,0.6584385633468628,-0.26493707299232483,-0.25769704580307007,0.29295095801353455,2.0285089015960693,1.7931225299835205,1.190447211265564,1.5995264053344727,0.07098878175020218,0.09496532380580902,0.9808921217918396,0.9996669292449951,-0.00025756011018529534,-0.27537819743156433,-0.3113149106502533,-0.10905776917934418,2.0884017944335938,1.533189296722412,1.5194754600524902,1.5087535381317139,-1.0674591064453125,2.454087018966675,2.0960052013397217,-0.2352776676416397,0.007941585034132004,-1.3728399276733398,-1.1076393127441406,0.003997147083282471,-0.9451507925987244,3.0004124641418457,-3.0025460720062256,0.9394212961196899
777,15.540000000000001,0.0,0.30000001192092896,0.0,0.013177424669265747,0.3227389454841614,0.05254431813955307,-0.2867370545864105,-0.19310256838798523,0.017596520483493805,1,0,0,1,0.6696211695671082,1.6483769416809082,1.6290507316589355,0.8615784049034119,2.3218507766723633,0.46854203939437866,0.8561038970947266,1.5546503067016602,0.25773191452026367,-0.6297490000724792,-1.3950506448745728,-0.5609492063522339,-0.014255255460739136,0.4751226305961609,1.33812415599823,0.9543880224227905,0.7245930433273315,-0.20206129550933838,-0.008280366659164429,0.34099283814430237,2.0487279891967773,1.604987621307373,1.222336769104004,1.639387607574463,0.04413529857993126,0.14052850008010864,1.0188111066818237,0.9930020570755005,-0.0005580897559411824,-0.280292809009552,-0.2765951156616211,-0.11058749258518219,2.069934368133545,1.5848301649093628,1.4602258205413818,1.530100703239441,-1.4952216148376465,2.0254580974578857,1.6632813215255737,-0.3605424761772156,-0.10217835754156113,0.6726491451263428,3.0053064823150635,0.007118262350559235,-0.9274256229400635,2.106374740600586,-2.7786331176757812,1.08091139793396
778,15.56,0.0,0.30000001192092896,0.0,-0.010893315076828003,0.3571385145187378,0.013996822759509087,-0.3642359673976898,-0.2650146186351776,0.0628059133887291,1,0,0,1,0.6893190741539001,1.7742400169372559,1.700952410697937,0.8292427062988281,2.1700422763824463,0.2612058222293854,0.6402603387832642,1.4968628883361816,0.208621546626091,-1.009873867034912,-1.3035515546798706,-0.5869677662849426,-0.00440630316734314,0.5380541682243347,1.374074935913086,0.9382201433181763,0.648688793182373,-0.30572938919067383,-0.11620214581489563,0.3120991289615631,2.0241730213165283,1.414925217628479,1.2680864334106445,1.6263782978057861,0.014166968874633312,0.1721629798412323,1.0457425117492676,0.9842700362205505,-0.005284090526401997,-0.26850298047065735,-0.21610164642333984,-0.11392329633235931,2.054158926010132,1.5717277526855469,1.4170875549316406,1.5548655986785889,-1.4564921855926514,1.166512131690979,1.059090256690979,-0.49150657653808594,-0.29091504216194153,0.4627611041069031,3.0149550437927246,-0.17013293504714966,-0.7829756736755371,-2.4532172679901123,-1.5573269128799438,1.2699775695800781
779,15.58,0.0,0.30000001192092896,0.0,-0.03376701474189758,0.43955251574516296,0.04313909262418747,-0.5523411631584167,-0.301241397857666,0.05017708241939545,1,0,0,1,0.535999596118927,1.8846781253814697,1.5807063579559326,0.7265791893005371,2.233309268951416,0.39016830921173096,1.0395666360855103,1.6083242893218994,0.0023736273869872093,-1.2519594430923462,-1.3525694608688354,-0.5839896202087402,-0.08106604218482971,0.5932732224464417,1.3139519691467285,0.8868883848190308,0.6803222894668579,-0.24124816060066223,0.08345100283622742,0.367829829454422,1.9210489988327026,1.2938823699951172,1.243577480316162,1.627867341041565,-0.019085705280303955,0.18618594110012054,1.0455996990203857,0.9738345146179199,-0.007217176724225283,-0.2515990734100342,-0.15554367005825043,-0.1188797876238823,2.033980131149292,1.5125538110733032,1.3989611864089966,1.5824506282806396,-1.6731752157211304,0.2905581593513489,-0.1769457310438156,-0.6220957636833191,0.10120853781700134,1.0427170991897583,3.0197207927703857,-0.1591413915157318,-1.2391713857650757,-3.0031707286834717,-0.38354676961898804,1.3319486379623413
780,15.6,0.0,0.30000001192092896,0.0,0.07837386429309845,0.3907003700733185,0.14723923802375793,0.09208780527114868,0.2431039959192276,0.27199798822402954,1,0,1,1,0.5020450353622437,1.998818278312683,1.420515537261963,0.8246504664421082,2.224728584289551,0.32497793436050415,1.24889075756073,1.745213270187378,-0.25816142559051514,-1.6848008632659912,-1.4313297271728516,-0.626008152961731,-0.09804332256317139,0.6503432989120483,1.2338565587997437,0.9359240531921387,0.6760319471359253,-0.27384334802627563,0.18811306357383728,0.43627431988716125,1.7907814979553223,1.0774617195129395,1.2041972875595093,1.6068580150604248,-0.054702624678611755,0.1849847286939621,1.0387767553329468,0.9529635906219482,0.00013672155910171568,-0.24306407570838928,-0.14019477367401123,-0.12121246010065079,1.9930709600448608,1.455655574798584,1.4114617109298706,1.6083945035934448,-1.8088568449020386,-0.3499782979488373,-0.3915015161037445,-1.230761170387268,-0.04771742224693298,0.17785212397575378,0.8087899684906006,0.3286060392856598,-2.2814152240753174,-2.53511905670166,0.675705075263977,1.175958275794983
781,15.620000000000001,0.0,0.30000001192092896,0.0,0.02977222204208374,0.3561924993991852,0.25537243485450745,0.3122825622558594,-0.07335378229618073,0.06911247968673706,1,0,1,1,0.29159247875213623,2.0806546211242676,1.3161218166351318,0.8451135158538818,2.0991201400756836,0.927959680557251,1.6518843173980713,1.9608036279678345,-0.12886056303977966,-2.0023560523986816,-1.1338616609573364,-0.9277759790420532,-0.2032696008682251,0.6912614703178406,1.1816596984863281,0.9461555480957031,0.6132277250289917,0.02764752507209778,0.38960984349250793,0.5440695285797119,1.8554319143295288,0.9186841249465942,1.352931261062622,1.4559741020202637,-0.09945801645517349,0.17806454002857208,1.0259075164794922,0.9326473474502563,2.186678466387093e-05,-0.19569246470928192,-0.12119325250387192,-0.09668067842721939,1.9520061016082764,1.4136526584625244,1.4214247465133667,1.6170154809951782,-2.4780476093292236,-0.32528629899024963,-0.7813626527786255,-0.9543983340263367,0.0020254177507013083,2.9946396350860596,1.2773444652557373,1.7780152559280396,-2.0626964569091797,-1.5354207754135132,0.2707488536834717,-0.08275193721055984
782,15.64,0.0,0.30000001192092896,0.0,-0.044151484966278076,0.3317103981971741,0.25475794076919556,0.6267809867858887,0.20603138208389282,0.0982162356376648,1,0,1,1,0.22187596559524536,1.838618278503418,1.206890344619751,0.5392459630966187,1.7230396270751953,1.1396379470825195,1.5068315267562866,0.8740075826644897,-0.14808404445648193,-1.949213981628418,-1.153952956199646,-0.9690494537353516,-0.23812785744667053,0.5702432990074158,1.1270439624786377,0.7932217717170715,0.42518749833106995,0.13348665833473206,0.3170834481716156,0.0006714761257171631,1.8458201885223389,0.9452551603317261,1.3428857326507568,1.4353374242782593,-0.15309025347232819,0.17006555199623108,1.0135149955749512,0.9058234691619873,7.96355107013369e-06,-0.13583506643772125,-0.08672867715358734,-0.06259426474571228,1.9148212671279907,1.3956893682479858,1.4249682426452637,1.6118197441101074,-2.794802665710449,-0.4427712857723236,-0.4682016670703888,-1.6272579431533813,0.000868314178660512,2.9983558654785156,2.0692291259765625,1.7147563695907593,-1.8248875141143799,-0.3799702525138855,0.061063822358846664,-0.4208829998970032
783,15.66,0.0,0.30000001192092896,0.0,0.0022482872009277344,0.28477710485458374,0.059370093047618866,0.574030876159668,1.0666459798812866,0.04687018692493439,0,0,1,0,0.2711579501628876,1.4995849132537842,1.1245770454406738,0.924305260181427,1.1799790859222412,1.3315789699554443,1.3352957963943481,-0.3207987844944,-0.037344492971897125,-1.8167262077331543,-1.1145644187927246,-0.9423196911811829,-0.21348686516284943,0.4007266163825989,1.0858873128890991,0.9857513904571533,0.1536572277545929,0.22945716977119446,0.23131558299064636,-0.5967317223548889,1.901189923286438,1.011499047279358,1.3625799417495728,1.448702335357666,-0.20392346382141113,0.1624872088432312,1.011022925376892,0.890927255153656,-3.2241207463812316e-06,-0.07585925608873367,-0.042113952338695526,-0.10483723878860474,1.8906424045562744,1.3954821825027466,1.4266563653945923,1.5735074281692505,-2.218742609024048,-0.3495742976665497,0.02454834058880806,0.013052307069301605,4.2174891859758645e-05,2.9989893436431885,2.298739194869995,-2.997410297393799,-0.7577324509620667,0.27583441138267517,0.06094418466091156,-3.0000483989715576
784,15.68,0.0,0.30000001192092896,0.0,0.02118164300918579,0.2229921519756317,-0.005553356371819973,0.0743471309542656,0.05313631892204285,0.13480116426944733,0,1,1,0,0.46143004298210144,1.018231749534607,1.0775278806686401,1.9708534479141235,0.47833290696144104,1.3307290077209473,1.6971371173858643,-0.07731444388628006,0.6882221698760986,-1.3201344013214111,-0.8503455519676208,-1.3783931732177734,-0.11835081875324249,0.16005003452301025,1.0623626708984375,1.5090255737304688,-0.1971658617258072,0.22903218865394592,0.4122362434864044,-0.47498953342437744,2.2639732360839844,1.2597949504852295,1.4946893453598022,1.2306655645370483,-0.22143429517745972,0.1455192267894745,1.0079736709594727,0.9090972542762756,-0.035207897424697876,-0.05735845863819122,-0.021982910111546516,-0.163644477725029,1.9401016235351562,1.384899616241455,1.43772554397583,1.5144819021224976,0.10518074780702591,-1.0081523656845093,-0.35288578271865845,1.5337255001068115,-2.717184543609619,-0.2205013781785965,-0.12258899956941605,-3.000267267227173,3.000342607498169,-0.07320785522460938,0.9292812943458557,-2.996248722076416
785,15.700000000000001,0.0,0.30000001192092896,0.0,0.06450379639863968,0.2190190553665161,-0.06483014672994614,-0.20359669625759125,-0.19574975967407227,0.07305626571178436,0,1,1,0,0.5841123461723328,0.9751725196838379,0.7399684190750122,2.1231606006622314,0.8132545948028564,1.8053356409072876,1.884344220161438,-0.08022145181894302,0.8271342515945435,-1.3035728931427002,-0.7447275519371033,-1.2633227109909058,-0.05700966715812683,0.13852041959762573,0.8935829997062683,1.585179090499878,-0.029705017805099487,0.4663355052471161,0.5058398246765137,-0.4764430522918701,2.3334293365478516,1.268075704574585,1.547498345375061,1.288200855255127,-0.1969350427389145,0.1280803680419922,0.9981424808502197,0.9494142532348633,-0.0707797184586525,-0.05642305314540863,-0.03525887429714203,-0.22324614226818085,2.0001091957092285,1.3847522735595703,1.460204005241394,1.4566359519958496,2.0176711082458496,-0.7434474229812622,-0.6039651036262512,2.303447723388672,-0.9564911723136902,0.24338564276695251,-1.024124264717102,-2.990603446960449,3.00034499168396,0.026807861402630806,1.2045581340789795,-2.623622179031372
786,15.72,0.0,0.30000001192092896,0.0,0.0721026137471199,0.2579188644886017,-0.10721378773450851,-0.3966276943683624,-0.20533719658851624,0.07152773439884186,0,1,1,0,0.7262446284294128,0.8771340847015381,0.7829107642173767,2.1793572902679443,1.1379674673080444,1.7312768697738647,1.8757786750793457,0.3092717230319977,0.7122406959533691,-1.268097162246704,-0.5968192219734192,-1.2807116508483887,0.014056473970413208,0.08950120210647583,0.915054202079773,1.6132774353027344,0.1326514184474945,0.42930611968040466,0.5015569925308228,-0.2816964387893677,2.27598237991333,1.285813570022583,1.6214525699615479,1.2795063257217407,-0.1405394822359085,0.11274319887161255,0.9865109324455261,0.9947177171707153,-0.05739934369921684,-0.05065358057618141,-0.0625925362110138,-0.27506572008132935,2.0601143836975098,1.3856450319290161,1.4902251958847046,1.415297269821167,3.000541925430298,-0.7445810437202454,-0.6030055284500122,2.159956216812134,1.802667498588562,0.3250166177749634,-1.5234346389770508,-2.15790057182312,3.0001845359802246,-0.02681129053235054,1.6114453077316284,-1.5187873840332031
787,15.74,0.0,0.30000001192092896,0.0,0.03718370199203491,0.29990431666374207,-0.14559628069400787,-0.25950735807418823,-0.3790779113769531,0.03966103121638298,0,1,1,0,0.9707655310630798,0.842458963394165,0.812488317489624,2.3191299438476562,1.3601927757263184,1.6809570789337158,1.8176279067993164,0.6956203579902649,0.5453069806098938,-1.20880925655365,-0.4676990807056427,-1.3067119121551514,0.1363169252872467,0.0721636414527893,0.9298429489135742,1.6831637620925903,0.24376407265663147,0.4041462242603302,0.4724816381931305,-0.08852213621139526,2.1925156116485596,1.3154575824737549,1.686012625694275,1.2665061950683594,-0.08053286373615265,0.09550735354423523,0.9717234373092651,1.0318104028701782,-0.009848187677562237,-0.04390555992722511,-0.09840509295463562,-0.2726968824863434,2.120105266571045,1.3838223218917847,1.5291855335235596,1.3946856260299683,3.00007963180542,-0.9545995593070984,-0.8240014314651489,1.5458650588989258,2.690042018890381,0.305052250623703,-1.8446778059005737,1.7849934101104736,2.9926860332489014,-0.15507358312606812,2.1002798080444336,-0.5835880041122437
788,15.76,0.0,0.30000001192092896,0.0,0.007145822048187256,0.34062206745147705,-0.20521020889282227,-0.006896317005157471,-0.4469738304615021,0.06785094738006592,0,1,1,0,1.3190406560897827,0.8099193572998047,0.7434823513031006,2.349900245666504,1.767852783203125,1.931494116783142,1.920778751373291,0.7081672549247742,0.5233197212219238,-1.159774661064148,-0.4296400845050812,-1.338861346244812,0.31045448780059814,0.05589383840560913,0.8953399658203125,1.6985489130020142,0.4475940763950348,0.5294147729873657,0.5240570306777954,-0.08224868774414062,2.1815218925476074,1.3399748802185059,1.7050421237945557,1.2504315376281738,-0.02055092714726925,0.07106693089008331,0.9516249895095825,1.0469970703125,5.045591024099849e-06,-0.04295818880200386,-0.14131684601306915,-0.21651500463485718,2.1717770099639893,1.3844704627990723,1.5789166688919067,1.392462134361267,2.999610185623169,-1.3277668952941895,-0.9548320174217224,-0.06828571856021881,4.724163591163233e-05,-0.2245144098997116,-2.0105972290039062,3.0078461170196533,2.0352044105529785,0.09822972118854523,2.541956901550293,0.2538924217224121
789,15.780000000000001,0.0,0.30000001192092896,0.0,0.01683250069618225,0.35116586089134216,-0.1871204823255539,-0.04160614684224129,-0.028698649257421494,-0.017274418845772743,0,1,1,0,1.3527120351791382,0.7843897342681885,0.712669312953949,2.3579490184783936,2.001002311706543,1.8326568603515625,1.831764817237854,0.7442281246185303,0.5377411842346191,-1.106252908706665,-0.46901220083236694,-1.3522166013717651,0.3272901773452759,0.043129026889801025,0.8799334764480591,1.702573299407959,0.5641688108444214,0.47999611496925354,0.4795500934123993,-0.06421825289726257,2.188732624053955,1.3667356967926025,1.6853560209274292,1.2437539100646973,0.0394403375685215,0.04651863873004913,0.9334262609481812,1.0437356233596802,3.884187208313961e-06,-0.054603394120931625,-0.17541171610355377,-0.15622560679912567,2.1997010707855225,1.3876197338104248,1.6269474029541016,1.4017330408096313,2.9995949268341064,-1.1143537759780884,-0.8611286878585815,-0.22939451038837433,-5.8904090110445395e-05,-0.7862690687179565,-1.3156458139419556,3.0111701488494873,0.8498901128768921,0.13968083262443542,2.1774230003356934,0.5675944685935974
790,15.8,0.0,0.30000001192092896,0.0,0.01265612244606018,0.317508339881897,-0.02979057841002941,0.2510351538658142,-0.4599093198776245,-0.08422999829053879,0,1,1,1,1.3906010389328003,0.6053730845451355,0.5592666864395142,2.3194596767425537,1.9354238510131836,1.6045880317687988,1.7215288877487183,0.9530341625213623,0.3496178686618805,-1.1275224685668945,-0.5424940586090088,-1.3295762538909912,0.34623467922210693,-0.046379297971725464,0.8032321333885193,1.683328628540039,0.5313795804977417,0.3659617006778717,0.4244321286678314,0.04018476605415344,2.0946710109710693,1.3561009168624878,1.6486151218414307,1.2550740242004395,0.09893258661031723,0.023364156484603882,0.9136767387390137,1.038356065750122,-0.00011709333921317011,-0.0685230940580368,-0.19520898163318634,-0.11042726784944534,2.1844120025634766,1.391445517539978,1.6641863584518433,1.4172335863113403,2.923250198364258,-1.1515249013900757,-1.3153399229049683,-0.08502103388309479,0.09287158399820328,0.2210903763771057,-0.7121485471725464,-0.16633319854736328,-1.7716368436813354,0.14521634578704834,1.4311137199401855,2.047468423843384
791,15.82,0.0,0.30000001192092896,0.0,0.07289853692054749,0.20383034646511078,0.07894806563854218,0.3525770306587219,0.533646821975708,0.0541558638215065,1,0,1,1,0.9709616303443909,0.7657285928726196,0.7750488519668579,1.683562994003296,1.8832404613494873,-0.040994398295879364,1.1319209337234497,1.911208152770996,-0.10916198790073395,-1.2494409084320068,-0.6495167016983032,-1.294707179069519,0.13641497492790222,0.0337984561920166,0.9111232161521912,1.3653802871704102,0.5052878856658936,-0.4568295180797577,0.12962815165519714,0.519271731376648,1.865281105041504,1.2951416969299316,1.5951037406921387,1.2725086212158203,0.14164970815181732,0.007283410523086786,0.892458975315094,1.0268127918243408,-7.491971337003633e-05,-0.11767014861106873,-0.1828216314315796,-0.11183293163776398,2.143247127532959,1.4031596183776855,1.678479790687561,1.4474819898605347,0.8360738754272461,-0.5169953107833862,-0.4847988188266754,-0.7317743897438049,-0.014338202774524689,-2.9656574726104736,1.6000919342041016,-0.25765112042427063,-1.0112488269805908,0.7448626160621643,-0.4064355492591858,1.090605616569519
792,15.84,0.0,0.30000001192092896,0.0,0.08241346478462219,0.27847135066986084,0.10419134050607681,-0.09739027917385101,-0.009422853589057922,0.09467965364456177,1,0,0,1,0.5898601412773132,1.2960022687911987,1.3217449188232422,0.8229830861091614,2.4752869606018066,-0.643551230430603,-0.6082935333251953,1.3905268907546997,-0.3488041162490845,-1.2986364364624023,-1.0204805135726929,-0.812060534954071,-0.0541357696056366,0.29893529415130615,1.1844712495803833,0.9350903034210205,0.8013111352920532,-0.7581079006195068,-0.7404791116714478,0.25893113017082214,1.745460033416748,1.2705439329147339,1.4096219539642334,1.5138318538665771,0.12317536026239395,0.014762602746486664,0.9006975293159485,1.0185174942016602,0.00037548047839663923,-0.1771363765001297,-0.22572234272956848,-0.11412308365106583,2.1222827434539795,1.4179162979125977,1.6288141012191772,1.4692997932434082,-1.542731761932373,1.0922201871871948,1.002055287361145,-0.3347042202949524,0.012593770399689674,-2.998870849609375,-2.9674272537231445,0.11423209309577942,-1.1948280334472656,0.6051672101020813,-2.9965665340423584,1.111429214477539
793,15.860000000000001,0.0,0.30000001192092896,0.0,0.017590075731277466,0.3069152235984802,0.08115053176879883,-0.10970066487789154,-0.030475124716758728,-0.03270428627729416,1,0,0,1,0.6824944615364075,1.4424506425857544,1.727135181427002,0.8177893757820129,2.2232961654663086,0.03872714191675186,-0.29944682121276855,1.3472247123718262,0.1812453418970108,-0.4188345968723297,-1.4544092416763306,-0.7462359666824341,-0.007818609476089478,0.372159481048584,1.3871663808822632,0.9324934482574463,0.6753157377243042,-0.4169687330722809,-0.5860557556152344,0.23728004097938538,2.0104849338531494,1.7104448080062866,1.192657470703125,1.5467441082000732,0.08847171813249588,0.05056318640708923,0.9315422177314758,1.011083960533142,-1.8571943655842915e-05,-0.23756422102451324,-0.2849782407283783,-0.11327068507671356,2.102473258972168,1.471657395362854,1.568865180015564,1.49119234085083,-1.9173650741577148,2.2340636253356934,1.9217008352279663,-0.41107162833213806,0.046964459121227264,-3.007901430130005,-2.9738519191741943,0.06908240169286728,-0.9572727680206299,2.996549606323242,-2.998074769973755,1.02897047996521
794,15.88,0.0,0.30000001192092896,0.0,0.025859341025352478,0.2846565246582031,0.07904522866010666,-0.3407283127307892,-0.2951633036136627,0.06011494994163513,1,0,0,1,0.8871172070503235,1.4857871532440186,1.662442922592163,1.0829906463623047,2.187105894088745,0.3747493028640747,0.37902167439460754,1.452031135559082,0.24093858897686005,-0.29629889130592346,-1.4712722301483154,-0.6378084421157837,0.09449276328086853,0.39382773637771606,1.3548202514648438,1.0650941133499146,0.6572206020355225,-0.24895766377449036,-0.24682147800922394,0.2896832525730133,2.0403313636779785,1.7717126607894897,1.1842260360717773,1.6009578704833984,0.05956050008535385,0.09869396686553955,0.9744417667388916,1.0051722526550293,-0.0007538168574683368,-0.2767797112464905,-0.3201037347316742,-0.11168176680803299,2.083995819091797,1.5316376686096191,1.5088249444961548,1.5106818675994873,-1.0486366748809814,2.426837682723999,2.232628583908081,-0.19978204369544983,-0.039046645164489746,-1.0909578800201416,-0.7822093963623047,0.20073170959949493,-1.014952301979065,3.0005078315734863,-3.002722978591919,0.87102872133255
795,15.9,0.0,0.30000001192092896,0.0,0.006100058555603027,0.333490252494812,0.059123601764440536,-0.27395033836364746,-0.2432771921157837,0.047477614134550095,1,0,0,1,0.6492970585823059,1.660446286201477,1.6264443397521973,0.8446106314659119,2.315795421600342,0.4480665326118469,0.8344687223434448,1.5413849353790283,0.26904138922691345,-0.6731018424034119,-1.387257695198059,-0.562833309173584,-0.02441731095314026,0.4811573028564453,1.3368209600448608,0.9459041357040405,0.7215653657913208,-0.21229904890060425,-0.019097954034805298,0.33436015248298645,2.054382801055908,1.5833112001419067,1.2262332439422607,1.638445496559143,0.032900720834732056,0.143099844455719,1.0156118869781494,0.9982718825340271,-0.0023024154361337423,-0.2794214189052582,-0.2818792462348938,-0.11016278713941574,2.0648574829101562,1.5786874294281006,1.4504005908966064,1.5309208631515503,-1.4868719577789307,1.94930100440979,1.8381567001342773,-0.40091124176979065,-0.1765030175447464,0.6576114892959595,3.005035161972046,0.11592531204223633,-0.9275593161582947,1.7382426261901855,-2.6378257274627686,1.0663745403289795
796,15.92,0.0,0.30000001192092896,0.0,-0.018983691930770874,0.3690294623374939,0.021723175421357155,-0.3677171468734741,-0.3098266124725342,0.06881474703550339,1,0,0,1,0.6605252623558044,1.7861168384552002,1.6830832958221436,0.8497578501701355,2.1714301109313965,0.27170437574386597,0.6892402172088623,1.492999792098999,0.2004561871290207,-1.020547866821289,-1.3067679405212402,-0.5932995080947876,-0.01880320906639099,0.5439925789833069,1.365140438079834,0.9484777450561523,0.6493827104568481,-0.3004801273345947,-0.09171220660209656,0.3101675808429718,2.020090341567993,1.4095882177352905,1.266478180885315,1.6232123374938965,0.0027049360796809196,0.173451766371727,1.0455032587051392,0.9888607859611511,-0.007952782325446606,-0.26725801825523376,-0.22139349579811096,-0.1113702580332756,2.04874849319458,1.5625221729278564,1.4112530946731567,1.5549441576004028,-1.4807921648025513,1.1159740686416626,1.1811316013336182,-0.5139268636703491,-0.312803715467453,0.5080328583717346,3.015022039413452,-0.07439221441745758,-0.8100079894065857,-2.448458194732666,-1.3342944383621216,1.2412075996398926
797,15.94,0.0,0.30000001192092896,0.0,-0.04101550579071045,0.4599950611591339,0.051264818757772446,-0.5154761672019958,-0.09301519393920898,0.06298429518938065,1,0,1,1,0.5222977995872498,1.895735502243042,1.5542936325073242,0.7559627890586853,2.239936113357544,0.39093175530433655,1.1127773523330688,1.6203964948654175,-0.024769075214862823,-1.290897250175476,-1.356166124343872,-0.5894465446472168,-0.08791694045066833,0.5988019108772278,1.3007456064224243,0.9015802145004272,0.6836357116699219,-0.24086643755435944,0.12005636096000671,0.37386593222618103,1.907477617263794,1.2744135856628418,1.241779088973999,1.6251388788223267,-0.03096005506813526,0.186621755361557,1.044817328453064,0.9783951044082642,-0.008827545680105686,-0.2500677704811096,-0.16279515624046326,-0.11502733081579208,2.027050495147705,1.5035645961761475,1.3947787284851074,1.5819456577301025,-1.8298650979995728,0.21812264621257782,-0.6791453957557678,-0.6797361969947815,0.4276687204837799,0.8396379351615906,1.4975534677505493,-0.21010196208953857,-1.379287600517273,-2.9958088397979736,-1.7993042469024658,1.3215222358703613
798,15.96,0.0,0.30000001192092896,0.0,0.06984753906726837,0.3866453468799591,0.2023712396621704,-0.010347019881010056,0.04993991553783417,0.23249199986457825,1,0,1,1,0.46993520855903625,2.173245906829834,1.2818537950515747,0.8709635734558105,2.276970863342285,0.6417862772941589,1.723578929901123,2.2969753742218018,-0.3263581395149231,-1.6638944149017334,-1.1944653987884521,-0.7078124284744263,-0.11409823596477509,0.7375571131706238,1.1645257472991943,0.9590805768966675,0.7021530866622925,-0.11543917655944824,0.4254571497440338,0.7121553421020508,1.756683111190796,1.0879149436950684,1.322629451751709,1.5659558773040771,-0.06581241637468338,0.1858983337879181,1.0376994609832764,0.9594082236289978,0.00012575449363794178,-0.21375252306461334,-0.15503782033920288,-0.11077257990837097,1.977993130683899,1.4467759132385254,1.4140567779541016,1.602694034576416,-1.7935339212417603,-0.297031044960022,-0.4774567484855652,-0.9958283305168152,-0.033583030104637146,2.5569097995758057,0.677560567855835,0.8079494833946228,-2.8124496936798096,-2.499140501022339,0.612449586391449,0.7722922563552856
799,15.98,0.0,0.30000001192092896,0.0,0.0032916665077209473,0.35643893480300903,0.2681196331977844,0.44864022731781006,0.07171344757080078,0.14272955060005188,1,0,1,1,0.21982800960540771,2.0644633769989014,1.2650632858276367,0.6860190629959106,2.0382137298583984,0.7850905656814575,1.7462807893753052,2.011133909225464,-0.15731775760650635,-1.9403088092803955,-1.1515284776687622,-0.9921653270721436,-0.23915183544158936,0.6831658482551575,1.1561304330825806,0.8666083216667175,0.5827745199203491,-0.04378703236579895,0.4368080794811249,0.5692346096038818,1.841203212738037,0.9497077465057373,1.3440978527069092,1.4237794876098633,-0.11561375111341476,0.1784062683582306,1.026619553565979,0.9362976551055908,1.4749421097803861e-05,-0.1544436514377594,-0.13124530017375946,-0.08333376049995422,1.9294915199279785,1.4090842008590698,1.4223607778549194,1.607314109802246,-2.9117205142974854,-0.41051819920539856,-0.566076397895813,-1.3071216344833374,0.0034046373330056667,2.9949209690093994,1.65896737575531,1.7979719638824463,-2.329861879348755,-1.2845690250396729,0.21549822390079498,-0.18105381727218628
800,16.0,0.0,0.30000001192092896,0.0,0.016302764415740967,0.33088892698287964,0.13177411258220673,0.6121677756309509,0.8210481405258179,0.13934415578842163,0,0,1,0,0.2141706645488739,1.8000593185424805,1.2060768604278564,0.7288262844085693,1.5963560342788696,1.1570228338241577,1.393136978149414,0.5818511843681335,-0.10351996123790741,-1.8699095249176025,-1.119199514389038,-0.9834021329879761,-0.24198050796985626,0.550963819026947,1.1266372203826904,0.8880119323730469,0.3618457019329071,0.14217910170555115,0.2602361738681793,-0.14540672302246094,1.8681021928787231,0.9849073886871338,1.360262393951416,1.4281611442565918,-0.17532965540885925,0.16936732828617096,1.0194429159164429,0.9079915285110474,-2.6496445570955984e-06,-0.09451737254858017,-0.091477170586586,-0.06696165353059769,1.8884696960449219,1.3949259519577026,1.42573082447052,1.574001669883728,-2.9700629711151123,-0.49686890840530396,-0.17017965018749237,-1.3921524286270142,-9.411145583726466e-05,2.9969987869262695,2.272874593734741,-0.010783486068248749,-1.7926605939865112,-0.24896520376205444,0.11127911508083344,-3.0002553462982178
801,16.02,0.0,0.30000001192092896,0.0,0.09235156327486038,0.2569359242916107,-0.07051980495452881,0.6165339350700378,1.1288212537765503,0.24152952432632446,0,1,1,0,0.4588984549045563,1.15296471118927,1.160454511642456,1.8898890018463135,0.5392952561378479,1.5760066509246826,1.4688700437545776,-0.6944871544837952,0.7651783227920532,-1.390161156654358,-0.8756235241889954,-1.3042603731155396,-0.11961661279201508,0.2274165153503418,1.1038260459899902,1.468543291091919,-0.16668468713760376,0.3516710102558136,0.2981027066707611,-0.7835758924484253,2.3024513721466064,1.2247815132141113,1.4820504188537598,1.2677319049835205,-0.2107703983783722,0.15670666098594666,1.0195423364639282,0.9022109508514404,-0.029954759404063225,-0.04315370321273804,-0.05173957347869873,-0.12216821312904358,1.9333791732788086,1.3888384103775024,1.4320734739303589,1.5140169858932495,-0.7149676084518433,-1.324146032333374,-0.2802633047103882,0.6237480044364929,-2.3443808555603027,1.1331992149353027,0.9356254935264587,-3.26644229888916,3.000410795211792,-0.2592635154724121,0.3349428176879883,-3.016598701477051
802,16.04,0.0,0.30000001192092896,0.0,0.06891387701034546,0.2852453887462616,-0.06684046238660812,0.06677082180976868,-0.09043261408805847,-0.015393315814435482,0,1,1,0,0.36941733956336975,0.9392237663269043,0.7541767358779907,2.1520495414733887,0.5359990000724792,1.689586877822876,1.987776279449463,-0.1533232033252716,1.005224347114563,-1.3315433263778687,-0.7198552489280701,-1.3723512887954712,-0.16435717046260834,0.12054604291915894,0.9006871581077576,1.5996235609054565,-0.16833281517028809,0.4084611237049103,0.5575557947158813,-0.5129939317703247,2.4224743843078613,1.2540905475616455,1.5599344968795776,1.2336864471435547,-0.21716274321079254,0.1342945396900177,1.0071967840194702,0.9295357465744019,-0.0853574275970459,-0.05552556365728378,-0.05504169315099716,-0.18082064390182495,1.9933892488479614,1.3954907655715942,1.4546318054199219,1.45872163772583,0.02433997392654419,-1.0398725271224976,-0.8715174794197083,1.8786430358886719,-3.000049591064453,-0.28703945875167847,-0.628134548664093,-2.9800453186035156,3.000474452972412,0.17567941546440125,1.4125473499298096,-2.540135622024536
803,16.06,0.0,0.30000001192092896,0.0,0.09663321077823639,0.2691311240196228,-0.0607481449842453,-0.44957205653190613,0.12737992405891418,0.07647109776735306,0,1,1,0,0.6983113884925842,0.9947992563247681,0.8793686628341675,2.1920435428619385,1.1022568941116333,1.7479298114776611,1.8350284099578857,0.2663668096065521,0.9152610301971436,-1.2979695796966553,-0.6929688453674316,-1.317268967628479,8.985400199890137e-05,0.14833378791809082,0.963283121585846,1.6196205615997314,0.11479613184928894,0.43763259053230286,0.48118188977241516,-0.30314892530441284,2.377492666244507,1.2708773612976074,1.5733777284622192,1.2612276077270508,-0.18512608110904694,0.11704868823289871,0.9949179887771606,0.9712145328521729,-0.0943349301815033,-0.05829256400465965,-0.07091781497001648,-0.24074417352676392,2.053396701812744,1.3980377912521362,1.480169653892517,1.4181950092315674,2.7216145992279053,-0.6958584189414978,-0.4285942614078522,2.162450075149536,1.4191211462020874,0.026728350669145584,-0.8379314541816711,-2.9618003368377686,3.000328540802002,0.0422205924987793,1.1281648874282837,-1.5066746473312378
804,16.080000000000002,0.0,0.30000001192092896,0.0,0.08373242616653442,0.3236323595046997,-0.08396608382463455,-0.3705597519874573,-0.18521830439567566,0.015782449394464493,0,1,1,0,0.9009178280830383,0.8165946006774902,0.7343066334724426,2.277254343032837,1.1603578329086304,1.5575302839279175,1.7490290403366089,0.6870729923248291,0.5203426480293274,-1.2404214143753052,-0.5267508625984192,-1.291709542274475,0.10139307379722595,0.059231460094451904,0.8907520771026611,1.6622259616851807,0.14384660124778748,0.34243282675743103,0.43818220496177673,-0.09279581904411316,2.1800334453582764,1.2996513843536377,1.6564867496490479,1.2740073204040527,-0.12518256902694702,0.10041182488203049,0.981760561466217,1.0118578672409058,-0.045927103608846664,-0.05295920744538307,-0.09502508491277695,-0.25560078024864197,2.1132755279541016,1.3958232402801514,1.5097137689590454,1.397303581237793,3.000112533569336,-0.9184596538543701,-0.8480881452560425,1.8535951375961304,3.000534772872925,0.413321852684021,-1.3518023490905762,0.9294896125793457,2.955040693283081,-0.2543160915374756,1.6734598875045776,-0.6176621317863464
805,16.1,0.0,0.30000001192092896,0.0,0.06946298480033875,0.3706883490085602,-0.15156038105487823,-0.04952746629714966,-0.508750319480896,-0.024159785360097885,0,1,1,0,1.2541747093200684,0.7816857695579529,0.7010524272918701,2.3232314586639404,1.568933129310608,1.8255529403686523,1.903020977973938,0.736812174320221,0.46888449788093567,-1.1928086280822754,-0.46766653656959534,-1.3291945457458496,0.27802151441574097,0.04177704453468323,0.8741250038146973,1.6852145195007324,0.34813424944877625,0.47644415497779846,0.5151782035827637,-0.06792622804641724,2.1543045043945312,1.3234578371047974,1.6860288381576538,1.2552648782730103,-0.06520187109708786,0.07825873792171478,0.9599812626838684,1.0424647331237793,5.882535788259702e-06,-0.04667766019701958,-0.12782829999923706,-0.2084403932094574,2.1588430404663086,1.391867995262146,1.550296664237976,1.3934829235076904,2.9996752738952637,-1.3722072839736938,-1.3718390464782715,1.2200512886047363,-7.676750101381913e-05,0.1385222226381302,-1.9940885305404663,3.020712375640869,1.6940627098083496,-0.038230013102293015,2.4314956665039062,0.18025626242160797
806,16.12,0.0,0.30000001192092896,0.0,0.05685672163963318,0.39461755752563477,-0.15339770913124084,-0.07727834582328796,-0.10332176089286804,0.019185690209269524,0,1,1,0,1.3317029476165771,0.7757380604743958,0.7662612199783325,2.294628858566284,1.8645946979522705,1.8302067518234253,1.901887059211731,0.7261571884155273,0.5871658325195312,-1.1543775796890259,-0.5169079303741455,-1.3465842008590698,0.31678563356399536,0.03880318999290466,0.9067294001579285,1.6709132194519043,0.49596503376960754,0.47877106070518494,0.5146112442016602,-0.07325372099876404,2.2134451866149902,1.3426733016967773,1.6614081859588623,1.246570110321045,-0.0052050338126719,0.05024753883481026,0.9368313550949097,1.046419382095337,1.78184563992545e-06,-0.050740864127874374,-0.16080468893051147,-0.14819826185703278,2.191479444503784,1.39229154586792,1.5958870649337769,1.40141761302948,2.9997575283050537,-1.343366265296936,-1.0414692163467407,-0.13522471487522125,9.485579357715324e-05,-0.45245158672332764,-1.300149917602539,3.009397268295288,1.4608734846115112,0.039791617542505264,2.1107163429260254,0.5177894830703735
807,16.14,0.0,0.30000001192092896,0.0,0.05010710656642914,0.3332943320274353,-0.019008934497833252,0.30744510889053345,-0.49917349219322205,-0.10236990451812744,0,1,1,1,1.383599877357483,0.6756591200828552,0.5687921047210693,2.327617883682251,1.8885862827301025,1.656730055809021,1.7654649019241333,0.8500678539276123,0.4012327790260315,-1.157226800918579,-0.6088500022888184,-1.3435945510864258,0.34273409843444824,-0.0112362802028656,0.8079948425292969,1.6874077320098877,0.5079607963562012,0.3920327126979828,0.44640013575553894,-0.011298388242721558,2.120478630065918,1.3412487506866455,1.6154371500015259,1.2480648756027222,0.05478356033563614,0.022150881588459015,0.9111170768737793,1.0414572954177856,5.729814802180044e-06,-0.05579040199518204,-0.18191377818584442,-0.11950099468231201,2.1916985511779785,1.391404151916504,1.6318249702453613,1.4086270332336426,2.999598264694214,-1.3129652738571167,-1.5287226438522339,0.06782637536525726,-0.0003145346126984805,0.41466933488845825,-0.6792545318603516,-0.10397335141897202,-0.9416918754577637,-0.29644539952278137,1.3209269046783447,2.280350685119629
808,16.16,0.0,0.30000001192092896,0.0,0.05075438320636749,0.2283880114555359,-0.04678844287991524,1.14247465133667,0.3374699354171753,-0.16896553337574005,0,0,1,1,0.9459995627403259,0.7672557830810547,0.7955266237258911,1.6319013833999634,1.8803335428237915,0.014508441090583801,1.1603729724884033,1.789779543876648,-0.07096609473228455,-1.2825003862380981,-0.702713131904602,-1.3153501749038696,0.12393394112586975,0.03456205129623413,0.9213621020317078,1.3395495414733887,0.5038344860076904,-0.4290781021118164,0.14385417103767395,0.45855745673179626,1.8843791484832764,1.2786118984222412,1.5685055255889893,1.2621870040893555,0.11080294102430344,0.00455219391733408,0.8836594820022583,1.031421184539795,-5.295884175637866e-09,-0.10374753177165985,-0.16974572837352753,-0.11704565584659576,2.135871410369873,1.3979907035827637,1.6481300592422485,1.4422082901000977,2.5572710037231445,-0.44688519835472107,-1.3134945631027222,-0.7152568697929382,1.7527027011965401e-06,-3.000927686691284,1.4264945983886719,0.3518800735473633,-3.000234842300415,0.5573920607566833,0.37633538246154785,1.3492721319198608
809,16.18,0.0,0.30000001192092896,0.0,0.059881068766117096,0.1320103257894516,0.09350387752056122,-0.1526930332183838,-0.11220268905162811,0.10461961477994919,1,0,0,1,0.8340957760810852,1.0289957523345947,1.2359380722045898,1.1568537950515747,2.5045065879821777,-0.5385573506355286,-0.33608612418174744,1.7643086910247803,-0.34194374084472656,-1.1206154823303223,-0.9809486269950867,-1.028049111366272,0.06798204779624939,0.16543203592300415,1.1415678262710571,1.1020257472991943,0.8159209489822388,-0.705610990524292,-0.6043753623962402,0.4458220303058624,1.7488902807235718,1.359554409980774,1.4293878078460693,1.4058375358581543,0.12061377614736557,0.017212430015206337,0.8851557374000549,1.0256494283676147,0.0003443577152211219,-0.1626213639974594,-0.20848825573921204,-0.11401364207267761,2.1121737957000732,1.4125438928604126,1.6080669164657593,1.457663893699646,-0.264098584651947,1.376807451248169,1.033052682876587,-0.06625984609127045,0.02518872544169426,-2.9819259643554688,-2.9716835021972656,0.2552722692489624,-0.9655548930168152,0.7353160381317139,-3.0009310245513916,0.40930137038230896
810,16.2,0.0,0.30000001192092896,0.0,0.023346737027168274,0.24433796107769012,0.05809538811445236,-0.07491010427474976,0.028704870492219925,0.043058332055807114,1,0,0,1,0.5964576601982117,1.3857762813568115,1.6489746570587158,0.7328212261199951,2.482010841369629,-0.000934116542339325,-0.4159563481807709,1.3985916376113892,0.03763347119092941,-0.4409550726413727,-1.4651405811309814,-0.6605685949325562,-0.05083701014518738,0.34382230043411255,1.3480861186981201,0.8900094032287598,0.8046730756759644,-0.43679937720298767,-0.644310474395752,0.26296350359916687,1.9386788606643677,1.6993845701217651,1.1872918605804443,1.5895779132843018,0.1023753434419632,0.05415372550487518,0.9171682000160217,1.0207104682922363,7.687912875553593e-05,-0.22303767502307892,-0.2677031457424164,-0.11341406404972076,2.0972933769226074,1.4667840003967285,1.5481438636779785,1.472876787185669,-1.4121899604797363,2.140775203704834,1.989045262336731,-0.4189883768558502,0.03157931938767433,-3.00719952583313,-2.975391149520874,-0.09076815843582153,-0.7791364789009094,2.996011257171631,-2.996690034866333,0.9750247001647949
811,16.22,0.0,0.30000001192092896,0.0,0.027602314949035645,0.2635793089866638,0.03968662768602371,-0.31207454204559326,-0.18495234847068787,0.06429950147867203,1,0,0,1,0.8442249298095703,1.4553090333938599,1.6622787714004517,1.1329725980758667,2.332091808319092,0.3139449656009674,0.16141778230667114,1.4070770740509033,0.1910436451435089,-0.2330644577741623,-1.488787293434143,-0.6115938425064087,0.07304662466049194,0.3785886764526367,1.3547382354736328,1.0900850296020508,0.7297135591506958,-0.2793598175048828,-0.35562342405319214,0.26720622181892395,2.0153839588165283,1.8033299446105957,1.1754684448242188,1.614065170288086,0.078493133187294,0.1000574380159378,0.9617937207221985,1.014358401298523,-0.0014361533103510737,-0.27025488018989563,-0.3236919641494751,-0.11719590425491333,2.0828282833099365,1.5267279148101807,1.4881597757339478,1.4943978786468506,-1.0099694728851318,2.3103020191192627,2.3357620239257812,-0.2372678816318512,-0.07909315824508667,-1.7619303464889526,-2.536102771759033,-0.15683744847774506,-0.8214417099952698,2.998483896255493,-2.990670919418335,1.0800440311431885
812,16.240000000000002,0.0,0.30000001192092896,0.0,0.03261873126029968,0.29290512204170227,0.04901362583041191,-0.25582411885261536,-0.1824931800365448,-0.010383953340351582,1,0,0,1,0.7152448296546936,1.6257741451263428,1.634495735168457,1.0016416311264038,2.464787244796753,0.48824232816696167,0.8072339296340942,1.5704278945922852,0.2687719762325287,-0.424326092004776,-1.4844588041305542,-0.567126989364624,0.008556574583053589,0.4638212323188782,1.3408466577529907,1.0244195461273193,0.7960612773895264,-0.19221115112304688,-0.03271535038948059,0.34888163208961487,2.054248094558716,1.7076990604400635,1.1776328086853027,1.636298656463623,0.05404183641076088,0.14348727464675903,1.0056555271148682,1.0097628831863403,-0.0035932399332523346,-0.27984264492988586,-0.30925530195236206,-0.12036414444446564,2.066575765609741,1.586647629737854,1.4315543174743652,1.5170170068740845,-1.366105318069458,1.9543366432189941,1.9972690343856812,-0.22211666405200958,-0.13682086765766144,0.5225804448127747,2.9967691898345947,-0.029692508280277252,-0.8741560578346252,2.9974021911621094,-2.461151361465454,1.0954231023788452
813,16.26,0.0,0.30000001192092896,0.0,0.0047903358936309814,0.32309281826019287,-0.018112733960151672,-0.24703215062618256,-0.22262591123580933,0.09255476295948029,1,0,0,1,0.7373440861701965,1.7382487058639526,1.7156180143356323,0.8313364386558533,2.316725254058838,0.2078918218612671,0.48834195733070374,1.4922025203704834,0.301605224609375,-0.899166464805603,-1.3866807222366333,-0.5493943691253662,0.019606202840805054,0.5200585126876831,1.3814077377319336,0.9392670392990112,0.7220302820205688,-0.33238640427589417,-0.19216133654117584,0.309768944978714,2.070664882659912,1.4702789783477783,1.2265217304229736,1.645164966583252,0.026657724753022194,0.17334982752799988,1.0401378870010376,1.002400279045105,-0.0119825704023242,-0.2761058807373047,-0.2489359974861145,-0.12559086084365845,2.054746389389038,1.5960367918014526,1.398956060409546,1.5436424016952515,-1.3343929052352905,1.0687302350997925,1.450571894645691,-0.47973906993865967,-0.578923761844635,-0.0810265839099884,2.971174716949463,-0.30838215351104736,-0.4805040657520294,-1.2739148139953613,-0.9267945289611816,1.4287457466125488
814,16.28,0.0,0.30000001192092896,0.0,-0.02559000253677368,0.4028509259223938,-0.004926703870296478,-0.39030611515045166,-0.26679110527038574,0.027081390842795372,1,0,0,1,0.559614896774292,1.8296597003936768,1.568056583404541,0.7651981115341187,2.3854005336761475,0.34821009635925293,0.8958218097686768,1.5376735925674438,0.12438800185918808,-1.1835907697677612,-1.4173216819763184,-0.5454486608505249,-0.06925839185714722,0.5657640099525452,1.3076270818710327,0.9061978459358215,0.7563679218292236,-0.26222726702690125,0.011578589677810669,0.3325044810771942,1.9820561408996582,1.3280668258666992,1.2112013101577759,1.6471378803253174,-0.00619512191042304,0.1861363798379898,1.04647958278656,0.9923868179321289,-0.021747266873717308,-0.26892009377479553,-0.1883878856897354,-0.13365082442760468,2.0425620079040527,1.5429503917694092,1.3926206827163696,1.5743093490600586,-1.7284563779830933,0.26238760352134705,-0.11888991296291351,-0.5684757232666016,-0.3483344614505768,0.6155977249145508,3.0211563110351562,-0.3315390944480896,-0.7703805565834045,-3.004098415374756,0.13151739537715912,1.5109100341796875
815,16.3,0.0,0.30000001192092896,0.0,0.03258925676345825,0.36732783913612366,0.1498582363128662,-0.1548457145690918,0.535193681716919,0.15528681874275208,1,0,1,1,0.5337336659431458,1.9419300556182861,1.427506923675537,0.8284375071525574,2.4348976612091064,0.30255305767059326,1.120091438293457,1.676916480064392,-0.11451185494661331,-1.5483654737472534,-1.484983205795288,-0.6125500202178955,-0.08219900727272034,0.6218991875648499,1.2373522520065308,0.9378175735473633,0.7811164855957031,-0.2850557863712311,0.1237134039402008,0.40212592482566833,1.862606167793274,1.1456794738769531,1.177370548248291,1.6135871410369873,-0.042697079479694366,0.18491193652153015,1.0399307012557983,0.9754798412322998,-0.011577763594686985,-0.26141735911369324,-0.1576268970966339,-0.1429699957370758,2.0148613452911377,1.4830963611602783,1.392079472541809,1.6031146049499512,-1.8078163862228394,-0.26472383737564087,-0.04151241481304169,-1.262050986289978,1.4267770051956177,0.025224480777978897,0.37358027696609497,-0.34255290031433105,-2.1362195014953613,-2.93532133102417,1.2487956285476685,1.1646243333816528
816,16.32,0.0,0.30000001192092896,0.0,0.02195867896080017,0.3233812153339386,0.23007363080978394,0.1631186306476593,-0.12511765956878662,0.0941823273897171,1,0,1,1,0.4733811318874359,2.060136079788208,1.320263385772705,0.9612345695495605,2.3490493297576904,0.8062345385551453,1.6816600561141968,2.128222942352295,-0.12164980918169022,-1.7266156673431396,-1.2236461639404297,-0.8188484907150269,-0.11237527430057526,0.6810021996498108,1.1837304830551147,1.0042160749435425,0.7381923198699951,-0.03321504592895508,0.4044977128505707,0.6277791261672974,1.8590372800827026,1.0565543174743652,1.3080390691757202,1.5104379653930664,-0.07870608568191528,0.17833106219768524,1.0320966243743896,0.9573768973350525,4.662377978092991e-05,-0.21750286221504211,-0.14323627948760986,-0.12962950766086578,1.9709423780441284,1.4303086996078491,1.4054518938064575,1.613549828529358,-1.7594521045684814,-0.386557400226593,-0.6034559011459351,-0.7801299691200256,-0.04443354904651642,3.001664876937866,0.8691862225532532,1.452919363975525,-2.11053729057312,-2.1307778358459473,0.4095436632633209,0.07575329393148422
817,16.34,0.0,0.30000001192092896,0.0,-0.0462435781955719,0.32941895723342896,0.2704671025276184,0.6518993377685547,0.07580393552780151,0.19576627016067505,1,0,1,1,0.27524837851524353,1.9286515712738037,1.196946620941162,0.49873828887939453,2.19696044921875,0.901540219783783,1.5430866479873657,1.462052583694458,-0.13057857751846313,-1.767815113067627,-1.2255381345748901,-0.9161897897720337,-0.21144165098667145,0.6152599453926086,1.1220721006393433,0.7729679346084595,0.6621478796005249,0.01443779468536377,0.33521100878715515,0.2946939766407013,1.8545728921890259,1.0359545946121216,1.3070931434631348,1.4617671966552734,-0.12068846821784973,0.16778618097305298,1.0221593379974365,0.9327415823936462,9.334340575151145e-05,-0.15763147175312042,-0.11441314220428467,-0.09442056715488434,1.939130187034607,1.4013456106185913,1.4112169742584229,1.6088961362838745,-2.263923406600952,-0.6016671657562256,-0.38086915016174316,-1.5829824209213257,0.01880663074553013,3.0003952980041504,1.9551783800125122,2.033864974975586,-1.4086475372314453,-0.8618292212486267,0.15015746653079987,-0.4904804229736328
818,16.36,0.0,0.30000001192092896,0.0,-0.0004697442054748535,0.29023057222366333,0.07787291705608368,0.6288018226623535,1.0366854667663574,0.101436547935009,0,0,1,0,0.336770236492157,1.6192785501480103,1.1457531452178955,0.969744086265564,1.630614995956421,1.261786699295044,1.2465277910232544,-0.163838192820549,0.03738708049058914,-1.6353130340576172,-1.178915023803711,-0.9472086429595947,-0.18068072199821472,0.4605734348297119,1.09647536277771,1.0084707736968994,0.37897518277168274,0.19456103444099426,0.1869315803050995,-0.5182514190673828,1.9385557174682617,1.1022056341171265,1.3304046392440796,1.4462578296661377,-0.16461221873760223,0.15810926258563995,1.0202666521072388,0.9179778099060059,-2.7964783839706797e-06,-0.09766042977571487,-0.07087448239326477,-0.12829630076885223,1.9223403930664062,1.3938539028167725,1.414048194885254,1.569826602935791,-2.000746726989746,-0.39916306734085083,0.051803335547447205,-0.008025303483009338,6.59725337754935e-05,2.9978201389312744,2.3405187129974365,-2.9978859424591064,-0.40769848227500916,0.019188381731510162,0.11605571955442429,-2.985473871231079
819,16.38,0.0,0.30000001192092896,0.0,0.0015259236097335815,0.2555235028266907,0.07393071800470352,-0.055061548948287964,0.29945749044418335,0.12029056251049042,0,1,1,0,0.5218096375465393,1.062380313873291,1.0991319417953491,2.006370782852173,0.8662285804748535,1.2689687013626099,1.60970938205719,0.12764102220535278,0.727912187576294,-1.2218166589736938,-0.8793469071388245,-1.424763560295105,-0.08816102147102356,0.1821243166923523,1.073164701461792,1.5267841815948486,-0.003218024969100952,0.19815203547477722,0.36852237582206726,-0.3725118041038513,2.283818244934082,1.3089537620544434,1.4801887273788452,1.2074804306030273,-0.1825120598077774,0.14318235218524933,1.021304726600647,0.9331198930740356,-0.0004050103889312595,-0.06717737019062042,-0.03919388726353645,-0.1873588114976883,1.9730380773544312,1.3859965801239014,1.421356439590454,1.5097817182540894,-0.048103734850883484,-0.8455472588539124,-0.14989595115184784,1.3088009357452393,0.18124717473983765,-0.5155935883522034,0.26958781480789185,-3.031477451324463,3.000319004058838,-0.11927513778209686,0.7769737243652344,-2.999303102493286
820,16.4,0.0,0.30000001192092896,0.0,0.058063194155693054,0.23295694589614868,-0.027222879230976105,-0.19276456534862518,-0.15494757890701294,0.12553082406520844,0,1,1,0,0.792586624622345,1.06116783618927,0.7517662048339844,2.2592122554779053,1.1494697332382202,1.8621593713760376,1.8199206590652466,0.17935708165168762,0.7198694944381714,-1.2311691045761108,-0.766615629196167,-1.3155993223190308,0.04722747206687927,0.1815180778503418,0.8994818925857544,1.6532049179077148,0.1384025514125824,0.4947473704814911,0.4736280143260956,-0.3466537594795227,2.279796838760376,1.3042776584625244,1.5365543365478516,1.2620625495910645,-0.1501302421092987,0.1252710372209549,1.0140540599822998,0.9666945934295654,6.371119098957934e-08,-0.06525200605392456,-0.04447775334119797,-0.24682976305484772,2.033043384552002,1.3823750019073486,1.4414021968841553,1.4527971744537354,2.7911694049835205,-0.8779457211494446,-0.4926029145717621,1.9111738204956055,1.982408866751939e-05,0.3680165112018585,-0.7766594886779785,-2.982337474822998,3.0002315044403076,-0.1694869101047516,1.094814419746399,-2.5330514907836914
821,16.42,0.0,0.30000001192092896,0.0,0.048595279455184937,0.26883459091186523,-0.0990726500749588,-0.12174755334854126,-0.5014612674713135,0.04706137999892235,0,1,1,0,0.7901792526245117,0.8762890696525574,0.8089609742164612,2.2455661296844482,1.3218250274658203,1.6869945526123047,1.8463910818099976,0.4519364833831787,0.6272724866867065,-1.1658852100372314,-0.6086553931236267,-1.318871021270752,0.046023786067962646,0.08907869458198547,0.9280792474746704,1.6463818550109863,0.22458019852638245,0.40716496109962463,0.48686322569847107,-0.21036407351493835,2.2334983348846436,1.3369195461273193,1.6155344247817993,1.260426640510559,-0.09024018794298172,0.10628802329301834,0.9995096921920776,1.0041518211364746,-4.260462649341434e-09,-0.05545814707875252,-0.0711497887969017,-0.2805090844631195,2.0930447578430176,1.3791649341583252,1.4726465940475464,1.4126036167144775,3.0000438690185547,-0.9864837527275085,-0.9120200276374817,1.7730891704559326,2.1663105144398287e-05,0.5481925010681152,-1.6089674234390259,-0.6636057496070862,3.000087261199951,-0.18043439090251923,1.8293187618255615,-1.4777092933654785
822,16.44,0.0,0.30000001192092896,0.0,0.018708527088165283,0.29935184121131897,-0.1532905250787735,-0.023440927267074585,-0.5298341512680054,0.039416857063770294,0,1,1,0,1.0038021802902222,0.8365259170532227,0.8729792833328247,2.257645606994629,1.6609094142913818,1.7692193984985352,1.8664134740829468,0.5554391741752625,0.649665892124176,-1.1397976875305176,-0.511931300163269,-1.33832848072052,0.15283524990081787,0.06919711828231812,0.9600884318351746,1.6524215936660767,0.3941223919391632,0.44827738404273987,0.4968744218349457,-0.15861272811889648,2.2446951866149902,1.3499633073806763,1.6638965606689453,1.2506978511810303,-0.030239678919315338,0.08447463810443878,0.980353593826294,1.0338927507400513,-2.2024282397836714e-10,-0.04798642173409462,-0.1081286072731018,-0.2678462564945221,2.153046131134033,1.3766168355941772,1.5154396295547485,1.394531011581421,3.000002861022949,-1.1446583271026611,-0.9588079452514648,1.2090933322906494,2.3386803150060587e-05,0.2140357792377472,-1.8672616481781006,1.5425388813018799,3.000020742416382,-0.09664817899465561,2.2584986686706543,-0.4212650954723358
823,16.46,0.0,0.30000001192092896,0.0,-0.006626397371292114,0.3257409334182739,-0.176580548286438,0.03948447108268738,-0.33455801010131836,0.05471226945519447,0,1,1,0,1.231796145439148,0.814193844795227,0.819076657295227,2.3122901916503906,1.9163284301757812,1.848129391670227,1.8740535974502563,0.6475927233695984,0.6099897027015686,-1.1125876903533936,-0.47921833395957947,-1.3486768007278442,0.26683223247528076,0.05803108215332031,0.9331371188163757,1.6797438859939575,0.5218318700790405,0.4877323806285858,0.5006945133209229,-0.11253595352172852,2.2248570919036865,1.3635683059692383,1.680253028869629,1.2455236911773682,0.02975504659116268,0.06036551669239998,0.9618953466415405,1.0470242500305176,4.2419305827934295e-06,-0.049603939056396484,-0.1449107676744461,-0.21786068379878998,2.2060627937316895,1.3759098052978516,1.5629085302352905,1.393895149230957,2.9996330738067627,-1.2443335056304932,-0.8194015622138977,-0.06312747299671173,8.75501282280311e-05,-0.3063468039035797,-1.6514313220977783,3.0062832832336426,2.1917498111724854,-0.02200489491224289,2.357790946960449,0.25829997658729553
824,16.48,0.0,0.30000001192092896,0.0,0.016609638929367065,0.34394538402557373,-0.16371800005435944,0.02101736143231392,-0.011329644359648228,-0.01713278330862522,0,1,1,0,1.3398048877716064,0.7342789173126221,0.6960219144821167,2.3386142253875732,2.0392568111419678,1.83390474319458,1.8237419128417969,0.68312007188797,0.5185807347297668,-1.076999306678772,-0.5083004832267761,-1.35073721408844,0.32083660364151,0.018073618412017822,0.8716097474098206,1.6929059028625488,0.5832960605621338,0.48062005639076233,0.4755386412143707,-0.09477227926254272,2.179152488708496,1.3813624382019043,1.6657118797302246,1.2444934844970703,0.08939313888549805,0.03650961443781853,0.9452240467071533,1.043906331062317,5.603862518910319e-06,-0.06174205243587494,-0.17335723340511322,-0.15750563144683838,2.2254981994628906,1.377267837524414,1.6077485084533691,1.4030147790908813,2.914752960205078,-1.1186182498931885,-0.8391215205192566,-0.21808616816997528,-0.0002158393181161955,-0.769088864326477,-1.1038322448730469,3.014627456665039,0.06772161275148392,0.06954194605350494,2.040897846221924,0.5522881150245667
825,16.5,0.0,0.30000001192092896,0.0,0.017057865858078003,0.3177125155925751,-0.022745635360479355,0.2796109914779663,-0.39530500769615173,-0.10361061990261078,0,1,1,1,1.363787055015564,0.5907634496688843,0.5977194309234619,2.3140549659729004,1.9731340408325195,1.5705254077911377,1.7031866312026978,0.9539552927017212,0.3700650930404663,-1.1119506359100342,-0.5769244432449341,-1.3375831842422485,0.33282768726348877,-0.053684115409851074,0.8224585056304932,1.6806262731552124,0.5502346754074097,0.34893038868904114,0.41526100039482117,0.040645331144332886,2.1048946380615234,1.363886833190918,1.6313998699188232,1.251070499420166,0.1415029615163803,0.01373203657567501,0.9256150126457214,1.0386645793914795,-1.1728620847861748e-05,-0.07561339437961578,-0.18988211452960968,-0.11041080951690674,2.1971726417541504,1.3796169757843018,1.643356204032898,1.4175539016723633,2.294886589050293,-1.1081390380859375,-1.3451690673828125,-0.12861990928649902,0.11450167000293732,0.20893976092338562,-0.605678915977478,-0.03692132607102394,-2.2801835536956787,0.14181561768054962,1.4239118099212646,1.8541030883789062
826,16.52,0.0,0.30000001192092896,0.0,0.07226763665676117,0.20720216631889343,0.05584019795060158,0.5531581044197083,0.46795183420181274,0.0005758409388363361,1,0,1,1,1.0030494928359985,0.7792532444000244,0.8124673962593079,1.6420711278915405,1.9229981899261475,-0.053836673498153687,1.0741411447525024,1.9158225059509277,-0.07921051234006882,-1.2455918788909912,-0.6935511231422424,-1.2952004671096802,0.15245890617370605,0.040560781955718994,0.9298324584960938,1.3446342945098877,0.5251667499542236,-0.46325063705444336,0.10073825716972351,0.5215789079666138,1.8802568912506104,1.2970662117004395,1.5730866193771362,1.2722618579864502,0.17186859250068665,0.0004188457678537816,0.9040527939796448,1.0276286602020264,3.033019311260432e-05,-0.12470455467700958,-0.17606227099895477,-0.11021546274423599,2.1563165187835693,1.3939777612686157,1.6571520566940308,1.446869969367981,0.43587037920951843,-0.33235105872154236,-0.5360866785049438,-0.6394782662391663,-0.03167562559247017,-2.9662349224090576,1.4823333024978638,0.05496247112751007,-0.9145510792732239,0.9610836505889893,-0.3595760464668274,1.113011360168457
827,16.54,0.0,0.30000001192092896,0.0,0.0920691192150116,0.2724508047103882,0.1148156002163887,-0.047245826572179794,0.028753556311130524,0.019383540377020836,1,0,0,1,0.6568236351013184,1.289294719696045,1.3465893268585205,0.8709279298782349,2.4929323196411133,-0.5839442014694214,-0.5504813194274902,1.4203882217407227,-0.36616528034210205,-1.287706971168518,-1.0149688720703125,-0.8307778835296631,-0.020654022693634033,0.29558151960372925,1.1968934535980225,0.9590627551078796,0.8101338148117065,-0.728304386138916,-0.7115730047225952,0.2738617956638336,1.7367794513702393,1.2760086059570312,1.4123777151107788,1.5044732093811035,0.14726489782333374,0.012470683082938194,0.9100421667098999,1.0203320980072021,0.00041856704046949744,-0.18414191901683807,-0.21882525086402893,-0.11102887243032455,2.1369402408599854,1.4136030673980713,1.6089885234832764,1.46761155128479,-1.7100050449371338,1.3121060132980347,0.8313353657722473,-0.2476295530796051,0.02850859984755516,-2.984715461730957,-2.972662925720215,0.18356794118881226,-1.1939458847045898,0.8493991494178772,-2.9987878799438477,1.0507724285125732
828,16.56,0.0,0.30000001192092896,0.0,0.04233233630657196,0.2942975163459778,0.09176085889339447,-0.0902518481016159,-0.020843714475631714,-0.05100322514772415,1,0,0,1,0.7600265741348267,1.4299437999725342,1.7523078918457031,0.8448852300643921,2.212615489959717,0.059775032103061676,-0.2993634045124054,1.3645198345184326,0.17807693779468536,-0.414429634809494,-1.4821527004241943,-0.7516952157020569,0.030947446823120117,0.3659060597419739,1.3997527360916138,0.9460414052009583,0.6699753999710083,-0.406444787979126,-0.5860140323638916,0.2459276020526886,2.0089006423950195,1.7126473188400269,1.178785800933838,1.544014573097229,0.11081785708665848,0.05149294063448906,0.9373297691345215,1.0149726867675781,9.764922879185178e-07,-0.24446317553520203,-0.278127521276474,-0.10874740034341812,2.116525888442993,1.468804955482483,1.5490249395370483,1.4887135028839111,-1.9024018049240112,2.351072311401367,1.74089515209198,-0.3038376569747925,0.027219949290156364,-3.0031204223632812,-2.9771535396575928,0.12749908864498138,-1.0100347995758057,2.997694253921509,-2.998850107192993,1.007491111755371
829,16.580000000000002,0.0,0.30000001192092896,0.0,0.04294337332248688,0.2820788621902466,0.08838682621717453,-0.3238803744316101,-0.27237287163734436,0.017050519585609436,1,0,0,1,0.8991255760192871,1.4910051822662354,1.683448314666748,1.0692627429962158,2.1867294311523438,0.39138853549957275,0.35966649651527405,1.4552503824234009,0.2607317566871643,-0.3266991972923279,-1.494383692741394,-0.6480602622032166,0.10049694776535034,0.39643675088882446,1.3653229475021362,1.0582301616668701,0.6570323705673218,-0.24063804745674133,-0.2564990520477295,0.29129287600517273,2.0502281188964844,1.7565125226974487,1.1726703643798828,1.5958319902420044,0.08066252619028091,0.10148598253726959,0.9764458537101746,1.011182427406311,-0.0006310740718618035,-0.28126123547554016,-0.3161628246307373,-0.10617084801197052,2.096872091293335,1.5287717580795288,1.4889954328536987,1.5079983472824097,-1.1688257455825806,2.4927029609680176,2.046401023864746,-0.10165463387966156,-0.02462843619287014,-0.8899089097976685,-1.019081711769104,0.23182335495948792,-1.0725972652435303,2.9998083114624023,-3.0019571781158447,0.8729221224784851
830,16.6,0.0,0.30000001192092896,0.0,0.019954979419708252,0.33126309514045715,0.06938407570123672,-0.2302449494600296,-0.15740126371383667,0.027980828657746315,1,0,0,1,0.6783434748649597,1.6571671962738037,1.6532081365585327,0.833657443523407,2.3211910724639893,0.44807103276252747,0.8295443058013916,1.5618183612823486,0.28223156929016113,-0.6853592991828918,-1.4208050966262817,-0.5811687707901001,-0.009894102811813354,0.47951775789260864,1.3502027988433838,0.9404275417327881,0.7242631912231445,-0.21229679882526398,-0.02156016230583191,0.3445768654346466,2.0609779357910156,1.5771825313568115,1.2094595432281494,1.6292777061462402,0.05150653049349785,0.14635193347930908,1.0146981477737427,1.0051995515823364,-0.0008920325199142098,-0.2807067632675171,-0.2810729444026947,-0.1045694574713707,2.0764570236206055,1.5750296115875244,1.4330739974975586,1.5285186767578125,-1.6305863857269287,1.938286542892456,1.7346011400222778,-0.40620172023773193,-0.07936685532331467,0.777488112449646,3.002047538757324,0.09567520767450333,-1.0073305368423462,1.676542043685913,-2.3484323024749756,1.0907319784164429
831,16.62,0.0,0.30000001192092896,0.0,-0.004879415035247803,0.36121445894241333,0.030859457328915596,-0.31627339124679565,-0.2164822518825531,0.05824759602546692,1,0,0,1,0.6940472722053528,1.7880222797393799,1.703372836112976,0.8660063743591309,2.1633095741271973,0.2621632516384125,0.6823844909667969,1.4996141195297241,0.2107100933790207,-1.057450771331787,-1.3314088582992554,-0.6135926842689514,-0.0020422041416168213,0.5449452996253967,1.3752851486206055,0.9566019773483276,0.6453224420547485,-0.30525070428848267,-0.09514006972312927,0.31347474455833435,2.025217294692993,1.3911367654800415,1.2541577816009521,1.6130658388137817,0.018807392567396164,0.17616966366767883,1.0433096885681152,0.9956659078598022,-0.0045892829075455666,-0.26753702759742737,-0.22059482336044312,-0.10628857463598251,2.0588886737823486,1.559074878692627,1.4014863967895508,1.5529547929763794,-1.5881922245025635,1.077594518661499,1.1487501859664917,-0.5225566625595093,-0.22355592250823975,0.5078189373016357,3.015767812728882,-0.10055951774120331,-0.8756423592567444,-2.3918375968933105,-0.927658200263977,1.2587865591049194
832,16.64,0.0,0.30000001192092896,0.0,-0.021634280681610107,0.43974220752716064,0.0627581924200058,-0.5312091708183289,-0.23916226625442505,0.02738458290696144,1,0,0,1,0.5437261462211609,1.8892358541488647,1.562734842300415,0.7742664217948914,2.230550765991211,0.3829849362373352,1.1067131757736206,1.6155931949615479,-0.022406019270420074,-1.335745096206665,-1.3747955560684204,-0.6079950332641602,-0.07720276713371277,0.5955520868301392,1.3049662113189697,0.9107320308685303,0.6789430379867554,-0.2448398470878601,0.11702427268028259,0.3714642822742462,1.9086591005325317,1.2519896030426025,1.23246431350708,1.615864634513855,-0.016544215381145477,0.18848860263824463,1.0457825660705566,0.9849825501441956,-0.004100395832210779,-0.2506510317325592,-0.16001753509044647,-0.11027577519416809,2.03619122505188,1.50048828125,1.3945848941802979,1.5799453258514404,-1.774745225906372,0.215876504778862,-0.17149293422698975,-0.5959466099739075,0.2500436007976532,1.0132704973220825,3.022840976715088,-0.12479528039693832,-1.3893184661865234,-3.0031356811523438,0.08270286023616791,1.3213388919830322
833,16.66,0.0,0.30000001192092896,0.0,0.05694526433944702,0.4032144546508789,0.1499704122543335,-0.025211989879608154,0.22142420709133148,0.20067815482616425,1,0,1,1,0.5188252329826355,1.9991005659103394,1.426100254058838,0.8424162268638611,2.211998224258423,0.3290987014770508,1.2661521434783936,1.757891058921814,-0.2594854533672333,-1.7426271438598633,-1.4472846984863281,-0.6528034210205078,-0.08965322375297546,0.6504844427108765,1.2366489171981812,0.9448069334030151,0.6696667671203613,-0.2717829644680023,0.19674375653266907,0.4426132142543793,1.7901194095611572,1.0485485792160034,1.196219801902771,1.5934604406356812,-0.05074320361018181,0.18615850806236267,1.0384595394134521,0.9669837355613708,0.00012064166367053986,-0.24033667147159576,-0.13715608417987823,-0.1120917871594429,1.9916720390319824,1.4460984468460083,1.408721923828125,1.605460286140442,-1.722226619720459,-0.38784337043762207,-0.4183211028575897,-1.1158227920532227,-0.058636248111724854,0.176404669880867,0.6743629574775696,0.24888254702091217,-2.640700340270996,-2.3160128593444824,0.8200051784515381,1.174093246459961
834,16.68,0.0,0.30000001192092896,0.0,0.027018636465072632,0.3598725199699402,0.2472621649503708,0.21219594776630402,-0.12166083604097366,0.10085367411375046,1,0,1,1,0.34815195202827454,2.077133893966675,1.3211076259613037,0.8633338212966919,2.1195454597473145,0.8636234402656555,1.6981452703475952,2.0644917488098145,-0.13745790719985962,-2.000232219696045,-1.1743398904800415,-0.9068185687065125,-0.17498986423015594,0.6895011067390442,1.184152603149414,0.9552657008171082,0.6234403848648071,-0.004520595073699951,0.4127403199672699,0.5959135293960571,1.8511332273483276,0.9197460412979126,1.3326921463012695,1.4664528369903564,-0.09262046217918396,0.17768427729606628,1.0260721445083618,0.9478858113288879,2.3984990548342466e-05,-0.19533975422382355,-0.12218387424945831,-0.08963192254304886,1.9457368850708008,1.4092919826507568,1.4215188026428223,1.6146804094314575,-2.2784969806671143,-0.4258134365081787,-0.7296606302261353,-0.9045875668525696,-0.0007359981536865234,2.9973387718200684,1.0343949794769287,1.6814161539077759,-2.218125581741333,-1.2855960130691528,0.4026787579059601,-0.0037485510110855103
835,16.7,0.0,0.30000001192092896,0.0,-0.045944780111312866,0.3445284962654114,0.274096816778183,0.6019834280014038,0.08051276206970215,0.13500744104385376,1,0,1,1,0.22967246174812317,1.8905518054962158,1.1901144981384277,0.5515322089195251,1.8078160285949707,1.0631718635559082,1.5668060779571533,1.1303610801696777,-0.18157844245433807,-1.989863395690918,-1.1683517694473267,-0.9703322649002075,-0.23422960937023163,0.5962100625038147,1.118656039237976,0.7993649244308472,0.46757569909095764,0.09525361657142639,0.34707072377204895,0.12884822487831116,1.8290729522705078,0.9249304533004761,1.335686206817627,1.4346959590911865,-0.14285989105701447,0.16776670515537262,1.013628602027893,0.9219470024108887,1.691399302217178e-05,-0.13549822568893433,-0.0915093645453453,-0.0526248924434185,1.9080990552902222,1.3955495357513428,1.4267181158065796,1.6083048582077026,-2.6273248195648193,-0.5251531600952148,-0.5089783072471619,-1.5798588991165161,0.0022467041853815317,2.998655080795288,1.9507399797439575,2.038954973220825,-1.8209782838821411,-0.21797406673431396,0.12648218870162964,-0.582854151725769
836,16.72,0.0,0.30000001192092896,0.0,-0.0005737245082855225,0.29591086506843567,0.07937362790107727,0.5456029772758484,1.0045325756072998,0.04907936975359917,0,0,1,0,0.27873900532722473,1.5379397869110107,1.1237865686416626,0.9807531237602234,1.2113138437271118,1.3801250457763672,1.3595054149627686,-0.3724994361400604,-0.03209920972585678,-1.8328557014465332,-1.1228299140930176,-0.956413984298706,-0.20969633758068085,0.41990405321121216,1.0854921340942383,1.0139753818511963,0.1693246066570282,0.2537302076816559,0.24342039227485657,-0.6225820183753967,1.9038125276565552,1.0034343004226685,1.3584471940994263,1.441655158996582,-0.19221411645412445,0.15961100161075592,1.0103198289871216,0.9093882441520691,-3.544682840583846e-06,-0.07551790773868561,-0.04834466800093651,-0.09384819865226746,1.8860738277435303,1.397249460220337,1.4290767908096313,1.5677345991134644,-2.2189319133758545,-0.34323856234550476,-0.020710285753011703,0.1845274567604065,7.343573815887794e-05,2.9992594718933105,2.265462636947632,-3.0038394927978516,-0.5815187692642212,0.3201998770236969,0.0898439958691597,-3.0003440380096436
837,16.740000000000002,0.0,0.30000001192092896,0.0,0.0042008161544799805,0.24442656338214874,0.03188668563961983,0.03719978779554367,0.08496882766485214,0.1369590014219284,0,1,1,0,0.4839015305042267,1.0693506002426147,1.0832349061965942,2.0195693969726562,0.531380295753479,1.341410756111145,1.7034047842025757,-0.03448394685983658,0.6785362362861633,-1.3142077922821045,-0.860438883304596,-1.3861291408538818,-0.10711507499217987,0.18560945987701416,1.065216302871704,1.5333834886550903,-0.1706421673297882,0.2343730628490448,0.41537007689476013,-0.4535742998123169,2.2591302394866943,1.2627582550048828,1.4896427392959595,1.2267975807189941,-0.21128131449222565,0.1438663899898529,1.0083016157150269,0.9284490346908569,-0.03223579749464989,-0.04434797912836075,-0.02213861048221588,-0.15295837819576263,1.9364352226257324,1.3929637670516968,1.438790202140808,1.5077062845230103,-0.004080839455127716,-1.0047060251235962,-0.3449881672859192,1.505835771560669,-2.4206764698028564,-0.4922069013118744,-0.08670336753129959,-3.015970468521118,3.0003390312194824,0.1239217072725296,0.9462849497795105,-2.9992547035217285
838,16.76,0.0,0.30000001192092896,0.0,0.05610311031341553,0.22545456886291504,-0.041095152497291565,-0.22429096698760986,-0.05783355236053467,0.1115698590874672,0,1,1,0,0.6461157202720642,1.045892596244812,0.7594658732414246,2.2150213718414307,0.8652296662330627,1.822851538658142,1.8588250875473022,0.004768515005707741,0.7877486944198608,-1.2717995643615723,-0.7793635129928589,-1.2772318124771118,-0.02600798010826111,0.1738804578781128,0.9033317565917969,1.6311094760894775,-0.003717482089996338,0.47509345412254333,0.4930802285671234,-0.4339480698108673,2.3137364387512207,1.283962368965149,1.5301804542541504,1.2812461853027344,-0.18479275703430176,0.12575899064540863,1.000117540359497,0.9657878875732422,-0.05907674506306648,-0.044904548674821854,-0.02983245998620987,-0.21269023418426514,1.9964423179626465,1.392277717590332,1.4596980810165405,1.4507853984832764,2.253964424133301,-0.7813475131988525,-0.41704440116882324,2.079801559448242,-0.45978644490242004,0.17369575798511505,-0.7177205681800842,-2.992311477661133,3.0003232955932617,-0.07646805793046951,1.048508882522583,-2.521728038787842
839,16.78,0.0,0.30000001192092896,0.0,0.06258927285671234,0.2700423300266266,-0.09756825119256973,-0.3498131334781647,-0.18636798858642578,0.056333109736442566,0,1,1,0,0.7486709356307983,0.8683050274848938,0.7407844066619873,2.223202705383301,1.1330060958862305,1.701806902885437,1.8701653480529785,0.36073118448257446,0.6398018002510071,-1.2341065406799316,-0.6068858504295349,-1.299086093902588,0.025269627571105957,0.08508667349815369,0.8939909934997559,1.6352001428604126,0.13017073273658752,0.4145711362361908,0.49875035881996155,-0.2559667229652405,2.239763021469116,1.3028088808059692,1.6164191961288452,1.2703191041946411,-0.1268555074930191,0.10958694666624069,0.9894711971282959,1.0059318542480469,-0.04191017895936966,-0.04019508883357048,-0.05288641154766083,-0.26146718859672546,2.0564463138580322,1.3912599086761475,1.4887100458145142,1.4119802713394165,3.000413417816162,-0.7937721014022827,-0.6317445039749146,1.883073091506958,1.7506104707717896,0.2946874499320984,-1.370876431465149,-1.899124026298523,3.0001416206359863,-0.11287818849086761,1.6026636362075806,-1.3834095001220703
840,16.8,0.0,0.30000001192092896,0.0,0.02811354398727417,0.30875036120414734,-0.17023250460624695,-0.0988873839378357,-0.5812863111495972,0.030723562464118004,0,1,1,0,0.9921435713768005,0.8342638611793518,0.8117637634277344,2.344418525695801,1.4009792804718018,1.6854479312896729,1.8259143829345703,0.6995633840560913,0.5199345946311951,-1.1871073246002197,-0.4871774911880493,-1.3292686939239502,0.14700594544410706,0.06806609034538269,0.9294806718826294,1.6958080530166626,0.26415732502937317,0.4063916504383087,0.47662487626075745,-0.08655062317848206,2.1798293590545654,1.3263084888458252,1.6762733459472656,1.25522780418396,-0.06685760617256165,0.09135890007019043,0.9740349650382996,1.0373421907424927,2.6489180982025573e-06,-0.0346280075609684,-0.08667256683111191,-0.25717753171920776,2.116361141204834,1.388465166091919,1.5283801555633545,1.3940889835357666,2.9944067001342773,-1.0243877172470093,-0.8760635852813721,1.264587640762329,0.7763116359710693,0.28622162342071533,-1.8831117153167725,1.8712719678878784,3.000011444091797,-0.16599290072917938,2.1592154502868652,-0.44534584879875183
841,16.82,0.0,0.30000001192092896,0.0,0.00026804208755493164,0.3413490056991577,-0.2025827318429947,-0.005551457405090332,-0.3932874798774719,0.04639027267694473,0,1,1,0,1.2707847356796265,0.8047418594360352,0.7780670523643494,2.309779644012451,1.8816215991973877,1.8749275207519531,1.896583914756775,0.6674180030822754,0.5620806813240051,-1.1408072710037231,-0.45037880539894104,-1.3541971445083618,0.28632652759552,0.053305089473724365,0.9126323461532593,1.6784886121749878,0.5044784545898438,0.5011314153671265,0.5119596719741821,-0.10262331366539001,2.2009024620056152,1.3494584560394287,1.694672703742981,1.2427635192871094,-0.006865139119327068,0.065912164747715,0.953586757183075,1.0469752550125122,3.915731667802902e-06,-0.035491470247507095,-0.12862586975097656,-0.20302796363830566,2.1723105907440186,1.3891679048538208,1.579399585723877,1.3934755325317383,2.9996755123138428,-1.2894203662872314,-0.9472413063049316,-0.0734267309308052,0.00013669313921127468,-0.30517518520355225,-1.9066435098648071,3.006430149078369,2.4286115169525146,0.07400409132242203,2.5341429710388184,0.2866784930229187
842,16.84,0.0,0.30000001192092896,0.0,0.016885489225387573,0.3546815514564514,-0.18635179102420807,-0.03993646800518036,-0.015023097395896912,-0.023329386487603188,0,1,1,0,1.362122893333435,0.7559113502502441,0.7018262147903442,2.359161138534546,2.010704755783081,1.8527705669403076,1.834470272064209,0.7067505717277527,0.5153024792671204,-1.0962910652160645,-0.49475133419036865,-1.355385422706604,0.3319956064224243,0.028889834880828857,0.8745118975639343,1.7031793594360352,0.5690200328826904,0.4900529682636261,0.4809028208255768,-0.08295702934265137,2.177513360977173,1.3717166185379028,1.6724865436553955,1.2421693801879883,0.05312393978238106,0.04162107780575752,0.9353765249252319,1.043616771697998,5.172738838155055e-06,-0.048115793615579605,-0.16130970418453217,-0.14272251725196838,2.2022125720977783,1.392035722732544,1.6273912191390991,1.4029510021209717,2.9995200634002686,-1.12103271484375,-0.8714452981948853,-0.23353783786296844,-0.00012083054753020406,-0.8105765581130981,-1.2755656242370605,3.0074479579925537,0.7410423755645752,0.13545943796634674,2.1832633018493652,0.5618838667869568
843,16.86,0.0,0.30000001192092896,0.0,0.0870722234249115,0.3927156925201416,-0.1045178472995758,0.15371476113796234,-0.11839717626571655,0.0006682176608592272,0,1,1,1,1.3910024166107178,0.5878252387046814,0.5624187588691711,2.3212971687316895,1.9430415630340576,1.605793833732605,1.7228472232818604,0.946628212928772,0.3443521559238434,-1.125580906867981,-0.5638118386268616,-1.3358170986175537,0.3464353680610657,-0.055153220891952515,0.8048081398010254,1.684247374534607,0.5351884365081787,0.3665646016597748,0.42509129643440247,0.036981791257858276,2.092038154602051,1.3570716381072998,1.6379562616348267,1.2519536018371582,0.11136746406555176,0.01603786274790764,0.9146217703819275,1.036673665046692,5.394098479882814e-06,-0.06437657028436661,-0.18102195858955383,-0.09986760467290878,2.184281349182129,1.3952815532684326,1.6653752326965332,1.3990167379379272,2.7517054080963135,-1.5156683921813965,-1.3459123373031616,-0.5107453465461731,-0.00043911600369028747,-0.501454770565033,-0.719771146774292,0.5758751034736633,-1.9253968000411987,0.027833685278892517,1.5844603776931763,-1.378281593322754
844,16.88,0.0,0.30000001192092896,0.0,0.07450554519891739,0.243536576628685,0.05549683794379234,0.42182308435440063,0.46779680252075195,0.08035584539175034,1,0,1,1,1.1457895040512085,0.6671244502067566,0.8056053519248962,1.730505347251892,1.8916014432907104,0.5224220156669617,1.2013558149337769,1.7018060684204102,0.24699364602565765,-1.1399507522583008,-0.6145905256271362,-1.2867988348007202,0.22382891178131104,-0.015503615140914917,0.9264014959335327,1.3888514041900635,0.5094684362411499,-0.17512130737304688,0.16434559226036072,0.41457071900367737,2.0433590412139893,1.3498867750167847,1.6125669479370117,1.2764627933502197,0.15947002172470093,-0.007103549316525459,0.889665424823761,1.0275936126708984,0.000981121207587421,-0.08959127962589264,-0.17618288099765778,-0.09762110561132431,2.1331324577331543,1.4017524719238281,1.6852840185165405,1.43227219581604,1.3659615516662598,-1.100354552268982,-1.0685824155807495,-0.7939006686210632,0.7748582363128662,-1.631481647491455,1.1818522214889526,0.032544225454330444,0.02418041229248047,0.526100218296051,0.484108567237854,1.3570541143417358
845,16.9,0.0,0.30000001192092896,0.0,0.10337605327367783,0.2527577877044678,0.12087217718362808,-0.22178338468074799,-0.042812228202819824,0.08809881657361984,1,0,0,1,0.6567173600196838,1.2700798511505127,1.1633803844451904,0.9648362398147583,2.468817949295044,-0.7304738163948059,-0.2704330384731293,1.5796750783920288,-0.6112057566642761,-1.4636662006378174,-0.983424723148346,-0.9222790598869324,-0.020707160234451294,0.28597408533096313,1.1052889823913574,1.0060169696807861,0.7980766296386719,-0.8015692234039307,-0.5715488195419312,0.3535052239894867,1.6142592430114746,1.1880290508270264,1.4281498193740845,1.4587225914001465,0.14353755116462708,-0.004620982799679041,0.8900828957557678,1.0189710855484009,0.0002505062147974968,-0.1479598581790924,-0.21426396071910858,-0.1034199446439743,2.104652166366577,1.4160927534103394,1.6415562629699707,1.4556457996368408,-1.5061864852905273,1.0256173610687256,0.7288018465042114,-0.18742626905441284,-0.2782959043979645,-2.992464065551758,-3.000225305557251,0.038525935262441635,-2.085101366043091,0.6588729023933411,-2.995938301086426,1.02165687084198
846,16.92,0.0,0.30000001192092896,0.0,0.009076684713363647,0.3204883933067322,0.06458599120378494,-0.005659699440002441,0.063852459192276,-0.06741191446781158,1,0,0,1,0.602093517780304,1.471103310585022,1.7285468578338623,0.672886073589325,2.308366537094116,-0.004190973937511444,-0.3583239018917084,1.3757846355438232,0.2166055291891098,-0.5246638059616089,-1.4381064176559448,-0.7546518445014954,-0.048019081354141235,0.3864858150482178,1.3878722190856934,0.8600418567657471,0.717850923538208,-0.43842780590057373,-0.6154942512512207,0.2515600025653839,2.028164863586426,1.6575303077697754,1.2008090019226074,1.5425362586975098,0.10413730889558792,0.03166782855987549,0.9178084135055542,1.01204514503479,-0.0005134604871273041,-0.20856958627700806,-0.2735317647457123,-0.10363595932722092,2.0830469131469727,1.468120813369751,1.5816459655761719,1.4782519340515137,-2.2167606353759766,2.3719184398651123,1.8450785875320435,-0.5297766923904419,0.01733839511871338,-3.0202417373657227,-2.969611644744873,-0.029828693717718124,-0.7671045064926147,2.994142770767212,-2.995847702026367,1.1448639631271362
847,16.94,0.0,0.30000001192092896,0.0,0.021726548671722412,0.2747373580932617,0.04721282050013542,-0.2882244884967804,-0.1785735785961151,0.0936000868678093,1,0,0,1,0.9673447608947754,1.4321786165237427,1.6770524978637695,1.1355632543563843,2.1654934883117676,0.28758686780929565,0.2466568946838379,1.4414949417114258,0.2034321278333664,-0.23346179723739624,-1.4637612104415894,-0.6645274758338928,0.13460654020309448,0.3670234680175781,1.362125039100647,1.0913803577423096,0.6464143991470337,-0.2925388813018799,-0.31300386786460876,0.2844151556491852,2.021578311920166,1.8031312227249146,1.1879816055297852,1.587598443031311,0.07243692129850388,0.08413830399513245,0.9619484543800354,1.0035234689712524,-0.0016352888196706772,-0.259786993265152,-0.3213299810886383,-0.10633838921785355,2.067551851272583,1.5281211137771606,1.5215951204299927,1.5008269548416138,-1.0462019443511963,2.6989758014678955,2.3990814685821533,-0.33586594462394714,-0.059152618050575256,-2.098895311355591,-1.868359088897705,-0.06970679759979248,-0.8640251159667969,3.0013835430145264,-3.003201484680176,1.0207189321517944
848,16.96,0.0,0.30000001192092896,0.0,0.018562644720077515,0.30622273683547974,0.044560469686985016,-0.26495736837387085,-0.24269425868988037,-0.0007981102680787444,1,0,0,1,0.6923927664756775,1.6330188512802124,1.6159961223602295,0.96555095911026,2.3095216751098633,0.5132887959480286,0.9095486402511597,1.552103042602539,0.26245084404945374,-0.5130307674407959,-1.4165269136428833,-0.5738933682441711,-0.0028694570064544678,0.467443585395813,1.331596851348877,1.0063742399215698,0.7184284925460815,-0.17968791723251343,0.018442004919052124,0.3397192060947418,2.0510876178741455,1.663346767425537,1.2115986347198486,1.6329154968261719,0.04698476195335388,0.13598544895648956,1.006698727607727,0.9970207214355469,-0.0037991509307175875,-0.27396395802497864,-0.2921256721019745,-0.10795170068740845,2.051074266433716,1.5880151987075806,1.4621367454528809,1.5225204229354858,-1.3873599767684937,2.378769636154175,2.017824411392212,-0.25610262155532837,-0.2276199460029602,0.43423986434936523,3.0024614334106445,0.059319354593753815,-0.813612699508667,2.98398494720459,-2.817107677459717,1.049757957458496
849,16.98,0.0,0.30000001192092896,0.0,-0.0076989829540252686,0.34443145990371704,-0.008644450455904007,-0.32421964406967163,-0.28185054659843445,0.051905255764722824,1,0,0,1,0.6993246674537659,1.740225076675415,1.692631483078003,0.8376860022544861,2.1750402450561523,0.2639615535736084,0.6630237102508545,1.4916253089904785,0.2305363565683365,-0.96565842628479,-1.2897124290466309,-0.5716500878334045,0.0005964934825897217,0.5210466980934143,1.3699145317077637,0.9424418210983276,0.6511877775192261,-0.3043515384197235,-0.10482046008110046,0.30948033928871155,2.035130262374878,1.43703293800354,1.2750059366226196,1.6340371370315552,0.018596895039081573,0.17366431653499603,1.0407248735427856,0.9897648692131042,-0.011830586940050125,-0.26685696840286255,-0.23164495825767517,-0.11143505573272705,2.038532018661499,1.5887117385864258,1.418052077293396,1.5477441549301147,-1.4050471782684326,1.4136840105056763,1.3996399641036987,-0.44098174571990967,-0.4743967056274414,0.2464405596256256,3.0143661499023438,-0.222417950630188,-0.5941628813743591,-1.9495043754577637,-1.604314923286438,1.3304580450057983
850,17.0,0.0,0.30000001192092896,0.0,-0.031729668378829956,0.4358070492744446,0.015472130849957466,-0.5078433156013489,-0.27241241931915283,0.035499799996614456,1,0,0,1,0.538740873336792,1.8573293685913086,1.5783871412277222,0.7169269919395447,2.2502572536468506,0.3957133889198303,1.0785971879959106,1.6106493473052979,0.018337063491344452,-1.207355260848999,-1.330065369606018,-0.5660008192062378,-0.07969540357589722,0.5795988440513611,1.3127923011779785,0.8820623159408569,0.6887962818145752,-0.23847562074661255,0.10296627879142761,0.3689923584461212,1.9290306568145752,1.3161845207214355,1.2548294067382812,1.636861801147461,-0.014426840469241142,0.19107455015182495,1.046514630317688,0.9795278310775757,-0.01706264540553093,-0.2530229687690735,-0.17109163105487823,-0.11863263696432114,2.022184371948242,1.5314805507659912,1.3991789817810059,1.5775212049484253,-1.718522548675537,0.40005308389663696,-0.11397943645715714,-0.6212658882141113,-0.04636583849787712,0.9377954006195068,3.021700382232666,-0.3129812479019165,-1.0597634315490723,-3.0038809776306152,-0.4142010807991028,1.4816975593566895
851,17.02,0.0,0.30000001192092896,0.0,0.06182307004928589,0.3905753791332245,0.13314983248710632,0.04374608397483826,0.4991355836391449,0.21610330045223236,1,0,1,1,0.5144554376602173,1.9933363199234009,1.4294159412384033,0.8309438228607178,2.2453174591064453,0.3326812982559204,1.2851892709732056,1.7659268379211426,-0.2510105073451996,-1.6427717208862305,-1.4165853261947632,-0.6223807334899902,-0.09183812141418457,0.6476023197174072,1.2383067607879639,0.9390707015991211,0.6863263845443726,-0.2699916660785675,0.20626232028007507,0.4466311037540436,1.7943569421768188,1.0984762907028198,1.2115695476531982,1.60867178440094,-0.048708874732255936,0.1916448324918747,1.0430073738098145,0.9599727392196655,0.0001006566162686795,-0.2439970076084137,-0.15083585679531097,-0.12721411883831024,1.982221007347107,1.4721131324768066,1.4144858121871948,1.6059174537658691,-1.7661327123641968,-0.30411458015441895,-0.4008599519729614,-1.0956979990005493,0.09548825025558472,0.06221531331539154,0.2626879811286926,0.1277889758348465,-2.7120862007141113,-2.8362507820129395,0.2734107971191406,1.2124258279800415
852,17.04,0.0,0.30000001192092896,0.0,0.029026836156845093,0.34874147176742554,0.22756479680538177,0.3239842355251312,-0.022193878889083862,0.09093731641769409,1,0,1,1,0.33269327878952026,2.074885845184326,1.3915519714355469,0.8433569073677063,2.1387720108032227,0.9353304505348206,1.67147696018219,2.032522439956665,-0.08490514010190964,-1.7962183952331543,-1.1633594036102295,-0.8604209423065186,-0.18271920084953308,0.6883770823478699,1.2193747758865356,0.945277214050293,0.6330536603927612,0.03133291006088257,0.39940616488456726,0.5799288749694824,1.87740957736969,1.021752953529358,1.3381824493408203,1.4896516799926758,-0.09221991896629333,0.18400554358959198,1.031554102897644,0.9395552277565002,6.477814167737961e-06,-0.19591492414474487,-0.132600799202919,-0.10800565779209137,1.9404323101043701,1.4228366613388062,1.4232194423675537,1.6175721883773804,-2.376084327697754,-0.4242909252643585,-0.696691632270813,-0.9970958232879639,0.002412525936961174,2.996110439300537,1.2037813663482666,1.5366774797439575,-1.8694010972976685,-1.9190508127212524,0.38463079929351807,0.10606858879327774
853,17.06,0.0,0.30000001192092896,0.0,-0.05224418640136719,0.33300942182540894,0.27274858951568604,0.7268170118331909,0.13285112380981445,0.1017872616648674,1,0,1,1,0.24299804866313934,1.8385396003723145,1.1917577981948853,0.5303923487663269,1.7233984470367432,1.1115655899047852,1.6016262769699097,1.027630090713501,-0.15938659012317657,-1.8844668865203857,-1.1401265859603882,-0.9818216562271118,-0.22756680846214294,0.570203959941864,1.1194777488708496,0.788794994354248,0.42536690831184387,0.11945047974586487,0.3644808232784271,0.07748273015022278,1.840168833732605,0.9776287078857422,1.3497989177703857,1.4289512634277344,-0.1413836032152176,0.17367780208587646,1.0195019245147705,0.9121350646018982,6.369986658683047e-05,-0.1361575722694397,-0.09757579118013382,-0.07260192185640335,1.9090821743011475,1.3981248140335083,1.4276286363601685,1.612199068069458,-2.5138373374938965,-0.5775928497314453,-0.5064119696617126,-1.6384941339492798,0.013519246131181717,2.999837875366211,2.1862807273864746,2.0349106788635254,-1.3985164165496826,-0.6565752029418945,0.05716896057128906,-0.5835908055305481
854,17.080000000000002,0.0,0.30000001192092896,0.0,0.0005951523780822754,0.2823216915130615,0.07680346071720123,0.6639231443405151,1.0328235626220703,0.038431890308856964,0,0,1,0,0.32072436809539795,1.4420613050460815,1.1350975036621094,0.9745563864707947,1.0855739116668701,1.4461551904678345,1.3988407850265503,-0.6005759835243225,0.0038195764645934105,-1.7237415313720703,-1.100711703300476,-0.9597254395484924,-0.18870365619659424,0.37196481227874756,1.091147541999817,1.010877013206482,0.10645464062690735,0.2867452800273895,0.26308807730674744,-0.736620306968689,1.9217718839645386,1.0579913854599,1.3695063591003418,1.4399994611740112,-0.18690714240074158,0.16368716955184937,1.0162020921707153,0.8997024893760681,-3.2785105759103317e-06,-0.07617700845003128,-0.050559453666210175,-0.11580836772918701,1.8955544233322144,1.3939670324325562,1.428400993347168,1.5705244541168213,-1.9381976127624512,-0.45695802569389343,-0.03491499274969101,0.2396908849477768,0.00011084281868534163,2.9985105991363525,2.4354960918426514,-3.003187656402588,-0.15497061610221863,0.1519341766834259,0.004743784666061401,-3.0002124309539795
855,17.1,0.0,0.30000001192092896,0.0,0.0946720540523529,0.20577651262283325,-0.09327258169651031,0.4572749137878418,0.30587852001190186,0.2892475128173828,0,1,1,0,0.4637241065502167,1.0440033674240112,1.0945457220077515,2.0110182762145996,0.5385904908180237,1.392009973526001,1.752867341041565,-0.10958943516016006,0.7086076140403748,-1.29209566116333,-0.8524842858314514,-1.3901848793029785,-0.11720378696918488,0.1729358434677124,1.0708715915679932,1.529107928276062,-0.16703706979751587,0.2596726715564728,0.44010135531425476,-0.49112704396247864,2.2741658687591553,1.27381432056427,1.4936200380325317,1.2247697114944458,-0.19881851971149445,0.14964452385902405,1.0130237340927124,0.9171722531318665,-0.02705620601773262,-0.05954146012663841,-0.02554735727608204,-0.17223602533340454,1.947252869606018,1.366811990737915,1.4369480609893799,1.5190198421478271,0.4049917161464691,-0.7208473086357117,-0.2971777021884918,1.2858009338378906,-2.0958728790283203,-0.12523525953292847,0.396700918674469,-2.9769411087036133,3.0003442764282227,-1.5932177305221558,0.603810727596283,-2.4435248374938965
856,17.12,0.0,0.30000001192092896,0.0,0.06326110661029816,0.23020784556865692,-0.0813678577542305,-0.16682778298854828,-0.15510293841362,0.000869128794874996,0,1,1,0,0.46801984310150146,0.9955565929412842,0.794450044631958,2.002795934677124,0.9122875928878784,1.809920310974121,1.8611741065979004,-0.14292916655540466,0.8026987314224243,-1.4732842445373535,-0.7024502158164978,-1.3194377422332764,-0.11505591869354248,0.14871245622634888,0.9208238124847412,1.5249967575073242,0.0198114812374115,0.46862784028053284,0.4942547380924225,-0.5077968835830688,2.321211576461792,1.1832200288772583,1.5686370134353638,1.2601432800292969,-0.18498970568180084,0.13225485384464264,1.001375675201416,0.9529396891593933,-0.0428418330848217,-0.06307011097669601,-0.037906713783741,-0.23165671527385712,2.0072598457336426,1.3725693225860596,1.460924506187439,1.4656224250793457,1.0270999670028687,-0.7270974516868591,-0.6548553705215454,2.082606315612793,0.03763710707426071,0.011102806776762009,-0.9678563475608826,-2.971921920776367,3.0003175735473633,0.12551307678222656,1.2887799739837646,-2.583374500274658
857,17.14,0.0,0.30000001192092896,0.0,0.06705580651760101,0.21915574371814728,-0.11969093978404999,-0.39499449729919434,-0.2122630476951599,0.06954463571310043,0,1,1,0,0.8014982342720032,1.0011510848999023,0.8895436525344849,2.145935297012329,1.2710981369018555,1.8338969945907593,1.8057664632797241,0.3580447733402252,0.6560787558555603,-1.3864420652389526,-0.614070475101471,-1.302038311958313,0.051683276891708374,0.15150970220565796,0.9683706164360046,1.5965664386749268,0.19921675324440002,0.48061618208885193,0.46655091643333435,-0.2573099136352539,2.247901439666748,1.2266411781311035,1.612826943397522,1.2688429355621338,-0.13651306927204132,0.11865969747304916,0.990365743637085,0.99444180727005,-0.019888581708073616,-0.060174837708473206,-0.06578090786933899,-0.2774586081504822,2.0672638416290283,1.3759304285049438,1.4901517629623413,1.4221540689468384,3.000251293182373,-0.6094637513160706,-0.5102126598358154,2.0071234703063965,1.8822247982025146,0.24535658955574036,-1.570098876953125,-1.6711546182632446,3.0001399517059326,0.1112416684627533,1.5413135290145874,-1.713218331336975
858,17.16,0.0,0.30000001192092896,0.0,0.03762787580490112,0.2552429437637329,-0.18225575983524323,-0.12018197774887085,-0.6146429777145386,0.04621325433254242,0,1,1,0,0.9890893697738647,0.8602361679077148,0.8066933155059814,2.182650327682495,1.4166326522827148,1.764249563217163,1.7837694883346558,0.6368204355239868,0.45165881514549255,-1.3161834478378296,-0.4798178970813751,-1.2947174310684204,0.14547884464263916,0.08105224370956421,0.9269454479217529,1.6149239540100098,0.2719840109348297,0.44579246640205383,0.45555242896080017,-0.1179220974445343,2.1456916332244873,1.261770486831665,1.6799532175064087,1.27250337600708,-0.07652250677347183,0.10267569124698639,0.9748380184173584,1.029296875,4.663384970626794e-06,-0.05422411113977432,-0.10619640350341797,-0.2708972692489624,2.1225249767303467,1.3784645795822144,1.529840111732483,1.398334264755249,2.9997434616088867,-0.9611014723777771,-0.9535524249076843,1.4700859785079956,0.0001226647145813331,0.3048941195011139,-2.2003443241119385,1.7722561359405518,2.378967761993408,0.13543957471847534,2.2057666778564453,-0.711571216583252
859,17.18,0.0,0.30000001192092896,0.0,0.010085880756378174,0.30003049969673157,-0.19965717196464539,-0.033232927322387695,-0.42621636390686035,0.09266525506973267,0,1,1,0,1.1878794431686401,0.8109782934188843,0.7810555696487427,2.1531410217285156,1.8560774326324463,1.8759784698486328,1.825116515159607,0.6451988816261292,0.51224285364151,-1.2553141117095947,-0.4392719268798828,-1.3250999450683594,0.24487388134002686,0.056423306465148926,0.9141265749931335,1.60016930103302,0.49170640110969543,0.5016568899154663,0.47622594237327576,-0.11373287439346313,2.1759836673736572,1.2922050952911377,1.7002261877059937,1.2573121786117554,-0.01652686856687069,0.0809895396232605,0.9563836455345154,1.0471997261047363,3.614540901253349e-06,-0.053650688380002975,-0.14979030191898346,-0.2176899015903473,2.1635966300964355,1.3820791244506836,1.5767444372177124,1.393477439880371,2.999701738357544,-1.1995803117752075,-0.8027193546295166,-0.0020024108234792948,5.602294550044462e-05,-0.2006983757019043,-1.9789756536483765,3.0080041885375977,1.6592130661010742,0.16543497145175934,2.3518779277801514,0.12569227814674377
860,17.2,0.0,0.30000001192092896,0.0,0.021405279636383057,0.3219895660877228,-0.17912018299102783,-0.047646816819906235,-0.07756919413805008,0.0034976403694599867,0,1,1,0,1.294160008430481,0.7860366702079773,0.6896179914474487,2.226794958114624,1.988962173461914,1.8763196468353271,1.7667487859725952,0.7053825855255127,0.4570288062095642,-1.180117130279541,-0.4575919508934021,-1.345654845237732,0.29801416397094727,0.043952494859695435,0.8684077858924866,1.6369962692260742,0.5581487417221069,0.5018274784088135,0.4470420777797699,-0.08364102244377136,2.14837646484375,1.3298035860061646,1.6910661458969116,1.2470347881317139,0.04346298798918724,0.05829797312617302,0.9402839541435242,1.0449212789535522,4.2703204599092714e-06,-0.0636715367436409,-0.18392841517925262,-0.15733492374420166,2.1793878078460693,1.3864206075668335,1.6216317415237427,1.401055932044983,2.9995903968811035,-1.0563737154006958,-0.7964885234832764,-0.19483359158039093,-0.00015543701010756195,-0.6691899299621582,-1.349966049194336,3.014376401901245,0.13854555785655975,0.1814579963684082,2.0430185794830322,0.5194206833839417
861,17.22,0.0,0.30000001192092896,0.0,0.011841565370559692,0.2962343096733093,-0.03300273418426514,0.23729079961776733,-0.46136489510536194,-0.06932183355093002,0,1,1,1,1.3339319229125977,0.6400811672210693,0.5864220857620239,2.201435089111328,1.9102351665496826,1.666276216506958,1.6685508489608765,0.941133975982666,0.30425894260406494,-1.1725033521652222,-0.507319986820221,-1.3291231393814087,0.3179001212120056,-0.029025256633758545,0.8168098330497742,1.6243163347244263,0.5187852382659912,0.3968057930469513,0.3979431092739105,0.0342346727848053,2.0719916820526123,1.3336105346679688,1.666202187538147,1.255300521850586,0.1025257259607315,0.03640545532107353,0.9220227599143982,1.0400100946426392,-8.978449477581307e-05,-0.07557232677936554,-0.20482182502746582,-0.11099634319543839,2.1550540924072266,1.390376091003418,1.6574859619140625,1.415540337562561,2.8717215061187744,-1.0944479703903198,-1.2348098754882812,-0.09162790328264236,0.10420805215835571,0.24481584131717682,-0.7833070158958435,-0.08539113402366638,-2.018754482269287,0.08943292498588562,1.4317232370376587,1.850029706954956
862,17.240000000000002,0.0,0.30000001192092896,0.0,0.0891353189945221,0.18443149328231812,0.10869798064231873,0.1408863365650177,0.4580704867839813,0.14789406955242157,1,0,1,1,0.928756058216095,0.8651323318481445,0.8109060525894165,1.592675805091858,1.9104595184326172,0.2186753749847412,1.269622802734375,2.055387496948242,-0.08862055093050003,-1.2965630292892456,-0.6220059990882874,-1.2911009788513184,0.11531218886375427,0.08350032567977905,0.9290518164634705,1.319936752319336,0.5188974142074585,-0.3269946277141571,0.1984790861606598,0.591361403465271,1.8755518198013306,1.271580696105957,1.6088591814041138,1.2743116617202759,0.12462248653173447,0.024466494098305702,0.9125202894210815,1.0308213233947754,-1.578577393956948e-05,-0.11094357073307037,-0.1939607560634613,-0.11764509230852127,2.1282310485839844,1.4014352560043335,1.6609444618225098,1.4406383037567139,0.34450262784957886,-0.11967404186725616,-0.18476217985153198,-0.649255096912384,-0.3198806047439575,-3.0079479217529297,1.4660348892211914,-0.3247462511062622,-2.268720865249634,0.7789589166641235,-0.6511499881744385,0.9984220266342163
863,17.26,0.0,0.30000001192092896,0.0,0.058667853474617004,0.29355958104133606,0.09156341105699539,-0.06848222762346268,0.006802946329116821,-0.06746358424425125,1,0,0,1,0.471989244222641,1.486710786819458,1.3318151235580444,0.8596130013465881,2.7256932258605957,-0.15766042470932007,-0.4568893015384674,1.5504778623580933,-0.13353471457958221,-1.4060090780258179,-1.0375038385391235,-0.7888139486312866,-0.11307121813297272,0.3942895531654358,1.1895062923431396,0.9534052610397339,0.9265142679214478,-0.5151625275611877,-0.6647769808769226,0.3389066159725189,1.8530948162078857,1.216857671737671,1.4011101722717285,1.5254552364349365,0.1012454628944397,0.03754594549536705,0.9203888773918152,1.0241897106170654,0.00020075449720025063,-0.17091357707977295,-0.2339331954717636,-0.11984442919492722,2.105015993118286,1.416051983833313,1.6107256412506104,1.4626158475875854,-1.9190752506256104,1.2946786880493164,0.8136851787567139,-0.2424216866493225,0.019958829507231712,-3.0057175159454346,-2.9678406715393066,0.05050070956349373,-1.0490379333496094,0.5867708921432495,-2.9958975315093994,1.1377384662628174
864,17.28,0.0,0.30000001192092896,0.0,0.033364444971084595,0.29732054471969604,0.08247131109237671,-0.2574692666530609,-0.17201074957847595,-0.022810259833931923,1,0,0,1,0.788115918636322,1.488512396812439,1.7226076126098633,0.9172356724739075,2.446110963821411,0.337904155254364,-0.1490139216184616,1.4718436002731323,0.13977456092834473,-0.4687822759151459,-1.476082682609558,-0.7162282466888428,0.0449921190738678,0.39519035816192627,1.3849025964736938,0.9822165966033936,0.7867231369018555,-0.2673802375793457,-0.5108392834663391,0.29958948493003845,1.9897494316101074,1.6854710578918457,1.1818208694458008,1.5617480278015137,0.06767875701189041,0.07250287383794785,0.9469826221466064,1.0198066234588623,-6.421376747312024e-05,-0.22681307792663574,-0.293342649936676,-0.1199401393532753,2.085319995880127,1.4690464735031128,1.550721526145935,1.4849720001220703,-1.470762848854065,2.01334547996521,1.6844288110733032,-0.19398029148578644,0.039310239255428314,-2.406235456466675,-2.982166051864624,0.07203244417905807,-1.0517627000808716,2.9984078407287598,-3.0004613399505615,1.0344163179397583
865,17.3,0.0,0.30000001192092896,0.0,0.035262078046798706,0.3019927740097046,0.07721774280071259,-0.4104076027870178,-0.39113736152648926,0.03417243808507919,1,0,0,1,0.7982327342033386,1.5878140926361084,1.6493854522705078,1.0355905294418335,2.4400904178619385,0.4894134998321533,0.4254998564720154,1.5412349700927734,0.22477854788303375,-0.46674397587776184,-1.4983285665512085,-0.6117494702339172,0.0500505268573761,0.444841206073761,1.3482915163040161,1.0413939952850342,0.7837128639221191,-0.19162556529045105,-0.22358238697052002,0.334285169839859,2.0322513580322266,1.6864901781082153,1.1706979274749756,1.6139874458312988,0.04326803237199783,0.11418109387159348,0.9837238788604736,1.0173860788345337,-0.0016573159955441952,-0.2504829466342926,-0.3232201039791107,-0.11817483603954315,2.065300703048706,1.5289995670318604,1.490699291229248,1.5055625438690186,-1.006110668182373,2.0362226963043213,1.8822230100631714,-0.06391637027263641,-0.12102023512125015,-0.2229718118906021,-0.32473263144493103,0.20811694860458374,-1.062259554862976,2.998871088027954,-3.0012571811676025,0.9597887396812439
866,17.32,0.0,0.30000001192092896,0.0,0.005109906196594238,0.3456687331199646,0.03303908184170723,-0.24204574525356293,-0.20665007829666138,0.09883663803339005,1,0,0,1,0.6364635825157166,1.7047593593597412,1.6357412338256836,0.7998594641685486,2.4952917098999023,0.38101568818092346,0.6304775476455688,1.5745289325714111,0.26966655254364014,-0.7848334908485413,-1.4289003610610962,-0.5586621761322021,-0.030834048986434937,0.5033138394355774,1.341469407081604,0.9235285520553589,0.8113135099411011,-0.24582447111606598,-0.12109354138374329,0.35093215107917786,2.0546953678131104,1.5274454355239868,1.2054119110107422,1.640531063079834,0.017777830362319946,0.14969974756240845,1.0190505981445312,1.0108493566513062,-0.006370141636580229,-0.2511642873287201,-0.290573388338089,-0.11868924647569656,2.047562599182129,1.564483642578125,1.4353300333023071,1.5294519662857056,-1.444656491279602,1.4902697801589966,1.6098759174346924,-0.5282487869262695,-0.302530437707901,0.12733206152915955,2.9459805488586426,-0.07528207451105118,-0.8193784952163696,0.8058396577835083,-2.3605988025665283,1.2988090515136719
867,17.34,0.0,0.30000001192092896,0.0,-0.028025001287460327,0.3605550527572632,-0.01048048585653305,-0.3145619034767151,-0.3600955009460449,0.10811535269021988,1,0,0,1,0.6604183912277222,1.8172993659973145,1.6682791709899902,0.8942394256591797,2.3436970710754395,0.2571635842323303,0.4818853437900543,1.4678560495376587,0.24697308242321014,-0.9872968196868896,-1.3940390348434448,-0.5994755029678345,-0.01885664463043213,0.559583842754364,1.3577383756637573,0.970718502998352,0.7355161905288696,-0.30775052309036255,-0.19538964331150055,0.29759570956230164,2.043348789215088,1.4262137413024902,1.2228426933288574,1.620124340057373,-0.010881753638386726,0.17286193370819092,1.0454535484313965,0.9997132420539856,-0.016703927889466286,-0.2527187764644623,-0.23123350739479065,-0.122321218252182,2.0355350971221924,1.5421103239059448,1.4029148817062378,1.5567200183868408,-1.3581098318099976,0.8511683940887451,1.0491111278533936,-0.5571768283843994,-0.6210637092590332,-0.23412956297397614,2.8098480701446533,-0.13156381249427795,-0.5257694125175476,-2.325249433517456,-0.9724519848823547,1.335849642753601
868,17.36,0.0,0.30000001192092896,0.0,0.048824459314346313,0.32622575759887695,0.11432700604200363,-0.06576043367385864,0.5069822072982788,0.19008909165859222,1,0,1,1,0.5177870392799377,1.8823624849319458,1.515249252319336,0.809804379940033,2.4287147521972656,0.39041242003440857,0.9393323659896851,1.5535168647766113,0.04634251445531845,-1.2654304504394531,-1.4476450681686401,-0.5664900541305542,-0.09017232060432434,0.5921154022216797,1.2812234163284302,0.9285010099411011,0.7780250310897827,-0.24112610518932343,0.03333386778831482,0.34042611718177795,1.9430334568023682,1.2871469259262085,1.1960396766662598,1.6366171836853027,-0.04197293519973755,0.18285059928894043,1.043729543685913,0.9874171018600464,-0.02041465789079666,-0.2507649064064026,-0.18608458340168,-0.12800100445747375,2.018829822540283,1.4849929809570312,1.3958954811096191,1.5850051641464233,-1.3717926740646362,0.24828298389911652,0.15014085173606873,-1.0459775924682617,1.0031981468200684,-0.16248784959316254,-0.6431728005409241,-0.40006428956985474,-1.4057719707489014,-2.942229986190796,2.400439500808716,1.333884835243225
869,17.38,0.0,0.30000001192092896,0.0,0.003208160400390625,0.3014112114906311,0.2107742577791214,0.152550607919693,0.0027345269918441772,0.013298957608640194,1,0,1,1,0.4261903166770935,2.0075430870056152,1.326409101486206,0.9636256694793701,2.3527677059173584,0.8345479369163513,1.7690165042877197,2.121997833251953,-0.06297161430120468,-1.7537568807601929,-1.2046626806259155,-0.8546249866485596,-0.13597068190574646,0.6547057032585144,1.1868033409118652,1.0054116249084473,0.7400515079498291,-0.01905834674835205,0.44817593693733215,0.6246665716171265,1.8883763551712036,1.0429837703704834,1.317530870437622,1.4925496578216553,-0.07525709271430969,0.18558315932750702,1.0395482778549194,0.9699217677116394,0.0001335563720203936,-0.2086835652589798,-0.17429940402507782,-0.12119065225124359,1.9808803796768188,1.4310144186019897,1.4162992238998413,1.5967812538146973,-1.8089985847473145,0.0064651258289813995,-0.4423714578151703,-0.782978892326355,0.002817869186401367,3.039354085922241,1.0509979724884033,1.0718129873275757,-2.084857225418091,-2.2123143672943115,0.327609121799469,0.12831883132457733
870,17.400000000000002,0.0,0.30000001192092896,0.0,-0.029571890830993652,0.3046149015426636,0.2543947696685791,0.7000262141227722,0.24832600355148315,0.26080816984176636,1,0,1,1,0.3127426505088806,1.8888742923736572,1.2079237699508667,0.49664539098739624,2.2244791984558105,0.7918450236320496,1.5364772081375122,1.6205257177352905,-0.16838659346103668,-1.682879090309143,-1.2086783647537231,-0.8942111730575562,-0.1926945149898529,0.5953713059425354,1.1275606155395508,0.7719215154647827,0.6759072542190552,-0.04040980339050293,0.3319062888622284,0.37393054366111755,1.8356688022613525,1.0784225463867188,1.3155229091644287,1.4727566242218018,-0.11759589612483978,0.17895860970020294,1.0328319072723389,0.9442058205604553,7.20889656804502e-05,-0.14864790439605713,-0.14250802993774414,-0.09258869290351868,1.945136547088623,1.4013513326644897,1.4209877252578735,1.5949811935424805,-2.2599823474884033,-0.5667509436607361,-0.19961683452129364,-1.6859891414642334,-0.006485003978013992,3.0018436908721924,2.1498963832855225,1.6998531818389893,-1.6027628183364868,-0.8770501017570496,0.006223820149898529,-0.2628244459629059
871,17.42,0.0,0.30000001192092896,0.0,0.01559796929359436,0.2792224884033203,0.07245194911956787,0.7396310567855835,1.2339036464691162,0.12545661628246307,0,0,1,0,0.2772216498851776,1.663487195968628,1.1608316898345947,0.9624122977256775,1.6704185009002686,1.1235052347183228,1.1681413650512695,0.0829952284693718,-0.0022979537025094032,-1.6338813304901123,-1.1364752054214478,-0.942377507686615,-0.2104550153017044,0.48267775774002075,1.1040146350860596,1.0048049688339233,0.39887693524360657,0.12542030215263367,0.14773836731910706,-0.3948346972465515,1.9187132120132446,1.102921485900879,1.3516244888305664,1.4486733675003052,-0.16586337983608246,0.1683102250099182,1.0330878496170044,0.9260486364364624,-2.265249577249051e-06,-0.08869446814060211,-0.09315071254968643,-0.11913411319255829,1.920727014541626,1.3936201333999634,1.420597791671753,1.5617653131484985,-2.413508653640747,-0.500184178352356,0.15312525629997253,-0.23048461973667145,-1.2736477401631419e-05,2.9973418712615967,2.7041549682617188,-2.9963572025299072,-0.937313973903656,0.0013635531067848206,-0.06574209034442902,-2.596409320831299
872,17.44,0.0,0.30000001192092896,0.0,0.00802864134311676,0.25124210119247437,0.07595236599445343,0.06725627183914185,0.322099894285202,0.12390982359647751,0,1,1,0,0.5008646845817566,1.0798414945602417,1.1478595733642578,1.9994361400604248,0.7659450173377991,1.1596688032150269,1.5096732378005981,0.14224037528038025,0.738743007183075,-1.2141584157943726,-0.8592296242713928,-1.4331389665603638,-0.09863349795341492,0.19085490703582764,1.0975285768508911,1.5233168601989746,-0.053359806537628174,0.14350208640098572,0.31850430369377136,-0.3652121424674988,2.289233684539795,1.3127830028533936,1.490247368812561,1.2032926082611084,-0.19153715670108795,0.15083909034729004,1.0347391366958618,0.9367161989212036,-0.010513754561543465,-0.05990789458155632,-0.05542503297328949,-0.17793940007686615,1.9687589406967163,1.3866503238677979,1.4252774715423584,1.5022872686386108,-0.4171419143676758,-0.9873201251029968,-0.19826281070709229,1.0961164236068726,-0.6243254542350769,-0.8113957047462463,0.42804333567619324,-3.0222346782684326,3.0003323554992676,0.17349295318126678,0.7005327939987183,-2.998769760131836
873,17.46,0.0,0.30000001192092896,0.0,0.0676983892917633,0.23372042179107666,-0.000803657341748476,-0.17226813733577728,0.027268722653388977,0.13750392198562622,0,1,1,0,0.7504037618637085,1.0969816446304321,0.7828213572502136,2.2573859691619873,1.1293915510177612,1.8496549129486084,1.7895578145980835,0.14539894461631775,0.7801153659820557,-1.2750074863433838,-0.7749539017677307,-1.319002628326416,0.026136040687561035,0.19942498207092285,0.9150094985961914,1.6522917747497559,0.1283634603023529,0.4884951412677765,0.45844659209251404,-0.36363285779953003,2.309919834136963,1.2823584079742432,1.532385230064392,1.260360836982727,-0.16623473167419434,0.131859689950943,1.0276668071746826,0.9665230512619019,-0.004497510846704245,-0.0633854866027832,-0.05345065891742706,-0.23755399882793427,2.0287652015686035,1.3862658739089966,1.4421749114990234,1.4467246532440186,2.449709892272949,-0.888129472732544,-0.3422946035861969,1.7484467029571533,0.9406460523605347,0.14980381727218628,-0.33151838183403015,-2.9860899448394775,3.000275135040283,-0.1044173315167427,0.8047992587089539,-2.4041497707366943
874,17.48,0.0,0.30000001192092896,0.0,0.05897386372089386,0.26605191826820374,-0.0856654942035675,-0.06628289818763733,-0.4811421036720276,0.021453669294714928,0,1,1,0,0.8022204041481018,0.9145485162734985,0.7938460111618042,2.270244598388672,1.2934751510620117,1.7063241004943848,1.8353990316390991,0.44598105549812317,0.6212975978851318,-1.2064049243927002,-0.594624400138855,-1.3343034982681274,0.05204436182975769,0.10820841789245605,0.9205217957496643,1.6587210893630981,0.21040526032447815,0.4168297350406647,0.48136720061302185,-0.21334178745746613,2.230510950088501,1.316659688949585,1.6225500106811523,1.2527103424072266,-0.10722782462835312,0.11223351210355759,1.013453722000122,1.0018612146377563,1.2163850371393892e-08,-0.05604483187198639,-0.07488712668418884,-0.27228325605392456,2.0887668132781982,1.384799599647522,1.4700061082839966,1.4098002910614014,3.0000593662261963,-0.9872795343399048,-0.9724259972572327,1.7188838720321655,2.3172562578110956e-05,0.4932633638381958,-1.43831467628479,-0.7775969505310059,3.0000901222229004,-0.12947429716587067,1.7099884748458862,-1.309539794921875
875,17.5,0.0,0.30000001192092896,0.0,0.024378418922424316,0.2995176613330841,-0.1418827623128891,0.003384828567504883,-0.514464259147644,0.012236946262419224,0,1,1,0,0.9747151136398315,0.84735506772995,0.909162163734436,2.254140615463257,1.634927749633789,1.7552241086959839,1.855293869972229,0.5211638808250427,0.6556005477905273,-1.1628477573394775,-0.5107680559158325,-1.3451067209243774,0.13829171657562256,0.07461169362068176,0.9781798720359802,1.6506690979003906,0.3811315596103668,0.44127973914146423,0.4913146197795868,-0.17575037479400635,2.2476625442504883,1.3384382724761963,1.664478063583374,1.2473087310791016,-0.04722730070352554,0.09054362773895264,0.9933201670646667,1.030898928642273,2.8631710335957905e-09,-0.04916998744010925,-0.10896117985248566,-0.265489399433136,2.148768186569214,1.3826894760131836,1.5109645128250122,1.394697666168213,3.000002384185791,-1.139278769493103,-1.0019179582595825,1.1898584365844727,2.6712777980719693e-05,0.20387673377990723,-1.7522375583648682,1.1321583986282349,3.0000319480895996,-0.10824091732501984,2.194181442260742,-0.3020692765712738
876,17.52,0.0,0.30000001192092896,0.0,-0.008122831583023071,0.32441484928131104,-0.1647247076034546,0.057978928089141846,-0.34745317697525024,0.037557706236839294,0,1,1,0,1.19101881980896,0.8265551328659058,0.8718475103378296,2.3151416778564453,1.8837707042694092,1.816483736038208,1.8541289567947388,0.6395768523216248,0.6175234317779541,-1.1230332851409912,-0.47953522205352783,-1.356079339981079,0.24644356966018677,0.06421172618865967,0.959522545337677,1.6811696290969849,0.5055530071258545,0.4719095528125763,0.4907321631908417,-0.11654388904571533,2.228623867034912,1.3583455085754395,1.6800944805145264,1.2418224811553955,0.012768416665494442,0.06707726418972015,0.9739834070205688,1.0472041368484497,3.9740912143315654e-06,-0.05023016408085823,-0.14391963183879852,-0.22229190170764923,2.2036962509155273,1.3814539909362793,1.5573434829711914,1.395410180091858,2.9996743202209473,-1.2387906312942505,-0.8478498458862305,0.0010740458965301514,0.00011532098869793117,-0.25427499413490295,-1.5796256065368652,2.785651683807373,2.3437132835388184,-0.08298368752002716,2.3197240829467773,0.27526286244392395
877,17.54,0.0,0.30000001192092896,0.0,0.008260220289230347,0.3408220112323761,-0.1537591964006424,0.04472015053033829,-0.05011756718158722,-0.019420281052589417,0,1,1,0,1.3190995454788208,0.7509839534759521,0.7392215728759766,2.3419594764709473,2.028700828552246,1.836808681488037,1.8238760232925415,0.6609247922897339,0.53217613697052,-1.0726282596588135,-0.5053822994232178,-1.3586527109146118,0.3104839324951172,0.02642613649368286,0.8932095766067505,1.6945785284042358,0.578018069267273,0.48207202553749084,0.47560569643974304,-0.10586991906166077,2.18595027923584,1.3835480213165283,1.6671710014343262,1.2405357360839844,0.07274632900953293,0.043153926730155945,0.9570280313491821,1.04489266872406,5.641876214212971e-06,-0.06072116643190384,-0.17159725725650787,-0.16233108937740326,2.2272191047668457,1.3813732862472534,1.6020616292953491,1.4041439294815063,2.9966464042663574,-1.126956582069397,-0.8319796919822693,-0.2004946917295456,-0.00019202435214538127,-0.6863288879394531,-1.0864651203155518,3.006197929382324,0.28731292486190796,0.01599445752799511,2.050166606903076,0.5221388339996338
878,17.56,0.0,0.30000001192092896,0.0,0.044874340295791626,0.34699565172195435,-0.064737468957901,0.1868000626564026,-0.2136799395084381,-0.05764823779463768,0,1,1,1,1.3486446142196655,0.6056437492370605,0.6336517930030823,2.3208017349243164,1.9840333461761475,1.621503472328186,1.7264000177383423,0.888503909111023,0.40164440870285034,-1.0953973531723022,-0.5638383626937866,-1.3478059768676758,0.32525646686553955,-0.04624396562576294,0.840424656867981,1.6839996576309204,0.5556843280792236,0.3744194209575653,0.42686769366264343,0.007919639348983765,2.1206843852996826,1.3721635341644287,1.6379430294036865,1.2459591627120972,0.12853485345840454,0.019454099237918854,0.938651442527771,1.038792371749878,4.1675516513350885e-06,-0.07616203278303146,-0.1878729611635208,-0.10814767330884933,2.20477557182312,1.382273554801941,1.6386679410934448,1.4112930297851562,2.5294101238250732,-1.221968173980713,-1.2402276992797852,-0.6621902585029602,-0.0003157532773911953,-0.2856612801551819,-0.6691023707389832,0.824360728263855,-1.9652694463729858,-0.1834774911403656,1.596127986907959,0.4113397002220154
879,17.580000000000002,0.0,0.30000001192092896,0.0,0.07613808661699295,0.2091778814792633,0.07185963541269302,0.3841014802455902,0.6122347116470337,0.05516178905963898,1,0,1,1,1.1091406345367432,0.7207138538360596,0.7978063225746155,1.636271595954895,1.9703950881958008,0.27775073051452637,1.1728664636611938,1.8156661987304688,0.08235839754343033,-1.2033177614212036,-0.7079734206199646,-1.2727547883987427,0.20550447702407837,0.011291086673736572,0.9225019216537476,1.3417346477508545,0.5488651990890503,-0.2974569499492645,0.1501009166240692,0.47150078415870667,1.9610413312911987,1.3182032108306885,1.5658754110336304,1.283484697341919,0.16725239157676697,0.0023551115300506353,0.9164292216300964,1.0278843641281128,0.00016733816300984472,-0.11816386133432388,-0.17737151682376862,-0.10668888688087463,2.157691478729248,1.3911036252975464,1.6555659770965576,1.4408609867095947,0.5624461770057678,-0.693862795829773,-0.729519784450531,-0.6671217679977417,0.34175682067871094,-2.8650498390197754,1.629333734512329,0.08368819952011108,0.006052613258361816,0.803463339805603,-0.10592761635780334,1.1381362676620483
880,17.6,0.0,0.30000001192092896,0.0,0.10212229937314987,0.25972631573677063,0.11086715757846832,-0.16155493259429932,-0.04106590151786804,0.07047390937805176,1,0,0,1,0.683380663394928,1.307734489440918,1.28509521484375,0.9112761616706848,2.4743847846984863,-0.542871356010437,-0.5131951570510864,1.3992998600006104,-0.4467238783836365,-1.4096689224243164,-1.0592561960220337,-0.8201766014099121,-0.007375508546829224,0.30480140447616577,1.1661463975906372,0.9792368412017822,0.8008600473403931,-0.7077679634094238,-0.6929298639297485,0.26331761479377747,1.6965001821517944,1.2150276899337769,1.3902339935302734,1.509773850440979,0.14631129801273346,0.008941004984080791,0.91751629114151,1.0206819772720337,0.0002319978375453502,-0.17754068970680237,-0.21854521334171295,-0.11064620316028595,2.132817029953003,1.4097989797592163,1.6096408367156982,1.4625191688537598,-1.5951311588287354,1.0724848508834839,0.571709394454956,-0.21251852810382843,-0.24326884746551514,-2.989758014678955,-3.002260446548462,0.055626410990953445,-1.727142333984375,0.8866032958030701,-2.9966437816619873,1.0807663202285767
881,17.62,0.0,0.30000001192092896,0.0,0.029836058616638184,0.31739968061447144,0.0779571533203125,-0.07528679072856903,0.03235394507646561,-0.08370303362607956,1,0,0,1,0.6598113775253296,1.4728971719741821,1.7377798557281494,0.762540876865387,2.2601122856140137,0.05151102691888809,-0.3212464451789856,1.3501185178756714,0.20656521618366241,-0.51353919506073,-1.473697304725647,-0.7357437014579773,-0.019160151481628418,0.38738274574279785,1.392488718032837,0.9048691987991333,0.6937237977981567,-0.41057679057121277,-0.5969555377960205,0.23872694373130798,2.0231447219848633,1.6630926132202148,1.1830134391784668,1.551990270614624,0.10867223143577576,0.04449049383401871,0.9388225674629211,1.015006422996521,-2.035864963545464e-05,-0.23803314566612244,-0.2777736485004425,-0.11082058399915695,2.1115267276763916,1.4637404680252075,1.5497161149978638,1.4856750965118408,-2.1684932708740234,2.2451515197753906,1.4390419721603394,-0.38684898614883423,0.0434599332511425,-3.0106348991394043,-2.973907947540283,-0.011646319180727005,-0.9615651369094849,2.99569034576416,-2.9972543716430664,1.1365777254104614
882,17.64,0.0,0.30000001192092896,0.0,0.03706660866737366,0.2896096706390381,0.07769445329904556,-0.3511168360710144,-0.2556189000606537,0.04568706825375557,1,0,0,1,0.9381023049354553,1.4831516742706299,1.6865272521972656,1.0994839668273926,2.1758430004119873,0.36676153540611267,0.3172738552093506,1.444854497909546,0.2363971620798111,-0.3358055055141449,-1.4967447519302368,-0.6466439962387085,0.11998531222343445,0.39250999689102173,1.366862416267395,1.0733407735824585,0.6515891551971436,-0.25295156240463257,-0.2776953876018524,0.28609493374824524,2.0380606651306152,1.7519594430923462,1.1714897155761719,1.5965402126312256,0.07658948004245758,0.09335163235664368,0.9735080599784851,1.009717345237732,-0.0003831452049780637,-0.27735021710395813,-0.3194257915019989,-0.11090433597564697,2.0925045013427734,1.5237265825271606,1.4896706342697144,1.5073086023330688,-1.126761555671692,2.4807374477386475,1.8956857919692993,-0.17149926722049713,-0.00449102558195591,-1.1074382066726685,-1.3308101892471313,0.11538507789373398,-1.0639841556549072,3.000535011291504,-3.002523899078369,0.9459830522537231
883,17.66,0.0,0.30000001192092896,0.0,0.019279539585113525,0.3342236280441284,0.06716427206993103,-0.26713311672210693,-0.187692791223526,0.019179245457053185,1,0,0,1,0.6714646220207214,1.6708385944366455,1.6364197731018066,0.8749359250068665,2.3235936164855957,0.4619508385658264,0.8595445156097412,1.5621681213378906,0.2672971487045288,-0.684085488319397,-1.4357291460037231,-0.5705715417861938,-0.013333529233932495,0.48635345697402954,1.3418086767196655,0.961066722869873,0.7254644632339478,-0.2053568959236145,-0.0065600574016571045,0.3447517454624176,2.0535106658935547,1.5778193473815918,1.2019975185394287,1.6345763206481934,0.04817625880241394,0.13953855633735657,1.0094752311706543,1.0035345554351807,-0.0004529251891653985,-0.279039591550827,-0.28628313541412354,-0.11056551337242126,2.0720162391662598,1.5712443590164185,1.4334101676940918,1.5287975072860718,-1.59072744846344,2.058976650238037,1.6507983207702637,-0.3693859577178955,-0.08050954341888428,0.7499260306358337,3.002692937850952,0.0805063396692276,-1.014891505241394,1.7774713039398193,-2.3753600120544434,1.0860892534255981
884,17.68,0.0,0.30000001192092896,0.0,-0.006551206111907959,0.3675784468650818,0.0276770181953907,-0.3342636227607727,-0.2454383671283722,0.05056734383106232,1,0,0,1,0.6803668737411499,1.7963720560073853,1.6897127628326416,0.8612276911735535,2.174715757369995,0.25595593452453613,0.693352460861206,1.5064371824264526,0.2031269520521164,-1.0815602540969849,-1.3311785459518433,-0.5977290868759155,-0.008882403373718262,0.5491201877593994,1.368455171585083,0.9542126655578613,0.6510255336761475,-0.30835434794425964,-0.08965608477592468,0.3168862760066986,2.021425724029541,1.3790819644927979,1.2542729377746582,1.620997667312622,0.01588713936507702,0.1720544397830963,1.0373828411102295,0.9946103692054749,-0.004558234941214323,-0.26715078949928284,-0.22578570246696472,-0.11246932297945023,2.0546035766601562,1.5574272871017456,1.4014757871627808,1.5536633729934692,-1.5854960680007935,1.2149248123168945,1.1523250341415405,-0.5001065135002136,-0.25452932715415955,0.4188436269760132,3.014888048171997,-0.10097431391477585,-0.8563776612281799,-2.2895472049713135,-0.9370399713516235,1.2734578847885132
885,17.7,0.0,0.30000001192092896,0.0,-0.023932188749313354,0.4460112452507019,0.05867334082722664,-0.5446610450744629,-0.2881266474723816,0.020595695823431015,1,0,0,1,0.540327787399292,1.892655372619629,1.553312063217163,0.780877947807312,2.2346115112304688,0.37887412309646606,1.1212176084518433,1.6202735900878906,-0.020003892481327057,-1.3439853191375732,-1.3719803094863892,-0.5930813550949097,-0.07890194654464722,0.5972618460655212,1.3002548217773438,0.9140377640724182,0.6809734106063843,-0.24689525365829468,0.12427648901939392,0.3738044798374176,1.9098602533340454,1.2478694915771484,1.2338719367980957,1.623321533203125,-0.018626082688570023,0.18685615062713623,1.0469651222229004,0.9838117361068726,-0.005257199518382549,-0.25179344415664673,-0.1652037650346756,-0.11615363508462906,2.032630205154419,1.4995132684707642,1.3945088386535645,1.5808138847351074,-1.7660025358200073,0.34293144941329956,-0.07159815728664398,-0.5678815245628357,0.17197930812835693,0.9482977986335754,3.020453453063965,-0.09472036361694336,-1.3523838520050049,-3.002854824066162,0.07729274034500122,1.3254854679107666
886,17.72,0.0,0.30000001192092896,0.0,0.06585246324539185,0.40329232811927795,0.15126174688339233,0.009384587407112122,0.2113342136144638,0.22830960154533386,1,0,1,1,0.5187122225761414,2.00188946723938,1.422900915145874,0.8416787385940552,2.2174484729766846,0.33182835578918457,1.2996941804885864,1.7694458961486816,-0.24980898201465607,-1.7336941957473755,-1.4444411993026733,-0.6400337815284729,-0.08970972895622253,0.6518788933753967,1.2350492477416992,0.9444381594657898,0.6723918914794922,-0.2704181373119354,0.2135147750377655,0.4483906328678131,1.7949576377868652,1.0530149936676025,1.1976416110992432,1.599845290184021,-0.05359237641096115,0.186563640832901,1.0402032136917114,0.9653285145759583,0.00011507846647873521,-0.24273215234279633,-0.14581423997879028,-0.11762154847383499,1.988795518875122,1.444969654083252,1.4090222120285034,1.6066642999649048,-1.7467771768569946,-0.3125510811805725,-0.4416290521621704,-1.1499391794204712,-0.06225307285785675,0.16909444332122803,0.7035937309265137,0.3116231858730316,-2.542259454727173,-2.3145029544830322,0.7567997574806213,1.1603206396102905
887,17.740000000000002,0.0,0.30000001192092896,0.0,0.024851590394973755,0.3503282070159912,0.24346594512462616,0.2983763515949249,-0.10890637338161469,0.06572557240724564,1,0,1,1,0.331586629152298,2.0561411380767822,1.3297443389892578,0.882217288017273,2.360063076019287,0.6900373101234436,1.6358718872070312,1.9760913848876953,-0.06410380452871323,-1.8961241245269775,-1.2338708639144897,-0.9204367399215698,-0.18327252566814423,0.6790047287940979,1.1884709596633911,0.9647074341773987,0.7436991930007935,-0.09131366014480591,0.3816036283969879,0.5517133474349976,1.887810230255127,0.9718000888824463,1.302926778793335,1.459643840789795,-0.0963628888130188,0.18004092574119568,1.0274972915649414,0.9454874396324158,3.7718757539551007e-06,-0.20915430784225464,-0.12836596369743347,-0.0949966162443161,1.948764681816101,1.409013032913208,1.4210929870605469,1.6164543628692627,-2.3248090744018555,-0.3183262348175049,-0.7718414068222046,-0.8988407850265503,0.0023480411618947983,2.638423442840576,1.135773777961731,1.7630106210708618,-1.8528177738189697,-1.2740079164505005,0.3806995451450348,-0.07183399796485901
888,17.76,0.0,0.30000001192092896,0.0,-0.04100155830383301,0.33263924717903137,0.2818477749824524,0.6475629806518555,0.03219038248062134,0.13537992537021637,1,0,1,1,0.28201499581336975,1.883737325668335,1.244737982749939,0.5673725605010986,2.0935373306274414,0.8732260465621948,1.4664992094039917,1.2298409938812256,-0.18195503950119019,-1.896363377571106,-1.2099847793579102,-0.9771089553833008,-0.20805834233760834,0.5928028225898743,1.145967721939087,0.8072850704193115,0.6104363203048706,0.00028070807456970215,0.29691728949546814,0.17858818173408508,1.8288846015930176,0.9716804623603821,1.31486976146698,1.4313076734542847,-0.1420733481645584,0.17143717408180237,1.014369249343872,0.920495867729187,6.108740490162745e-05,-0.14950120449066162,-0.09628876298666,-0.05570128560066223,1.9155434370040894,1.3951667547225952,1.425238013267517,1.608350157737732,-2.2703988552093506,-0.511997401714325,-0.5426309108734131,-1.5389466285705566,-0.012401482090353966,3.0032835006713867,2.0021941661834717,2.180076837539673,-1.5429604053497314,-0.2076127529144287,0.03650977835059166,-0.6579121947288513
889,17.78,0.0,0.30000001192092896,0.0,0.004360944032669067,0.29087531566619873,0.08651365339756012,0.5910423994064331,0.9700758457183838,0.09773284196853638,0,0,1,0,0.31546750664711,1.5538768768310547,1.158935785293579,0.9183992147445679,1.4937145709991455,1.1447086334228516,1.273666262626648,-0.16334180533885956,-0.09517937153577805,-1.7754390239715576,-1.1689497232437134,-0.9810270071029663,-0.19133208692073822,0.42787259817123413,1.1030666828155518,0.9827983975410461,0.31052497029304504,0.13602200150489807,0.20050081610679626,-0.5180032253265381,1.8722724914550781,1.0321426391601562,1.3353872299194336,1.4293487071990967,-0.18381038308143616,0.16228625178337097,1.010633111000061,0.9043066501617432,-1.6046153632487403e-06,-0.0894971489906311,-0.052510470151901245,-0.09070764482021332,1.8880404233932495,1.3971165418624878,1.4260178804397583,1.5644867420196533,-1.8192955255508423,-0.424942284822464,-0.008548455312848091,-0.16142582893371582,-7.190569886006415e-05,2.9994287490844727,2.308366537094116,-3.003833770751953,-1.2265799045562744,0.32728537917137146,0.023186838254332542,-3.0002970695495605
890,17.8,0.0,0.30000001192092896,0.0,-0.00029030442237854004,0.2509899139404297,0.056775033473968506,-0.03897012770175934,0.1751280426979065,0.12380049377679825,0,1,1,0,0.5039812922477722,1.0488594770431519,1.1264960765838623,1.9499634504318237,0.743014395236969,1.1846176385879517,1.5766186714172363,-0.005064046010375023,0.6431893706321716,-1.280529260635376,-0.8601810932159424,-1.4280173778533936,-0.0970751941204071,0.17536389827728271,1.0868468284606934,1.4985804557800293,-0.06482511758804321,0.15597650408744812,0.35197702050209045,-0.4388643503189087,2.2414567470550537,1.279597520828247,1.4897716045379639,1.2058534622192383,-0.1972206085920334,0.14963315427303314,1.0109347105026245,0.9185123443603516,-0.013032305985689163,-0.04900907725095749,-0.020232031121850014,-0.14996206760406494,1.9336436986923218,1.3970057964324951,1.4331343173980713,1.5044435262680054,0.17443658411502838,-1.0695979595184326,-0.2832719683647156,1.3826125860214233,-0.7823287844657898,-0.5908117890357971,0.11273734271526337,-2.980884313583374,3.0003132820129395,0.15895962715148926,0.7937646508216858,-3.0025651454925537
891,17.82,0.0,0.30000001192092896,0.0,0.05336396396160126,0.22817867994308472,-0.02823987603187561,-0.2781135141849518,-0.022259235382080078,0.14542986452579498,0,1,1,0,0.7295343279838562,1.066994547843933,0.7906287908554077,2.1781301498413086,1.07652747631073,1.7954154014587402,1.7739626169204712,0.013776624575257301,0.716611385345459,-1.245465874671936,-0.773746132850647,-1.3057732582092285,0.015701323747634888,0.18443143367767334,0.9189131855964661,1.6126638650894165,0.10193142294883728,0.4613753855228424,0.4506489932537079,-0.42944401502609253,2.278167724609375,1.2971291542053223,1.5329890251159668,1.2669755220413208,-0.16350379586219788,0.1313740611076355,1.0045263767242432,0.9549925923347473,-0.00873937364667654,-0.04913017153739929,-0.025449326261878014,-0.2096722573041916,1.9936500787734985,1.3955538272857666,1.4526621103286743,1.4482215642929077,2.729292869567871,-0.8009823560714722,-0.29321062564849854,2.1004161834716797,0.9333928823471069,0.2510411739349365,-0.6632620096206665,-2.991473436355591,3.0002799034118652,-0.17198994755744934,1.0112371444702148,-2.4565799236297607
892,17.84,0.0,0.30000001192092896,0.0,0.04292209446430206,0.26086127758026123,-0.12015574425458908,-0.22469258308410645,-0.40685003995895386,0.037058714777231216,0,1,1,0,0.8027185797691345,0.9148783683776855,0.7870159149169922,2.209826946258545,1.2582387924194336,1.6651809215545654,1.8110551834106445,0.3817431628704071,0.586994469165802,-1.1558741331100464,-0.6102612018585205,-1.3260186910629272,0.05229344964027405,0.10837334394454956,0.9171067476272583,1.6285122632980347,0.1927870810031891,0.396258145570755,0.46919527649879456,-0.24546073377132416,2.2133593559265137,1.3419251441955566,1.6147315502166748,1.2568528652191162,-0.10367249697446823,0.11456112563610077,0.9928576350212097,0.9971714019775391,4.2383878628982075e-09,-0.042178697884082794,-0.05206543579697609,-0.2555001378059387,2.05365252494812,1.393358826637268,1.4839409589767456,1.4108631610870361,3.000040054321289,-0.8521783947944641,-0.8044626116752625,2.0354957580566406,2.1815871150465682e-05,0.40535521507263184,-1.689582109451294,-1.6775305271148682,3.000112771987915,-0.10907693207263947,1.8847779035568237,-1.3134592771530151
893,17.86,0.0,0.30000001192092896,0.0,0.007690489292144775,0.27837979793548584,-0.1610923409461975,-0.13509002327919006,-0.46201032400131226,0.03491494432091713,0,1,1,0,0.9622344374656677,0.883376955986023,0.8992899656295776,2.229602575302124,1.5526387691497803,1.5963411331176758,1.7696789503097534,0.6409333348274231,0.5952777862548828,-1.139144778251648,-0.5400483012199402,-1.3396316766738892,0.13205137848854065,0.09262263774871826,0.973243772983551,1.6384000778198242,0.3399870693683624,0.3618382513523102,0.448507159948349,-0.11586564779281616,2.217501163482666,1.3502898216247559,1.6498379707336426,1.2500462532043457,-0.043672069907188416,0.09588738530874252,0.9762789011001587,1.0320219993591309,9.579187221220309e-09,-0.0360105000436306,-0.09034589678049088,-0.2544310986995697,2.1136538982391357,1.3913748264312744,1.5270916223526,1.3944388628005981,3.0000011920928955,-0.9706322550773621,-0.811066746711731,1.447767734527588,2.5449520762776956e-05,0.2055191844701767,-1.9153683185577393,1.315643548965454,3.0000393390655518,-0.11104609072208405,2.2399485111236572,-0.39706951379776
894,17.88,0.0,0.30000001192092896,0.0,-0.014491081237792969,0.3126395344734192,-0.1805286854505539,-0.04249626398086548,-0.31414633989334106,0.07412949204444885,0,1,1,0,1.2121793031692505,0.8125531673431396,0.7856593132019043,2.210263729095459,1.8900072574615479,1.6983873844146729,1.795922875404358,0.7063336968421936,0.556522011756897,-1.109787940979004,-0.500695526599884,-1.333962082862854,0.25702381134033203,0.05721074342727661,0.9164284467697144,1.6287306547164917,0.5086712837219238,0.4128613770008087,0.46162912249565125,-0.08316546678543091,2.1981232166290283,1.364968180656433,1.6695144176483154,1.2528810501098633,0.016324125230312347,0.07404074817895889,0.9602295160293579,1.0470097064971924,3.929893864551559e-06,-0.03701935335993767,-0.12821073830127716,-0.20512755215168,2.1695892810821533,1.3905330896377563,1.5742816925048828,1.3938872814178467,2.9996626377105713,-1.1712545156478882,-0.7155177593231201,-0.06670975685119629,0.00013821094762533903,-0.2622516453266144,-1.7068930864334106,3.0085484981536865,2.4279727935791016,-0.01715990900993347,2.3523969650268555,0.2616964876651764
895,17.900000000000002,0.0,0.30000001192092896,0.0,0.012592971324920654,0.3290407061576843,-0.1645849645137787,-0.056430816650390625,0.0031373202800750732,-0.019770385697484016,0,1,1,0,1.3266499042510986,0.7706286907196045,0.6742297410964966,2.2591352462768555,2.049006462097168,1.714043140411377,1.7573403120040894,0.7085609436035156,0.4687027335166931,-1.0792393684387207,-0.5349258780479431,-1.339816689491272,0.3142591118812561,0.03624850511550903,0.8607136607170105,1.65316641330719,0.5881708860397339,0.42068925499916077,0.44233784079551697,-0.0820518434047699,2.1542134284973145,1.3802424669265747,1.6523991823196411,1.2499537467956543,0.07622670382261276,0.051915980875492096,0.9453063011169434,1.0441367626190186,5.936402430961607e-06,-0.048157136887311935,-0.15760576725006104,-0.1447543501853943,2.1946046352386475,1.3920506238937378,1.6186507940292358,1.403031587600708,2.975407838821411,-1.0224010944366455,-0.7650935053825378,-0.19652970135211945,-0.00019470219558570534,-0.7123114466667175,-1.1405484676361084,3.0153450965881348,0.35404467582702637,0.08252646028995514,1.9998104572296143,0.5524564981460571
896,17.92,0.0,0.30000001192092896,0.0,0.01709800958633423,0.30216801166534424,-0.022250032052397728,0.20469945669174194,-0.39045536518096924,-0.09386863559484482,0,1,1,1,1.3503504991531372,0.627274215221405,0.59912109375,2.2217533588409424,2.009939193725586,1.4324843883514404,1.630508542060852,0.9848604798316956,0.3087494373321533,-1.1182712316513062,-0.600286602973938,-1.3243275880813599,0.3261094093322754,-0.0354287326335907,0.8231593370437622,1.6344754695892334,0.5686372518539429,0.2799098789691925,0.3789219558238983,0.05609792470932007,2.0742368698120117,1.3607265949249268,1.6197187900543213,1.2576982975006104,0.13115087151527405,0.03087988868355751,0.9273039102554321,1.0392911434173584,-3.37030942318961e-05,-0.061071574687957764,-0.17458660900592804,-0.097926564514637,2.169794797897339,1.3946533203125,1.6531548500061035,1.4170933961868286,2.4940526485443115,-1.0429677963256836,-1.2766079902648926,-0.12122440338134766,0.09987089037895203,0.16732314229011536,-0.6067361235618591,-0.0800725519657135,-2.1944448947906494,0.02540898323059082,1.3526118993759155,1.7696638107299805
897,17.94,0.0,0.30000001192092896,0.0,0.06492841243743896,0.18174245953559875,0.04599859565496445,0.4851546883583069,0.49795520305633545,-0.057366952300071716,1,0,1,1,0.9572445750236511,0.8791254162788391,0.8297200202941895,1.5451750755310059,2.0420660972595215,-0.244762122631073,0.990929365158081,2.0526764392852783,-0.14665842056274414,-1.2218443155288696,-0.7478857040405273,-1.3286675214767456,0.12955644726753235,0.09049686789512634,0.9384588003158569,1.2961863279342651,0.5847007036209106,-0.5587133765220642,0.05913236737251282,0.5900058746337891,1.846532940864563,1.3089399337768555,1.5459192991256714,1.255528450012207,0.1659436821937561,0.024559931829571724,0.9057950973510742,1.0290488004684448,0.00018537722644396126,-0.11317164450883865,-0.1609708070755005,-0.09923087805509567,2.1192052364349365,1.4041417837142944,1.667169213294983,1.4449878931045532,0.41028904914855957,0.16881942749023438,-0.568509578704834,-0.5946794152259827,-0.1320580691099167,-2.9480855464935303,1.6329519748687744,-0.09025750309228897,-0.7084507942199707,0.6340302228927612,-0.32041075825691223,1.0074809789657593
898,17.96,0.0,0.30000001192092896,0.0,0.07287575304508209,0.2607521414756775,0.08547335863113403,-0.015975117683410645,0.09849656373262405,0.03012005239725113,1,0,0,1,0.6404185891151428,1.317577600479126,1.3237087726593018,0.8008357882499695,2.549252510070801,-0.5400863289833069,-0.24548858404159546,1.529514193534851,-0.3650117516517639,-1.2790426015853882,-0.9915874600410461,-0.8415297269821167,-0.028856545686721802,0.3097229599952698,1.185453176498413,0.9240167140960693,0.8382939100265503,-0.7063754796981812,-0.5590766072273254,0.3284247815608978,1.7373563051223755,1.2803409099578857,1.4240684509277344,1.4990973472595215,0.14311768114566803,0.0403982475399971,0.911136269569397,1.0209877490997314,0.00038609426701441407,-0.17276306450366974,-0.19470132887363434,-0.10262568295001984,2.1028285026550293,1.4170886278152466,1.6190145015716553,1.4659780263900757,-1.546215534210205,1.279446005821228,0.8206083178520203,-0.36821141839027405,0.04369156435132027,-2.97092866897583,-2.988748073577881,-0.023722708225250244,-1.0325592756271362,0.5404202938079834,-3.0012080669403076,1.1151788234710693
899,17.98,0.0,0.30000001192092896,0.0,0.028296172618865967,0.27574777603149414,0.07190688699483871,-0.08128131926059723,-0.0020820796489715576,-0.010590958409011364,1,0,0,1,0.7733979225158691,1.4506239891052246,1.6967931985855103,0.8633982539176941,2.323676586151123,0.09514523297548294,0.026270665228366852,1.5090420246124268,0.11388187855482101,-0.42669859528541565,-1.4378315210342407,-0.8003552556037903,0.03763312101364136,0.3762461543083191,1.371995449066162,0.9552979469299316,0.7255059480667114,-0.38875970244407654,-0.4231969714164734,0.31818869709968567,1.9768030643463135,1.7065128087997437,1.20094633102417,1.5196845531463623,0.11034215241670609,0.07512229681015015,0.9384326934814453,1.0137579441070557,5.48720936421887e-06,-0.23309271037578583,-0.25401169061660767,-0.10310289263725281,2.0854690074920654,1.4704786539077759,1.559037446975708,1.4874372482299805,-1.676406741142273,2.0163543224334717,1.7402029037475586,-0.3856169581413269,0.03864770382642746,-3.0038719177246094,-2.976335287094116,0.030621444806456566,-0.8787629008293152,2.9977030754089355,-2.99906325340271,0.986752450466156
