phase,action_mean_BL_coxa_joint,action_mean_BR_coxa_joint,action_mean_ML_coxa_joint,action_mean_MR_coxa_joint,action_mean_BL_femur_joint,action_mean_BR_femur_joint,action_mean_ML_femur_joint,action_mean_MR_femur_joint,action_mean_BL_tibia_joint,action_mean_BR_tibia_joint,action_mean_ML_tibia_joint,action_mean_MR_tibia_joint,target_pos_mean_rad_BL_coxa_joint,target_pos_mean_rad_BR_coxa_joint,target_pos_mean_rad_ML_coxa_joint,target_pos_mean_rad_MR_coxa_joint,target_pos_mean_rad_BL_femur_joint,target_pos_mean_rad_BR_femur_joint,target_pos_mean_rad_ML_femur_joint,target_pos_mean_rad_MR_femur_joint,target_pos_mean_rad_BL_tibia_joint,target_pos_mean_rad_BR_tibia_joint,target_pos_mean_rad_ML_tibia_joint,target_pos_mean_rad_MR_tibia_joint,actual_pos_mean_rad_BL_coxa_joint,actual_pos_mean_rad_BR_coxa_joint,actual_pos_mean_rad_ML_coxa_joint,actual_pos_mean_rad_MR_coxa_joint,actual_pos_mean_rad_BL_femur_joint,actual_pos_mean_rad_BR_femur_joint,actual_pos_mean_rad_ML_femur_joint,actual_pos_mean_rad_MR_femur_joint,actual_pos_mean_rad_BL_tibia_joint,actual_pos_mean_rad_BR_tibia_joint,actual_pos_mean_rad_ML_tibia_joint,actual_pos_mean_rad_MR_tibia_joint,actual_vel_mean_radps_BL_coxa_joint,actual_vel_mean_radps_BR_coxa_joint,actual_vel_mean_radps_ML_coxa_joint,actual_vel_mean_radps_MR_coxa_joint,actual_vel_mean_radps_BL_femur_joint,actual_vel_mean_radps_BR_femur_joint,actual_vel_mean_radps_ML_femur_joint,actual_vel_mean_radps_MR_femur_joint,actual_vel_mean_radps_BL_tibia_joint,actual_vel_mean_radps_BR_tibia_joint,actual_vel_mean_radps_ML_tibia_joint,actual_vel_mean_radps_MR_tibia_joint
0.0,0.5034587383270264,0.9998570680618286,1.0,0.9942650198936462,0.6285048127174377,1.0,1.0,-0.02175358682870865,0.6394542455673218,-1.0,-0.867700457572937,-0.9986054301261902,-0.09733642637729645,0.15086272358894348,1.0235990285873413,1.0207314491271973,-0.12207983434200287,0.0636676773428917,0.0636676773428917,-0.4472091495990753,2.239589214324951,1.4198617935180664,1.4860118627548218,1.420559048652649,-0.19329065084457397,0.14802691340446472,1.0138517618179321,0.9225337505340576,-0.02323097363114357,-0.051947738975286484,-0.027292244136333466,-0.15460525453090668,1.9319547414779663,1.3884063959121704,1.4346028566360474,1.508177638053894,0.03320783004164696,-1.001788854598999,-0.23210379481315613,1.2108607292175293,-1.7043801546096802,-0.3460704982280731,0.16340748965740204,-2.9939184188842773,2.87632155418396,-0.4818703830242157,0.796216607093811,-2.7941982746124268
0.007874015718698502,0.5217115879058838,0.998388409614563,0.9686707258224487,0.9950778484344482,0.6637222766876221,1.0,1.0,-0.01832692138850689,0.6552574038505554,-1.0,-0.8524318933486938,-0.9988030195236206,-0.08821006119251251,0.15012842416763306,1.0079340934753418,1.0211379528045654,-0.10447117686271667,0.0636676773428917,0.0636676773428917,-0.4454958140850067,2.247490882873535,1.4198617935180664,1.493646264076233,1.4204602241516113,-0.19025972485542297,0.14565300941467285,1.0128142833709717,0.9269610643386841,-0.025386717170476913,-0.05205904692411423,-0.02842707745730877,-0.16247065365314484,1.9398350715637207,1.38828706741333,1.4374146461486816,1.5010205507278442,0.2886905372142792,-0.9747059345245361,-0.2660677134990692,1.3119977712631226,-1.5007481575012207,-0.2778205871582031,0.03287159651517868,-2.992427110671997,2.893894910812378,-0.4208465814590454,0.845231831073761,-2.7483456134796143
0.015748031437397003,0.5399642586708069,0.9969200491905212,0.9373413920402527,0.995890736579895,0.6989395618438721,1.0,1.0,-0.014900256879627705,0.6710605025291443,-1.0,-0.8371633291244507,-0.9990007877349854,-0.07908371090888977,0.1493941694498062,0.9922692775726318,1.021544337272644,-0.08686251193284988,0.0636676773428917,0.0636676773428917,-0.4437824487686157,2.255392551422119,1.4198617935180664,1.5012805461883545,1.4203613996505737,-0.18722878396511078,0.14327912032604218,1.0117766857147217,0.9313883185386658,-0.027542464435100555,-0.05217035487294197,-0.029561910778284073,-0.1703360676765442,1.9477152824401855,1.3881678581237793,1.4402269124984741,1.4938632249832153,0.5441731810569763,-0.9476229548454285,-0.3000316321849823,1.4131345748901367,-1.2971155643463135,-0.20957067608833313,-0.09766434133052826,-2.990934133529663,2.911468982696533,-0.3598228693008423,0.8942470550537109,-2.7024929523468018
0.023622047156095505,0.5582168698310852,0.9954513907432556,0.9060119986534119,0.9967034459114075,0.7341569066047668,1.0,1.0,-0.011473589576780796,0.6868636012077332,-1.0,-0.8218947649002075,-0.9991983771324158,-0.06995735317468643,0.14865988492965698,0.9766047596931458,1.0219507217407227,-0.0692538395524025,0.0636676773428917,0.0636676773428917,-0.4420691430568695,2.263293981552124,1.4198617935180664,1.5089144706726074,1.4202625751495361,-0.18419788777828217,0.14090514183044434,1.0107390880584717,0.9358155727386475,-0.029698209837079048,-0.05228166654706001,-0.030696749687194824,-0.17820149660110474,1.9555954933166504,1.3880486488342285,1.4430389404296875,1.4867061376571655,0.7996559143066406,-0.9205400943756104,-0.3339955508708954,1.5142712593078613,-1.0934829711914062,-0.14132080972194672,-0.22820022702217102,-2.9894425868988037,2.929042100906372,-0.2987990379333496,0.9432622194290161,-2.65664005279541
0.031496062874794006,0.5764696598052979,0.9939828515052795,0.8746824860572815,0.9975163340568542,0.7693741917610168,1.0,1.0,-0.008046921342611313,0.7026666402816772,-1.0,-0.8066262602806091,-0.999396026134491,-0.06083099544048309,0.14792558550834656,0.9609399437904358,1.0223572254180908,-0.051645178347826004,0.0636676773428917,0.0636676773428917,-0.4403557777404785,2.271195411682129,1.4198617935180664,1.5165491104125977,1.4201637506484985,-0.18116693198680878,0.13853123784065247,1.0097017288208008,0.9402427673339844,-0.03185395151376724,-0.05239298194646835,-0.03183158114552498,-0.1860668659210205,1.9634755849838257,1.3879293203353882,1.4458513259887695,1.4795490503311157,1.0551385879516602,-0.8934571146965027,-0.3679594397544861,1.6154080629348755,-0.8898504972457886,-0.07307091355323792,-0.35873615741729736,-2.987950086593628,2.9466161727905273,-0.23777519166469574,0.9922773838043213,-2.6107869148254395
0.03937007859349251,0.5947223901748657,0.9925141930580139,0.8433533310890198,0.9983291625976562,0.8045915365219116,1.0,1.0,-0.004620256368070841,0.7184698581695557,-1.0,-0.7913576364517212,-0.9995937347412109,-0.05170464143157005,0.14719133079051971,0.9452754259109497,1.0227636098861694,-0.03403651714324951,0.0636676773428917,0.0636676773428917,-0.4386424124240875,2.279097080230713,1.4198617935180664,1.5241836309432983,1.420064926147461,-0.17813602089881897,0.1361573189496994,1.0086642503738403,0.9446702599525452,-0.03400970250368118,-0.0525042861700058,-0.03296641632914543,-0.19393226504325867,1.97135591506958,1.3878099918365479,1.4486631155014038,1.4723916053771973,1.3106211423873901,-0.8663741946220398,-0.40192335844039917,1.7165448665618896,-0.6862179636955261,-0.004821030423045158,-0.4892720580101013,-2.9864587783813477,2.964188814163208,-0.17675141990184784,1.0412925481796265,-2.564934015274048
0.04724409431219101,0.6129750609397888,0.9910458326339722,0.8120238184928894,0.9991419911384583,0.8398088216781616,1.0,1.0,-0.0011935904622077942,0.7342730164527893,-1.0,-0.7760891914367676,-0.9997913837432861,-0.04257828742265701,0.14645704627037048,0.9296106696128845,1.023169994354248,-0.01642785593867302,0.0636676773428917,0.0636676773428917,-0.4369291067123413,2.286998987197876,1.4198617935180664,1.5318175554275513,1.4199661016464233,-0.17510508000850677,0.13378340005874634,1.0076267719268799,0.9490973949432373,-0.036165449768304825,-0.05261560156941414,-0.034101251512765884,-0.2017976939678192,1.979236364364624,1.3876901865005493,1.4514755010604858,1.465234398841858,1.5661040544509888,-0.8392910957336426,-0.43588733673095703,1.8176816701889038,-0.48258543014526367,0.0634288564324379,-0.6198079586029053,-2.984966516494751,2.9817628860473633,-0.11572762578725815,1.0903077125549316,-2.5190815925598145
0.05511811003088951,0.6312277317047119,0.9895771741867065,0.7806944847106934,0.999954879283905,0.8750261664390564,1.0,1.0,0.0022330768406391144,0.750076174736023,-1.0,-0.7608206272125244,-0.9999889731407166,-0.033451925963163376,0.14572277665138245,0.9139459133148193,1.0235763788223267,0.0011808094568550587,0.0636676773428917,0.0636676773428917,-0.4352158308029175,2.294900417327881,1.4198617935180664,1.5394518375396729,1.4198672771453857,-0.17207413911819458,0.13140949606895447,1.006589412689209,0.9535247087478638,-0.03832118585705757,-0.052726905792951584,-0.03523607552051544,-0.20966313779354095,1.9871164560317993,1.3875714540481567,1.4542872905731201,1.4580774307250977,1.8215866088867188,-0.8122084140777588,-0.46985116600990295,1.9188183546066284,-0.27895310521125793,0.1316787600517273,-0.7503437995910645,-2.9834742546081543,2.999335765838623,-0.05470379814505577,1.1393228769302368,-2.473228931427002
0.06299212574958801,0.648914098739624,0.9848823547363281,0.7645493149757385,1.0,0.9033739566802979,1.0,1.0,0.022747861221432686,0.7513668537139893,-1.0,-0.7447271943092346,-1.0,-0.02460879273712635,0.1433752179145813,0.9058732986450195,1.0235990285873413,0.015354624949395657,0.0636676773428917,0.0636676773428917,-0.42495840787887573,2.295546054840088,1.4198617935180664,1.5474984645843506,1.4198617935180664,-0.16717864573001862,0.12913061678409576,1.0053439140319824,0.9583369493484497,-0.03868495672941208,-0.05249664559960365,-0.037315815687179565,-0.21675249934196472,1.9950413703918457,1.3874787092208862,1.4575670957565308,1.451804518699646,2.022475242614746,-0.7935078144073486,-0.4994221329689026,1.974540114402771,-0.06169571354985237,0.18659931421279907,-0.8620688915252686,-2.910163402557373,3.000302314758301,-0.008593853563070297,1.1937943696975708,-2.3910579681396484
0.07086614519357681,0.6679325699806213,0.9750391840934753,0.7692363262176514,1.0,0.9170875549316406,1.0,1.0,0.0708102211356163,0.7368180155754089,-1.0,-0.7265121340751648,-1.0,-0.015099558979272842,0.13845370709896088,0.9082170128822327,1.0235990285873413,0.022211410105228424,0.0636676773428917,0.0636676773428917,-0.40092724561691284,2.288271427154541,1.4198617935180664,1.5566061735153198,1.4198617935180664,-0.15992552042007446,0.12700074911117554,1.003839135169983,0.9635840654373169,-0.03663007915019989,-0.05182593688368797,-0.04066111147403717,-0.2228911966085434,2.0029683113098145,1.3874621391296387,1.4614921808242798,1.4466792345046997,2.1569619178771973,-0.7909755706787109,-0.5219072103500366,1.9691420793533325,0.14372104406356812,0.20518910884857178,-0.9487295150756836,-2.7450008392333984,3.00028133392334,-0.014777620323002338,1.2574487924575806,-2.2567548751831055
0.07874015718698502,0.6869509220123291,0.9651959538459778,0.7739233374595642,1.0,0.9308009743690491,1.0,1.0,0.11887260526418686,0.7222688794136047,-1.0,-0.7082967162132263,-1.0,-0.005590318702161312,0.13353222608566284,0.9105603694915771,1.0235990285873413,0.029068192467093468,0.0636676773428917,0.0636676773428917,-0.3768960237503052,2.280996084213257,1.4198617935180664,1.565713882446289,1.4198617935180664,-0.1526724100112915,0.12487093359231949,1.0023341178894043,0.9688310623168945,-0.034575205296278,-0.05115522816777229,-0.044006407260894775,-0.22902986407279968,2.010895013809204,1.3874452114105225,1.4654173851013184,1.441554069519043,2.2914485931396484,-0.7884436249732971,-0.5443922877311707,1.963744044303894,0.3491377830505371,0.22377890348434448,-1.0353896617889404,-2.5798375606536865,3.000260353088379,-0.020961390808224678,1.3211033344268799,-2.1224517822265625
0.08661417663097382,0.7059694528579712,0.9553530216217041,0.7786104083061218,1.0,0.9445145130157471,1.0,1.0,0.16693495213985443,0.7077197432518005,-1.0,-0.6900814771652222,-1.0,0.003918918315321207,0.1286107450723648,0.9129040241241455,1.0235990285873413,0.03592498600482941,0.0636676773428917,0.0636676773428917,-0.3528648614883423,2.2737221717834473,1.4198617935180664,1.5748212337493896,1.4198617935180664,-0.14541925489902496,0.12274108827114105,1.0008293390274048,0.9740779399871826,-0.03252032771706581,-0.050484512001276016,-0.04735170304775238,-0.23516859114170074,2.018821954727173,1.3874284029006958,1.4693423509597778,1.4364285469055176,2.4259355068206787,-0.7859114408493042,-0.5668774843215942,1.958345890045166,0.5545544624328613,0.2423686683177948,-1.1220500469207764,-2.4146742820739746,3.0002403259277344,-0.027145154774188995,1.3847578763961792,-1.98814857006073
0.09448818862438202,0.7249879837036133,0.94551020860672,0.7832974791526794,1.0,0.9582279920578003,1.0,1.0,0.214997336268425,0.6931707262992859,-1.0,-0.671866238117218,-1.0,0.013428155332803726,0.1236892119050026,0.9152474999427795,1.0235990285873413,0.042781759053468704,0.0636676773428917,0.0636676773428917,-0.3288336992263794,2.2664477825164795,1.4198617935180664,1.5839290618896484,1.4198617935180664,-0.13816611468791962,0.120611272752285,0.9993246793746948,0.9793248772621155,-0.030465444549918175,-0.04981379956007004,-0.05069698393344879,-0.24130725860595703,2.0267493724823,1.3874115943908691,1.4732674360275269,1.4313032627105713,2.560422420501709,-0.783379316329956,-0.5893624424934387,1.9529480934143066,0.7599711418151855,0.2609584927558899,-1.2087103128433228,-2.249511241912842,3.00022029876709,-0.03332893177866936,1.4484124183654785,-1.8538455963134766
0.10236220806837082,0.7440065145492554,0.9356672763824463,0.7879846692085266,1.0,0.9719415307044983,1.0,1.0,0.2630596458911896,0.6786215901374817,-1.0,-0.6536509394645691,-1.0,0.022937394678592682,0.11876770853996277,0.9175910949707031,1.0235990285873413,0.049638547003269196,0.0636676773428917,0.0636676773428917,-0.30480247735977173,2.2591731548309326,1.4198617935180664,1.5930366516113281,1.4198617935180664,-0.13091298937797546,0.11848144978284836,0.9978196024894714,0.9845717549324036,-0.028410566970705986,-0.049143094569444656,-0.05404229462146759,-0.24744592607021332,2.0346765518188477,1.3873945474624634,1.4771926403045654,1.426177978515625,2.6949093341827393,-0.7808473110198975,-0.6118476390838623,1.94754958152771,0.9653880000114441,0.2795482575893402,-1.2953709363937378,-2.08434796333313,3.000199317932129,-0.03951270505785942,1.512067198753357,-1.7195426225662231
0.11023622006177902,0.7630250453948975,0.9258241653442383,0.7926715016365051,1.0,0.9856552481651306,1.0,1.0,0.31112203001976013,0.664072573184967,-1.0,-0.6354356408119202,-1.0,0.03244663402438164,0.11384622007608414,0.9199345707893372,1.0235990285873413,0.05649532750248909,0.0636676773428917,0.0636676773428917,-0.28077131509780884,2.2518982887268066,1.4198617935180664,1.6021442413330078,1.4198617935180664,-0.12365986406803131,0.11635161936283112,0.9963147044181824,0.9898189902305603,-0.0263556856662035,-0.048472389578819275,-0.0573875717818737,-0.25358468294143677,2.0426032543182373,1.3873780965805054,1.481117844581604,1.4210528135299683,2.8293957710266113,-0.7783153057098389,-0.6343326568603516,1.942151427268982,1.170804500579834,0.2981381118297577,-1.3820310831069946,-1.9191848039627075,3.000178575515747,-0.045696478337049484,1.5757215023040771,-1.5852395296096802
0.11811023950576782,0.7824520468711853,0.9152994155883789,0.7969310283660889,1.0,0.9967739582061768,1.0,1.0,0.35961711406707764,0.6482025384902954,-1.0,-0.6169087290763855,-1.0,0.04216017201542854,0.10858386009931564,0.9220642447471619,1.0235990285873413,0.06205466762185097,0.0636676773428917,0.0636676773428917,-0.2565237879753113,2.2439634799957275,1.4198617935180664,1.61140775680542,1.4198617935180664,-0.11625594645738602,0.1142105758190155,0.9947633743286133,0.995035707950592,-0.024094710126519203,-0.04778777062892914,-0.060866858810186386,-0.2592043876647949,2.0505287647247314,1.3873603343963623,1.4851526021957397,1.416176199913025,2.950373411178589,-0.7799633145332336,-0.6599023342132568,1.9297194480895996,1.3439218997955322,0.3147260248661041,-1.468165397644043,-1.729374647140503,2.9996697902679443,-0.051589224487543106,1.642212152481079,-1.4504302740097046
0.12598425149917603,0.807824432849884,0.9059637784957886,0.8019372820854187,1.0,0.999565839767456,1.0,1.0,0.40008100867271423,0.6339708566665649,-1.0,-0.6014660000801086,-1.0,0.054846350103616714,0.10391604155302048,0.9245675206184387,1.0235990285873413,0.06345060467720032,0.0636676773428917,0.0636676773428917,-0.2362918108701706,2.2368478775024414,1.4198617935180664,1.6191295385360718,1.4198617935180664,-0.10846897959709167,0.11184848845005035,0.9927338361740112,0.9996618628501892,-0.02109590172767639,-0.04704977944493294,-0.06532887369394302,-0.26030805706977844,2.058433771133423,1.3872859477996826,1.4901597499847412,1.4130898714065552,2.984266519546509,-0.8082713484764099,-0.6951231360435486,1.875498652458191,1.2913919687271118,0.3086809813976288,-1.5402761697769165,-1.371769666671753,2.9939568042755127,-0.04969698190689087,1.7176933288574219,-1.3254958391189575
0.13385826349258423,0.8339992761611938,0.8971540927886963,0.8066006302833557,1.0,0.9996335506439209,1.0,1.0,0.4385460913181305,0.6186496019363403,-1.0,-0.5868216753005981,-1.0,0.0679338127374649,0.09951120615005493,0.9268991947174072,1.0235990285873413,0.06348446011543274,0.0636676773428917,0.0636676773428917,-0.21705929934978485,2.229186773300171,1.4198617935180664,1.6264511346817017,1.4198617935180664,-0.10054915398359299,0.10941233485937119,0.9905531406402588,1.004083275794983,-0.018125660717487335,-0.046267613768577576,-0.07014661282300949,-0.259817898273468,2.066307306289673,1.3871806859970093,1.4955027103424072,1.4105966091156006,2.9872403144836426,-0.8456104397773743,-0.7356778979301453,1.8065338134765625,1.16013503074646,0.2999677360057831,-1.6067912578582764,-0.9310177564620972,2.9839210510253906,-0.044442351907491684,1.7949986457824707,-1.2031817436218262
0.14173229038715363,0.860174298286438,0.8883444666862488,0.811263918876648,1.0,0.9997012615203857,1.0,1.0,0.47701114416122437,0.6033281683921814,-1.0,-0.572177529335022,-1.0,0.0810212716460228,0.09510637819766998,0.9292306900024414,1.0235990285873413,0.06351831555366516,0.0636676773428917,0.0636676773428917,-0.19782674312591553,2.2215261459350586,1.4198617935180664,1.6337733268737793,1.4198617935180664,-0.09262928366661072,0.10697618871927261,0.9883720874786377,1.0085045099258423,-0.01515541598200798,-0.045485444366931915,-0.07496434450149536,-0.2593277096748352,2.0741803646087646,1.3870759010314941,1.5008453130722046,1.408103346824646,2.9902143478393555,-0.8829495906829834,-0.7762326002120972,1.7375686168670654,1.0288777351379395,0.2912544310092926,-1.6733068227767944,-0.4902656376361847,2.9738850593566895,-0.03918774425983429,1.8723036050796509,-1.0808677673339844
0.14960630238056183,0.8863491415977478,0.8795347809791565,0.815927267074585,1.0,0.9997689723968506,1.0,1.0,0.5154761672019958,0.588006854057312,-1.0,-0.5575332641601562,-1.0,0.09410873800516129,0.09070155024528503,0.9315624237060547,1.0235990285873413,0.06355217099189758,0.0636676773428917,0.0636676773428917,-0.17859424650669098,2.2138657569885254,1.4198617935180664,1.6410956382751465,1.4198617935180664,-0.08470945805311203,0.10454002022743225,0.9861912131309509,1.0129259824752808,-0.01218517404049635,-0.04470328241586685,-0.07978205382823944,-0.25883758068084717,2.0820536613464355,1.3869709968566895,1.5061885118484497,1.4056103229522705,2.9931881427764893,-0.9202889204025269,-0.8167874813079834,1.6686034202575684,0.8976207375526428,0.2825411558151245,-1.7398216724395752,-0.0495135672390461,2.9638493061065674,-0.0339331217110157,1.9496086835861206,-0.9585537314414978
0.15748031437397003,0.9125239849090576,0.8707250952720642,0.8205904960632324,1.0,0.9998366832733154,1.0,1.0,0.5539411306381226,0.5726855993270874,-1.0,-0.5428889989852905,-1.0,0.10719621181488037,0.0862966999411583,0.9338940382003784,1.0235990285873413,0.06358602643013,0.0636676773428917,0.0636676773428917,-0.15936172008514404,2.206204891204834,1.4198617935180664,1.648417353630066,1.4198617935180664,-0.07678962498903275,0.10210387408733368,0.9840101599693298,1.0173473358154297,-0.009214933961629868,-0.04392111673951149,-0.08459978550672531,-0.25834736227989197,2.0899267196655273,1.3868660926818848,1.5115313529968262,1.4031167030334473,2.996161699295044,-0.9576280117034912,-0.857342004776001,1.5996384620666504,0.7663636207580566,0.27382782101631165,-1.8063368797302246,0.3912385106086731,2.953812837600708,-0.028678497299551964,2.026914119720459,-0.8362398743629456
0.16535432636737823,0.9386990666389465,0.8619153499603271,0.8252540230751038,1.0,0.9999043941497803,1.0,1.0,0.592406153678894,0.5573644042015076,-1.0,-0.52824467420578,-1.0,0.12028368562459946,0.08189186453819275,0.9362257719039917,1.0235990285873413,0.06361988186836243,0.0636676773428917,0.0636676773428917,-0.1401291936635971,2.1985442638397217,1.4198617935180664,1.655739665031433,1.4198617935180664,-0.06886977702379227,0.0996677353978157,0.9818293452262878,1.0217686891555786,-0.0062446920201182365,-0.04313895106315613,-0.08941752463579178,-0.25785717368125916,2.0978002548217773,1.38676118850708,1.516873836517334,1.400623083114624,2.999135732650757,-0.9949673414230347,-0.8978967666625977,1.5306731462478638,0.6351063847541809,0.2651144862174988,-1.8728523254394531,0.8319905400276184,2.9437763690948486,-0.02342388592660427,2.1042189598083496,-0.7139257788658142
0.17322835326194763,0.9640610218048096,0.8532317876815796,0.8300296664237976,1.0,0.9999721050262451,1.0,1.0,0.6293054819107056,0.5430033206939697,-1.0,-0.5140673518180847,-1.0,0.1329645961523056,0.07755004614591599,0.9386135935783386,1.0235990285873413,0.06365373730659485,0.0636676773428917,0.0636676773428917,-0.12167959660291672,2.19136381149292,1.4198617935180664,1.6628283262252808,1.4198617935180664,-0.06094479560852051,0.09720268100500107,0.9796187877655029,1.0260975360870361,-0.003360342001542449,-0.04237921163439751,-0.09427617490291595,-0.25701904296875,2.105659246444702,1.3866616487503052,1.5222749710083008,1.3982545137405396,2.999556541442871,-1.0331705808639526,-0.9374508261680603,1.456688642501831,0.49680763483047485,0.2543175220489502,-1.9366893768310547,1.2710703611373901,2.9322261810302734,-0.017620624974370003,2.180422306060791,-0.5930420756340027
0.18110236525535583,0.9793432950973511,0.8469619750976562,0.8310741782188416,1.0,1.0,1.0,1.0,0.6520463228225708,0.5363419055938721,-1.0,-0.5045701861381531,-1.0,0.14060579240322113,0.07441522926092148,0.9391358494758606,1.0235990285873413,0.0636676773428917,0.0636676773428917,0.0636676773428917,-0.11030914634466171,2.188032865524292,1.4198617935180664,1.6675771474838257,1.4198617935180664,-0.05301886424422264,0.09445807337760925,0.9772592186927795,1.0295004844665527,-0.0017106854356825352,-0.04198738932609558,-0.09933651238679886,-0.2537572681903839,2.1133079528808594,1.3866904973983765,1.5280823707580566,1.396780252456665,2.9995250701904297,-1.0629496574401855,-0.9545350670814514,1.348975658416748,0.39432293176651,0.2202339768409729,-1.962361454963684,1.6049236059188843,2.8990097045898438,-0.009788251481950283,2.230083703994751,-0.4848209619522095
0.18897637724876404,0.9865323305130005,0.8423073291778564,0.8287824988365173,1.0,1.0,1.0,1.0,0.6627335548400879,0.5358633399009705,-1.0,-0.49877092242240906,-1.0,0.14420033991336823,0.0720878392457962,0.9379900693893433,1.0235990285873413,0.0636676773428917,0.0636676773428917,0.0636676773428917,-0.10496551543474197,2.187793731689453,1.4198617935180664,1.6704766750335693,1.4198617935180664,-0.04509301483631134,0.09149017930030823,0.974786102771759,1.032150387763977,-0.001026130048558116,-0.04188980162143707,-0.10454574972391129,-0.24852225184440613,2.1207692623138428,1.3868173360824585,1.5342049598693848,1.396028757095337,2.9995365142822266,-1.0864702463150024,-0.9536702036857605,1.212544560432434,0.3223186135292053,0.16694921255111694,-1.9573866128921509,1.8500268459320068,2.847843647003174,0.00012348788732197136,2.258772850036621,-0.3860912322998047
0.19685038924217224,0.9887312650680542,0.8374046683311462,0.8234201073646545,1.0,1.0,1.0,1.0,0.6631855368614197,0.5394046902656555,-1.0,-0.4950845539569855,-1.0,0.14529985189437866,0.06963647156953812,0.9353087544441223,1.0235990285873413,0.0636676773428917,0.0636676773428917,0.0636676773428917,-0.10473953932523727,2.1895647048950195,1.4198617935180664,1.672320008277893,1.4198617935180664,-0.03716721385717392,0.08838529884815216,0.9722586870193481,1.0342886447906494,-0.0008305477676913142,-0.04196488857269287,-0.10981318354606628,-0.24187657237052917,2.1280460357666016,1.38698148727417,1.5405011177062988,1.3957726955413818,2.999553918838501,-1.1089494228363037,-0.9425738453865051,1.050937533378601,0.26948803663253784,0.09983112663030624,-1.9337488412857056,2.0287182331085205,2.783693552017212,0.013223600573837757,2.2764275074005127,-0.29094934463500977
0.20472441613674164,0.9909302592277527,0.8325018286705017,0.8180575370788574,1.0,1.0,1.0,1.0,0.6636373996734619,0.5429460406303406,-1.0,-0.4913979768753052,-1.0,0.1463993340730667,0.06718507409095764,0.9326275587081909,1.0235990285873413,0.0636676773428917,0.0636676773428917,0.0636676773428917,-0.10451359301805496,2.1913352012634277,1.4198617935180664,1.6741632223129272,1.4198617935180664,-0.029241416603326797,0.0852803885936737,0.9697314500808716,1.0364269018173218,-0.0006349653704091907,-0.04203996807336807,-0.11508063226938248,-0.23523086309432983,2.135322332382202,1.38714599609375,1.5467971563339233,1.3955167531967163,2.9995715618133545,-1.1314289569854736,-0.9314777851104736,0.8893303275108337,0.21665745973587036,0.032713040709495544,-1.9101117849349976,2.2074100971221924,2.719542980194092,0.02632370963692665,2.294081926345825,-0.1958075314760208
0.21259842813014984,0.9931291937828064,0.8275991678237915,0.8126949667930603,1.0,1.0,1.0,1.0,0.6640892624855042,0.5464873313903809,-1.0,-0.48771148920059204,-1.0,0.14749883115291595,0.06473369896411896,0.92994624376297,1.0235990285873413,0.0636676773428917,0.0636676773428917,0.0636676773428917,-0.10428764671087265,2.193105697631836,1.4198617935180664,1.6760064363479614,1.4198617935180664,-0.021315613761544228,0.08217552304267883,0.9672040939331055,1.0385651588439941,-0.0004393829731270671,-0.04211505129933357,-0.1203480139374733,-0.22858521342277527,2.142599105834961,1.38731050491333,1.553093433380127,1.3952608108520508,2.99958872795105,-1.1539082527160645,-0.9203815460205078,0.7277230024337769,0.1638268679380417,-0.03440505638718605,-1.8864741325378418,2.3861019611358643,2.6553924083709717,0.03942381590604782,2.3117361068725586,-0.10066566616296768
0.22047244012355804,0.9953282475471497,0.8226962089538574,0.8073325753211975,1.0,1.0,1.0,1.0,0.6645411849021912,0.5500287413597107,-1.0,-0.4840250015258789,-1.0,0.148598313331604,0.06228230521082878,0.9272648692131042,1.0235990285873413,0.0636676773428917,0.0636676773428917,0.0636676773428917,-0.10406168550252914,2.1948764324188232,1.4198617935180664,1.677849531173706,1.4198617935180664,-0.01338981743901968,0.07907063513994217,0.9646766185760498,1.0407034158706665,-0.00024380063405260444,-0.04219012334942818,-0.1256154328584671,-0.22193948924541473,2.1498756408691406,1.3874746561050415,1.5593894720077515,1.3950047492980957,2.999606132507324,-1.1763873100280762,-0.9092854261398315,0.5661158561706543,0.11099627614021301,-0.10152316093444824,-1.8628368377685547,2.564793109893799,2.591242790222168,0.05252392962574959,2.329390525817871,-0.005523820873349905
0.22834645211696625,0.9970652461051941,0.8178669214248657,0.801581621170044,1.0,1.0,1.0,1.0,0.6640415191650391,0.5538027286529541,-1.0,-0.48077112436294556,-1.0,0.14946681261062622,0.05986759439110756,0.9243897199630737,1.0235990285873413,0.0636676773428917,0.0636676773428917,0.0636676773428917,-0.1043114960193634,2.196763515472412,1.4198617935180664,1.6794764995574951,1.4198617935180664,-0.0054640257731080055,0.0759514793753624,0.9621461033821106,1.0427472591400146,-0.00012691720621660352,-0.042320676147937775,-0.13085578382015228,-0.21514691412448883,2.157055377960205,1.3876523971557617,1.5656909942626953,1.3948308229446411,2.999624490737915,-1.1973055601119995,-0.8966187238693237,0.404744416475296,0.06528127193450928,-0.1699664145708084,-1.8354246616363525,2.7303404808044434,2.5219202041625977,0.06543481349945068,2.3440566062927246,0.08752299100160599
0.23622047901153564,0.9985769987106323,0.8126485347747803,0.7949271202087402,1.0,1.0,1.0,1.0,0.6636199951171875,0.5564768314361572,-1.0,-0.47821030020713806,-1.0,0.1502227485179901,0.05725844204425812,0.9210622310638428,1.0235990285873413,0.0636676773428917,0.0636676773428917,0.0636676773428917,-0.10452228784561157,2.1981003284454346,1.4198617935180664,1.68075692653656,1.4198617935180664,0.0024601207114756107,0.07282540947198868,0.9596344828605652,1.0445921421051025,-4.063341475557536e-05,-0.04257926717400551,-0.13599298894405365,-0.20821765065193176,2.163921594619751,1.3878521919250488,1.5719640254974365,1.3947811126708984,2.999314546585083,-1.215349555015564,-0.8842587471008301,0.251716673374176,0.025059904903173447,-0.23812787234783173,-1.8027082681655884,2.879002332687378,2.4362173080444336,0.07791373133659363,2.353316307067871,0.17571395635604858
0.24409449100494385,0.999390184879303,0.8043563365936279,0.7823293209075928,1.0,1.0,1.0,1.0,0.6658228635787964,0.5504013299942017,-1.0,-0.47991979122161865,-1.0,0.15062929689884186,0.053112294524908066,0.914763331413269,1.0235990285873413,0.0636676773428917,0.0636676773428917,0.0636676773428917,-0.10342087596654892,2.1950626373291016,1.4198617935180664,1.6799023151397705,1.4198617935180664,0.010371929965913296,0.06967827677726746,0.9572676420211792,1.0451476573944092,-1.520633577456465e-05,-0.04367930442094803,-0.14041440188884735,-0.20057839155197144,2.168644666671753,1.3881913423538208,1.5780121088027954,1.395487904548645,2.9965529441833496,-1.2151834964752197,-0.8775606751441956,0.16076147556304932,0.010793068446218967,-0.3013363480567932,-1.7382960319519043,2.9291961193084717,2.2387332916259766,0.0875583216547966,2.328429937362671,0.231975257396698
0.25196850299835205,1.0,0.7962327599525452,0.7694492936134338,1.0,1.0,1.0,1.0,0.6685245037078857,0.5435713529586792,-1.0,-0.4821888208389282,-1.0,0.15093420445919037,0.04905051365494728,0.9083235859870911,1.0235990285873413,0.0636676773428917,0.0636676773428917,0.0636676773428917,-0.10207006335258484,2.19164776802063,1.4198617935180664,1.6787678003311157,1.4198617935180664,0.01828000321984291,0.06652561575174332,0.9549168348312378,1.0455325841903687,3.9287988329306245e-06,-0.04487181454896927,-0.14475081861019135,-0.19286282360553741,2.1731200218200684,1.3885431289672852,1.5840346813201904,1.396294116973877,2.9933431148529053,-1.21183443069458,-0.8716558218002319,0.08015897870063782,8.330971468240023e-05,-0.36415207386016846,-1.6700190305709839,2.967822551727295,2.0302700996398926,0.09683375060558319,2.2992985248565674,0.28454673290252686
0.25984251499176025,1.0,0.7886151075363159,0.7557231783866882,1.0,1.0,1.0,1.0,0.6727223992347717,0.5344777703285217,-1.0,-0.4861357510089874,-1.0,0.15093420445919037,0.04524179920554161,0.9014603495597839,1.0235990285873413,0.0636676773428917,0.0636676773428917,0.0636676773428917,-0.09997114539146423,2.187101125717163,1.4198617935180664,1.676794171333313,1.4198617935180664,0.02617689035832882,0.06335636973381042,0.9526132941246033,1.0454047918319702,4.188083494227612e-06,-0.04634173586964607,-0.14883245527744293,-0.18491846323013306,2.1768558025360107,1.388933777809143,1.5899806022644043,1.3973991870880127,2.9887890815734863,-1.198936939239502,-0.8681309223175049,0.030614610761404037,4.479493509279564e-05,-0.42578983306884766,-1.5901480913162231,2.9717531204223633,1.7888703346252441,0.1050015464425087,2.257436752319336,0.3260486125946045
0.26771652698516846,1.0,0.7809978723526001,0.7419970035552979,1.0,1.0,1.0,1.0,0.6769201755523682,0.5253843069076538,-1.0,-0.4900828003883362,-1.0,0.15093420445919037,0.04143308103084564,0.8945972919464111,1.0235990285873413,0.0636676773428917,0.0636676773428917,0.0636676773428917,-0.09787221997976303,2.182554244995117,1.4198617935180664,1.6748205423355103,1.4198617935180664,0.03407377377152443,0.06018710136413574,0.9503099918365479,1.0452772378921509,4.4473681555246e-06,-0.04781166836619377,-0.15291404724121094,-0.1769740730524063,2.180591106414795,1.3893250226974487,1.59592604637146,1.398504376411438,2.9842348098754883,-1.1860394477844238,-0.8646060824394226,-0.018929749727249146,6.280156412685756e-06,-0.48742756247520447,-1.5102767944335938,2.975682258605957,1.5474709272384644,0.1131693497300148,2.215573787689209,0.3675505518913269
0.27559053897857666,1.0,0.7733805179595947,0.7282708287239075,1.0,1.0,1.0,1.0,0.6811180710792542,0.5162907242774963,-1.0,-0.49402984976768494,-1.0,0.15093420445919037,0.03762437030673027,0.8877342343330383,1.0235990285873413,0.0636676773428917,0.0636676773428917,0.0636676773428917,-0.09577329456806183,2.1780073642730713,1.4198617935180664,1.6728471517562866,1.4198617935180664,0.04197065904736519,0.05701785534620285,0.9480063319206238,1.045149564743042,4.706652816821588e-06,-0.04928159713745117,-0.15699563920497894,-0.16902969777584076,2.184326410293579,1.3897159099578857,1.6018716096878052,1.3996092081069946,2.9796805381774902,-1.1731418371200562,-0.8610812425613403,-0.06847410649061203,-3.2234620448434725e-05,-0.549065351486206,-1.4304057359695435,2.97961163520813,1.3060709238052368,0.1213371604681015,2.1737112998962402,0.40905243158340454
0.28346458077430725,1.0,0.7655348777770996,0.7143835425376892,1.0,1.0,1.0,1.0,0.6864542961120605,0.5064451694488525,-1.0,-0.4982416331768036,-1.0,0.15093420445919037,0.033701542764902115,0.8807905912399292,1.0235990285873413,0.0636676773428917,0.0636676773428917,0.0636676773428917,-0.09310520440340042,2.1730852127075195,1.4198617935180664,1.6707415580749512,1.4198617935180664,0.0498596616089344,0.05384354293346405,0.9457022547721863,1.044935703277588,4.968758730683476e-06,-0.050787631422281265,-0.1610085517168045,-0.1611301451921463,2.187852382659912,1.3901084661483765,1.6077775955200195,1.4006962776184082,2.974106550216675,-1.1606261730194092,-0.8596971035003662,-0.11350515484809875,-7.256682147271931e-05,-0.6078518629074097,-1.349776268005371,2.97462797164917,1.0578802824020386,0.12876464426517487,2.129718065261841,0.44203534722328186
0.29133859276771545,1.0,0.7576013803482056,0.7004343271255493,1.0,1.0,1.0,1.0,0.6922282576560974,0.496310293674469,-1.0,-0.502555251121521,-1.0,0.15093420445919037,0.02973482385277748,0.8738159537315369,1.0235990285873413,0.0636676773428917,0.0636676773428917,0.0636676773428917,-0.0902182087302208,2.1680173873901367,1.4198617935180664,1.6685843467712402,1.4198617935180664,0.05774565041065216,0.05066726356744766,0.9433976411819458,1.0446885824203491,5.231947852735175e-06,-0.05230756103992462,-0.16499505937099457,-0.15324781835079193,2.1912965774536133,1.3905011415481567,1.6136683225631714,1.401776909828186,2.9681406021118164,-1.1482573747634888,-0.8591362237930298,-0.1568002998828888,-0.00011359802010701969,-0.6655417084693909,-1.268855333328247,2.9662156105041504,0.8070777058601379,0.13590742647647858,2.0849058628082275,0.4717419445514679
0.29921260476112366,1.0,0.7456489205360413,0.6861360669136047,1.0,1.0,1.0,1.0,0.7105522751808167,0.481537401676178,-1.0,-0.5094108581542969,-1.0,0.15093420445919037,0.023758593946695328,0.866666853427887,1.0235990285873413,0.0636676773428917,0.0636676773428917,0.0636676773428917,-0.08105609565973282,2.160630702972412,1.4198617935180664,1.6651567220687866,1.4198617935180664,0.06540262699127197,0.04748961701989174,0.9408681392669678,1.0442566871643066,6.074754310247954e-06,-0.053739871829748154,-0.16827479004859924,-0.14666028320789337,2.191998243331909,1.3908406496047974,1.6189684867858887,1.403184175491333,2.939469575881958,-1.148293375968933,-0.8907487392425537,-0.17591600120067596,0.0012962351320311427,-0.6354498863220215,-1.1896367073059082,2.796217441558838,0.5251651406288147,0.13036799430847168,2.0171802043914795,0.5445098280906677
0.30708661675453186,1.0,0.7315040230751038,0.6716473698616028,1.0,1.0,1.0,1.0,0.7357222437858582,0.4642346203327179,-1.0,-0.5176527500152588,-1.0,0.15093420445919037,0.01668625883758068,0.8594225645065308,1.0235990285873413,0.0636676773428917,0.0636676773428917,0.0636676773428917,-0.068471260368824,2.151979446411133,1.4198617935180664,1.6610357761383057,1.4198617935180664,0.07293466478586197,0.04431123286485672,0.9382164478302002,1.043724536895752,7.233717497001635e-06,-0.05512440204620361,-0.17116902768611908,-0.14077898859977722,2.1912031173706055,1.391150712966919,1.6239464282989502,1.4047701358795166,2.8984148502349854,-1.1550954580307007,-0.9399104714393616,-0.1818428933620453,0.003497448982670903,-0.5574769973754883,-1.1113463640213013,2.5380797386169434,0.2262834906578064,0.11791101098060608,1.9369550943374634,0.6407658457756042
0.31496062874794006,1.0,0.7162612080574036,0.6571857929229736,1.0,1.0,1.0,1.0,0.7633031010627747,0.44585031270980835,-1.0,-0.5263071060180664,-1.0,0.15093420445919037,0.009064720943570137,0.8521918058395386,1.0235990285873413,0.0636676773428917,0.0636676773428917,0.0636676773428917,-0.05468080937862396,2.142787218093872,1.4198617935180664,1.6567087173461914,1.4198617935180664,0.08043348789215088,0.041132599115371704,0.9355229139328003,1.0431653261184692,8.370099749299698e-06,-0.05650264769792557,-0.1739206612110138,-0.13512806594371796,2.189880132675171,1.3914514780044556,1.6288093328475952,1.4063982963562012,2.8548758029937744,-1.16498601436615,-0.9947377443313599,-0.1841334104537964,0.00583095196634531,-0.46352848410606384,-1.033479928970337,2.2487285137176514,-0.08051206171512604,0.1026332676410675,1.8525292873382568,0.7445651888847351
0.32283464074134827,1.0,0.698601484298706,0.6427838802337646,1.0,1.0,1.0,1.0,0.7961885929107666,0.4250861406326294,-1.0,-0.5358691215515137,-1.0,0.15093420445919037,0.00023492073523811996,0.8449907898902893,1.0235990285873413,0.0636676773428917,0.0636676773428917,0.0636676773428917,-0.03823801502585411,2.1324052810668945,1.4198617935180664,1.6519277095794678,1.4198617935180664,0.08785918354988098,0.03795339912176132,0.9327380061149597,1.0425468683242798,9.456813131691888e-06,-0.057867102324962616,-0.17635850608348846,-0.1299840807914734,2.187396764755249,1.3917332887649536,1.6334203481674194,1.4081203937530518,2.805872917175293,-1.181670069694519,-1.0620290040969849,-0.17842386662960052,0.008455486036837101,-0.3344328701496124,-0.9565461277961731,1.890706181526184,-0.4047181308269501,0.08114984631538391,1.7588605880737305,0.8649600744247437
0.33070865273475647,1.0,0.6809419393539429,0.6283819675445557,1.0,1.0,1.0,1.0,0.8290741443634033,0.40432208776474,-1.0,-0.5454308986663818,-1.0,0.15093420445919037,-0.008594876155257225,0.8377898335456848,1.0235990285873413,0.0636676773428917,0.0636676773428917,0.0636676773428917,-0.021795222535729408,2.122023344039917,1.4198617935180664,1.6471465826034546,1.4198617935180664,0.09528487175703049,0.034774210304021835,0.9299529194831848,1.0419285297393799,1.054352742357878e-05,-0.05923156067728996,-0.17879638075828552,-0.1248401403427124,2.18491268157959,1.392014980316162,1.6380317211151123,1.4098422527313232,2.7568697929382324,-1.1983543634414673,-1.1293201446533203,-0.17271432280540466,0.011080018244683743,-0.20533737540245056,-0.8796123266220093,1.5326837301254272,-0.7289240956306458,0.05966643989086151,1.6651920080184937,0.9853550791740417
0.3385826647281647,1.0,0.6635826230049133,0.6150365471839905,1.0,1.0,0.9991708397865295,1.0,0.8617568016052246,0.3839107155799866,-1.0,-0.5549571514129639,-1.0,0.15093420445919037,-0.017274485900998116,0.8311170339584351,1.0235990285873413,0.0636676773428917,0.06325308978557587,0.0636676773428917,-0.005453946068882942,2.1118175983428955,1.4198617935180664,1.6423835754394531,1.4198617935180664,0.1026703491806984,0.0316053181886673,0.9271405339241028,1.041296124458313,1.1603735401877202e-05,-0.060565028339624405,-0.18114621937274933,-0.11989127099514008,2.1822428703308105,1.3922817707061768,1.6425633430480957,1.4116753339767456,2.705902576446533,-1.2138723134994507,-1.196079134941101,-0.16669674217700958,0.013702001422643661,-0.07540032267570496,-0.8002473711967468,1.1752041578292847,-1.0479882955551147,0.037386056035757065,1.5694886445999146,1.119706392288208
0.34645670652389526,1.0,0.6463736295700073,0.6022193431854248,1.0,1.0,0.9979270100593567,1.0,0.8943377733230591,0.3636758029460907,-1.0,-0.5644657611846924,-1.0,0.15093420445919037,-0.025878997519612312,0.8247085213661194,1.0235990285873413,0.0636676773428917,0.06263120472431183,0.0636676773428917,0.010836572386324406,2.1017000675201416,1.4198617935180664,1.6376291513442993,1.4198617935180664,0.1100357174873352,0.02844158560037613,0.9243143796920776,1.0406570434570312,1.2650693861360196e-05,-0.06188303232192993,-0.1834520697593689,-0.11504002660512924,2.17948055267334,1.3925402164459229,1.6470555067062378,1.41356360912323,2.6539525985717773,-1.2288072109222412,-1.262571930885315,-0.16052526235580444,0.016322707757353783,0.054957494139671326,-0.719666600227356,0.8179956078529358,-1.3644814491271973,0.014707176014780998,1.47276771068573,1.2610360383987427
0.35433071851730347,0.9995467662811279,0.6334429383277893,0.5948866009712219,1.0,1.0,0.9826562404632568,1.0,0.923868715763092,0.3399945795536041,-1.0,-0.573991596698761,-1.0,0.15070757269859314,-0.03234438970685005,0.821042001247406,1.0235990285873413,0.0636676773428917,0.054995857179164886,0.0636676773428917,0.02560204267501831,2.0898594856262207,1.4198617935180664,1.632866382598877,1.4198617935180664,0.11708944290876389,0.02536998875439167,0.9214670658111572,1.0399264097213745,1.3051339919911698e-05,-0.0637090802192688,-0.1852686107158661,-0.11074323952198029,2.176274299621582,1.3929016590118408,1.6512200832366943,1.4156790971755981,2.57889723777771,-1.232070803642273,-1.3085829019546509,-0.16414551436901093,0.013995988294482231,0.1213805302977562,-0.6150166392326355,0.5014430284500122,-1.6301274299621582,0.004913659766316414,1.3622353076934814,1.3786104917526245
0.36220473051071167,0.996978759765625,0.6404771208763123,0.613147497177124,1.0,1.0,0.9019266963005066,1.0,0.9391659498214722,0.3002311587333679,-1.0,-0.5835996866226196,-1.0,0.14942356944084167,-0.028827210888266563,0.830172598361969,1.0235990285873413,0.0636676773428917,0.014631072990596294,0.0636676773428917,0.03325061500072479,2.0699777603149414,1.4198617935180664,1.6280622482299805,1.4198617935180664,0.12268885225057602,0.02272840030491352,0.9185209274291992,1.03876793384552,1.0435858712298796e-05,-0.06790599226951599,-0.18480157852172852,-0.1090342327952385,2.1710009574890137,1.3937408924102783,1.6538581848144531,1.4188553094863892,2.396019458770752,-1.180867314338684,-1.2590117454528809,-0.2134610414505005,-0.011418703943490982,-0.11055878549814224,-0.3980451822280884,0.37461742758750916,-1.6584864854812622,0.0552518367767334,1.1872496604919434,1.3853293657302856
0.3700787425041199,0.9944107532501221,0.6475116610527039,0.6314084529876709,1.0,1.0,0.8211972117424011,1.0,0.954463005065918,0.2604677379131317,-1.0,-0.5932077765464783,-1.0,0.14813953638076782,-0.025310032069683075,0.8393030762672424,1.0235990285873413,0.0636676773428917,-0.02573372982442379,0.0636676773428917,0.04089919850230217,2.050095796585083,1.4198617935180664,1.6232578754425049,1.4198617935180664,0.12828823924064636,0.020086809992790222,0.9155749082565308,1.0376098155975342,7.820377504685894e-06,-0.07210288196802139,-0.18433445692062378,-0.10732518136501312,2.16572642326355,1.3945802450180054,1.6564964056015015,1.4220314025878906,2.2131423950195312,-1.1296638250350952,-1.2094407081604004,-0.2627764940261841,-0.036833394318819046,-0.3424980938434601,-0.18107348680496216,0.2477918267250061,-1.6868456602096558,0.10559001564979553,1.0122640132904053,1.3920484781265259
0.3779527544975281,0.9908521175384521,0.6588689088821411,0.654172420501709,1.0,1.0,0.7270352244377136,1.0,0.9667952656745911,0.2181447148323059,-1.0,-0.6031187176704407,-1.0,0.14636027812957764,-0.01963135041296482,0.8506850004196167,1.0235990285873413,0.0636676773428917,-0.07281477749347687,0.0636676773428917,0.04706539213657379,2.0289347171783447,1.4198617935180664,1.6183027029037476,1.4198617935180664,0.13354244828224182,0.017564017325639725,0.912638783454895,1.036385178565979,6.110194135544589e-06,-0.07678096741437912,-0.18343394994735718,-0.10614638775587082,2.1602396965026855,1.3954992294311523,1.658818006515503,1.4254183769226074,2.0022077560424805,-1.0647492408752441,-1.1416646242141724,-0.32050561904907227,-0.06328817456960678,-0.6304716467857361,0.05804406851530075,0.1536618173122406,-1.6682924032211304,0.16713446378707886,0.8237665295600891,1.3778513669967651
0.3858267664909363,0.9856430888175964,0.6774312257766724,0.6844407916069031,1.0,1.0,0.6104855537414551,1.0,0.9741864800453186,0.171555757522583,-1.0,-0.6135340332984924,-1.0,0.1437556892633438,-0.010350154712796211,0.8658192753791809,1.0235990285873413,0.0636676773428917,-0.13108955323696136,0.0636676773428917,0.05076096951961517,2.0056397914886475,1.4198617935180664,1.6130951642990112,1.4198617935180664,0.13822126388549805,0.015239215455949306,0.9097192287445068,1.0350492000579834,5.908829734835308e-06,-0.08226098865270615,-0.18181103467941284,-0.10585132241249084,2.154399871826172,1.3965516090393066,1.6606124639511108,1.4291568994522095,1.7445114850997925,-0.9769836068153381,-1.043546199798584,-0.3922572433948517,-0.09147646278142929,-1.0118355751037598,0.33407148718833923,0.11402448266744614,-1.5715513229370117,0.24735604226589203,0.6127495765686035,1.3287941217422485
0.3937007784843445,0.9804211854934692,0.6959367394447327,0.7144752144813538,1.0,1.0,0.49190351366996765,0.9997909069061279,0.9809685945510864,0.12384830415248871,-1.0,-0.623726487159729,-1.0,0.1411447525024414,-0.0010974915931001306,0.8808364272117615,1.0235990285873413,0.0636676773428917,-0.19038057327270508,0.06356313824653625,0.05415195971727371,1.9817864894866943,1.4198617935180664,1.6079990863800049,1.4198617935180664,0.14273495972156525,0.01290055736899376,0.9068548679351807,1.0336809158325195,6.105785814725095e-06,-0.0878899097442627,-0.1800442337989807,-0.10561315715312958,2.148592710494995,1.397638201713562,1.6622755527496338,1.4328773021697998,1.4790968894958496,-0.8904393315315247,-0.9400908946990967,-0.46531379222869873,-0.120054692029953,-1.4045071601867676,0.6121010184288025,0.07757487893104553,-1.46626615524292,0.3321553170681,0.3985178470611572,1.2704435586929321
0.4015747904777527,0.9751912355422974,0.7144057154655457,0.7443608641624451,1.0,1.0,0.37202808260917664,0.9994487762451172,0.9873627424240112,0.07542898505926132,-1.0,-0.6337769627571106,-1.0,0.13852983713150024,0.008137013763189316,0.8957793116569519,1.0235990285873413,0.0636676773428917,-0.2503182888031006,0.06339208781719208,0.05734913796186447,1.9575765132904053,1.4198617935180664,1.602973461151123,1.4198617935180664,0.1471436619758606,0.01055307500064373,0.9040254950523376,1.0322918891906738,6.5562117015360855e-06,-0.09361360222101212,-0.17818588018417358,-0.10541122406721115,2.1428067684173584,1.3987464904785156,1.663854718208313,1.436586618423462,1.208770751953125,-0.8046718835830688,-0.8332399129867554,-0.539201021194458,-0.14888113737106323,-1.8043744564056396,0.8914048671722412,0.04315384849905968,-1.3555433750152588,0.41986772418022156,0.18224036693572998,1.206179141998291
0.4094488322734833,0.9699614644050598,0.7328746914863586,0.7742464542388916,1.0,1.0,0.25215262174606323,0.9991067051887512,0.9937572479248047,0.027009665966033936,-1.0,-0.6438276171684265,-1.0,0.13591493666172028,0.017371516674757004,0.9107220768928528,1.0235990285873413,0.0636676773428917,-0.3102559745311737,0.0632210299372673,0.06054631993174553,1.9333670139312744,1.4198617935180664,1.5979485511779785,1.4198617935180664,0.15155227482318878,0.008205596357584,0.9011961817741394,1.0309029817581177,7.0066298576421104e-06,-0.09933731704950333,-0.17632755637168884,-0.10520926117897034,2.137021780014038,1.3998548984527588,1.6654343605041504,1.4402958154678345,0.9384444355964661,-0.7189044952392578,-0.7263888120651245,-0.6130878925323486,-0.17770756781101227,-2.2042417526245117,1.1707086563110352,0.008732814341783524,-1.2448208332061768,0.5075801610946655,-0.034037116914987564,1.1419148445129395
0.4173228442668915,0.9484173655509949,0.7576940655708313,0.8004559874534607,0.9921937584877014,1.0,0.1465543955564499,0.9070122241973877,0.9960876107215881,-0.020715221762657166,-0.9999434351921082,-0.6679189205169678,-0.9925028681755066,0.125142902135849,0.029781196266412735,0.9238267540931702,1.01969575881958,0.0636676773428917,-0.36305516958236694,0.017173826694488525,0.061711449176073074,1.909505009651184,1.41989004611969,1.5859026908874512,1.4236106872558594,0.15234658122062683,0.007408928591758013,0.9001922607421875,1.0296586751937866,2.9768132662866265e-05,-0.10609714686870575,-0.17761889100074768,-0.10526093095541,2.1328861713409424,1.4013580083847046,1.6633336544036865,1.4434318542480469,0.6481931209564209,-0.5650689005851746,-0.5731934905052185,-0.62331223487854,-0.17492258548736572,-2.4335553646087646,1.052625060081482,-0.002739948919042945,-1.206297516822815,0.5549685955047607,-0.3110843002796173,1.098421573638916
0.4251968562602997,0.9200758337974548,0.7851593494415283,0.8251340389251709,0.981134831905365,1.0,0.046904969960451126,0.776687741279602,0.9967244267463684,-0.06815077364444733,-0.9998632073402405,-0.6978607773780823,-0.9818814396858215,0.11097206920385361,0.04351385310292244,0.9361658096313477,1.014166235923767,0.0636676773428917,-0.4128798246383667,-0.04798844829201698,0.0620298907160759,1.885786533355713,1.4199302196502686,1.5709317922592163,1.4289213418960571,0.15163487195968628,0.007258434314280748,0.899949312210083,1.0284745693206787,6.182591459946707e-05,-0.11328872293233871,-0.18022258579730988,-0.10541825741529465,2.1294379234313965,1.4030259847640991,1.6596996784210205,1.44632887840271,0.3496396243572235,-0.38287144899368286,-0.4006882607936859,-0.6070103645324707,-0.15896624326705933,-2.5918049812316895,0.7689626216888428,-0.004650937393307686,-1.197857141494751,0.5855555534362793,-0.6134520769119263,1.0635828971862793
0.4330708682537079,0.89173424243927,0.8126246929168701,0.8498120307922363,0.9700759053230286,1.0,-0.052744437009096146,0.6463631987571716,0.9973613023757935,-0.1155863106250763,-0.9997829794883728,-0.7278025150299072,-0.9712603092193604,0.0968012586236,0.05724652111530304,0.9485046863555908,1.008636713027954,0.0636676773428917,-0.46270450949668884,-0.1131507158279419,0.06234833970665932,1.8620692491531372,1.4199702739715576,1.5559608936309814,1.4342317581176758,0.15092314779758453,0.007107939105480909,0.8997063040733337,1.0272905826568604,9.388370381202549e-05,-0.12048028409481049,-0.1828262358903885,-0.10557559132575989,2.125990629196167,1.404693841934204,1.6560659408569336,1.4492261409759521,0.0510861761868,-0.20067404210567474,-0.22818300127983093,-0.5907087326049805,-0.14300979673862457,-2.7500548362731934,0.4853004217147827,-0.006561923772096634,-1.1894170045852661,0.6161424517631531,-0.9158198833465576,1.0287445783615112
0.4409448802471161,0.8597186207771301,0.8400015830993652,0.8734861016273499,0.9563128352165222,1.0,-0.14392554759979248,0.4950921833515167,0.9974640607833862,-0.16078156232833862,-0.9997027516365051,-0.7609646916389465,-0.9581313729286194,0.08079347759485245,0.07093495875597,0.9603418707847595,1.0017552375793457,0.0636676773428917,-0.5082950592041016,-0.18878626823425293,0.06239970400929451,1.8394713401794434,1.4200103282928467,1.539379596710205,1.4407963752746582,0.14939500391483307,0.00733281672000885,0.8998668193817139,1.0261328220367432,0.00012808323663193733,-0.12787091732025146,-0.18621060252189636,-0.10574091225862503,2.1228559017181396,1.4064213037490845,1.6515403985977173,1.4520119428634644,-0.23920941352844238,-0.00957144983112812,-0.04778887331485748,-0.5607832074165344,-0.12540513277053833,-2.8587794303894043,0.09557909518480301,0.001087868819013238,-1.1953896284103394,0.6354182362556458,-1.229738473892212,1.0026068687438965
0.4488188922405243,0.8213198781013489,0.8691150546073914,0.8966648578643799,0.9386438727378845,1.0,-0.22494356334209442,0.30979543924331665,0.9968302845954895,-0.20316506922245026,-0.9996225833892822,-0.7999614477157593,-0.9410576224327087,0.06159409508109093,0.08549166470766068,0.9719313383102417,0.9929208755493164,0.0636676773428917,-0.5488040447235107,-0.2814346253871918,0.06208282709121704,1.81827974319458,1.4200505018234253,1.5198813676834106,1.4493333101272583,0.1466437727212906,0.00815343577414751,0.9006376266479492,1.0250322818756104,0.00016565146506763995,-0.13560360670089722,-0.19089096784591675,-0.1059139221906662,2.1201324462890625,1.4082510471343994,1.645658016204834,1.4546434879302979,-0.5172066688537598,0.20386402308940887,0.14400650560855865,-0.5090081095695496,-0.1050894558429718,-2.895453691482544,-0.4579731225967407,0.02420537918806076,-1.2203097343444824,0.6368817687034607,-1.5612883567810059,0.9891915917396545
0.4566929042339325,0.7815935611724854,0.8997084498405457,0.9204803109169006,0.9206314086914062,1.0,-0.30654120445251465,0.11882306635379791,0.9961566925048828,-0.24560345709323883,-0.9995424747467041,-0.8403133153915405,-0.9234068989753723,0.04173091799020767,0.10078848153352737,0.9838389158248901,0.9839146733283997,0.0636676773428917,-0.5896028876304626,-0.37692081928253174,0.06174604594707489,1.797060489654541,1.4200905561447144,1.49970543384552,1.4581588506698608,0.14375373721122742,0.009064549580216408,0.9014809131622314,1.0239509344100952,0.0002037116209976375,-0.14340513944625854,-0.1958051323890686,-0.10608482360839844,2.117415189743042,1.410102128982544,1.6396063566207886,1.457265853881836,-0.7938592433929443,0.4260061979293823,0.3368086516857147,-0.45376619696617126,-0.08430042862892151,-2.925427198410034,-1.0335005521774292,0.04986312985420227,-1.24556303024292,0.6357297301292419,-1.8950631618499756,0.9770050048828125
0.4645669162273407,0.7418673038482666,0.9303023219108582,0.9442956447601318,0.9026191234588623,1.0,-0.388139009475708,-0.07214924693107605,0.9954831600189209,-0.2880418598651886,-0.9994621276855469,-0.8806652426719666,-0.9057562947273254,0.021867725998163223,0.11608529090881348,0.9957464933395386,0.974908173084259,0.0636676773428917,-0.6304017305374146,-0.4724069833755493,0.06140926852822304,1.775841474533081,1.420130729675293,1.4795292615890503,1.4669839143753052,0.14086364209651947,0.00997566245496273,0.9023245573043823,1.02286958694458,0.00024177177692763507,-0.15120670199394226,-0.20071932673454285,-0.10625571757555008,2.1146979331970215,1.4119526147842407,1.6335546970367432,1.459888219833374,-1.0705116987228394,0.6481482982635498,0.5296108722686768,-0.39852434396743774,-0.06351139396429062,-2.9554007053375244,-1.6090279817581177,0.07552088797092438,-1.270816445350647,0.6345776915550232,-2.228837490081787,0.9648184180259705
0.4724409580230713,0.7087557315826416,0.9562662839889526,0.9646351933479309,0.8855078220367432,1.0,-0.443765789270401,-0.23004409670829773,0.9951266050338745,-0.3124239146709442,-0.9876267910003662,-0.9156782627105713,-0.8874552249908447,0.005311964079737663,0.1290672868490219,1.0059165954589844,0.9663525819778442,0.0636676773428917,-0.6582152843475342,-0.5513544082641602,0.06123097240924835,1.7636504173278809,1.4260485172271729,1.4620230197906494,1.4761345386505127,0.13770192861557007,0.011486168950796127,0.9036428928375244,1.0218191146850586,0.000266665214439854,-0.1590326726436615,-0.20608319342136383,-0.10637594759464264,2.1120169162750244,1.4145816564559937,1.6271947622299194,1.4625287055969238,-1.307515025138855,0.8587670922279358,0.7104049324989319,-0.35503581166267395,-0.045295845717191696,-2.9784669876098633,-2.101879358291626,0.09556042402982712,-1.2803354263305664,0.6789527535438538,-2.5126583576202393,0.9580023288726807
0.4803149700164795,0.6971423029899597,0.9671838283538818,0.9736791253089905,0.8713235855102539,1.0,-0.4149872064590454,-0.2804371416568756,0.995800256729126,-0.27812278270721436,-0.9375877380371094,-0.9333392381668091,-0.8670394420623779,-0.0004946782719343901,0.13452613353729248,1.0104384422302246,0.9592606425285339,0.0636676773428917,-0.643825888633728,-0.5765507817268372,0.061567749828100204,1.780800700187683,1.4510680437088013,1.4531924724578857,1.4863423109054565,0.13365720212459564,0.014944689348340034,0.9065043330192566,1.0208697319030762,0.0002487666206434369,-0.16693802177906036,-0.21290826797485352,-0.10633143782615662,2.10945463180542,1.4197391271591187,1.6198339462280273,1.465227484703064,-1.4156593084335327,1.031935214996338,0.8521726131439209,-0.34974542260169983,-0.035444095730781555,-2.979083299636841,-2.3260321617126465,0.09734088182449341,-1.2387192249298096,0.8712905645370483,-2.634131908416748,0.9686400294303894
0.4881889820098877,0.6855289936065674,0.9781016111373901,0.982722818851471,0.8571392893791199,1.0,-0.3862086236476898,-0.3308302164077759,0.9964737296104431,-0.24382169544696808,-0.8875486254692078,-0.9510002136230469,-0.8466235995292664,-0.006301322020590305,0.13998495042324066,1.0149602890014648,0.952168345451355,0.0636676773428917,-0.629436731338501,-0.601747453212738,0.061904530972242355,1.797951340675354,1.4760875701904297,1.4443618059158325,1.49655020236969,0.12961243093013763,0.018403206020593643,0.9093653559684753,1.0199203491210938,0.00023086805595085025,-0.17484337091445923,-0.2197333425283432,-0.10628693550825119,2.106891632080078,1.4248969554901123,1.6124730110168457,1.467926263809204,-1.5238032341003418,1.2051031589508057,0.9939404726028442,-0.3444550335407257,-0.025592362508177757,-2.9796996116638184,-2.550184488296509,0.09912130236625671,-1.1971030235290527,1.0636284351348877,-2.7556049823760986,0.9792777299880981
0.4960629940032959,0.673915684223175,0.9890191555023193,0.9917665123939514,0.8429551720619202,1.0,-0.3574300706386566,-0.38122326135635376,0.997147262096405,-0.2095205932855606,-0.8375093936920166,-0.9686613082885742,-0.8262077569961548,-0.012107963673770428,0.14544378221035004,1.019482135772705,0.9450762867927551,0.0636676773428917,-0.6150473952293396,-0.6269438862800598,0.06224130839109421,1.8151018619537354,1.5011075735092163,1.4355312585830688,1.506758213043213,0.1255677044391632,0.021861732006072998,0.912226676940918,1.0189706087112427,0.00021296947670634836,-0.1827487349510193,-0.22655841708183289,-0.10624244064092636,2.1043291091918945,1.4300546646118164,1.6051119565963745,1.4706249237060547,-1.6319469213485718,1.3782708644866943,1.1357083320617676,-0.3391645550727844,-0.01574062369763851,-2.980316638946533,-2.7743372917175293,0.10090170800685883,-1.155486822128296,1.255966305732727,-2.87707781791687,0.9899155497550964
0.5039370059967041,0.6727428436279297,0.9952170848846436,0.9967851638793945,0.8327559232711792,1.0,-0.3047401010990143,-0.39405909180641174,0.9978208541870117,-0.16089007258415222,-0.7742973566055298,-0.9796916246414185,-0.8078277111053467,-0.012694472447037697,0.14854279160499573,1.021991491317749,0.9399769306182861,0.0636676773428917,-0.5887023210525513,-0.6333619356155396,0.06257808953523636,1.8394170999526978,1.532713532447815,1.430016040802002,1.5159481763839722,0.1213342472910881,0.02590320073068142,0.9155552387237549,1.0180583000183105,0.00018362721311859787,-0.19066071510314941,-0.23384936153888702,-0.10615283995866776,2.10180926322937,1.4360976219177246,1.597517967224121,1.4733242988586426,-1.6993353366851807,1.538196086883545,1.2679660320281982,-0.342597097158432,-0.005505711771547794,-2.978320837020874,-2.8985490798950195,0.09564067423343658,-1.1114652156829834,1.502689242362976,-2.94594407081604,0.9984809160232544
0.5118110179901123,0.6820099949836731,0.9966955184936523,0.9977787733078003,0.8265419602394104,1.0,-0.22813871502876282,-0.36933788657188416,0.9984944462776184,-0.09793021529912949,-0.6979122161865234,-0.9840912222862244,-0.7914833426475525,-0.008060848340392113,0.14928194880485535,1.0224883556365967,0.9368698596954346,0.0636676773428917,-0.5504016876220703,-0.6210013031959534,0.0629148781299591,1.8708970546722412,1.5709060430526733,1.4278165102005005,1.5241206884384155,0.11691215634346008,0.03052760846912861,0.9193512797355652,1.0171822309494019,0.0001428412360837683,-0.19857926666736603,-0.24160607159137726,-0.10601819306612015,2.0993309020996094,1.4430248737335205,1.5896915197372437,1.4760241508483887,-1.725967288017273,1.6848787069320679,1.3907140493392944,-0.35475224256515503,0.005112374201416969,-2.9737133979797363,-2.922819137573242,0.0833381712436676,-1.0650386810302734,1.8037973642349243,-2.9622037410736084,1.0049737691879272
0.5196850299835205,0.691277265548706,0.998173713684082,0.9987725019454956,0.8203281760215759,1.0,-0.15153732895851135,-0.34461668133735657,0.9991679787635803,-0.03497034311294556,-0.6215271353721619,-0.9884909391403198,-0.7751389741897583,-0.0034272235352545977,0.15002112090587616,1.0229852199554443,0.9337628483772278,0.0636676773428917,-0.5121009349822998,-0.6086404919624329,0.06325165182352066,1.9023767709732056,1.6090983152389526,1.4256166219711304,1.5322927236557007,0.11249002814292908,0.035152025520801544,0.9231472015380859,1.0163064002990723,0.00010205530270468444,-0.20649780333042145,-0.24936288595199585,-0.10588354617357254,2.0968525409698486,1.4499526023864746,1.581864833831787,1.4787232875823975,-1.7525993585586548,1.831560730934143,1.5134618282318115,-0.36690762639045715,0.01573045924305916,-2.9691057205200195,-2.9470908641815186,0.07103565335273743,-1.0186121463775635,2.104905605316162,-2.9784629344940186,1.0114666223526
0.5275590419769287,0.7005444765090942,0.9996521472930908,0.9997662305831909,0.8141143321990967,1.0,-0.07493594288825989,-0.3198954164981842,0.9998414516448975,0.027989527210593224,-0.5451420545578003,-0.9928903579711914,-0.7587945461273193,0.00120640080422163,0.15076026320457458,1.023482084274292,0.9306557774543762,0.0636676773428917,-0.4738002419471741,-0.596280038356781,0.06358843296766281,1.9338572025299072,1.6472913026809692,1.4234167337417603,1.5404647588729858,0.10806792229413986,0.03977643698453903,0.9269431233406067,1.0154303312301636,6.126935477368534e-05,-0.21441635489463806,-0.25711965560913086,-0.10574889183044434,2.094374179840088,1.456879734992981,1.5740381479263306,1.4814229011535645,-1.7792311906814575,1.9782434701919556,1.6362093687057495,-0.37906283140182495,0.026348548009991646,-2.9644980430603027,-2.9713613986968994,0.058733150362968445,-0.9721852540969849,2.4060134887695312,-2.994722604751587,1.017959475517273
0.5354330539703369,0.7205224633216858,1.0,1.0,0.8272652626037598,1.0,-0.015253152698278427,-0.25926995277404785,1.0,0.06356227397918701,-0.4961942434310913,-0.9947168827056885,-0.7471778392791748,0.011195419356226921,0.15093420445919037,1.0235990285873413,0.9372313618659973,0.0636676773428917,-0.4439588785171509,-0.5659673810005188,0.0636676773428917,1.951643466949463,1.6717652082443237,1.4225033521652222,1.5462734699249268,0.10396802425384521,0.045355916023254395,0.9316006898880005,1.0146126747131348,7.952185114845634e-06,-0.2212088704109192,-0.2637249827384949,-0.10569819808006287,2.0919995307922363,1.4643466472625732,1.566135287284851,1.4841209650039673,-1.734065294265747,2.067711353302002,1.7185258865356445,-0.3687441349029541,0.02778155915439129,-2.8614819049835205,-2.864985942840576,0.05579598248004913,-0.9563246965408325,2.567427635192871,-2.998415946960449,1.0108386278152466
0.5433070659637451,0.7437962293624878,1.0,1.0,0.8463751673698425,1.0,0.03922392055392265,-0.1875970959663391,1.0,0.09070822596549988,-0.4556886851787567,-0.995751678943634,-0.7370157837867737,0.022832252085208893,0.15093420445919037,1.0235990285873413,0.9467864632606506,0.0636676773428917,-0.41672036051750183,-0.5301308631896973,0.0636676773428917,1.9652162790298462,1.692017674446106,1.4219861030578613,1.5513544082641602,0.09996727108955383,0.05122924968600273,0.9365234375,1.0138126611709595,-4.9220740038435906e-05,-0.22765487432479858,-0.2699759900569916,-0.10567329823970795,2.0896553993225098,1.4719796180725098,1.55820894241333,1.4868179559707642,-1.6668070554733276,2.139575242996216,1.7884019613265991,-0.35151025652885437,0.026388399302959442,-2.72818660736084,-2.7184112071990967,0.055740490555763245,-0.9498687386512756,2.6858599185943604,-2.998244285583496,0.9995287656784058
0.5511810779571533,0.7670698165893555,1.0,1.0,0.8654847145080566,1.0,0.09370097517967224,-0.1159241572022438,1.0,0.11785413324832916,-0.4151831269264221,-0.9967864155769348,-0.7268534898757935,0.034469082951545715,0.15093420445919037,1.0235990285873413,0.9563410878181458,0.0636676773428917,-0.3894818425178528,-0.49429449439048767,0.0636676773428917,1.978789210319519,1.7122702598571777,1.421468734741211,1.5564353466033936,0.09596649557352066,0.05710257962346077,0.9414461851119995,1.0130127668380737,-0.00010639367246767506,-0.23410087823867798,-0.2762269973754883,-0.10564843565225601,2.0873115062713623,1.4796127080917358,1.55028235912323,1.4895155429840088,-1.5995492935180664,2.2114391326904297,1.858277678489685,-0.33427637815475464,0.024995241314172745,-2.5948915481567383,-2.5718367099761963,0.05568499118089676,-0.9434131979942322,2.804291009902954,-2.9980719089508057,0.9882190227508545
0.5590550899505615,0.789837658405304,1.0,1.0,0.8850879073143005,1.0,0.1472465991973877,-0.043204981833696365,1.0,0.1439564973115921,-0.37686336040496826,-0.997778594493866,-0.7166552543640137,0.04585302993655205,0.15093420445919037,1.0235990285873413,0.9661427736282349,0.0636676773428917,-0.3627089858055115,-0.45793473720550537,0.0636676773428917,1.9918406009674072,1.731430172920227,1.420972466468811,1.5615344047546387,0.09199214726686478,0.06303653120994568,0.9464079737663269,1.012221336364746,-0.00016762875020503998,-0.24048450589179993,-0.28241491317749023,-0.10563544183969498,2.0849757194519043,1.4872618913650513,1.5423561334609985,1.4922159910202026,-1.5310465097427368,2.2796764373779297,1.9257208108901978,-0.3164673447608948,0.022951971739530563,-2.4558613300323486,-2.419323444366455,0.0561150498688221,-0.9376201629638672,2.9142234325408936,-2.997891426086426,0.9767758846282959
0.5669291615486145,0.8110233545303345,1.0,1.0,0.907450795173645,1.0,0.19336076080799103,0.036392368376255035,1.0,0.16144505143165588,-0.35183194279670715,-0.9985008239746094,-0.705489456653595,0.05644591152667999,0.15093420445919037,1.0235990285873413,0.9773242473602295,0.0636676773428917,-0.3396519422531128,-0.4181361198425293,0.0636676773428917,2.000584602355957,1.7439463138580322,1.4206112623214722,1.5671173334121704,0.088158518075943,0.06923855096101761,0.9516376852989197,1.0114569664001465,-0.00023560714907944202,-0.24638281762599945,-0.2878016233444214,-0.10562381148338318,2.082660675048828,1.4950591325759888,1.5344297885894775,1.4948831796646118,-1.4505717754364014,2.3272244930267334,1.9770679473876953,-0.2946525812149048,0.017839260399341583,-2.274857521057129,-2.1953909397125244,0.05974385514855385,-0.9382789134979248,2.9648849964141846,-2.9972622394561768,0.9649505615234375
0.5748031735420227,0.8314703702926636,1.0,1.0,0.9314802885055542,1.0,0.23460043966770172,0.12032224237918854,1.0,0.1732485145330429,-0.3350105881690979,-0.9990549087524414,-0.6936063170433044,0.06666938215494156,0.15093420445919037,1.0235990285873413,0.9893388748168945,0.0636676773428917,-0.31903207302093506,-0.3761712312698364,0.0636676773428917,2.006486415863037,1.752356767654419,1.4203343391418457,1.573058843612671,0.08440861105918884,0.07559013366699219,0.9570375084877014,1.0107057094573975,-0.00030488104675896466,-0.25196412205696106,-0.29262664914131165,-0.10560169070959091,2.0803537368774414,1.5029544830322266,1.5265040397644043,1.4975216388702393,-1.3619948625564575,2.36220645904541,2.018261194229126,-0.27028167247772217,0.010971263982355595,-2.0667831897735596,-1.9216848611831665,0.0653885081410408,-0.9433119893074036,2.977710247039795,-2.99629282951355,0.9529582262039185
0.5826771855354309,0.8519173860549927,1.0,1.0,0.955509603023529,1.0,0.27584022283554077,0.20425210893154144,1.0,0.18505200743675232,-0.31818926334381104,-0.9996088743209839,-0.6817231774330139,0.07689286023378372,0.15093420445919037,1.0235990285873413,1.0013536214828491,0.0636676773428917,-0.2984122335910797,-0.334206223487854,0.0636676773428917,2.012388229370117,1.7607675790786743,1.4200572967529297,1.57900071144104,0.08065873384475708,0.08194171637296677,0.9624373912811279,1.0099542140960693,-0.0003741549444384873,-0.257545530796051,-0.2974514961242676,-0.10557956993579865,2.078047275543213,1.510850191116333,1.518578052520752,1.5001600980758667,-1.2734181880950928,2.397188663482666,2.0594544410705566,-0.24591074883937836,0.004103264771401882,-1.8587085008621216,-1.64797842502594,0.07103314995765686,-0.9483447670936584,2.9905357360839844,-2.9953229427337646,0.9409658908843994
0.5905511975288391,0.8623804450035095,1.0,1.0,0.9713082909584045,1.0,0.31190359592437744,0.28481265902519226,1.0,0.19549813866615295,-0.31368473172187805,-1.0,-0.6700479388237,0.08212441205978394,0.15093420445919037,1.0235990285873413,1.009252905845642,0.0636676773428917,-0.280380517244339,-0.2939259707927704,0.0636676773428917,2.017611265182495,1.7630199193954468,1.4198617935180664,1.5848382711410522,0.07697482407093048,0.0882473886013031,0.9678202867507935,1.0092008113861084,-0.0004553120816126466,-0.2621850371360779,-0.30041906237602234,-0.10556232184171677,2.075721025466919,1.5185532569885254,1.510711669921875,1.5028131008148193,-1.2125115394592285,2.4135801792144775,2.083014488220215,-0.2303212732076645,-0.004713104106485844,-1.6366426944732666,-1.307651400566101,0.0755910575389862,-0.9509606957435608,2.978814125061035,-2.984023094177246,0.9346935749053955
0.5984252095222473,0.8488823771476746,1.0,1.0,0.9673531651496887,1.0,0.33554357290267944,0.3572869598865509,1.0,0.2026865929365158,-0.3387404680252075,-1.0,-0.6588715314865112,0.07537534832954407,0.15093420445919037,1.0235990285873413,1.0072753429412842,0.0636676773428917,-0.2685604393482208,-0.25768887996673584,0.0636676773428917,2.0212056636810303,1.7504918575286865,1.4198617935180664,1.5904263257980347,0.07344923913478851,0.09444285184144974,0.9731624126434326,1.0084424018859863,-0.0005649892846122384,-0.2645643949508667,-0.2989288568496704,-0.10555683076381683,2.0733489990234375,1.5257948637008667,1.5029879808425903,1.5055010318756104,-1.2180125713348389,2.385352849960327,2.064253807067871,-0.2358074188232422,-0.018205562606453896,-1.3809990882873535,-0.8074356913566589,0.07754077762365341,-0.9477757215499878,2.90817928314209,-2.947930335998535,0.9421494603157043
0.6062992215156555,0.83538419008255,1.0,1.0,0.9633980989456177,1.0,0.359183669090271,0.4297610819339752,1.0,0.20987503230571747,-0.3637961447238922,-1.0,-0.6476953625679016,0.0686262920498848,0.15093420445919037,1.0235990285873413,1.0052978992462158,0.0636676773428917,-0.256740540266037,-0.2214517444372177,0.0636676773428917,2.0247995853424072,1.737964153289795,1.4198617935180664,1.5960144996643066,0.06992365419864655,0.10063832998275757,0.978504478931427,1.007684350013733,-0.0006746661383658648,-0.26694366335868835,-0.2974385619163513,-0.1055513471364975,2.070976734161377,1.5330363512039185,1.4952646493911743,1.5081884860992432,-1.2235137224197388,2.3571250438690186,2.0454933643341064,-0.2412935346364975,-0.03169802948832512,-1.1253552436828613,-0.3072197139263153,0.07949051260948181,-0.9445908069610596,2.8375446796417236,-2.9118382930755615,0.949605405330658
0.6141732335090637,0.8210293650627136,1.0,1.0,0.9585942029953003,1.0,0.3822002112865448,0.5016255974769592,1.0,0.21680916845798492,-0.39001789689064026,-1.0,-0.6366147398948669,0.06144891306757927,0.15093420445919037,1.0235990285873413,1.0028958320617676,0.0636676773428917,-0.2452322393655777,-0.1855194866657257,0.0636676773428917,2.028266429901123,1.7248531579971313,1.4198617935180664,1.6015548706054688,0.06639465689659119,0.10682748258113861,0.9838401079177856,1.0069202184677124,-0.0007890609558671713,-0.2692185938358307,-0.2957295775413513,-0.10555536299943924,2.0686094760894775,1.5402671098709106,1.4875497817993164,1.510886788368225,-1.23235285282135,2.326233148574829,2.0248782634735107,-0.24831901490688324,-0.04520509019494057,-0.8694483637809753,0.20096886157989502,0.08116373419761658,-0.9412155151367188,2.76566743850708,-2.8742778301239014,0.957838773727417
0.6220472455024719,0.8053284287452698,1.0,1.0,0.9524562358856201,1.0,0.40423688292503357,0.5725318789482117,1.0,0.22334371507167816,-0.41807183623313904,-1.0,-0.625684380531311,0.053598418831825256,0.15093420445919037,1.0235990285873413,0.9998268485069275,0.0636676773428917,-0.23421382904052734,-0.15006642043590546,0.0636676773428917,2.031534194946289,1.7108263969421387,1.4198617935180664,1.6070199012756348,0.06286030262708664,0.11300669610500336,0.9891648888587952,1.0061461925506592,-0.0009108693921007216,-0.27132952213287354,-0.2936766445636749,-0.10557432472705841,2.0662472248077393,1.5474797487258911,1.4798483848571777,1.5136008262634277,-1.246437430381775,2.2911527156829834,2.001347780227661,-0.257763534784317,-0.05873509868979454,-0.6131282448768616,0.7216858863830566,0.08240250498056412,-0.9375410079956055,2.691838026046753,-2.8344099521636963,0.9672935009002686
0.6299212574958801,0.7837806940078735,1.0,1.0,0.9401789903640747,1.0,0.42053312063217163,0.6342841982841492,1.0,0.22959065437316895,-0.45570310950279236,-1.0,-0.6156909465789795,0.04282451793551445,0.15093420445919037,1.0235990285873413,0.9936883449554443,0.0636676773428917,-0.2260657399892807,-0.11919021606445312,0.0636676773428917,2.0346574783325195,1.6920104026794434,1.4198617935180664,1.6120164394378662,0.05935366451740265,0.11908503621816635,0.9944471716880798,1.005350947380066,-0.0010857817251235247,-0.2727174162864685,-0.29020822048187256,-0.10560066252946854,2.0639023780822754,1.5542974472045898,1.4722638130187988,1.5163459777832031,-1.2786104679107666,2.2426092624664307,1.9646973609924316,-0.2735649645328522,-0.07653370499610901,-0.36424314975738525,1.2301381826400757,0.07900869101285934,-0.9283530116081238,2.581322193145752,-2.780449867248535,0.9837779998779297
0.6377952694892883,0.7587249279022217,1.0,1.0,0.9242182970046997,1.0,0.4333852529525757,0.6905443668365479,1.0,0.23566505312919617,-0.4990807771682739,-1.0,-0.6062598824501038,0.03029656782746315,0.15093420445919037,1.0235990285873413,0.9857078194618225,0.0636676773428917,-0.21963971853256226,-0.09106013923883438,0.0636676773428917,2.0376946926116943,1.6703215837478638,1.4198617935180664,1.6167322397232056,0.05586365982890129,0.12510280311107635,0.9997040629386902,1.0045427083969116,-0.001292556757107377,-0.2736715078353882,-0.28589051961898804,-0.10563142597675323,2.061568260192871,1.560877799987793,1.4647494554519653,1.519110083580017,-1.3216373920440674,2.185987949371338,1.9201750755310059,-0.29318058490753174,-0.09689343720674515,-0.11981882154941559,1.7312312126159668,0.07283535599708557,-0.9158570766448975,2.4487948417663574,-2.718034029006958,1.004480004310608
0.6456692814826965,0.7336689233779907,1.0,1.0,0.9082577228546143,1.0,0.4462372958660126,0.7468044757843018,1.0,0.2417394071817398,-0.5424582958221436,-1.0,-0.5968288779258728,0.017768612131476402,0.15093420445919037,1.0235990285873413,0.9777275919914246,0.0636676773428917,-0.2132136970758438,-0.06293004006147385,0.0636676773428917,2.040731906890869,1.6486328840255737,1.4198617935180664,1.6214475631713867,0.05237363278865814,0.13112062215805054,1.0049608945846558,1.0037342309951782,-0.0014993316726759076,-0.2746255099773407,-0.28157269954681396,-0.10566219687461853,2.0592334270477295,1.5674582719802856,1.457235336303711,1.5218738317489624,-1.3646639585494995,2.129366397857666,1.87565279006958,-0.31279611587524414,-0.11725316941738129,0.12460550665855408,2.2323246002197266,0.06666204333305359,-0.9033612012863159,2.3162667751312256,-2.655618906021118,1.0251824855804443
0.6535432934761047,0.7227604985237122,1.0,1.0,0.8971678614616394,1.0,0.4351862668991089,0.753018856048584,1.0,0.24100534617900848,-0.5903984904289246,-1.0,-0.5937947034835815,0.012314424850046635,0.15093420445919037,1.0235990285873413,0.9721829295158386,0.0636676773428917,-0.21873918175697327,-0.05982290953397751,0.0636676773428917,2.0403647422790527,1.6246628761291504,1.4198617935180664,1.6229647397994995,0.0486779622733593,0.13614630699157715,1.0094926357269287,1.002739667892456,-0.0020134991500526667,-0.27433696389198303,-0.27500835061073303,-0.10588052868843079,2.0571231842041016,1.569742202758789,1.451141595840454,1.5249015092849731,-1.3845245838165283,2.039566993713379,1.8100605010986328,-0.33431628346443176,-0.14262056350708008,0.21091070771217346,2.4381814002990723,0.045397572219371796,-0.8826348781585693,1.9350899457931519,-2.526648759841919,1.0524725914001465
0.6614173054695129,0.7148837447166443,1.0,1.0,0.8871220946311951,1.0,0.4190131723880768,0.7485089302062988,1.0,0.23881234228610992,-0.6393161416053772,-1.0,-0.5921313762664795,0.00837604608386755,0.15093420445919037,1.0235990285873413,0.9671596884727478,0.0636676773428917,-0.22682571411132812,-0.06207786500453949,0.0636676773428917,2.0392682552337646,1.6002039909362793,1.4198617935180664,1.6237963438034058,0.04493821784853935,0.14095944166183472,1.0138685703277588,1.0017048120498657,-0.002593536861240864,-0.2737821936607361,-0.2679625451564789,-0.10613906383514404,2.055061101913452,1.5711058378219604,1.445352554321289,1.52798593044281,-1.3994207382202148,1.9426580667495728,1.7399535179138184,-0.35624444484710693,-0.169061079621315,0.263333261013031,2.5807735919952393,0.02089928649365902,-0.8601449728012085,1.5006309747695923,-2.3834164142608643,1.081174373626709
0.6692913174629211,0.707679271697998,1.0,1.0,0.8775342106819153,1.0,0.40211474895477295,0.7421429753303528,1.0,0.23644375801086426,-0.6883764863014221,-1.0,-0.5906983017921448,0.004773779772222042,0.15093420445919037,1.0235990285873413,0.9623658061027527,0.0636676773428917,-0.23527489602565765,-0.06526081264019012,0.0636676773428917,2.038083791732788,1.5756738185882568,1.4198617935180664,1.6245129108428955,0.041188716888427734,0.14573197066783905,1.018216848373413,1.000659465789795,-0.0031867187935858965,-0.2731877863407135,-0.26083946228027344,-0.10640806704759598,2.053011417388916,1.5723309516906738,1.439620018005371,1.5310832262039185,-1.4128119945526123,1.8445303440093994,1.6686712503433228,-0.37771737575531006,-0.1958286166191101,0.3110136091709137,2.711735725402832,-0.003718494437634945,-0.837411642074585,1.0565918684005737,-2.2378129959106445,1.1097443103790283
0.6771653294563293,0.7018190622329712,1.0,1.0,0.868861973285675,1.0,0.3837658166885376,0.732064962387085,1.0,0.233723983168602,-0.7377220988273621,-1.0,-0.5897253155708313,0.0018437444232404232,0.15093420445919037,1.0235990285873413,0.9580298662185669,0.0636676773428917,-0.2444494515657425,-0.07029981911182404,0.0636676773428917,2.036724328994751,1.5510010719299316,1.4198617935180664,1.6249994039535522,0.03741969168186188,0.15042327344417572,1.022510051727295,0.9995927810668945,-0.003806188702583313,-0.272514283657074,-0.25356176495552063,-0.10669800639152527,2.0509843826293945,1.5732790231704712,1.4339995384216309,1.534206748008728,-1.4231940507888794,1.743963360786438,1.5950393676757812,-0.3982795476913452,-0.22325032949447632,0.3492094576358795,2.819438934326172,-0.02857525460422039,-0.8141913414001465,0.5933916568756104,-2.0874664783477783,1.1380497217178345
0.6850393414497375,0.695959210395813,1.0,1.0,0.8601897954940796,1.0,0.36541667580604553,0.7219869494438171,1.0,0.23100420832633972,-0.7870674729347229,-1.0,-0.5887523293495178,-0.0010862911585718393,0.15093420445919037,1.0235990285873413,0.9536936283111572,0.0636676773428917,-0.2536240220069885,-0.07533884793519974,0.0636676773428917,2.0353641510009766,1.526328444480896,1.4198617935180664,1.625485897064209,0.033650681376457214,0.15511462092399597,1.0268031358718872,0.9985265731811523,-0.004425658844411373,-0.27184078097343445,-0.24628400802612305,-0.10698796063661575,2.0489578247070312,1.574226975440979,1.4283795356750488,1.537330150604248,-1.4335757493972778,1.6433966159820557,1.5214072465896606,-0.418841689825058,-0.25067198276519775,0.38740524649620056,2.9271421432495117,-0.05343203619122505,-0.7909712195396423,0.1301913857460022,-1.9371198415756226,1.1663552522659302
0.6929134130477905,0.6931023597717285,1.0,1.0,0.8541232347488403,1.0,0.3433935344219208,0.7065094113349915,1.0,0.22473366558551788,-0.834012508392334,-1.0,-0.589687168598175,-0.0025146559346467257,0.15093420445919037,1.0235990285873413,0.9506604671478271,0.0636676773428917,-0.2646355628967285,-0.0830775648355484,0.0636676773428917,2.03222918510437,1.5028560161590576,1.4198617935180664,1.62501859664917,0.029782891273498535,0.1594708114862442,1.0308403968811035,0.9973891377449036,-0.005122343078255653,-0.27083301544189453,-0.23856602609157562,-0.10736428946256638,2.0469892024993896,1.5736889839172363,1.4233061075210571,1.5405604839324951,-1.4402121305465698,1.5353161096572876,1.4405468702316284,-0.43915483355522156,-0.272783100605011,0.3904223144054413,2.971548557281494,-0.08148151636123657,-0.7713443040847778,-0.38386332988739014,-1.7705695629119873,1.194879412651062
0.7007874250411987,0.6916107535362244,1.0,1.0,0.8492411971092224,1.0,0.31970036029815674,0.6885778903961182,1.0,0.2168491631746292,-0.8798665404319763,-1.0,-0.5914891958236694,-0.003260444151237607,0.15093420445919037,1.0235990285873413,0.9482191801071167,0.0636676773428917,-0.27648210525512695,-0.09204339981079102,0.0636676773428917,2.028286933898926,1.4799292087554932,1.4198617935180664,1.6241174936294556,0.02587021142244339,0.16367462277412415,1.0347613096237183,0.9962199330329895,-0.0058541265316307545,-0.269673228263855,-0.2306479811668396,-0.10777989029884338,2.04504656791687,1.5724751949310303,1.4184811115264893,1.543839931488037,-1.445145606994629,1.4238203763961792,1.3564003705978394,-0.45935481786727905,-0.29248014092445374,0.377449095249176,2.9871838092803955,-0.11098222434520721,-0.7533502578735352,-0.9210335612297058,-1.5966541767120361,1.223503589630127
0.7086614370346069,0.6856319904327393,1.0,1.0,0.84297776222229,1.0,0.3056586980819702,0.6861429810523987,1.0,0.2036721110343933,-0.9151484966278076,-1.0,-0.5927727222442627,-0.006249781232327223,0.15093420445919037,1.0235990285873413,0.9450875520706177,0.0636676773428917,-0.2835029661655426,-0.09326082468032837,0.0636676773428917,2.021698474884033,1.4622876644134521,1.4198617935180664,1.6234757900238037,0.02184225060045719,0.16731904447078705,1.0378371477127075,0.9949924945831299,-0.006489010527729988,-0.26834169030189514,-0.2227054238319397,-0.10827663540840149,2.0429725646972656,1.5697194337844849,1.4144431352615356,1.5472216606140137,-1.4571349620819092,1.310997486114502,1.2494144439697266,-0.47819995880126953,-0.29312801361083984,0.3863299489021301,2.9978418350219727,-0.1347970813512802,-0.7551390528678894,-1.3577150106430054,-1.4287362098693848,1.248077630996704
0.7165354490280151,0.6714270114898682,1.0,1.0,0.8341817855834961,1.0,0.30931150913238525,0.7121189832687378,1.0,0.18079227209091187,-0.9310488104820251,-1.0,-0.5931060314178467,-0.013352293521165848,0.15093420445919037,1.0235990285873413,0.9406898021697998,0.0636676773428917,-0.2816765010356903,-0.08027277141809464,0.0636676773428917,2.010258197784424,1.4543375968933105,1.4198617935180664,1.6233090162277222,0.0176029521971941,0.16993802785873413,1.0393637418746948,0.9936589002609253,-0.006946247536689043,-0.26669520139694214,-0.21471786499023438,-0.10892213881015778,2.040658473968506,1.5641361474990845,1.411847472190857,1.5507903099060059,-1.4820597171783447,1.1957416534423828,1.1005558967590332,-0.4945610761642456,-0.25885209441185,0.43527650833129883,2.9993720054626465,-0.1481878012418747,-0.7931954264640808,-1.610166072845459,-1.271812915802002,1.265227198600769
0.7244094610214233,0.6567462086677551,1.0,1.0,0.8251115083694458,1.0,0.31359538435935974,0.7393112778663635,1.0,0.1574978530406952,-0.9463630318641663,-1.0,-0.5933594703674316,-0.020692693069577217,0.15093420445919037,1.0235990285873413,0.9361544847488403,0.0636676773428917,-0.27953460812568665,-0.06667669862508774,0.0636676773428917,1.9986109733581543,1.4466805458068848,1.4198617935180664,1.6231821775436401,0.013353999704122543,0.17251235246658325,1.040826678276062,0.9923202991485596,-0.007396329659968615,-0.2650362551212311,-0.20672816038131714,-0.10957469046115875,2.038334846496582,1.5584275722503662,1.4093066453933716,1.5543667078018188,-1.5077143907546997,1.0802541971206665,0.951033890247345,-0.51108318567276,-0.222977876663208,0.4855278730392456,3.0015432834625244,-0.1612749993801117,-0.8327935934066772,-1.857118010520935,-1.1155436038970947,1.282094120979309
0.7322834730148315,0.6408284306526184,1.0,1.0,0.8153271079063416,1.0,0.31952017545700073,0.7696651220321655,1.0,0.1331256628036499,-0.9601526260375977,-1.0,-0.5934061408042908,-0.02865159511566162,0.15093420445919037,1.0235990285873413,0.9312625527381897,0.0636676773428917,-0.27657222747802734,-0.051499757915735245,0.0636676773428917,1.9864249229431152,1.4397857189178467,1.4198617935180664,1.6231591701507568,0.009079948998987675,0.17497076094150543,1.0421231985092163,0.9909682869911194,-0.007827814668416977,-0.2633451521396637,-0.19873307645320892,-0.11024554818868637,2.0359885692596436,1.5523935556411743,1.4069092273712158,1.5579636096954346,-1.5352669954299927,0.9641649723052979,0.7997863292694092,-0.5280236601829529,-0.1829480528831482,0.5391719341278076,3.0053811073303223,-0.17357295751571655,-0.8764002919197083,-2.0897719860076904,-0.9609754085540771,1.298226237297058
0.7401574850082397,0.6249107718467712,1.0,1.0,0.8055429458618164,1.0,0.3254450559616089,0.8000190258026123,1.0,0.10875345766544342,-0.9739423394203186,-1.0,-0.5934528112411499,-0.036610499024391174,0.15093420445919037,1.0235990285873413,0.9263702034950256,0.0636676773428917,-0.27360981702804565,-0.036322806030511856,0.0636676773428917,1.9742387533187866,1.4328908920288086,1.4198617935180664,1.6231358051300049,0.0048058959655463696,0.17742909491062164,1.043419361114502,0.9896163940429688,-0.008259300142526627,-0.2616540193557739,-0.19073793292045593,-0.11091640591621399,2.0336415767669678,1.546359896659851,1.4045116901397705,1.5615602731704712,-1.5628196001052856,0.8480755686759949,0.6485388875007629,-0.5449641346931458,-0.14291828870773315,0.5928156971931458,3.0092194080352783,-0.1858709454536438,-0.9200068712234497,-2.3224260807037354,-0.8064071536064148,1.3143585920333862
0.748031497001648,0.6089928150177002,1.0,1.0,0.7957584857940674,1.0,0.3313697874546051,0.8303728699684143,1.0,0.08438125997781754,-0.9877322316169739,-1.0,-0.5934993624687195,-0.04456939920783043,0.15093420445919037,1.0235990285873413,0.9214780330657959,0.0636676773428917,-0.27064740657806396,-0.021145861595869064,0.0636676773428917,1.9620527029037476,1.425995945930481,1.4198617935180664,1.6231123208999634,0.0005318442708812654,0.17988747358322144,1.0447158813476562,0.9882643222808838,-0.008690785616636276,-0.2599628269672394,-0.1827428638935089,-0.11158725619316101,2.031294822692871,1.5403259992599487,1.4021141529083252,1.5651566982269287,-1.5903722047805786,0.7319862246513367,0.4972914457321167,-0.5619046092033386,-0.10288847237825394,0.6464595198631287,3.013056993484497,-0.19816884398460388,-0.963613748550415,-2.555079698562622,-0.6518388986587524,1.3304905891418457
0.7559055089950562,0.5916551947593689,1.0,1.0,0.7853305339813232,1.0,0.3430304229259491,0.8697079420089722,1.0,0.05729381740093231,-0.994221031665802,-1.0,-0.5936393141746521,-0.05323820561170578,0.15093420445919037,1.0235990285873413,0.9162641167640686,0.0636676773428917,-0.26481708884239197,-0.001478291698731482,0.0636676773428917,1.9485089778900146,1.4227514266967773,1.4198617935180664,1.6230425834655762,-0.003840366145595908,0.18192654848098755,1.0452704429626465,0.9868556261062622,-0.008930313400924206,-0.25813865661621094,-0.17497140169143677,-0.11233990639448166,2.028757095336914,1.5332911014556885,1.400317668914795,1.56882905960083,-1.6185075044631958,0.6171693801879883,0.32321393489837646,-0.5858082175254822,-0.034881576895713806,0.7023155093193054,2.9499475955963135,-0.21044965088367462,-1.0314316749572754,-2.7003931999206543,-0.5042685270309448,1.3424016237258911
0.7637795209884644,0.5738444328308105,1.0,1.0,0.7746880054473877,1.0,0.3566029965877533,0.9120370149612427,1.0,0.029301311820745468,-0.9982759952545166,-1.0,-0.5938103199005127,-0.06214364245533943,0.15093420445919037,1.0235990285873413,0.9109429121017456,0.0636676773428917,-0.2580307722091675,0.019686155021190643,0.0636676773428917,1.9345126152038574,1.4207239151000977,1.4198617935180664,1.6229571104049683,-0.008245295844972134,0.18382586538791656,1.0455780029296875,0.9854278564453125,-0.009105855599045753,-0.25627025961875916,-0.16727450489997864,-0.11311984062194824,2.0261547565460205,1.5259227752685547,1.3987212181091309,1.572526216506958,-1.6468380689620972,0.5027772784233093,0.14152616262435913,-0.6120328903198242,0.04245101660490036,0.7589088678359985,2.8645222187042236,-0.22272464632987976,-1.1073200702667236,-2.8165934085845947,-0.35903075337409973,1.352905035018921
0.7716535329818726,0.565055251121521,1.0,1.0,0.7769380807876587,1.0,0.35801994800567627,0.9296243190765381,1.0,-0.0014211642555892467,-0.9994158148765564,-1.0,-0.5978101491928101,-0.06653822213411331,0.15093420445919037,1.0235990285873413,0.9120678305625916,0.0636676773428917,-0.2573223412036896,0.028479881584644318,0.0636676773428917,1.9191515445709229,1.4201538562774658,1.4198617935180664,1.6209572553634644,-0.01277870498597622,0.18449018895626068,1.0450688600540161,0.98337322473526,-0.008509882725775242,-0.2547503113746643,-0.16251476109027863,-0.11378109455108643,2.022007703781128,1.5184544324874878,1.3987512588500977,1.5761247873306274,-1.6607484817504883,0.40690064430236816,0.04808029532432556,-0.6730456948280334,0.08357055485248566,0.7159541845321655,2.5839450359344482,-0.20188738405704498,-1.248529314994812,-2.8230013847351074,-0.20800882577896118,1.342576026916504
0.7795275449752808,0.5577426552772522,1.0,1.0,0.7812670469284058,1.0,0.357572466135025,0.9434582591056824,1.0,-0.03250568360090256,-1.0,-1.0,-0.6024535894393921,-0.07019451260566711,0.15093420445919037,1.0235990285873413,0.9142322540283203,0.0636676773428917,-0.257546067237854,0.0353967510163784,0.0636676773428917,1.9036091566085815,1.4198617935180664,1.4198617935180664,1.6186352968215942,-0.017331020906567574,0.184958815574646,1.044443130493164,0.9812198281288147,-0.007781011983752251,-0.25328370928764343,-0.1582116037607193,-0.11442553997039795,2.017620801925659,1.5109645128250122,1.3990370035171509,1.5797054767608643,-1.67232084274292,0.31408610939979553,-0.03176998347043991,-0.739250123500824,0.1201806366443634,0.657794713973999,2.273329019546509,-0.1759600043296814,-1.399801254272461,-2.8116016387939453,-0.05674870312213898,1.3287978172302246
0.787401556968689,0.5513879060745239,1.0,1.0,0.7868556380271912,1.0,0.3562719523906708,0.9556999206542969,1.0,-0.06358335167169571,-1.0,-1.0,-0.607562780380249,-0.07337191700935364,0.15093420445919037,1.0235990285873413,0.9170265197753906,0.0636676773428917,-0.25819632411003113,0.041517604142427444,0.0636676773428917,1.8880702257156372,1.4198617935180664,1.4198617935180664,1.6160807609558105,-0.02188953012228012,0.1853189468383789,1.0437893867492676,0.9790126085281372,-0.006947037298232317,-0.25184112787246704,-0.15413568913936615,-0.11506655812263489,2.013110399246216,1.5034477710723877,1.399458408355713,1.5832699537277222,-1.6824382543563843,0.2233479619026184,-0.10521523654460907,-0.8073911070823669,0.1579071432352066,0.5928740501403809,1.948649525642395,-0.14766977727413177,-1.555809497833252,-2.789107322692871,0.09264622628688812,1.3126721382141113
0.7952755689620972,0.5450330972671509,1.0,1.0,0.7924442887306213,1.0,0.35497140884399414,0.9679415822029114,1.0,-0.09466102719306946,-1.0,-1.0,-0.6126718521118164,-0.07654932141304016,0.15093420445919037,1.0235990285873413,0.9198209047317505,0.0636676773428917,-0.258846640586853,0.047638460993766785,0.0636676773428917,1.8725314140319824,1.4198617935180664,1.4198617935180664,1.6135262250900269,-0.026448041200637817,0.18567907810211182,1.043135643005371,0.976805567741394,-0.006113061681389809,-0.25039851665496826,-0.1500597894191742,-0.11570754647254944,2.008601188659668,1.4959311485290527,1.399879813194275,1.58683443069458,-1.6925559043884277,0.13260981440544128,-0.17866051197052002,-0.8755322694778442,0.19563360512256622,0.5279534459114075,1.623969554901123,-0.11937957257032394,-1.711817979812622,-2.7666127681732178,0.24204121530056,1.296546459197998
0.8031495809555054,0.5386782288551331,1.0,1.0,0.7980328798294067,1.0,0.35367095470428467,0.9801833033561707,1.0,-0.1257386952638626,-1.0,-1.0,-0.6177809834480286,-0.07972674071788788,0.15093420445919037,1.0235990285873413,0.9226152896881104,0.0636676773428917,-0.259496808052063,0.053759317845106125,0.0636676773428917,1.8569929599761963,1.4198617935180664,1.4198617935180664,1.6109716892242432,-0.031006552278995514,0.18603917956352234,1.0424818992614746,0.9745985865592957,-0.005279085133224726,-0.2489558607339859,-0.14598393440246582,-0.11634855717420578,2.004091262817383,1.4884142875671387,1.4003009796142578,1.5903990268707275,-1.7026734352111816,0.04187168553471565,-0.2521057426929474,-0.9436733722686768,0.23336005210876465,0.4630327820777893,1.299289345741272,-0.09108936041593552,-1.8678264617919922,-2.7441182136535645,0.3914361596107483,1.2804200649261475
0.8110235929489136,0.53232342004776,1.0,1.0,0.8036215305328369,1.0,0.3523704409599304,0.9924249649047852,1.0,-0.15681636333465576,-1.0,-1.0,-0.6228901147842407,-0.08290413022041321,0.15093420445919037,1.0235990285873413,0.9254094362258911,0.0636676773428917,-0.2601471245288849,0.059880178421735764,0.0636676773428917,1.8414541482925415,1.4198617935180664,1.4198617935180664,1.60841703414917,-0.03556506335735321,0.18639931082725525,1.04182767868042,0.9723914265632629,-0.004445109982043505,-0.24751323461532593,-0.14190806448459625,-0.11698957532644272,1.9995816946029663,1.4808974266052246,1.4007221460342407,1.593963861465454,-1.7127914428710938,-0.048866432160139084,-0.32555097341537476,-1.0118145942687988,0.27108657360076904,0.39811208844184875,0.9746096730232239,-0.06279914081096649,-2.023834705352783,-2.7216238975524902,0.5408311486244202,1.264294147491455
0.8188976645469666,0.5263330340385437,1.0,1.0,0.8141834735870361,1.0,0.35862553119659424,0.9963501691818237,1.0,-0.18721719086170197,-1.0,-1.0,-0.6339118480682373,-0.08589930087327957,0.15093420445919037,1.0235990285873413,0.9306906461715698,0.0636676773428917,-0.2570195496082306,0.06184278056025505,0.0636676773428917,1.8262534141540527,1.4198617935180664,1.4198617935180664,1.6029059886932373,-0.040212079882621765,0.18644675612449646,1.0409499406814575,0.9700241088867188,-0.0034142667427659035,-0.24523745477199554,-0.1390424370765686,-0.11725670844316483,1.99446702003479,1.4734874963760376,1.401850700378418,1.5972089767456055,-1.7247238159179688,-0.12892739474773407,-0.35827797651290894,-1.0643815994262695,0.2595822513103485,0.3999135196208954,0.7274608016014099,0.012184428982436657,-2.174561023712158,-2.6689047813415527,0.6721112132072449,1.2201036214828491
0.8267716765403748,0.5152578949928284,1.0,1.0,0.8249887228012085,1.0,0.38645273447036743,0.9978659749031067,1.0,-0.20388208329677582,-1.0,-1.0,-0.6546420454978943,-0.09143689274787903,0.15093420445919037,1.0235990285873413,0.9360932111740112,0.0636676773428917,-0.2431059628725052,0.06260067969560623,0.0636676773428917,1.8179212808609009,1.4198617935180664,1.4198617935180664,1.5925414562225342,-0.04513596370816231,0.18618221580982208,1.0398354530334473,0.9675964713096619,-0.0025917626917362213,-0.24153202772140503,-0.13677498698234558,-0.11651032418012619,1.989074945449829,1.4665995836257935,1.403374195098877,1.5997554063796997,-1.7549079656600952,-0.18421149253845215,-0.3880821466445923,-1.0825377702713013,0.23600152134895325,0.5453749895095825,0.6061952710151672,0.13879790902137756,-2.2615694999694824,-2.5905797481536865,0.7341554760932922,1.1313233375549316
0.834645688533783,0.49665531516075134,1.0,1.0,0.8344423174858093,1.0,0.4432467222213745,0.9985915422439575,1.0,-0.20079898834228516,-1.0,-1.0,-0.6874911189079285,-0.10073821246623993,0.15093420445919037,1.0235990285873413,0.9408199787139893,0.0636676773428917,-0.21470898389816284,0.06296340376138687,0.0636676773428917,1.8194626569747925,1.4198617935180664,1.4198617935180664,1.5761164426803589,-0.050432149320840836,0.18556363880634308,1.038451075553894,0.9651352763175964,-0.0021418724209070206,-0.23601502180099487,-0.13497261703014374,-0.11440643668174744,1.983477234840393,1.4604356288909912,1.405226707458496,1.6013871431350708,-1.8108842372894287,-0.2069602608680725,-0.4275690019130707,-1.0555922985076904,0.20966540277004242,0.8785074949264526,0.642120897769928,0.32551851868629456,-2.257352590560913,-2.485013008117676,0.7017315030097961,0.9869619011878967
0.8425197005271912,0.4773367643356323,1.0,1.0,0.843598484992981,1.0,0.5032444000244141,0.9988663196563721,1.0,-0.1959736943244934,-1.0,-1.0,-0.7213352918624878,-0.11039744317531586,0.15093420445919037,1.0235990285873413,0.9453979134559631,0.0636676773428917,-0.18471011519432068,0.06310082972049713,0.0636676773428917,1.8218754529953003,1.4198617935180664,1.4198617935180664,1.559194564819336,-0.055758100003004074,0.18488743901252747,1.037034511566162,0.9626728892326355,-0.0017424089601263404,-0.23027873039245605,-0.13321855664253235,-0.11213776469230652,1.9778330326080322,1.4543342590332031,1.4070734977722168,1.6029068231582642,-1.8684427738189697,-0.22640959918498993,-0.469228059053421,-1.023263931274414,0.17466427385807037,1.2338353395462036,0.6926360726356506,0.5209566354751587,-2.243429183959961,-2.3763084411621094,0.6616477370262146,0.8369318842887878
0.8503937125205994,0.45801830291748047,1.0,1.0,0.852754533290863,1.0,0.5632421374320984,0.9991411566734314,1.0,-0.19114838540554047,-1.0,-1.0,-0.7551795840263367,-0.12005669623613358,0.15093420445919037,1.0235990285873413,0.9499760866165161,0.0636676773428917,-0.1547112762928009,0.0632382407784462,0.0636676773428917,1.824288010597229,1.4198617935180664,1.4198617935180664,1.5422722101211548,-0.06108405068516731,0.18421125411987305,1.0356179475784302,0.9602105617523193,-0.0013429453829303384,-0.22454245388507843,-0.13146443665027618,-0.109869085252285,1.9721887111663818,1.4482325315475464,1.4089205265045166,1.6044268608093262,-1.9260008335113525,-0.24585893750190735,-0.5108872652053833,-0.9909354448318481,0.13966307044029236,1.5891633033752441,0.7431512475013733,0.7163947224617004,-2.229506254196167,-2.267603635787964,0.6215641498565674,0.6869015097618103
0.8582677245140076,0.43869978189468384,1.0,1.0,0.8619107604026794,1.0,0.6232397556304932,0.999415934085846,1.0,-0.18632307648658752,-1.0,-1.0,-0.7890238165855408,-0.1297159492969513,0.15093420445919037,1.0235990285873413,0.9545541405677795,0.0636676773428917,-0.12471245229244232,0.06337566673755646,0.0636676773428917,1.8267008066177368,1.4198617935180664,1.4198617935180664,1.5253502130508423,-0.06640999764204025,0.1835351139307022,1.0342016220092773,0.9577484130859375,-0.0009434816893190145,-0.218806192278862,-0.1297103464603424,-0.10760043561458588,1.9665446281433105,1.4421312808990479,1.4107673168182373,1.6059467792510986,-1.983559250831604,-0.2653082609176636,-0.5525464415550232,-0.9586067199707031,0.10466188192367554,1.9444915056228638,0.793666422367096,0.9118325710296631,-2.215582847595215,-2.1588985919952393,0.5814806222915649,0.5368714332580566
0.8661417365074158,0.4193812608718872,1.0,1.0,0.8710668087005615,1.0,0.6832374930381775,0.9996907711029053,1.0,-0.18149776756763458,-1.0,-1.0,-0.8228679299354553,-0.13937518000602722,0.15093420445919037,1.0235990285873413,0.959132194519043,0.0636676773428917,-0.09471361339092255,0.06351307779550552,0.0636676773428917,1.829113483428955,1.4198617935180664,1.4198617935180664,1.5084280967712402,-0.0717359408736229,0.1828588843345642,1.0327849388122559,0.9552861452102661,-0.0005440182285383344,-0.21306990087032318,-0.12795627117156982,-0.10533175617456436,1.9609001874923706,1.4360300302505493,1.412614345550537,1.607466459274292,-2.0411176681518555,-0.28475767374038696,-0.5942057371139526,-0.9262779951095581,0.06966070830821991,2.2998194694519043,0.8441815972328186,1.1072707176208496,-2.201659679412842,-2.0501935482025146,0.5413969159126282,0.3868412673473358
0.874015748500824,0.4000628590583801,1.0,1.0,0.8802227973937988,1.0,0.743235170841217,0.9999656677246094,1.0,-0.17667250335216522,-1.0,-1.0,-0.8567121624946594,-0.14903442561626434,0.15093420445919037,1.0235990285873413,0.9637102484703064,0.0636676773428917,-0.06471478939056396,0.06365050375461578,0.0636676773428917,1.8315260410308838,1.4198617935180664,1.4198617935180664,1.4915062189102173,-0.07706189900636673,0.18218271434307098,1.031368374824524,0.9528236389160156,-0.00014455470954999328,-0.20733362436294556,-0.12620216608047485,-0.10306309908628464,1.9552563428878784,1.4299283027648926,1.414461374282837,1.6089863777160645,-2.0986759662628174,-0.3042069971561432,-0.6358647346496582,-0.8939496278762817,0.03465953841805458,2.655146598815918,0.8946968913078308,1.3027087450027466,-2.1877365112304688,-1.94148850440979,0.501313328742981,0.23681102693080902
0.8818897604942322,0.37790969014167786,1.0,1.0,0.8761136531829834,1.0,0.7950459718704224,1.0,1.0,-0.16523416340351105,-1.0,-1.0,-0.8880980610847473,-0.16011101007461548,0.15093420445919037,1.0235990285873413,0.9616557359695435,0.0636676773428917,-0.038809340447187424,0.0636676773428917,0.0636676773428917,1.8372448682785034,1.4198617935180664,1.4198617935180664,1.4758129119873047,-0.08269433677196503,0.18128184974193573,1.0298960208892822,0.9501810073852539,3.1200243029161356e-06,-0.2010597586631775,-0.12397413700819016,-0.10016202926635742,1.949716567993164,1.42445969581604,1.4160689115524292,1.6100488901138306,-2.169135808944702,-0.32106027007102966,-0.6714301109313965,-0.8840014934539795,0.019261665642261505,2.937330484390259,0.9670760631561279,1.4770407676696777,-2.1378839015960693,-1.813610315322876,0.4389646053314209,0.09493517875671387
0.8897637724876404,0.3625977039337158,1.0,1.0,0.8371002674102783,1.0,0.8147669434547424,1.0,0.9989095330238342,-0.16808463633060455,-1.0,-1.0,-0.9009459614753723,-0.1677669882774353,0.15093420445919037,1.0235990285873413,0.9421490430831909,0.0636676773428917,-0.028948865830898285,0.0636676773428917,0.06312242150306702,1.8358200788497925,1.4198617935180664,1.4198617935180664,1.4693892002105713,-0.08887290209531784,0.18013843894004822,1.0283678770065308,0.9469701051712036,4.032404103782028e-05,-0.19336777925491333,-0.1203334704041481,-0.09585842490196228,1.944791316986084,1.4210177659988403,1.4169446229934692,1.6096787452697754,-2.2118546962738037,-0.34869229793548584,-0.6523493528366089,-0.9611854553222656,0.01285859290510416,2.974280595779419,1.080920696258545,1.552457571029663,-2.0869665145874023,-1.6632213592529297,0.39782488346099854,0.009496752172708511
0.8976377844810486,0.3476295471191406,1.0,1.0,0.7931275367736816,1.0,0.8304159641265869,1.0,0.9977508187294006,-0.17238463461399078,-1.0,-1.0,-0.9118249416351318,-0.1752510666847229,0.15093420445919037,1.0235990285873413,0.9201624989509583,0.0636676773428917,-0.02112431451678276,0.0636676773428917,0.06254309415817261,1.833669900894165,1.4198617935180664,1.4198617935180664,1.46394944190979,-0.09512333571910858,0.1789512038230896,1.0268257856369019,0.9436848163604736,3.979205939685926e-05,-0.18546760082244873,-0.11651650816202164,-0.09133860468864441,1.9399746656417847,1.4178470373153687,1.4177318811416626,1.6091105937957764,-2.2530670166015625,-0.3769720494747162,-0.6256784796714783,-1.0504878759384155,0.011626322753727436,2.9771440029144287,1.2030071020126343,1.6140718460083008,-2.0345492362976074,-1.5085504055023193,0.35920965671539307,-0.06861741095781326
0.9055117964744568,0.33266133069992065,1.0,1.0,0.749154806137085,1.0,0.846065104007721,1.0,0.9965922236442566,-0.1766846477985382,-1.0,-1.0,-0.9227040410041809,-0.1827351599931717,0.15093420445919037,1.0235990285873413,0.8981761932373047,0.0636676773428917,-0.013299759477376938,0.0636676773428917,0.0619637630879879,1.831519603729248,1.4198617935180664,1.4198617935180664,1.458510160446167,-0.10137379914522171,0.17776405811309814,1.0252834558486938,0.9403995871543884,3.9260092307813466e-05,-0.17756739258766174,-0.11269956082105637,-0.08681880682706833,1.935158371925354,1.4146760702133179,1.418519139289856,1.608542799949646,-2.2942793369293213,-0.4052518308162689,-0.5990073680877686,-1.1397901773452759,0.010394055396318436,2.9800076484680176,1.325094223022461,1.675686001777649,-1.9821327924728394,-1.3538800477981567,0.32059428095817566,-0.14673157036304474
0.913385808467865,0.31769314408302307,1.0,1.0,0.7051818370819092,1.0,0.8617141842842102,1.0,0.995433509349823,-0.18098460137844086,-1.0,-1.0,-0.9335830211639404,-0.19021928310394287,0.15093420445919037,1.0235990285873413,0.8761898279190063,0.0636676773428917,-0.0054752095602452755,0.0636676773428917,0.06138443201780319,1.8293696641921997,1.4198617935180664,1.4198617935180664,1.453070878982544,-0.10762425512075424,0.1765768676996231,1.0237411260604858,0.9371141791343689,3.8728110666852444e-05,-0.16966724395751953,-0.1088825911283493,-0.08229896426200867,1.9303417205810547,1.4115052223205566,1.4193062782287598,1.6079745292663574,-2.3354921340942383,-0.4335315227508545,-0.5723365545272827,-1.2290924787521362,0.009161785244941711,2.9828708171844482,1.4471805095672607,1.7373002767562866,-1.9297163486480713,-1.1992090940475464,0.281978964805603,-0.22484572231769562
0.9212598204612732,0.3027249574661255,1.0,1.0,0.661209225654602,1.0,0.8773633241653442,1.0,0.9942748546600342,-0.1852845698595047,-1.0,-1.0,-0.9444620609283447,-0.19770336151123047,0.15093420445919037,1.0235990285873413,0.854203462600708,0.0636676773428917,0.002349342219531536,0.0636676773428917,0.060805097222328186,1.8272196054458618,1.4198617935180664,1.4198617935180664,1.4476311206817627,-0.11387468874454498,0.17538967728614807,1.0221989154815674,0.9338290691375732,3.819614357780665e-05,-0.16176705062389374,-0.10506561398506165,-0.0777791440486908,1.9255250692367554,1.408334732055664,1.420093297958374,1.607406735420227,-2.376704692840576,-0.46181127429008484,-0.5456655025482178,-1.3183948993682861,0.007929515093564987,2.985734701156616,1.5692675113677979,1.7989145517349243,-1.8772997856140137,-1.0445382595062256,0.24336358904838562,-0.3029598593711853
0.9291338324546814,0.2877567708492279,1.0,1.0,0.6172363758087158,1.0,0.8930124640464783,1.0,0.9931161403656006,-0.18958456814289093,-1.0,-1.0,-0.9553410410881042,-0.20518745481967926,0.15093420445919037,1.0235990285873413,0.8322169184684753,0.0636676773428917,0.01017389539629221,0.0636676773428917,0.06022576615214348,1.8250700235366821,1.4198617935180664,1.4198617935180664,1.4421916007995605,-0.12012512236833572,0.17420251667499542,1.020656704902649,0.9305437803268433,3.7664169212803245e-05,-0.15386682748794556,-0.10124867409467697,-0.07325935363769531,1.920708179473877,1.4051640033721924,1.420880675315857,1.6068387031555176,-2.417917013168335,-0.4900909662246704,-0.5189945101737976,-1.4076974391937256,0.006697249598801136,2.9885976314544678,1.6913542747497559,1.8605284690856934,-1.824882984161377,-0.8898676633834839,0.2047482132911682,-0.38107410073280334
0.9370078444480896,0.2727885842323303,1.0,1.0,0.5732634663581848,1.0,0.908661425113678,1.0,0.991957426071167,-0.19388456642627716,-1.0,-1.0,-0.9662201404571533,-0.21267153322696686,0.15093420445919037,1.0235990285873413,0.8102304935455322,0.0636676773428917,0.01799844205379486,0.0636676773428917,0.05964644253253937,1.8229200839996338,1.4198617935180664,1.4198617935180664,1.4367523193359375,-0.12637558579444885,0.17301534116268158,1.0191141366958618,0.9272584915161133,3.713219484779984e-05,-0.14596666395664215,-0.09743169695138931,-0.06873951852321625,1.915891170501709,1.4019933938980103,1.4216680526733398,1.606270670890808,-2.4591293334960938,-0.5183706283569336,-0.4923233985900879,-1.496999979019165,0.005464980378746986,2.9914615154266357,1.8134409189224243,1.9221428632736206,-1.7724665403366089,-0.7351968288421631,0.1661328822374344,-0.4591882526874542
0.9448819160461426,0.26989179849624634,1.0,1.0,0.5802953243255615,1.0,0.9237906336784363,1.0,0.9140657782554626,-0.18752619624137878,-1.0,-1.0,-0.970184862613678,-0.21411992609500885,0.15093420445919037,1.0235990285873413,0.8137465119361877,0.0636676773428917,0.02556302398443222,0.0636676773428917,0.020700613036751747,1.826098918914795,1.4198617935180664,1.4198617935180664,1.4347697496414185,-0.13267581164836884,0.17177264392375946,1.0181584358215332,0.9245160222053528,3.4298707760171965e-05,-0.1380518078804016,-0.09265433251857758,-0.06865668296813965,1.911784052848816,1.4003114700317383,1.4222216606140137,1.6030535697937012,-2.450202226638794,-0.5227713584899902,-0.44473469257354736,-1.4441593885421753,0.005406711250543594,2.992790699005127,1.8918451070785522,1.6144245862960815,-1.698808193206787,-0.6095884442329407,0.14764690399169922,-0.6717426776885986
0.9527559280395508,0.275520384311676,1.0,1.0,0.6295953989028931,1.0,0.9346775412559509,1.0,0.7671148180961609,-0.1708109974861145,-1.0,-1.0,-0.9703969955444336,-0.2113056480884552,0.15093420445919037,1.0235990285873413,0.8383963704109192,0.0636676773428917,0.031006548553705215,0.0636676773428917,-0.052774861454963684,1.8344565629959106,1.4198617935180664,1.4198617935180664,1.4346635341644287,-0.1388414055109024,0.17054136097431183,1.017712950706482,0.9223715662956238,2.8966651370865293e-05,-0.13012906908988953,-0.08719351887702942,-0.0726926326751709,1.9082788228988647,1.3996741771697998,1.4226152896881104,1.5977965593338013,-2.4028780460357666,-0.5091328024864197,-0.38226279616355896,-1.2636092901229858,0.004612899385392666,2.9935970306396484,1.9349627494812012,1.0019668340682983,-1.6010260581970215,-0.5095169544219971,0.1445893794298172,-0.9891570210456848
0.960629940032959,0.2811488211154938,1.0,1.0,0.6788953542709351,1.0,0.9455649256706238,1.0,0.6201639175415039,-0.15409570932388306,-1.0,-1.0,-0.9706092476844788,-0.20849139988422394,0.15093420445919037,1.0235990285873413,0.8630465269088745,0.0636676773428917,0.03645006939768791,0.0636676773428917,-0.12625035643577576,1.8428140878677368,1.4198617935180664,1.4198617935180664,1.4345574378967285,-0.14500704407691956,0.1693100929260254,1.0172675848007202,0.9202269315719604,2.3634596800548024e-05,-0.12220636010169983,-0.08173270523548126,-0.07672860473394394,1.9047731161117554,1.3990370035171509,1.423008680343628,1.5925393104553223,-2.3555541038513184,-0.4954942464828491,-0.3197910785675049,-1.0830583572387695,0.0038190872874110937,2.994403123855591,1.978080153465271,0.38950878381729126,-1.5032442808151245,-0.40944546461105347,0.14153185486793518,-1.3065714836120605
0.9685039520263672,0.28677740693092346,1.0,1.0,0.7281954288482666,1.0,0.9564518332481384,1.0,0.47321292757987976,-0.1373804807662964,-1.0,-1.0,-0.9708213806152344,-0.20567713677883148,0.15093420445919037,1.0235990285873413,0.8876966238021851,0.0636676773428917,0.04189359024167061,0.0636676773428917,-0.19972583651542664,1.8511719703674316,1.4198617935180664,1.4198617935180664,1.4344514608383179,-0.15117262303829193,0.16807883977890015,1.0168217420578003,0.9180824756622314,1.830254404922016e-05,-0.11428362876176834,-0.0762719064950943,-0.08076456189155579,1.901267170906067,1.398399829864502,1.423402190208435,1.587282657623291,-2.30823016166687,-0.4818555414676666,-0.2573193609714508,-0.9025080800056458,0.003025275655090809,2.9952101707458496,2.021198034286499,-0.22294919192790985,-1.405462622642517,-0.30937403440475464,0.13847431540489197,-1.6239855289459229
0.9763779640197754,0.29240599274635315,1.0,1.0,0.7774954438209534,1.0,0.9673388600349426,1.0,0.3262619972229004,-0.12066525965929031,-1.0,-1.0,-0.9710333943367004,-0.20286287367343903,0.15093420445919037,1.0235990285873413,0.912346601486206,0.0636676773428917,0.047337111085653305,0.0636676773428917,-0.2732012867927551,1.8595294952392578,1.4198617935180664,1.4198617935180664,1.4343454837799072,-0.1573382467031479,0.16684754192829132,1.01637601852417,0.9159380793571472,1.297048402193468e-05,-0.10636089742183685,-0.07081110030412674,-0.08480051904916763,1.8977618217468262,1.3977627754211426,1.423795223236084,1.582025408744812,-2.2609059810638428,-0.46821701526641846,-0.19484759867191315,-0.7219576239585876,0.0022314628586173058,2.996016502380371,2.0643153190612793,-0.8354071378707886,-1.3076804876327515,-0.2093026041984558,0.13541677594184875,-1.9414000511169434
0.9842519760131836,0.29803451895713806,1.0,1.0,0.8267955183982849,1.0,0.9782259464263916,1.0,0.1793110966682434,-0.10394999384880066,-1.0,-1.0,-0.9712454676628113,-0.20004859566688538,0.15093420445919037,1.0235990285873413,0.936996579170227,0.0636676773428917,0.052780631929636,0.0636676773428917,-0.3466767966747284,1.867887020111084,1.4198617935180664,1.4198617935180664,1.4342395067214966,-0.16350384056568146,0.16561630368232727,1.0159305334091187,0.913793683052063,7.638429451617412e-06,-0.09843816608190536,-0.06535029411315918,-0.08883648365736008,1.8942561149597168,1.3971256017684937,1.4241887331008911,1.5767682790756226,-2.2135818004608154,-0.45457834005355835,-0.1323758363723755,-0.5414072275161743,0.001437651109881699,2.9968225955963135,2.1074330806732178,-1.4478652477264404,-1.209898591041565,-0.10923115164041519,0.13235925137996674,-2.258814573287964
0.9921259880065918,0.30366310477256775,1.0,1.0,0.8760955929756165,1.0,0.9891129732131958,1.0,0.03236012160778046,-0.08723476529121399,-1.0,-1.0,-0.9714577794075012,-0.19723431766033173,0.15093420445919037,1.0235990285873413,0.9616466164588928,0.0636676773428917,0.058224156498909,0.0636676773428917,-0.42015230655670166,1.8762446641921997,1.4198617935180664,1.4198617935180664,1.4341330528259277,-0.16966944932937622,0.16438500583171844,1.0154849290847778,0.9116491675376892,2.3063721528160386e-06,-0.09051544964313507,-0.059889476746320724,-0.09287246316671371,1.8907506465911865,1.3964883089065552,1.4245821237564087,1.5715107917785645,-2.166257619857788,-0.44093984365463257,-0.06990408897399902,-0.360856831073761,0.0006438386044465005,2.9976298809051514,2.1505510807037354,-2.0603229999542236,-1.1121165752410889,-0.009159705601632595,0.12930172681808472,-2.576228618621826
1.0,0.3092915713787079,1.0,1.0,0.9253957271575928,1.0,1.0,1.0,-0.1145908311009407,-0.07051952928304672,-1.0,-1.0,-0.9716699123382568,-0.19442002475261688,0.15093420445919037,1.0235990285873413,0.9862967729568481,0.0636676773428917,0.0636676773428917,0.0636676773428917,-0.4936278164386749,1.884602427482605,1.4198617935180664,1.4198617935180664,1.434027075767517,-0.17583507299423218,0.163153737783432,1.015039086341858,0.909504771232605,-3.025683554369607e-06,-0.08259271085262299,-0.054428670555353165,-0.09690842032432556,1.887244701385498,1.3958511352539062,1.4249753952026367,1.566253900527954,-2.11893367767334,-0.42730122804641724,-0.007432336453348398,-0.1803063601255417,-0.00014997366815805435,2.998436212539673,2.1936683654785156,-2.672780752182007,-1.0143345594406128,0.09091176092624664,0.1262442022562027,-2.8936429023742676
