step,time_s,roll_deg,pitch_deg,yaw_drift_deg,root_vx_b,root_vy_b,root_vz_b,root_wx_b,root_wy_b,root_wz_b,projected_gravity_x,projected_gravity_y,projected_gravity_z,done
0,0.0,0.022430984303355217,-0.02138858288526535,-14.355575561523438,0.057553112506866455,0.6667319536209106,0.4964839518070221,0.26283201575279236,-0.12011149525642395,0.2681788206100464,-0.0003733011253643781,-0.0003914944245480001,-0.9999998807907104,0
1,0.02,0.22678960859775543,-0.09078805148601532,-14.554702758789062,-0.03186032176017761,0.5054333806037903,0.33384305238723755,0.16582761704921722,-0.03887949883937836,-0.31358465552330017,-0.0015845495508983731,-0.0039582098834216595,-0.9999909400939941,0
2,0.04,0.24210233986377716,-0.4446626603603363,-14.870376586914062,-0.03836360573768616,0.4393118917942047,0.19724081456661224,-0.08160412311553955,-0.5235638618469238,-0.23706404864788055,-0.007760749198496342,-0.004225342534482479,-0.9999609589576721,0
3,0.06,0.2323354035615921,-1.3178600072860718,-15.010337829589844,-0.025333911180496216,0.3609744608402252,0.09344163537025452,0.026983141899108887,-0.8075118064880371,-0.0988394021987915,-0.02299896627664566,-0.0040539326146245,-0.9997272491455078,0
4,0.08,0.09290620684623718,-1.7166171073913574,-15.116050720214844,0.0041769444942474365,0.36873120069503784,-0.02982742339372635,-0.2235001176595688,-0.025761127471923828,-0.08111321181058884,-0.029956135898828506,-0.0016207890585064888,-0.999549925327301,0
5,0.1,-0.28278911113739014,-1.7332969903945923,-15.205810546875,-0.0036655962467193604,0.3701947331428528,-0.1753186285495758,-0.36398184299468994,-0.06447011232376099,-0.07790298014879227,-0.030247122049331665,0.0049333227798342705,-0.9995302557945251,0
6,0.12,-0.7278122901916504,-1.7651928663253784,-15.260307312011719,0.01905760169029236,0.3247624337673187,-0.2620573937892914,-0.8831138610839844,0.6915829181671143,0.1582356095314026,-0.030803553760051727,0.012696350924670696,-0.999444842338562,0
7,0.14,-1.4707159996032715,-1.1583386659622192,-14.90850830078125,0.11759735643863678,0.039668455719947815,0.25958094000816345,-0.23045983910560608,0.6098710298538208,0.39791688323020935,-0.020215444266796112,0.025660770013928413,-0.9994663000106812,0
8,0.16,-1.2740155458450317,-0.22900734841823578,-14.60858154296875,0.026694878935813904,0.22103239595890045,0.3780716061592102,0.38058292865753174,0.7940753698348999,0.11272308975458145,-0.003996921703219414,0.022233758121728897,-0.9997448325157166,0
9,0.18,-1.0000215768814087,0.15620116889476776,-14.509757995605469,-0.038254618644714355,0.1987091600894928,0.5484872460365295,0.18879078328609467,0.0766231119632721,0.0944315493106842,0.0027262214571237564,0.017452720552682877,-0.999843955039978,0
10,0.2,-0.8576688170433044,0.232356458902359,-14.396232604980469,-0.1033187061548233,0.09456826746463776,0.5356547832489014,0.10704106837511063,0.031805671751499176,0.09826640784740448,0.00405537337064743,0.01496846228837967,-0.9998797178268433,0
11,0.22,-0.7502089142799377,0.35159561038017273,-14.291328430175781,-0.16684392094612122,0.04558579623699188,0.5068767070770264,0.08957179635763168,0.11693543940782547,0.0769243985414505,0.0061364611610770226,0.013092994689941406,-0.999895453453064,0
12,0.24,-1.030677080154419,0.877461850643158,-14.24237060546875,-0.17021247744560242,0.012884959578514099,0.44581666588783264,-0.687942624092102,0.5510770082473755,0.021795369684696198,0.015313996933400631,0.017985627055168152,-0.9997209310531616,0
13,0.26,-1.1410731077194214,0.5988538861274719,-14.051445007324219,-0.0034232735633850098,0.1874425709247589,0.3161982297897339,0.14718183875083923,-0.48847734928131104,0.2510402798652649,0.010451780632138252,0.0199130792170763,-0.999747097492218,0
14,0.28,-0.7522677779197693,-0.2587936818599701,-13.667961120605469,0.05243369936943054,0.2883957624435425,0.2593417465686798,0.49898776412010193,-0.8756978511810303,0.36440497636795044,-0.0045167868956923485,0.013129038736224174,-0.9999036192893982,0
15,0.3,-0.6737749576568604,-0.4855194389820099,-13.289215087890625,0.057711899280548096,0.291190505027771,0.25080612301826477,-0.16331462562084198,0.16727213561534882,0.2677176296710968,-0.00847381167113781,0.011758899316191673,-0.9998949766159058,0
16,0.32,-0.8525044322013855,-0.5208930373191833,-13.169319152832031,6.866455078125e-05,0.31956592202186584,0.2121339589357376,-0.17379719018936157,-0.06725933402776718,-0.027223387733101845,-0.009091172367334366,0.014877844601869583,-0.9998480081558228,0
17,0.34,-0.9748700857162476,-0.5531636476516724,-13.162628173828125,0.04513663053512573,0.3960505723953247,0.1337992250919342,-0.033540934324264526,0.07954538613557816,0.038156237453222275,-0.009654375724494457,0.017013076692819595,-0.999808669090271,0
18,0.36,-1.0240756273269653,-0.2062223255634308,-13.120155334472656,0.060307085514068604,0.4425276219844818,0.11979293078184128,-0.11048248410224915,0.4148727059364319,0.0808015763759613,-0.003599250689148903,0.01787242293357849,-0.9998338222503662,0
19,0.38,-1.1273101568222046,0.19130514562129974,-13.16156005859375,0.09510675072669983,0.39140385389328003,0.20334456861019135,0.24099886417388916,-0.04025827348232269,-0.12323621660470963,0.0033388985320925713,0.019673895090818405,-0.9998008608818054,0
20,0.4,-0.6187125444412231,-0.2441404014825821,-13.258987426757812,0.002282083034515381,0.30816540122032166,-0.04019516706466675,0.5124318599700928,-0.6521694660186768,-0.09190207719802856,-0.004261041060090065,0.010798263363540173,-0.9999326467514038,0
21,0.42,-0.39098259806632996,-0.7599875926971436,-13.236503601074219,-0.07941843569278717,0.23693273961544037,-0.013461360707879066,-0.1113569438457489,-0.1426311731338501,0.05789423733949661,-0.01326389703899622,0.006823280826210976,-0.9998887777328491,0
22,0.44,-0.6047441363334656,-0.8830105066299438,-13.232772827148438,-0.09182283282279968,0.24285182356834412,-0.11703692376613617,-0.2414962649345398,-0.10417924076318741,-0.017630092799663544,-0.015410831198096275,0.010553327389061451,-0.9998255372047424,0
23,0.46,-0.8235445022583008,-0.7842609286308289,-13.287101745605469,-0.08434557914733887,0.23392710089683533,-0.16372036933898926,-0.15336738526821136,0.17297294735908508,-0.06729108840227127,-0.013687505386769772,0.01437171921133995,-0.9998030066490173,0
24,0.48,-1.1302869319915771,-0.6820498704910278,-13.383651733398438,-0.08429351449012756,0.23787057399749756,-0.18686212599277496,-0.3901934027671814,-0.06922170519828796,-0.09612786769866943,-0.011903733015060425,0.01972455158829689,-0.9997345805168152,0
25,0.5,-1.5349066257476807,-0.334543913602829,-13.512054443359375,0.004980027675628662,0.24698328971862793,-0.067191943526268,-0.12362158298492432,0.8414303064346313,-0.020589694380760193,-0.00583885982632637,0.026785515248775482,-0.9996241331100464,0
26,0.52,-1.618766188621521,0.46064794063568115,-13.732215881347656,0.00016748905181884766,0.2704729437828064,0.08780168741941452,0.005282998085021973,0.582589864730835,-0.2541923224925995,0.008039737120270729,0.028248127549886703,-0.9995685815811157,0
27,0.54,-1.2371479272842407,0.8172863721847534,-13.807373046875,-0.01347777247428894,0.28067830204963684,0.15302257239818573,0.5278757810592651,0.20422551035881042,0.09627237915992737,0.014263855293393135,0.021588431671261787,-0.9996652007102966,0
28,0.56,-0.46839749813079834,1.0014060735702515,-13.720855712890625,-0.09859748184680939,0.27519017457962036,0.23432035744190216,0.7675230503082275,0.10889840126037598,0.06789396703243256,0.017476942390203476,0.008173737674951553,-0.9998138546943665,0
29,0.58,0.19468720257282257,1.6472886800765991,-13.69940185546875,-0.0892227292060852,0.25853273272514343,0.17016974091529846,0.004287272691726685,0.0848143994808197,-0.05595986917614937,0.028746645897626877,-0.0033965231850743294,-0.999580979347229,0
30,0.6,-0.004193645901978016,1.3652480840682983,-13.711265563964844,-0.06631478667259216,0.2330760657787323,0.11152587085962296,-0.3065509498119354,-0.4606170654296875,0.024327682331204414,0.02382582053542137,7.317215204238892e-05,-0.9997161030769348,0
31,0.62,-0.3851935863494873,0.6533243656158447,-13.618087768554688,-0.014148250222206116,0.2175728678703308,0.0034980212803930044,-0.31757813692092896,-0.6940992474555969,0.11491703987121582,0.011402413249015808,0.006722407415509224,-0.9999123811721802,0
32,0.64,-0.642059326171875,-0.2673058807849884,-13.433784484863281,-0.01604565978050232,0.23630544543266296,-0.0797567218542099,-0.12183040380477905,-0.8123141527175903,0.150388702750206,-0.004665350541472435,0.01120569184422493,-0.9999263286590576,0
33,0.66,-0.6739709377288818,-1.1491600275039673,-13.280364990234375,-0.047086119651794434,0.2756325900554657,-0.14217820763587952,0.05458211898803711,-0.6692621111869812,0.10612329840660095,-0.02005528286099434,0.011760376393795013,-0.9997296929359436,0
34,0.68,-0.5503718852996826,-1.7294697761535645,-13.183219909667969,-0.0690138041973114,0.3091885447502136,-0.17112287878990173,0.13602757453918457,-0.31340059638023376,0.04747284948825836,-0.030180353671312332,0.009601276367902756,-0.9994983673095703,0
35,0.7000000000000001,-0.3850407004356384,-1.8524582386016846,-13.1239013671875,-0.0642474889755249,0.35163605213165283,-0.15301813185214996,0.14273904263973236,0.07349692285060883,-0.00709175830706954,-0.032325856387615204,0.006716663017868996,-0.9994547963142395,0
36,0.72,-0.243024542927742,-1.5875205993652344,-13.192245483398438,-0.00934019684791565,0.386608749628067,-0.0899578183889389,0.09562370181083679,0.36450397968292236,-0.10546110570430756,-0.027703914791345596,0.0042399391531944275,-0.9996072053909302,0
37,0.74,0.10109219700098038,-1.6644976139068604,-13.332916259765625,0.05396932363510132,0.33024218678474426,0.12359951436519623,0.3269727826118469,-0.19364139437675476,-0.06706080585718155,-0.029046878218650818,-0.0017636464908719063,-0.9995765089988708,0
38,0.76,0.05443009361624718,-1.6163417100906372,-13.277976989746094,0.08917847275733948,0.30424097180366516,0.12621083855628967,-0.1761496365070343,-0.13292790949344635,0.03631800413131714,-0.02820674516260624,-0.0009496062994003296,-0.9996016621589661,0
39,0.78,-0.1304381787776947,-1.7187069654464722,-13.222618103027344,0.006047338247299194,0.31465959548950195,0.07024604082107544,-0.13232576847076416,-0.053552232682704926,0.07127920538187027,-0.029992595314979553,0.0022755498066544533,-0.99954754114151,0
40,0.8,-0.44856345653533936,-1.822044014930725,-13.146171569824219,0.0047386884689331055,0.28255897760391235,0.013987855054438114,-0.39130061864852905,-0.14216674864292145,0.07548053562641144,-0.031795307993888855,0.007824871689081192,-0.9994637966156006,0
41,0.8200000000000001,-0.8698331117630005,-1.9162993431091309,-13.117546081542969,0.015221744775772095,0.2910989820957184,-0.0018582167103886604,-0.3578580915927887,-0.07394951581954956,-0.01091427356004715,-0.03343949839472771,0.015172379091382027,-0.9993255734443665,0
42,0.84,-1.3398420810699463,-2.026231527328491,-13.103973388671875,-0.011463046073913574,0.32936227321624756,-0.06335967779159546,-0.4496802091598511,-0.16398824751377106,0.04030714929103851,-0.0353570356965065,0.023367904126644135,-0.9991015195846558,0
43,0.86,-1.9696251153945923,-2.193269968032837,-13.088348388671875,-0.04162833094596863,0.4302499294281006,-0.05564963072538376,-0.6055035591125488,-0.16796347498893738,0.028210213407874107,-0.038270432502031326,0.034344494342803955,-0.9986770153045654,0
44,0.88,-2.2701826095581055,-1.711120843887329,-12.925834655761719,0.08887997269630432,0.3706352412700653,0.06699864566326141,0.055444687604904175,0.5017227530479431,0.2519838809967041,-0.029860256239771843,0.0395941324532032,-0.9987695813179016,0
45,0.9,-2.05132794380188,-1.3877439498901367,-12.774864196777344,0.05031716823577881,0.3336936831474304,0.18976864218711853,0.36752229928970337,0.18742835521697998,0.0482243150472641,-0.024218333885073662,0.0357842743396759,-0.9990660548210144,0
46,0.92,-1.3426692485809326,-1.0210708379745483,-12.688850402832031,-0.03387245535850525,0.3302803933620453,0.2523447871208191,0.8147755861282349,0.3680698573589325,0.12838943302631378,-0.017820103093981743,0.02342812903225422,-0.9995666742324829,0
47,0.9400000000000001,-0.48825156688690186,0.10759159177541733,-12.639869689941406,0.017601370811462402,0.28316250443458557,0.06035829707980156,0.7699325084686279,1.2310187816619873,0.03216097503900528,0.0018778268713504076,0.00852147676050663,-0.9999619126319885,0
48,0.96,0.19419513642787933,0.8624969124794006,-12.576187133789062,0.008833006024360657,0.2424865961074829,0.020902486518025398,0.2241753339767456,0.058275848627090454,0.07049324363470078,0.015052840113639832,-0.0033889533951878548,-0.9998809695243835,0
49,0.98,0.2025158554315567,0.7896361351013184,-12.482368469238281,0.054907187819480896,0.22543907165527344,-0.020672550424933434,-0.16408933699131012,-0.13902373611927032,0.08184747397899628,0.013781312853097916,-0.00353422574698925,-0.9998987913131714,0
50,1.0,-0.14832600951194763,0.5472213625907898,-12.357078552246094,0.06527318060398102,0.2508639395236969,-0.06902548670768738,-0.37806808948516846,-0.26825836300849915,0.07887304574251175,0.00955066829919815,0.0025886562652885914,-0.9999510645866394,0
51,1.02,-0.5019850134849548,0.0792817771434784,-12.287879943847656,0.03284919261932373,0.29522788524627686,-0.12511754035949707,-0.2353430986404419,-0.4762149155139923,0.04449665546417236,0.0013837278820574284,0.008761169388890266,-0.9999606609344482,0
52,1.04,-0.5338135361671448,-0.6537768244743347,-12.1944580078125,-0.0030248165130615234,0.3274677097797394,-0.19852754473686218,0.015916407108306885,-0.5259613394737244,0.07608643174171448,-0.011410310864448547,0.009316062554717064,-0.9998915195465088,0
53,1.06,-0.526757001876831,-1.0027235746383667,-12.153457641601562,0.0020919740200042725,0.3350698947906494,-0.19405177235603333,-0.010589711368083954,-0.10058032721281052,-0.005546173546463251,-0.017499931156635284,0.009192104451358318,-0.9998046159744263,0
54,1.08,-0.5376361608505249,-0.9346231818199158,-12.160125732421875,0.05555850267410278,0.36701148748397827,-0.14416976273059845,-0.018470942974090576,0.20081984996795654,-0.01489480771124363,-0.0163115281611681,0.00938213337212801,-0.9998229146003723,0
55,1.1,-0.13912847638130188,-1.329695224761963,-12.207305908203125,0.10006353259086609,0.29202157258987427,0.08170168101787567,0.34384220838546753,-0.31436121463775635,0.013753067702054977,-0.023205474019050598,0.002427593804895878,-0.9997277855873108,0
56,1.12,-0.2706351578235626,-1.2678205966949463,-12.067832946777344,0.13893432915210724,0.21724486351013184,0.18410952389240265,-0.15461626648902893,0.05868004262447357,0.11323980987071991,-0.022125836461782455,0.004722299054265022,-0.9997440576553345,0
57,1.1400000000000001,-0.5096791386604309,-1.2584072351455688,-12.039703369140625,0.03896114230155945,0.3465278446674347,0.10560707002878189,-0.13326454162597656,0.09787197411060333,0.02978438138961792,-0.02196158468723297,0.008893316611647606,-0.9997192621231079,0
58,1.16,-0.6311690211296082,-1.1808987855911255,-12.042068481445312,0.012958794832229614,0.3462876081466675,0.056592948734760284,-0.16221600770950317,-0.004687145352363586,-0.019355257973074913,-0.020609114319086075,0.011013414710760117,-0.9997269511222839,0
59,1.18,-0.9819222688674927,-1.3693004846572876,-11.991386413574219,0.02580726146697998,0.3185836374759674,0.06304550915956497,-0.40743008255958557,-0.3254004716873169,0.10300587117671967,-0.02389652281999588,0.017132041975855827,-0.9995676279067993,0
60,1.2,-1.3870929479599,-1.5878640413284302,-11.890228271484375,-0.008506864309310913,0.3759396970272064,0.024017129093408585,-0.3334903419017792,-0.20348937809467316,0.07092000544071198,-0.02770991064608097,0.02419768087565899,-0.9993230700492859,0
61,1.22,-1.8763692378997803,-1.88694167137146,-11.804450988769531,-0.02660304307937622,0.4362417161464691,0.015537691302597523,-0.48810502886772156,-0.343844473361969,0.005172411911189556,-0.032927390187978745,0.03272520750761032,-0.9989218711853027,0
62,1.24,-2.3575282096862793,-1.8428150415420532,-11.676750183105469,0.055887818336486816,0.3994235396385193,0.11896747350692749,-0.046383410692214966,0.36282193660736084,0.24499604105949402,-0.032157640904188156,0.04111373424530029,-0.9986368417739868,0
63,1.26,-2.204097032546997,-1.6735213994979858,-11.502822875976562,0.02708384394645691,0.33228403329849243,0.20275168120861053,0.31570082902908325,0.015344589948654175,0.08376972377300262,-0.02920430339872837,0.03844285383820534,-0.998833954334259,0
64,1.28,-1.5966062545776367,-1.516478180885315,-11.355110168457031,-0.03838507831096649,0.32013747096061707,0.250424325466156,0.7125946283340454,0.2152671217918396,0.18694829940795898,-0.026464443653821945,0.02785266749560833,-0.9992616772651672,0
65,1.3,-0.8385822176933289,-0.5186965465545654,-11.227836608886719,0.011804983019828796,0.27765199542045593,0.064119353890419,0.7057435512542725,1.159102201461792,0.10082259029150009,-0.009052838198840618,0.014634896069765091,-0.9998519420623779,0
66,1.32,-0.20957742631435394,0.29267454147338867,-11.113883972167969,0.006632491946220398,0.24188870191574097,0.022594265639781952,0.1940688043832779,0.14388743042945862,0.09687753766775131,0.005108111537992954,0.003657759865745902,-0.9999802708625793,0
67,1.34,-0.20410846173763275,0.37755271792411804,-11.004135131835938,0.05211232602596283,0.2296743392944336,-0.027038732543587685,-0.14731961488723755,0.01740819215774536,0.07920677214860916,0.0065894899889826775,0.0035622792784124613,-0.9999719262123108,0
68,1.36,-0.4648001492023468,0.26634252071380615,-10.9205322265625,0.050565674901008606,0.2684784233570099,-0.08288272470235825,-0.25637122988700867,-0.17079849541187286,0.018712472170591354,0.004648537375032902,0.00811211671680212,-0.9999563097953796,0
69,1.3800000000000001,-0.620131254196167,-0.18572480976581573,-10.909217834472656,0.012788861989974976,0.30271244049072266,-0.15426890552043915,0.017350882291793823,-0.5826733112335205,0.005794668570160866,-0.0032415033783763647,0.010823062621057034,-0.9999361634254456,0
70,1.4000000000000001,-0.5713719725608826,-0.7440835237503052,-10.863166809082031,-0.022984713315963745,0.33522212505340576,-0.18158547580242157,0.05239787697792053,-0.35516357421875,0.049242399632930756,-0.012986340560019016,0.009971315041184425,-0.9998659491539001,0
71,1.42,-0.5267847180366516,-0.956286609172821,-10.861091613769531,-0.0052804648876190186,0.34806007146835327,-0.16919675469398499,0.015980182215571404,-0.015139924362301826,-0.04393581300973892,-0.016689574345946312,0.00919271633028984,-0.9998184442520142,0
72,1.44,-0.46649932861328125,-0.9458153247833252,-10.90692138671875,0.0075685083866119385,0.3244214653968811,-0.03965015709400177,0.24900270998477936,-0.3926389217376709,-0.08430547267198563,-0.016506841406226158,0.008140750229358673,-0.9998306035995483,0
73,1.46,0.4244805574417114,-0.7702640891075134,-11.070266723632812,0.016964241862297058,0.22061370313167572,-0.05288510024547577,1.0776081085205078,0.3866158723831177,-0.1887156069278717,-0.01344323717057705,-0.007407845463603735,-0.9998822212219238,0
74,1.48,0.4217092990875244,-0.6594423055648804,-10.903511047363281,0.08119793236255646,0.13851824402809143,0.09675632417201996,-0.2368590533733368,-0.17449216544628143,0.20936733484268188,-0.011509185656905174,-0.007359662093222141,-0.9999066591262817,0
75,1.5,0.2639937698841095,-0.6757962107658386,-10.798515319824219,0.011415600776672363,0.2912042737007141,0.05702115222811699,-0.033068131655454636,0.09655413776636124,0.006494621746242046,-0.011794593185186386,-0.0046072229743003845,-0.9999198317527771,0
76,1.52,0.06119690462946892,-0.6811116933822632,-10.789108276367188,0.022769004106521606,0.295289009809494,0.05198314040899277,-0.2986178994178772,-0.11114877462387085,0.024888038635253906,-0.011887360364198685,-0.001068012323230505,-0.9999287724494934,0
77,1.54,-0.25900986790657043,-0.8051950931549072,-10.786552429199219,0.02925249934196472,0.3203124701976776,0.061102334409952164,-0.2949901819229126,-0.16882601380348206,-0.010726683773100376,-0.014052841812372208,0.0045201126486063,-0.9998910427093506,0
78,1.56,-0.6332563161849976,-0.995845377445221,-10.762474060058594,0.001968085765838623,0.3451474905014038,0.008861081674695015,-0.3436572551727295,-0.2034069299697876,0.06069854646921158,-0.01737990230321884,0.0110505111515522,-0.9997878670692444,0
79,1.58,-1.1375315189361572,-1.22390615940094,-10.709747314453125,-0.027579039335250854,0.43001919984817505,0.02701776660978794,-0.49775180220603943,-0.23252131044864655,0.0339873842895031,-0.02135956659913063,0.019847838208079338,-0.9995748400688171,0
80,1.6,-1.560534119606018,-1.0999257564544678,-10.596992492675781,0.051579415798187256,0.39416080713272095,0.12938900291919708,-0.05659566819667816,0.2350454032421112,0.20058393478393555,-0.019196148961782455,0.02722807414829731,-0.9994449019432068,0
81,1.62,-1.5013210773468018,-1.0721166133880615,-10.443687438964844,0.02543884515762329,0.35840460658073425,0.24175547063350677,0.20017573237419128,-0.09738025069236755,0.0763566642999649,-0.018710870295763016,0.026195406913757324,-0.999481737613678,0
82,1.6400000000000001,-1.012725591659546,-1.0441999435424805,-10.317375183105469,-0.04426267743110657,0.3520883023738861,0.28178316354751587,0.6052560806274414,0.09081637859344482,0.14381566643714905,-0.01822371408343315,0.01767154037952423,-0.9996777772903442,0
83,1.6600000000000001,-0.40058988332748413,-0.20696565508842468,-10.2427978515625,0.00361025333404541,0.3040672838687897,0.08782725036144257,0.555259644985199,1.0179662704467773,0.04688246175646782,-0.003612224478274584,0.006991510279476643,-0.9999690055847168,0
84,1.68,0.1786034107208252,0.5989974141120911,-10.103652954101562,0.013756603002548218,0.2531215250492096,0.008523238822817802,0.09147698432207108,0.036212049424648285,0.14021745324134827,0.010454287752509117,-0.0031170423608273268,-0.9999405145645142,0
85,1.7,0.11070296168327332,0.591109037399292,-9.9710693359375,0.06519906222820282,0.23888924717903137,-0.04554656520485878,-0.20169496536254883,-0.10714127123355865,0.07200869172811508,0.010316613130271435,-0.0019320263527333736,-0.9999449253082275,0
86,1.72,-0.28522104024887085,0.42687007784843445,-9.873031616210938,0.05870907008647919,0.2622957229614258,-0.09073943644762039,-0.4218006730079651,-0.1524622142314911,0.045470234006643295,0.007450217846781015,0.004977887496352196,-0.9999598860740662,0
87,1.74,-0.6881763935089111,0.07637602090835571,-9.836372375488281,0.020588696002960205,0.29753851890563965,-0.17000196874141693,-0.13346415758132935,-0.6518446803092957,0.0318002812564373,0.0013330127112567425,0.012010645121335983,-0.9999269843101501,0
88,1.76,-0.7890464663505554,-0.509161651134491,-9.769218444824219,-0.001434028148651123,0.3359510898590088,-0.1947062909603119,-0.06027069687843323,-0.3887392282485962,0.05709114298224449,-0.008886427618563175,0.01377047784626484,-0.999865710735321,0
89,1.78,-0.8623471260070801,-0.7351676225662231,-9.745826721191406,0.018882781267166138,0.35176777839660645,-0.18048149347305298,-0.0731736347079277,-0.01773809641599655,-0.01782548613846302,-0.012830742634832859,0.015048987232148647,-0.9998044371604919,0
90,1.8,-0.8344274759292603,-0.8319733738899231,-9.777252197265625,0.016613304615020752,0.314441442489624,-0.02499520033597946,0.2971334755420685,-0.5695919990539551,-0.09077110886573792,-0.014520161785185337,0.014561454765498638,-0.9997885227203369,0
91,1.82,0.04300379753112793,-0.7065737247467041,-9.931739807128906,0.07649809122085571,0.21150362491607666,0.07334626466035843,0.4258623719215393,0.6065795421600342,0.048892952501773834,-0.012331726029515266,-0.0007505007088184357,-0.9999237060546875,0
92,1.84,0.06020403280854225,-0.5435503125190735,-9.784027099609375,0.12293453514575958,0.2632903754711151,0.12609714269638062,-0.15224367380142212,-0.0182863250374794,0.11115124821662903,-0.009486598894000053,-0.0010507111437618732,-0.9999544620513916,0
93,1.86,-0.02950720675289631,-0.5260797142982483,-9.787864685058594,0.02987256646156311,0.3223716616630554,0.0894930362701416,-0.019420363008975983,0.04740077257156372,-0.0880587249994278,-0.009181694127619267,0.0005149762146174908,-0.9999577403068542,0
94,1.8800000000000001,-0.24926497042179108,-0.6696379780769348,-9.800300598144531,0.033907800912857056,0.286336213350296,0.07976814359426498,-0.32274341583251953,-0.27789267897605896,0.06532970070838928,-0.011687119491398335,0.0043501826003193855,-0.9999222159385681,0
95,1.9000000000000001,-0.5434303879737854,-0.8602511882781982,-9.753761291503906,0.018299102783203125,0.3247281014919281,0.0707302913069725,-0.23282520473003387,-0.18742352724075317,0.02547750249505043,-0.015013649128377438,0.009483437053859234,-0.9998422861099243,0
96,1.92,-0.8619545102119446,-1.1039284467697144,-9.698379516601562,-0.006044536828994751,0.34573137760162354,0.016173802316188812,-0.30574873089790344,-0.2654542624950409,0.07679246366024017,-0.01926599070429802,0.015040582045912743,-0.9997012615203857,0
97,1.94,-1.3444470167160034,-1.3760643005371094,-9.655929565429688,-0.028403669595718384,0.43167591094970703,0.03371733799576759,-0.48748359084129333,-0.2478831559419632,0.04651296138763428,-0.024014538154006004,0.02345610223710537,-0.9994363784790039,0
98,1.96,-1.8010210990905762,-1.25884211063385,-9.53338623046875,0.047634392976760864,0.3978254795074463,0.13529257476329803,-0.07014477252960205,0.27009955048561096,0.20805180072784424,-0.021969173103570938,0.0314209870994091,-0.9992647767066956,0
99,1.98,-1.7484493255615234,-1.2289592027664185,-9.361808776855469,0.019744157791137695,0.35178300738334656,0.23291347920894623,0.20428480207920074,-0.09463676810264587,0.09725598990917206,-0.021447740495204926,0.030504442751407623,-0.999304473400116,0
100,2.0,-1.243213176727295,-1.188461422920227,-9.2156982421875,-0.053684741258621216,0.3406650125980377,0.2682758867740631,0.6290754079818726,0.1059596836566925,0.15607115626335144,-0.020741069689393044,0.021691787987947464,-0.9995495080947876,0
101,2.02,-0.5974500179290771,-0.3273048400878906,-9.129135131835938,-0.003920078277587891,0.2924472689628601,0.07592856138944626,0.5926975607872009,1.0322110652923584,0.060377079993486404,-0.0057125152088701725,0.010427108965814114,-0.9999293088912964,0
102,2.04,-0.026292724534869194,0.45271334052085876,-9.002212524414062,0.0009353756904602051,0.2435029149055481,0.0311953853815794,0.08856596797704697,0.10077240318059921,0.1213531568646431,0.007901256904006004,0.00045888032764196396,-0.9999687075614929,0
103,2.06,-0.08149658888578415,0.483012318611145,-8.862548828125,0.05214285850524902,0.22442474961280823,-0.03772887960076332,-0.178616002202034,-0.04367005079984665,0.09917248040437698,0.008430056273937225,0.0014223328325897455,-0.9999634623527527,0
104,2.08,-0.3941262364387512,0.3515842854976654,-8.753631591796875,0.058530569076538086,0.2674292325973511,-0.09119168668985367,-0.31187352538108826,-0.16811534762382507,0.04676434025168419,0.006136264186352491,0.006878615822643042,-0.9999575018882751,0
105,2.1,-0.6769821643829346,0.007319401018321514,-8.719894409179688,0.026019364595413208,0.3072253465652466,-0.1451663374900818,-0.1554173231124878,-0.4071255028247833,0.01646404154598713,0.00012774858623743057,0.011815291829407215,-0.999930202960968,0
106,2.12,-0.6628411412239075,-0.6055691838264465,-8.664146423339844,-0.0029776692390441895,0.3383992314338684,-0.19757041335105896,0.026257365942001343,-0.40662580728530884,0.03840178623795509,-0.010568980127573013,0.0115678571164608,-0.9998772144317627,0
107,2.14,-0.652184784412384,-0.8511729836463928,-8.656906127929688,0.010798424482345581,0.3486279547214508,-0.18393424153327942,-0.01338341273367405,-0.032447729259729385,-0.027077406644821167,-0.014855223707854748,0.011381268501281738,-0.9998248815536499,0
108,2.16,-0.6153188347816467,-0.8824698328971863,-8.694580078125,0.01156732439994812,0.3195928633213043,-0.04008922353386879,0.23624610900878906,-0.4280679225921631,-0.08498410135507584,-0.015401392243802547,0.010737859643995762,-0.9998237490653992,0
109,2.18,0.13610032200813293,-0.719386875629425,-8.826080322265625,0.06887036561965942,0.20568999648094177,0.05232086032629013,0.3705883026123047,0.5667122602462769,0.038729023188352585,-0.012555340304970741,-0.0023752092383801937,-0.9999183416366577,0
110,2.2,0.022905435413122177,-0.5237742066383362,-8.684036254882812,0.09208543598651886,0.27326449751853943,0.0989430621266365,-0.18509411811828613,0.037682026624679565,0.09880398213863373,-0.009141456335783005,-0.00039975857362151146,-0.9999581575393677,0
111,2.22,-0.11793911457061768,-0.5108373165130615,-8.676803588867188,0.015325218439102173,0.3165881931781769,0.06395405530929565,-0.09544498473405838,0.022669300436973572,-0.06279532611370087,-0.008915675804018974,0.0020583425648510456,-0.9999581575393677,0
112,2.24,-0.4003101885318756,-0.6532202363014221,-8.686363220214844,0.02162724733352661,0.2858579456806183,0.06270278990268707,-0.3573233485221863,-0.27401161193847656,0.049583446234464645,-0.011400596238672733,0.006986219435930252,-0.9999105930328369,0
113,2.2600000000000002,-0.7473013401031494,-0.8688716292381287,-8.647361755371094,0.005142271518707275,0.3314843773841858,0.053546614944934845,-0.2871471643447876,-0.23159527778625488,0.024162691086530685,-0.015164090320467949,0.013040999881923199,-0.9997999668121338,0
114,2.2800000000000002,-1.1380258798599243,-1.1605256795883179,-8.59918212890625,-0.019265323877334595,0.36505401134490967,0.015595873817801476,-0.37319305539131165,-0.3098945617675781,0.0631251111626625,-0.020253606140613556,0.01985691674053669,-0.9995976686477661,0
115,2.3000000000000003,-1.7157657146453857,-1.5104399919509888,-8.558731079101562,-0.03857111930847168,0.44892996549606323,0.04636251553893089,-0.5741939544677734,-0.32333940267562866,0.04225374385714531,-0.02635909430682659,0.029930878430604935,-0.9992043375968933,0
116,2.32,-1.9489582777023315,-1.2325047254562378,-8.352455139160156,0.07197275757789612,0.37707269191741943,0.18846045434474945,0.015068396925926208,0.13312652707099915,0.2554559111595154,-0.021509602665901184,0.03400130569934845,-0.9991902709007263,0
117,2.34,-1.7526307106018066,-1.230812430381775,-8.130203247070312,0.016319304704666138,0.3527763783931732,0.2680129408836365,0.36305564641952515,-0.028627246618270874,0.13862785696983337,-0.021480077877640724,0.03057735040783882,-0.999301552772522,0
118,2.36,-1.1765421628952026,-1.0043838024139404,-8.009475708007812,-0.0436227023601532,0.29450714588165283,0.21249300241470337,0.6147700548171997,0.3470158576965332,0.09871569275856018,-0.017528902739286423,0.020529935136437416,-0.9996355772018433,0
119,2.38,-0.5320420265197754,0.045819442719221115,-7.948722839355469,0.01856677234172821,0.22944995760917664,0.018356401473283768,0.5959411859512329,1.1426773071289062,0.06694565713405609,0.0007996996864676476,0.00928574800491333,-0.9999565482139587,0
120,2.4,-0.15406012535095215,0.607084333896637,-7.826728820800781,0.02989049255847931,0.21658985316753387,-0.010307950899004936,0.0929873064160347,-0.013846486806869507,0.1248677521944046,0.010595420375466347,0.0026887021958827972,-0.9999402761459351,0
121,2.42,-0.2495792806148529,0.5230420827865601,-7.716468811035156,0.06771548092365265,0.22470536828041077,-0.059610527008771896,-0.2161649763584137,-0.12545645236968994,0.05431605502963066,0.00912867859005928,0.004355784971266985,-0.9999488592147827,0
122,2.44,-0.5794276595115662,0.27663037180900574,-7.621330261230469,0.06040589511394501,0.2593400180339813,-0.11409422755241394,-0.3099982440471649,-0.2617882192134857,0.048151895403862,0.004828091710805893,0.01011262834072113,-0.9999372363090515,0
123,2.46,-0.7533877491950989,-0.2925248146057129,-7.571632385253906,0.017733275890350342,0.29188835620880127,-0.17656904458999634,-0.03334784507751465,-0.591464638710022,0.031434565782547,-0.005105498246848583,0.013148544356226921,-0.9999005198478699,0
124,2.48,-0.7565187215805054,-0.8343605399131775,-7.500205993652344,-0.013822197914123535,0.32667872309684753,-0.19258566200733185,0.010440975427627563,-0.32718488574028015,0.051702242344617844,-0.014561822637915611,0.013201956637203693,-0.999806821346283,0
125,2.5,-0.7449407577514648,-1.0145829916000366,-7.4843292236328125,0.007123440504074097,0.34811636805534363,-0.16743071377277374,-0.0022338908165693283,0.012611106969416142,-0.024116935208439827,-0.017706889659166336,0.012999264523386955,-0.9997587203979492,0
126,2.52,-0.6703013181686401,-1.0126643180847168,-7.50347900390625,0.03964325785636902,0.3400225043296814,-0.04387670010328293,0.2723861336708069,-0.3109437823295593,-0.056598905473947525,-0.017673403024673462,0.011696870438754559,-0.9997754096984863,0
127,2.54,0.11479140818119049,-0.8357364535331726,-7.588294982910156,0.06373345851898193,0.21449783444404602,0.046152371913194656,0.6021866798400879,0.4564063549041748,0.0009865437168627977,-0.014585836790502071,-0.0020032739266753197,-0.9998916387557983,0
128,2.56,0.07331208139657974,-0.6893914341926575,-7.450592041015625,0.08651095628738403,0.24140770733356476,0.10913152247667313,-0.11735320091247559,-0.04768115282058716,0.0716918334364891,-0.012031860649585724,-0.001279444433748722,-0.9999268054962158,0
129,2.58,-0.040070999413728714,-0.698305606842041,-7.444091796875,0.024617955088615417,0.295035719871521,0.07469838857650757,-0.08376383036375046,0.018309101462364197,-0.028155028820037842,-0.012187428772449493,0.0006993194110691547,-0.9999254941940308,0
130,2.6,-0.29117831587791443,-0.8023529052734375,-7.446235656738281,0.036027222871780396,0.27768683433532715,0.06664928048849106,-0.3255634903907776,-0.2026718109846115,0.033473748713731766,-0.014003241434693336,0.005081499461084604,-0.9998890161514282,0
131,2.62,-0.6125734448432922,-0.9516553282737732,-7.420204162597656,0.022592246532440186,0.3236032724380493,0.0498967245221138,-0.27034610509872437,-0.17859143018722534,0.02046179585158825,-0.01660875603556633,0.010689744725823402,-0.9998049139976501,0
132,2.64,-0.9729378819465637,-1.1592440605163574,-7.382171630859375,-0.004252403974533081,0.3608974814414978,0.008829859085381031,-0.33921122550964355,-0.22422264516353607,0.05491182208061218,-0.02023124322295189,0.016976676881313324,-0.9996511936187744,0
133,2.66,-1.5120210647583008,-1.418251872062683,-7.36322021484375,-0.02549263834953308,0.4411875307559967,0.04012658819556236,-0.5447171926498413,-0.2640190124511719,0.03308093547821045,-0.024750635027885437,0.02637859806418419,-0.999345600605011,0
134,2.68,-1.7935349941253662,-1.1542904376983643,-7.194389343261719,0.07592812180519104,0.3939782679080963,0.1430521309375763,0.05251593887805939,0.2688749134540558,0.24947504699230194,-0.020144807174801826,0.03129163011908531,-0.9993072748184204,0
135,2.7,-1.6217944622039795,-1.1037524938583374,-7.021949768066406,0.03997349739074707,0.3537268042564392,0.24953055381774902,0.2835049331188202,-0.07409632205963135,0.0660400539636612,-0.019262921065092087,0.028296619653701782,-0.9994139671325684,0
136,2.72,-1.0643852949142456,-1.056862473487854,-6.922080993652344,-0.028551369905471802,0.34432998299598694,0.28809502720832825,0.646490752696991,0.09322285652160645,0.12320723384618759,-0.018444683402776718,0.018572799861431122,-0.999657392501831,0
137,2.74,-0.4064207077026367,-0.2450091391801834,-6.8372802734375,0.016079798340797424,0.30038055777549744,0.0888938382267952,0.5830561518669128,1.0075204372406006,0.0731426402926445,-0.00427620206028223,0.007093253545463085,-0.9999657273292542,0
138,2.7600000000000002,0.15196114778518677,0.578079342842102,-6.6739349365234375,0.021371304988861084,0.24744704365730286,0.03616953641176224,0.04688781499862671,0.12060785293579102,0.15853135287761688,0.010089214891195297,-0.002652083756402135,-0.9999455809593201,0
139,2.7800000000000002,0.008947440423071384,0.6255664825439453,-6.507926940917969,0.06531181931495667,0.23104214668273926,-0.034807238727808,-0.26781636476516724,-0.040001124143600464,0.11391789466142654,0.01091797836124897,-0.00015615299344062805,-0.9999403953552246,0
140,2.8000000000000003,-0.3936752676963806,0.4650133550167084,-6.3954620361328125,0.0628328025341034,0.27111750841140747,-0.09730081260204315,-0.38525012135505676,-0.2016545832157135,0.050220806151628494,0.008115923032164574,0.006870648358017206,-0.9999434351921082,0
141,2.82,-0.6908988952636719,-0.016409795731306076,-6.346382141113281,0.025896400213241577,0.2923334836959839,-0.16318969428539276,-0.13554003834724426,-0.5479692220687866,0.035972606390714645,-0.00028640497475862503,0.012058166787028313,-0.999927282333374,0
142,2.84,-0.8019465208053589,-0.5385726094245911,-6.273429870605469,0.0023010671138763428,0.32491034269332886,-0.18586044013500214,-0.0783751904964447,-0.3174019753932953,0.07932467758655548,-0.00939972698688507,0.01399553194642067,-0.9998579025268555,0
143,2.86,-0.9017123579978943,-0.6987370848655701,-6.232490539550781,0.02920353412628174,0.3399682641029358,-0.16744253039360046,-0.1001233458518982,0.025713764131069183,-0.007433038670569658,-0.012194960378110409,0.015736030414700508,-0.9998018145561218,0
144,2.88,-0.907185971736908,-0.7579161524772644,-6.25433349609375,0.0314040333032608,0.29750189185142517,-0.011960440315306187,0.27344822883605957,-0.521902859210968,-0.07701566815376282,-0.013227744027972221,0.01583133265376091,-0.9997871518135071,0
145,2.9,-0.16259852051734924,-0.5363888144493103,-6.405509948730469,0.057743608951568604,0.1835092306137085,0.04924745857715607,0.5118322372436523,0.44625842571258545,-0.06404664367437363,-0.009361614473164082,0.0028377515263855457,-0.9999521374702454,0
146,2.92,-0.08450177311897278,-0.31509527564048767,-6.363517761230469,0.05797344446182251,0.24947957694530487,0.08547834306955338,0.006315059959888458,0.06423857808113098,0.008474149741232395,-0.005499421618878841,0.0014748109970241785,-0.9999837875366211,0
147,2.94,-0.1370382010936737,-0.29751870036125183,-6.365348815917969,0.02035081386566162,0.26083138585090637,0.07108762115240097,-0.08555137366056442,-0.02600117027759552,-0.0014479669043794274,-0.005192657932639122,0.0023917334619909525,-0.9999836683273315,0
148,2.96,-0.30394259095191956,-0.3921360671520233,-6.3475341796875,0.031167015433311462,0.2559472322463989,0.07681851089000702,-0.1975061595439911,-0.15440143644809723,0.03778187185525894,-0.006844012066721916,0.005304650403559208,-0.9999625086784363,0
149,2.98,-0.5261858105659485,-0.5567322969436646,-6.303192138671875,0.008134976029396057,0.3008360266685486,0.04628828912973404,-0.1978001445531845,-0.1972038298845291,0.04675888642668724,-0.009716657921671867,0.009183110669255257,-0.9999106526374817,0
150,3.0,-0.82566237449646,-0.74957674741745,-6.251548767089844,-0.012422174215316772,0.3621671795845032,0.02283347398042679,-0.3003794550895691,-0.18925581872463226,0.024076174944639206,-0.01308220624923706,0.014408791437745094,-0.9998105764389038,0
151,3.02,-1.2680124044418335,-0.8068097829818726,-6.215538024902344,0.032913029193878174,0.36502525210380554,0.1276862919330597,-0.1894223690032959,0.4205719232559204,0.11097729206085205,-0.014081020839512348,0.02212698943912983,-0.9996560215950012,0
152,3.04,-1.3048533201217651,-0.75928795337677,-6.069587707519531,0.026292622089385986,0.3419783115386963,0.20760400593280792,0.1026117205619812,-0.110292449593544,0.11745138466358185,-0.013251685537397861,0.02277001179754734,-0.9996529221534729,0
153,3.06,-0.9277397394180298,-0.7543568015098572,-5.905609130859375,-0.03963093459606171,0.3490116000175476,0.2566930949687958,0.5157795548439026,0.07472464442253113,0.16368719935417175,-0.013165630400180817,0.016190003603696823,-0.9997822642326355,0
154,3.08,-0.37154796719551086,-0.033358845859766006,-5.7863922119140625,0.004353761672973633,0.3140459656715393,0.06883086264133453,0.48865246772766113,0.9853360652923584,0.08675031363964081,-0.0005822218954563141,0.006484687328338623,-0.99997878074646,0
155,3.1,0.08574117720127106,0.7191899418830872,-5.6260833740234375,0.009735822677612305,0.2621094286441803,0.030721979215741158,-0.018301717936992645,0.0711485743522644,0.1471157819032669,0.012551900930702686,-0.0014963475987315178,-0.999920129776001,0
156,3.12,-0.09193624556064606,0.7076742649078369,-5.450004577636719,0.06631669402122498,0.24026066064834595,-0.03376820310950279,-0.2837250828742981,-0.07907819747924805,0.13583198189735413,0.012350931763648987,0.001604466699063778,-0.9999224543571472,0
157,3.14,-0.49847412109375,0.4946940839290619,-5.314949035644531,0.07590989768505096,0.275046706199646,-0.08704815059900284,-0.37405022978782654,-0.25692233443260193,0.05545814707875252,0.008633933030068874,0.008699579164385796,-0.999924898147583,0
158,3.16,-0.8062592148780823,0.031220605596899986,-5.2719268798828125,0.0496051162481308,0.3105340600013733,-0.1582379788160324,-0.08461639285087585,-0.5922403335571289,0.02877107635140419,0.0005449024029076099,0.014071408659219742,-0.9999008178710938,0
159,3.18,-0.8520900011062622,-0.5490342974662781,-5.234001159667969,0.023607999086380005,0.3413744568824768,-0.1872657686471939,-0.019649535417556763,-0.3497719466686249,0.05597315728664398,-0.009582309983670712,0.014870542101562023,-0.9998435378074646,0
160,3.2,-0.8808107376098633,-0.7441418766975403,-5.210807800292969,0.04706007242202759,0.36059293150901794,-0.17028643190860748,-0.03967006877064705,0.005876760929822922,-0.018737101927399635,-0.012987361289560795,0.015371146611869335,-0.999797523021698,0
161,3.22,-0.745501697063446,-0.9610602855682373,-5.265098571777344,0.02547796070575714,0.30404558777809143,-0.005076938308775425,0.4127183258533478,-0.4268493950366974,-0.13101117312908173,-0.016772881150245667,0.013009262271225452,-0.999774694442749,0
162,3.24,0.1315668523311615,-0.8423463106155396,-5.385108947753906,0.06955119967460632,0.20756950974464417,0.05961307883262634,0.5171070694923401,0.5919378995895386,0.05541153624653816,-0.014701184816658497,-0.0022960235364735126,-0.9998893141746521,0
163,3.2600000000000002,0.10075884312391281,-0.6330344080924988,-5.260765075683594,0.11015498638153076,0.23663505911827087,0.10918154567480087,-0.14286789298057556,-0.02437642216682434,0.06774850189685822,-0.01104830950498581,-0.0017584655433893204,-0.9999374151229858,0
164,3.2800000000000002,-0.03142228722572327,-0.6423072814941406,-5.276153564453125,0.047919273376464844,0.2829853892326355,0.07544692605733871,-0.09507444500923157,0.003306753933429718,-0.06812848895788193,-0.011210139840841293,0.0005483874119818211,-0.9999369978904724,0
165,3.3000000000000003,-0.2996704876422882,-0.7849122881889343,-5.310935974121094,0.04422102868556976,0.2631431818008423,0.06137528643012047,-0.340221107006073,-0.243720144033432,0.015735073015093803,-0.013698875904083252,0.005229721777141094,-0.9998924732208252,0
166,3.3200000000000003,-0.6172577142715454,-0.9523282051086426,-5.312660217285156,0.028378218412399292,0.29993486404418945,0.055259428918361664,-0.2463960349559784,-0.1628098338842392,-0.008491583168506622,-0.016620498150587082,0.010771484114229679,-0.9998038411140442,0
167,3.34,-0.9418455958366394,-1.175698161125183,-5.2902374267578125,-0.0005662143230438232,0.3201327323913574,0.00670072715729475,-0.30459168553352356,-0.2527025043964386,0.05236479640007019,-0.020518364384770393,0.01643410697579384,-0.9996544122695923,0
168,3.36,-1.4193894863128662,-1.4293780326843262,-5.283500671386719,-0.026042252779006958,0.4085544943809509,0.03344270586967468,-0.4785343408584595,-0.2286015748977661,0.025614408776164055,-0.024944761767983437,0.024762773886322975,-0.9993820786476135,0
169,3.38,-1.8120676279067993,-1.2993775606155396,-5.16107177734375,0.05157068371772766,0.37772467732429504,0.1354730874300003,-0.02044360339641571,0.2187909185886383,0.21733587980270386,-0.022676467895507812,0.03161313757300377,-0.999242901802063,0
170,3.4,-1.7162152528762817,-1.302491545677185,-4.9762725830078125,0.02782300114631653,0.33924007415771484,0.2362949699163437,0.24489180743694305,-0.09409746527671814,0.10463429987430573,-0.022730804979801178,0.029941387474536896,-0.9992931485176086,0
171,3.42,-1.1870139837265015,-1.2742522954940796,-4.841064453125,-0.034700483083724976,0.32537442445755005,0.26826345920562744,0.6313807368278503,0.08611559867858887,0.13471312820911407,-0.02223806083202362,0.020710693672299385,-0.9995381832122803,0
172,3.44,-0.5435078144073486,-0.4538017511367798,-4.75439453125,0.012732118368148804,0.2804616689682007,0.07337238639593124,0.5857825875282288,1.0044934749603271,0.07048913836479187,-0.007920252159237862,0.009485561400651932,-0.9999236464500427,0
173,3.46,-0.016434218734502792,0.4423612654209137,-4.616172790527344,0.009214788675308228,0.24684393405914307,0.02665236033499241,-0.018035531044006348,0.1481645703315735,0.12110243737697601,0.0077205840498209,0.00028682267293334007,-0.9999701380729675,0
174,3.48,-0.1618652194738388,0.5572324395179749,-4.474235534667969,0.06007896363735199,0.2351023256778717,-0.052919648587703705,-0.2409639060497284,-0.024552807211875916,0.09549224376678467,0.009725386276841164,0.002824943047016859,-0.9999487400054932,0
175,3.5,-0.40880751609802246,0.2519110441207886,-4.3875885009765625,0.04234530031681061,0.26160573959350586,-0.1332092434167862,-0.16999506950378418,-0.4129064083099365,0.032174237072467804,0.004396663047373295,0.0071349069476127625,-0.9999648928642273,0
176,3.52,-0.5596490502357483,-0.27463817596435547,-4.342521667480469,0.011414915323257446,0.2928999364376068,-0.17539095878601074,-0.09640231728553772,-0.43939679861068726,0.04227256402373314,-0.004793322179466486,0.009767449460923672,-0.999940812587738,0
177,3.54,-0.6173595786094666,-0.7281295657157898,-4.2934112548828125,-0.00812983512878418,0.32517555356025696,-0.18556340038776398,-0.01787988841533661,-0.30299344658851624,0.057427387684583664,-0.012707914225757122,0.010773877613246441,-0.9998611807823181,0
178,3.56,-0.6375265121459961,-0.910211980342865,-4.2633209228515625,0.01744183897972107,0.3525964617729187,-0.16390952467918396,-0.02323819324374199,-0.011358076706528664,-0.011489798314869404,-0.015885524451732635,0.011125301942229271,-0.9998119473457336,0
179,3.58,-0.5457485914230347,-1.020279884338379,-4.3087158203125,0.021980583667755127,0.3210577368736267,-0.022285448387265205,0.35770365595817566,-0.45364150404930115,-0.10359516739845276,-0.01780630461871624,0.009523455053567886,-0.9997960925102234,0
180,3.6,0.16714482009410858,-0.7995505332946777,-4.385917663574219,0.06993596255779266,0.20806273818016052,0.06523209065198898,0.5119566917419434,0.5281990766525269,0.05185634642839432,-0.013954335823655128,-0.0029169381596148014,-0.999898374080658,0
181,3.62,0.18855395913124084,-0.5318964123725891,-4.287254333496094,0.0786413699388504,0.26430544257164,0.10034685581922531,-0.007006634026765823,0.06889694929122925,0.012605349533259869,-0.009283208288252354,-0.003290739608928561,-0.9999514818191528,0
182,3.64,0.14650432765483856,-0.47379177808761597,-4.310935974121094,0.03530445694923401,0.2833941578865051,0.074062779545784,-0.06349405646324158,0.03207330405712128,-0.03157446160912514,-0.008269133046269417,-0.002556893043220043,-0.999962568283081,0
183,3.66,-0.07093900442123413,-0.5668562054634094,-4.3207550048828125,0.04013577103614807,0.26739728450775146,0.06296034902334213,-0.28895631432533264,-0.1913808286190033,0.024616366252303123,-0.009893344715237617,0.0012380578555166721,-0.9999502897262573,0
184,3.68,-0.33878135681152344,-0.6807010769844055,-4.305168151855469,0.022412478923797607,0.31385713815689087,0.04812003672122955,-0.2154146283864975,-0.12791335582733154,0.012845875695347786,-0.011880194768309593,0.005912398919463158,-0.9999119639396667,0
185,3.7,-0.6411014199256897,-0.8404208421707153,-4.272483825683594,-0.002642035484313965,0.3470035791397095,0.0072020357474684715,-0.29346799850463867,-0.18507780134677887,0.05532746762037277,-0.01466758269816637,0.011187889613211155,-0.9998298287391663,0
186,3.72,-1.1244699954986572,-1.0424082279205322,-4.258323669433594,-0.022771239280700684,0.4306851625442505,0.04039013385772705,-0.494477778673172,-0.20371392369270325,0.02788429521024227,-0.018192453309893608,0.019621197134256363,-0.9996419548988342,0
187,3.74,-1.5493614673614502,-0.9262398481369019,-4.1490936279296875,0.05158379673957825,0.39356476068496704,0.13695085048675537,-0.07145099341869354,0.20435264706611633,0.198231503367424,-0.016165228560566902,0.027034630998969078,-0.9995037913322449,0
188,3.7600000000000002,-1.49763023853302,-0.9488953948020935,-3.9832763671875,0.020891517400741577,0.3563289940357208,0.24215930700302124,0.1850292682647705,-0.1493871808052063,0.0956493467092514,-0.016560591757297516,0.026132015511393547,-0.9995213150978088,0
189,3.7800000000000002,-1.0253396034240723,-0.9755964279174805,-3.8407821655273438,-0.05452750623226166,0.34757199883461,0.27632617950439453,0.5906097888946533,0.045699626207351685,0.1502753645181656,-0.017026543617248535,0.017892003059387207,-0.9996949434280396,0
190,3.8000000000000003,-0.4336657226085663,-0.18521791696548462,-3.755950927734375,-0.005993649363517761,0.29810529947280884,0.08180000633001328,0.538105309009552,0.9718673229217529,0.05743248388171196,-0.0032326565124094486,0.007568781264126301,-0.9999661445617676,0
191,3.8200000000000003,0.0509541891515255,0.5228763818740845,-3.621337890625,0.0038298070430755615,0.24521811306476593,0.028992241248488426,0.059776321053504944,0.09065361320972443,0.14208081364631653,0.0091257868334651,-0.0008892812766134739,-0.9999579787254333,0
192,3.84,-0.04549107700586319,0.5137365460395813,-3.4772186279296875,0.05165819823741913,0.23129567503929138,-0.039138298481702805,-0.20898687839508057,-0.08424240350723267,0.09224990755319595,0.008966274559497833,0.0007939371280372143,-0.9999594688415527,0
193,3.86,-0.3839673697948456,0.33903881907463074,-3.366424560546875,0.05772706866264343,0.2691674530506134,-0.09305381029844284,-0.3291296362876892,-0.19126619398593903,0.05401911586523056,0.005917307920753956,0.006701325997710228,-0.9999600648880005,0
194,3.88,-0.6730387210845947,-0.03721442073583603,-3.3235702514648438,0.024431437253952026,0.3087311387062073,-0.17529001832008362,-0.04685589671134949,-0.6384540796279907,0.03214607387781143,-0.0006495141424238682,0.011746468022465706,-0.9999307990074158,0
195,3.9,-0.6781780123710632,-0.6190289855003357,-3.2539291381835938,-0.0027721822261810303,0.34040218591690063,-0.20245376229286194,0.012298047542572021,-0.3790154755115509,0.05138333886861801,-0.010803883895277977,0.011835472658276558,-0.9998716115951538,0
196,3.92,-0.6851134300231934,-0.8346289396286011,-3.2378616333007812,0.01441165804862976,0.3521806001663208,-0.18594834208488464,-0.031392887234687805,-0.008354783058166504,-0.02414732240140438,-0.014566507190465927,0.011955930851399899,-0.9998224377632141,0
197,3.94,-0.6711094379425049,-0.7921977639198303,-3.2510147094726562,0.07509869337081909,0.37889376282691956,-0.09338435530662537,0.1453036069869995,-0.16051307320594788,-0.026380127295851707,-0.013826020061969757,0.011711682192981243,-0.9998358488082886,0
198,3.96,0.05297577753663063,-0.7318599820137024,-3.3580245971679688,0.0905112475156784,0.23106291890144348,0.05935516208410263,0.42068150639533997,0.5543326139450073,0.06780173629522324,-0.012773016467690468,-0.0009245257824659348,-0.9999179840087891,0
199,3.98,-0.04654517024755478,-0.5509650111198425,-3.2142105102539062,0.12475867569446564,0.2586260735988617,0.12371476739645004,-0.2492665946483612,-0.005950257182121277,0.0929298996925354,-0.009616004303097725,0.0008123288862407207,-0.9999534487724304,0
200,4.0,-0.18783652782440186,-0.5715848803520203,-3.2067642211914062,0.026096254587173462,0.3185187876224518,0.0665884017944336,-0.03829169645905495,0.037861377000808716,-0.07355939596891403,-0.009975872933864594,0.0032781970221549273,-0.9999448657035828,0
201,4.0200000000000005,-0.4015239477157593,-0.6793388724327087,-3.2232437133789062,0.0281384140253067,0.28187096118927,0.05168880522251129,-0.2979177236557007,-0.23209723830223083,0.04826431721448898,-0.011856423690915108,0.0070073651149868965,-0.9999051690101624,0
202,4.04,-0.6906312704086304,-0.8631122708320618,-3.19696044921875,0.016716614365577698,0.31684672832489014,0.047197356820106506,-0.24818187952041626,-0.21945509314537048,0.005823834799230099,-0.015063579194247723,0.012052128091454506,-0.9998139142990112,0
203,4.0600000000000005,-1.0302588939666748,-1.1273938417434692,-3.162109375,-0.008835211396217346,0.3474884629249573,-0.0001870100386440754,-0.32660308480262756,-0.2771604061126709,0.05786740779876709,-0.019675465300679207,0.01797696202993393,-0.9996448159217834,0
204,4.08,-1.5467000007629395,-1.4160194396972656,-3.138580322265625,-0.03209710121154785,0.4361637830734253,0.026716012507677078,-0.5187547206878662,-0.26668375730514526,0.035248782485723495,-0.02471168339252472,0.026983480900526047,-0.9993304014205933,0
205,4.1,-1.931239128112793,-1.1000418663024902,-3.0008087158203125,0.051850080490112305,0.3952082097530365,0.14091701805591583,-0.024688243865966797,0.33987152576446533,0.20629578828811646,-0.01919816993176937,0.03369387611746788,-0.9992477893829346,0
206,4.12,-1.7929601669311523,-1.0004792213439941,-2.83953857421875,0.032883524894714355,0.3458351790904999,0.24075937271118164,0.2629022002220154,-0.06846761703491211,0.08705541491508484,-0.017460767179727554,0.0312831811606884,-0.999358057975769,0
207,4.14,-1.2371309995651245,-0.9591987133026123,-2.7109222412109375,-0.038633182644844055,0.33924826979637146,0.2838214337825775,0.6610413789749146,0.09335121512413025,0.14174450933933258,-0.01674039475619793,0.021587306633591652,-0.9996268153190613,0
208,4.16,-0.5570273399353027,-0.14396175742149353,-2.6166763305664062,0.007588908076286316,0.2968498468399048,0.08678193390369415,0.6067734956741333,1.0083810091018677,0.0769786685705185,-0.002512603998184204,0.009721776470541954,-0.99994957447052,0
209,4.18,0.037747278809547424,0.6914105415344238,-2.4586257934570312,0.015846624970436096,0.24851173162460327,0.01898367702960968,0.07241705805063248,0.07292057573795319,0.14624208211898804,0.012067094445228577,-0.0006587659008800983,-0.9999269843101501,0
210,4.2,-0.05857931450009346,0.7294961214065552,-2.3137893676757812,0.06513632833957672,0.23397958278656006,-0.043017055839300156,-0.22897596657276154,-0.0660247877240181,0.08498969674110413,0.012731766328215599,0.0010223188437521458,-0.9999184012413025,0
211,4.22,-0.4300917685031891,0.5360164642333984,-2.223175048828125,0.057749807834625244,0.2634580731391907,-0.10176485031843185,-0.36641860008239746,-0.22152946889400482,0.035580825060606,0.009355113841593266,0.007506117224693298,-0.9999280571937561,0
212,4.24,-0.6803976893424988,-0.010271696373820305,-2.1814422607421875,0.020325645804405212,0.28402984142303467,-0.16303753852844238,-0.12326008081436157,-0.5557017922401428,0.03165120631456375,-0.00017927400767803192,0.01187489926815033,-0.9999294877052307,0
213,4.26,-0.778031051158905,-0.5457778573036194,-2.1173019409179688,-0.0033654868602752686,0.3172318935394287,-0.18352021276950836,-0.06331965327262878,-0.33430588245391846,0.07931777089834213,-0.009525476954877377,0.013578170910477638,-0.9998624324798584,0
214,4.28,-0.8592948317527771,-0.7285794019699097,-2.07568359375,0.023138388991355896,0.33302342891693115,-0.1647048145532608,-0.08232955634593964,0.006844118237495422,-0.006153154652565718,-0.01271576527506113,0.014995748177170753,-0.9998067021369934,0
215,4.3,-0.886273205280304,-0.6881853342056274,-2.0750350952148438,0.09690570831298828,0.37413036823272705,-0.08778388798236847,0.12924371659755707,-0.09764902293682098,0.010598144493997097,-0.012010809034109116,0.015466650947928429,-0.9998082518577576,0
216,4.32,-0.39659950137138367,-0.7757052183151245,-2.13427734375,0.05501072108745575,0.22829276323318481,0.06497970968484879,0.3292316794395447,0.2233867049217224,0.0479431226849556,-0.013538193888962269,0.0069212764501571655,-0.9998844265937805,0
217,4.34,-0.23879198729991913,-0.3827207386493683,-2.0386810302734375,0.09379333257675171,0.18018080294132233,0.12369437515735626,0.09359288215637207,0.252612441778183,0.10346412658691406,-0.00667968625202775,0.004167601000517607,-0.9999690055847168,0
218,4.36,-0.2608073651790619,-0.23503541946411133,-2.03582763671875,0.0779009759426117,0.3320002853870392,0.0864269807934761,-0.01466824859380722,0.1349060833454132,-0.07153946161270142,-0.004102129954844713,0.004551892634481192,-0.9999812245368958,0
219,4.38,-0.3614976704120636,-0.21444018185138702,-2.1233367919921875,0.05084577202796936,0.3099769949913025,0.06303071230649948,-0.17517763376235962,-0.10011719912290573,-0.05751778185367584,-0.0037426776252686977,0.006309238262474537,-0.9999731183052063,0
220,4.4,-0.6832782626152039,-0.49289634823799133,-2.1540679931640625,0.04958420991897583,0.3003174364566803,0.0609443336725235,-0.35006508231163025,-0.3779147267341614,0.006359728518873453,-0.008602557703852654,0.011924728751182556,-0.9998918771743774,0
221,4.42,-0.9910750985145569,-0.7267504334449768,-2.1087188720703125,0.014885127544403076,0.3556246757507324,0.031439829617738724,-0.22899506986141205,-0.18114398419857025,0.06589213758707047,-0.012683846987783909,0.017295269295573235,-0.9997699856758118,0
222,4.44,-1.361997127532959,-1.0137534141540527,-2.0228042602539062,-0.014861345291137695,0.38064706325531006,0.02559662237763405,-0.3829924762248993,-0.340631902217865,0.08398036658763885,-0.017692407593131065,0.02376537211239338,-0.9995610117912292,0
223,4.46,-1.8204795122146606,-1.0752108097076416,-1.9417190551757812,0.04631072282791138,0.3687995374202728,0.15410110354423523,-0.19810497760772705,0.4123252034187317,0.18248286843299866,-0.018764864653348923,0.031762413680553436,-0.9993192553520203,0
224,4.48,-1.862555742263794,-1.007483720779419,-1.7968597412109375,0.0316036194562912,0.31859198212623596,0.22582417726516724,0.135617196559906,-0.14131033420562744,0.10522070527076721,-0.017582997679710388,0.03249697387218475,-0.9993171691894531,0
225,4.5,-1.4088425636291504,-1.0539071559906006,-1.6211624145507812,-0.042622342705726624,0.30710265040397644,0.2484699785709381,0.6051338315010071,0.030874580144882202,0.1772298514842987,-0.01839311420917511,0.024582305923104286,-0.9995285868644714,0
226,4.5200000000000005,-0.7860299944877625,-0.2898167073726654,-1.4850006103515625,0.0030501186847686768,0.26879024505615234,0.05734020471572876,0.5770847201347351,0.9650247097015381,0.11313891410827637,-0.005058233626186848,0.013718203641474247,-0.9998931288719177,0
227,4.54,-0.39435824751853943,0.45303499698638916,-1.351165771484375,0.00222700834274292,0.24603280425071716,0.02603044919669628,0.0043968260288238525,0.22381196916103363,0.12371999770402908,0.007906869053840637,0.006882579065859318,-0.9999450445175171,0
228,4.5600000000000005,-0.5176225900650024,0.520608127117157,-1.1998977661132812,0.04369404911994934,0.2353711724281311,-0.06335671991109848,-0.14392603933811188,-0.1307634860277176,0.12035495042800903,0.009086200967431068,0.00903372187167406,-0.9999179244041443,0
229,4.58,-0.6566335558891296,0.1583799570798874,-1.0988082885742188,0.028617367148399353,0.25491249561309814,-0.1307523101568222,-0.0897921621799469,-0.4065043330192566,0.025582795962691307,0.0027642478235065937,0.011460121721029282,-0.9999305009841919,0
230,4.6000000000000005,-0.6899396181106567,-0.36352574825286865,-1.073455810546875,0.0028391629457473755,0.2918482720851898,-0.17564213275909424,0.017704039812088013,-0.4438384771347046,0.012649571523070335,-0.00634467788040638,0.012041181325912476,-0.999907374382019,0
231,4.62,-0.621077299118042,-0.8028179407119751,-1.056243896484375,-0.018347635865211487,0.3246338963508606,-0.18716466426849365,0.08070813119411469,-0.2758486568927765,0.033962979912757874,-0.014011356979608536,0.010838565416634083,-0.9998431205749512,0
232,4.64,-0.5493841171264648,-0.9445784091949463,-1.0559310913085938,0.003962069749832153,0.346012145280838,-0.16129939258098602,0.038816094398498535,0.028264300897717476,-0.04219391196966171,-0.01648525334894657,0.009587110951542854,-0.9998181462287903,0
233,4.66,-0.338338166475296,-1.1404145956039429,-1.14056396484375,0.0005313307046890259,0.30503302812576294,-0.011014863848686218,0.4414982497692108,-0.41051405668258667,-0.13723599910736084,-0.019902676343917847,0.0059039113111793995,-0.9997844696044922,0
234,4.68,0.4247320294380188,-1.0176526308059692,-1.2249221801757812,0.04763336479663849,0.21607983112335205,0.06513237208127975,0.5060994625091553,0.5022026300430298,0.04459020867943764,-0.01776045188307762,-0.0074117351323366165,-0.9998148083686829,0
235,4.7,0.42034387588500977,-0.8140442967414856,-1.1017837524414062,0.08240711688995361,0.25791794061660767,0.12114588171243668,-0.11769834160804749,0.03185788542032242,0.05997959151864052,-0.014207273721694946,-0.00733557716012001,-0.9998721480369568,0
236,4.72,0.32497650384902954,-0.8122472167015076,-1.0945892333984375,0.03181689977645874,0.2958710789680481,0.08038262277841568,-0.08145079016685486,0.0081753209233284,-0.024331627413630486,-0.014175914227962494,-0.005671310238540173,-0.9998834133148193,0
237,4.74,0.07086917757987976,-0.9084884524345398,-1.102142333984375,0.03610910475254059,0.2748216390609741,0.06148888170719147,-0.33493056893348694,-0.18171332776546478,0.02360999770462513,-0.015855446457862854,-0.0012367451563477516,-0.9998735189437866,0
238,4.76,-0.2569904625415802,-1.0485893487930298,-1.0947723388671875,0.029330149292945862,0.3125309348106384,0.05436434969305992,-0.28020668029785156,-0.14933504164218903,-0.003308291081339121,-0.018300313502550125,0.00448456360027194,-0.9998224973678589,0
239,4.78,-0.6258538365364075,-1.2104684114456177,-1.0743255615234375,-0.0004632622003555298,0.34465959668159485,0.005060387775301933,-0.34556514024734497,-0.1764325648546219,0.0493147075176239,-0.021125085651874542,0.010920552536845207,-0.9997171759605408,0
240,4.8,-1.1520419120788574,-1.3924022912979126,-1.0500946044921875,-0.02560412883758545,0.4297329783439636,0.028121430426836014,-0.5256568193435669,-0.18519066274166107,0.03187944367527962,-0.024299606680870056,0.02009963057935238,-0.9995026588439941,0
241,4.82,-1.6840555667877197,-1.398358941078186,-0.9587554931640625,0.05599492788314819,0.3998148739337921,0.1326426863670349,-0.12621113657951355,0.329359233379364,0.1954493522644043,-0.024403542280197144,0.029379326850175858,-0.9992703795433044,0
242,4.84,-1.7185927629470825,-1.4056963920593262,-0.8194503784179688,0.01177196204662323,0.360880583524704,0.2240198403596878,0.1386251151561737,-0.1234959289431572,0.06127026677131653,-0.024531567469239235,0.029981574043631554,-0.9992493987083435,0
243,4.86,-1.2873828411102295,-1.3853139877319336,-0.6805343627929688,-0.05331431329250336,0.3518963158130646,0.26704758405685425,0.5697481036186218,0.09875229001045227,0.17899435758590698,-0.024175934493541718,0.022460611537098885,-0.9994553923606873,0
244,4.88,-0.6966328024864197,-0.532378613948822,-0.5651397705078125,-0.004396066069602966,0.3052997589111328,0.07862700521945953,0.5476072430610657,1.0565656423568726,0.08572456985712051,-0.009291625581681728,0.012157712131738663,-0.9998829364776611,0
245,4.9,-0.0671551376581192,0.36462169885635376,-0.38898468017578125,-0.008423939347267151,0.2590712308883667,0.042509373277425766,0.06078614294528961,0.05552168935537338,0.1511850357055664,0.006363804917782545,0.0011720545589923859,-0.9999790787696838,0
246,4.92,-0.13670630753040314,0.4144971966743469,-0.21366119384765625,0.05541594326496124,0.23481351137161255,-0.026984916999936104,-0.18607445061206818,0.008448094129562378,0.13010545074939728,0.0072342767380177975,0.002385910367593169,-0.9999709725379944,0
247,4.94,-0.4652920961380005,0.3473297655582428,-0.091339111328125,0.06556223332881927,0.27788546681404114,-0.07375843822956085,-0.3308248221874237,-0.10502126067876816,0.04813113436102867,0.006062008906155825,0.008120639249682426,-0.9999486804008484,0
248,4.96,-0.7716962695121765,0.06338312476873398,-0.058685302734375,0.03611312806606293,0.3214164078235626,-0.12082089483737946,-0.2000710666179657,-0.31447911262512207,0.013259747996926308,0.0011062435805797577,0.013468222692608833,-0.9999086856842041,0
249,4.98,-0.7850582003593445,-0.5042693614959717,-0.006622314453125,0.008964166045188904,0.35236456990242004,-0.1835288405418396,0.018118351697921753,-0.39565446972846985,0.036115098744630814,-0.008801047690212727,0.013700892217457294,-0.9998673796653748,0
250,5.0,-0.7869856357574463,-0.7353229522705078,0.0,0.022703126072883606,0.3603953719139099,-0.1729036569595337,-0.026462463662028313,-0.019176427274942398,-0.026971101760864258,-0.01283345278352499,0.013733926229178905,-0.9998233318328857,0
251,5.0200000000000005,-0.7396251559257507,-0.7882558703422546,-0.0375823974609375,0.010736078023910522,0.31137707829475403,-0.01795424148440361,0.2881087362766266,-0.48789525032043457,-0.11008601635694504,-0.01375722698867321,0.012907315045595169,-0.9998220801353455,0
252,5.04,0.14942942559719086,-0.6246429085731506,-0.23972320556640625,0.08289016783237457,0.20989425480365753,0.05138055980205536,0.5780900120735168,0.6094032526016235,-0.062399450689554214,-0.01090185809880495,-0.0026078771334141493,-0.9999371767044067,0
253,5.0600000000000005,0.17814227938652039,-0.3447924852371216,-0.142852783203125,0.12084122002124786,0.2455856204032898,0.1126939058303833,-0.1083725243806839,0.04577254503965378,0.11591829359531403,-0.0060177273117005825,-0.00310910795815289,-0.9999770522117615,0
254,5.08,0.15065839886665344,-0.24275875091552734,-0.13973236083984375,0.02974410355091095,0.30689898133277893,0.06969251483678818,0.048993535339832306,0.11933311820030212,-0.08815805613994598,-0.004236926790326834,-0.002629457972943783,-0.9999875426292419,0
255,5.1000000000000005,0.0017597314435988665,-0.2987971603870392,-0.1521148681640625,0.03521038591861725,0.27116858959198,0.06081840395927429,-0.2629193067550659,-0.20744207501411438,0.06663921475410461,-0.005214969627559185,-3.071269020438194e-05,-0.9999864101409912,0
256,5.12,-0.2279781699180603,-0.4222017526626587,-0.1144256591796875,0.021991178393363953,0.30760297179222107,0.05730836093425751,-0.17902283370494843,-0.13582946360111237,0.011255739256739616,-0.007368744350969791,0.003978851716965437,-0.9999649524688721,0
257,5.14,-0.4844946265220642,-0.5991111397743225,-0.0725860595703125,-0.001294746994972229,0.33155882358551025,0.006718414835631847,-0.25254106521606445,-0.20325398445129395,0.06931419670581818,-0.010456269606947899,0.008455461822450161,-0.9999095797538757,0
258,5.16,-0.9074351787567139,-0.7980254292488098,-0.03809356689453125,-0.023055583238601685,0.4186680316925049,0.030974112451076508,-0.4340384602546692,-0.18326032161712646,0.042051758617162704,-0.013927718624472618,0.015835532918572426,-0.999777615070343,0
259,5.18,-1.4468016624450684,-0.7756059169769287,0.05340576171875,0.037745118141174316,0.3932170271873474,0.1290043145418167,-0.1369190514087677,0.29408150911331177,0.1875738650560379,-0.013536463491618633,0.025246452540159225,-0.9995896220207214,0
260,5.2,-1.4776912927627563,-0.8353193402290344,0.2083740234375,0.0027564913034439087,0.35554757714271545,0.2234320044517517,0.13348816335201263,-0.1756204068660736,0.09154630452394485,-0.014578555710613728,0.02578497678041458,-0.9995611906051636,0
261,5.22,-1.0585933923721313,-0.9038800597190857,0.36202239990234375,-0.06649285554885864,0.3423819839954376,0.2640756666660309,0.5492650866508484,0.0008351504802703857,0.16854210197925568,-0.015775026753544807,0.018472587689757347,-0.999704897403717,0
262,5.24,-0.500776469707489,-0.16986894607543945,0.4749908447265625,-0.014224141836166382,0.293761670589447,0.074213907122612,0.51404869556427,0.9356459379196167,0.08225825428962708,-0.0029647673945873976,0.008740047924220562,-0.9999573826789856,0
263,5.26,-0.08786606788635254,0.4716978669166565,0.6040496826171875,-0.0022442489862442017,0.2417401522397995,0.022982817143201828,0.04999753087759018,0.10286147892475128,0.13218529522418976,0.008232586085796356,0.0015334996860474348,-0.9999649524688721,0
264,5.28,-0.18651115894317627,0.4685365855693817,0.7130584716796875,0.04619114100933075,0.23051586747169495,-0.04240243881940842,-0.19520723819732666,-0.07099752128124237,0.05139636620879173,0.00817741546779871,0.003255119314417243,-0.999961256980896,0
265,5.3,-0.4869737923145294,0.3039800822734833,0.7953720092773438,0.05360862612724304,0.2690258026123047,-0.09398204833269119,-0.28516876697540283,-0.1800096333026886,0.044177643954753876,0.005305428057909012,0.00849907286465168,-0.9999498128890991,0
266,5.32,-0.7126532196998596,-0.06548377871513367,0.8304595947265625,0.025170251727104187,0.3033265173435211,-0.16724039614200592,-0.011249840259552002,-0.5059865117073059,0.033884018659591675,-0.0011429074220359325,0.012437814846634865,-0.999921977519989,0
267,5.34,-0.6920792460441589,-0.59737628698349,0.8889846801757812,-0.003395676612854004,0.33395057916641235,-0.19279193878173828,0.030032888054847717,-0.3354339599609375,0.04824445769190788,-0.010425995104014874,0.012078111991286278,-0.9998726844787598,0
268,5.36,-0.6748819351196289,-0.7881370186805725,0.90155029296875,0.01905536651611328,0.3505212068557739,-0.17736156284809113,-0.00953555665910244,0.00018994789570569992,-0.02759014070034027,-0.013755150139331818,0.011777522973716259,-0.9998360276222229,0
269,5.38,-0.6322214603424072,-0.7599460482597351,0.8837051391601562,0.08293852210044861,0.3875746726989746,-0.09335732460021973,0.1591642200946808,-0.13407361507415771,-0.019346604123711586,-0.013263165950775146,0.01103314757347107,-0.9998511672019958,0
270,5.4,0.0709858313202858,-0.7684754729270935,0.7757034301757812,0.06820061802864075,0.24603688716888428,0.030718814581632614,0.5944274663925171,0.43576550483703613,-0.0006688542198389769,-0.013412022963166237,-0.0012388252653181553,-0.9999092817306519,0
271,5.42,0.016274210065603256,-0.5695286989212036,0.8960494995117188,0.11153532564640045,0.2524033188819885,0.12458760291337967,-0.20487143099308014,-0.02354477345943451,0.05345956236124039,-0.00993998534977436,-0.00028402404859662056,-0.9999505281448364,0
272,5.44,-0.09839825332164764,-0.570679783821106,0.8834609985351562,0.022376254200935364,0.3124926686286926,0.07172530144453049,-0.03785713016986847,0.06118492782115936,-0.05818663910031319,-0.009960075840353966,0.001717287115752697,-0.9999489188194275,0
273,5.46,-0.3047057092189789,-0.6428643465042114,0.8805694580078125,0.027495354413986206,0.27912116050720215,0.04992849752306938,-0.29398685693740845,-0.18858098983764648,0.0575379878282547,-0.01121986098587513,0.005317757837474346,-0.9999229311943054,0
274,5.48,-0.5967863202095032,-0.7970600128173828,0.8996963500976562,0.022189617156982422,0.31081441044807434,0.04800935462117195,-0.25318944454193115,-0.20287075638771057,-0.01075907051563263,-0.013910870999097824,0.010414687916636467,-0.9998490214347839,0
275,5.5,-0.9304004311561584,-1.0451639890670776,0.9247817993164062,-0.003949776291847229,0.34095335006713867,-0.006718318909406662,-0.3149099349975586,-0.2627446949481964,0.05757954716682434,-0.018240539357066154,0.01623513363301754,-0.9997017979621887,0
276,5.5200000000000005,-1.4142941236495972,-1.3132699728012085,0.9514083862304688,-0.02959415316581726,0.43182581663131714,0.013974412344396114,-0.4848174452781677,-0.24708493053913116,0.03192248195409775,-0.022918879985809326,0.024675099179148674,-0.9994327425956726,0
277,5.54,-1.8408735990524292,-1.0735869407653809,1.0674591064453125,0.05176275968551636,0.39278092980384827,0.12386950105428696,-0.034109100699424744,0.3482012450695038,0.205936461687088,-0.01873653009533882,0.032118141651153564,-0.9993084669113159,0
278,5.5600000000000005,-1.7359436750411987,-0.9979057312011719,1.2304458618164062,0.026132628321647644,0.35111016035079956,0.23081564903259277,0.25836798548698425,-0.054167747497558594,0.09041030704975128,-0.017415858805179596,0.0302887000143528,-0.9993894696235657,0
279,5.58,-1.1718966960906982,-0.925753116607666,1.3508071899414062,-0.05071045458316803,0.34038811922073364,0.27373820543289185,0.6765927076339722,0.12371712923049927,0.12793679535388947,-0.016156738623976707,0.020449360832571983,-0.999660313129425,0
280,5.6000000000000005,-0.4838314652442932,-0.05092565342783928,1.4128646850585938,7.076561450958252e-05,0.29195722937583923,0.07865145802497864,0.6240924000740051,1.0347325801849365,0.04268816486001015,-0.0008888202719390392,0.008444348350167274,-0.9999639391899109,0
281,5.62,0.037521734833717346,0.6240044236183167,1.5084228515625,0.00377810001373291,0.24603547155857086,0.027088984847068787,0.1323670744895935,0.07526400685310364,0.11066368967294693,0.0108907176181674,-0.0006548389792442322,-0.9999404549598694,0
282,5.64,-0.020340191200375557,0.600429356098175,1.6212387084960938,0.046690165996551514,0.23483118414878845,-0.030104078352451324,-0.19201040267944336,-0.08214019984006882,0.07631005346775055,0.010479276068508625,0.0003549838438630104,-0.9999450445175171,0
283,5.66,-0.33550310134887695,0.39489418268203735,1.72412109375,0.05090232193470001,0.2639335095882416,-0.086258664727211,-0.3067830502986908,-0.23264595866203308,0.050148047506809235,0.006892149802297354,0.005855462048202753,-0.9999591112136841,0
284,5.68,-0.5761181116104126,-0.058011893182992935,1.7663040161132812,0.020001128315925598,0.29775509238243103,-0.161828875541687,-0.04122602939605713,-0.603814959526062,0.03300371393561363,-0.0010124985128641129,0.010054981335997581,-0.9999489188194275,0
285,5.7,-0.5735750794410706,-0.6411885023117065,1.8380126953125,-0.009359359741210938,0.32354819774627686,-0.19636738300323486,0.011947780847549438,-0.36406466364860535,0.0602896511554718,-0.011190615594387054,0.010009978897869587,-0.9998872876167297,0
286,5.72,-0.5654910802841187,-0.8661104440689087,1.8643875122070312,0.014114469289779663,0.34297147393226624,-0.18522191047668457,-0.007099192589521408,-0.0319049246609211,-0.01568702422082424,-0.015115899965167046,0.00986839085817337,-0.9998370409011841,0
287,5.74,-0.5366352796554565,-0.852719783782959,1.8427200317382812,0.02264784276485443,0.3258109986782074,-0.05755222961306572,0.2443694770336151,-0.36634862422943115,-0.08060940355062485,-0.014882219024002552,0.009364878758788109,-0.9998453855514526,0
288,5.76,0.2643451690673828,-0.6770593523979187,1.7037124633789062,0.05488058924674988,0.20986466109752655,0.004607444629073143,0.6462014317512512,0.3575972318649292,-0.03133157268166542,-0.011816641315817833,-0.00461335526779294,-0.9999195337295532,0
289,5.78,0.22620587050914764,-0.4734635651111603,1.8110580444335938,0.07917572557926178,0.26206374168395996,0.09198273718357086,-0.10888335108757019,0.033078521490097046,0.051621854305267334,-0.008263404481112957,-0.003947892226278782,-0.9999580383300781,0
290,5.8,0.11807279288768768,-0.43753865361213684,1.80157470703125,0.01941215991973877,0.30097535252571106,0.06838301569223404,-0.0925983116030693,0.02646530419588089,-0.03743710741400719,-0.007636416703462601,-0.0020606976468116045,-0.9999687075614929,0
291,5.82,-0.15067219734191895,-0.5652400851249695,1.8010940551757812,0.028556764125823975,0.2780306041240692,0.06933072954416275,-0.3448444604873657,-0.24485796689987183,0.04319269210100174,-0.009865140542387962,0.002629595110192895,-0.9999479055404663,0
292,5.84,-0.48946529626846313,-0.750697910785675,1.8343276977539062,0.012573763728141785,0.32639023661613464,0.059943076223134995,-0.2814379930496216,-0.2027922421693802,0.023462530225515366,-0.013101775199174881,0.008541944436728954,-0.9998776912689209,0
293,5.86,-0.8695630431175232,-1.0087134838104248,1.879302978515625,-0.011967957019805908,0.3593161404132843,0.021534373983740807,-0.3609220087528229,-0.280761182308197,0.06250880658626556,-0.017604459077119827,0.015173801220953465,-0.9997298717498779,0
294,5.88,-1.42939031124115,-1.3265461921691895,1.9077224731445312,-0.03281721472740173,0.442029744386673,0.05182678997516632,-0.5581611394882202,-0.30727875232696533,0.045540496706962585,-0.023150525987148285,0.024938292801380157,-0.9994208812713623,0
295,5.9,-1.6551867723464966,-1.0811606645584106,2.1038894653320312,0.0756482183933258,0.39414289593696594,0.15343965590000153,0.08115600049495697,0.23414498567581177,0.2637806236743927,-0.018868690356612206,0.02887929230928421,-0.999404788017273,0
296,5.92,-1.4700655937194824,-1.072836995124817,2.2863311767578125,0.03419743478298187,0.3550586700439453,0.25870901346206665,0.2867289185523987,-0.10522101819515228,0.06743191927671432,-0.018723441287875175,0.02565016970038414,-0.9994956254959106,0
297,5.94,-0.9216052889823914,-1.0659483671188354,2.3867263793945312,-0.03461854159832001,0.34339842200279236,0.2915933430194855,0.6289746761322021,0.05759808421134949,0.11950141936540604,-0.018603233620524406,0.016081571578979492,-0.9996976256370544,0
298,5.96,-0.2942943871021271,-0.29165053367614746,2.468841552734375,0.009779214859008789,0.29797130823135376,0.09077444672584534,0.5552530884742737,0.9611964821815491,0.07015889137983322,-0.005090239457786083,0.005136315710842609,-0.9999738335609436,0
299,5.98,0.2444535493850708,0.5098739266395569,2.637359619140625,0.02731965482234955,0.24319420754909515,0.008006008341908455,0.06948626041412354,0.13697528839111328,0.17523257434368134,0.008898860774934292,-0.004266337025910616,-0.9999513030052185,0
300,6.0,0.12114636600017548,0.5465588569641113,2.7920989990234375,0.06525012850761414,0.23459237813949585,-0.05392289534211159,-0.24609926342964172,-0.07555518299341202,0.0837332084774971,0.009539107792079449,-0.0021143052726984024,-0.9999522566795349,0
301,6.0200000000000005,-0.284444659948349,0.3707641661167145,2.8868255615234375,0.0564994215965271,0.26513001322746277,-0.11213304102420807,-0.4066469073295593,-0.19374792277812958,0.04188564792275429,0.006471009459346533,0.004964370746165514,-0.9999667406082153,0
302,6.04,-0.5861195921897888,-0.13388411700725555,2.933746337890625,0.017704546451568604,0.28468868136405945,-0.16883789002895355,-0.16418668627738953,-0.5308124423027039,0.03737418353557587,-0.0023367167450487614,0.010229510255157948,-0.9999449253082275,0
303,6.0600000000000005,-0.722324550151825,-0.6484896540641785,3.0088729858398438,-0.004116043448448181,0.32081088423728943,-0.18665799498558044,-0.09463341534137726,-0.3183983564376831,0.08422673493623734,-0.011318037286400795,0.012605797499418259,-0.9998564720153809,0
304,6.08,-0.8356215357780457,-0.8131222128868103,3.054840087890625,0.023446425795555115,0.33876660466194153,-0.16544057428836823,-0.1069636344909668,0.01951361447572708,-0.003233501687645912,-0.014191183261573315,0.014582361094653606,-0.9997929334640503,0
305,6.1000000000000005,-0.8587817549705505,-0.856992781162262,3.0360031127929688,0.020522311329841614,0.30055445432662964,-0.004538003355264664,0.26353272795677185,-0.5273693799972534,-0.08627218753099442,-0.014956788159906864,0.014986332505941391,-0.9997758269309998,0
306,6.12,-0.15333856642246246,-0.6149224638938904,2.907623291015625,0.07326182723045349,0.19317731261253357,0.06416480988264084,0.4634721577167511,0.52892005443573,-0.005700159352272749,-0.010732214897871017,0.002676104661077261,-0.9999388456344604,0
307,6.140000000000001,-0.07182217389345169,-0.38159340620040894,2.9901580810546875,0.07271236181259155,0.2634681761264801,0.09318487346172333,-0.005332529544830322,0.07995199412107468,0.03282430022954941,-0.006660011596977711,0.0012535050045698881,-0.9999770522117615,0
308,6.16,-0.11300154030323029,-0.3485403060913086,2.9879379272460938,0.02377060055732727,0.2728307545185089,0.07545026391744614,-0.06725695729255676,-0.012047413736581802,-0.017399365082383156,-0.006083138287067413,0.001972211292013526,-0.999979555606842,0
309,6.18,-0.2809584140777588,-0.4470599889755249,3.0026931762695312,0.03269660472869873,0.25925320386886597,0.07980891317129135,-0.21344323456287384,-0.16979213058948517,0.04641842097043991,-0.007802588865160942,0.004903479479253292,-0.9999575614929199,0
310,6.2,-0.5093961358070374,-0.6051979660987854,3.0534286499023438,0.008769586682319641,0.3032141327857971,0.04962678253650665,-0.19712726771831512,-0.18206840753555298,0.04890541359782219,-0.010562500916421413,0.008890027180314064,-0.9999046921730042,0
311,6.22,-0.8056141138076782,-0.7972246408462524,3.1143264770507812,-0.01892302930355072,0.3539675176143646,0.020352981984615326,-0.2938525676727295,-0.1952885091304779,0.06668184697628021,-0.013913744129240513,0.014058791100978851,-0.9998043775558472,0
312,6.24,-1.269955039024353,-0.9396107196807861,3.1439208984375,0.012942075729370117,0.3804740011692047,0.1008429303765297,-0.24586769938468933,0.32811981439590454,0.10618620365858078,-0.016398562118411064,0.02216009981930256,-0.9996199607849121,0
313,6.26,-1.3509730100631714,-0.8507211208343506,3.2845458984375,0.035828620195388794,0.35049575567245483,0.20259332656860352,0.05138520151376724,-0.09446440637111664,0.1242835745215416,-0.01484733633697033,0.023574141785502434,-0.9996118545532227,0
314,6.28,-1.026669979095459,-0.841974139213562,3.4551239013671875,-0.03342603147029877,0.35471177101135254,0.25273725390434265,0.4764600098133087,0.0723578929901123,0.16794487833976746,-0.014694689773023129,0.01791587844491005,-0.9997314810752869,0
315,6.3,-0.4810308814048767,-0.1750752180814743,3.59149169921875,0.006023317575454712,0.3225324749946594,0.07130306214094162,0.48123615980148315,0.9587576985359192,0.10844689607620239,-0.003055634442716837,0.00839543528854847,-0.9999600648880005,0
316,6.32,-0.003707650350406766,0.6586942076683044,3.7884063720703125,0.030338063836097717,0.2640887498855591,-0.007525392808020115,0.018973037600517273,0.12942050397396088,0.20282991230487823,0.011496128514409065,6.470689550042152e-05,-0.9999338984489441,0
317,6.34,-0.12832416594028473,0.6615799069404602,3.9569549560546875,0.08142848312854767,0.2506023347377777,-0.06021856144070625,-0.22773459553718567,-0.13153952360153198,0.08704360574483871,0.011546488851308823,0.002239527879282832,-0.9999308586120605,0
318,6.36,-0.5371360778808594,0.4684649407863617,4.055389404296875,0.08463914692401886,0.2812134623527527,-0.09475326538085938,-0.4247691035270691,-0.17898209393024445,0.041853297501802444,0.008176163770258427,0.009374340996146202,-0.9999226331710815,0
319,6.38,-0.9460852146148682,0.12585097551345825,4.089622497558594,0.055734068155288696,0.32455864548683167,-0.12704592943191528,-0.2862074077129364,-0.3494504392147064,0.018109295517206192,0.0021965117193758488,0.01651151105761528,-0.9998612403869629,0
320,6.4,-1.0318763256072998,-0.47997763752937317,4.1137847900390625,0.037134408950805664,0.3616286516189575,-0.17638744413852692,-0.04850955307483673,-0.38907429575920105,0.03351852670311928,-0.008377091959118843,0.018008030951023102,-0.9998027682304382,0
321,6.42,-1.0946810245513916,-0.6860579252243042,4.133689880371094,0.053119778633117676,0.37789806723594666,-0.15520241856575012,-0.07047043740749359,0.009024713188409805,-0.015145856887102127,-0.011973683722317219,0.01910325139760971,-0.9997458457946777,0
322,6.44,-0.9034227728843689,-0.9973787665367126,4.076576232910156,0.062494516372680664,0.3235396146774292,-0.005759073421359062,0.4167497754096985,-0.4468645751476288,-0.08974146097898483,-0.017406664788722992,0.015764661133289337,-0.9997242093086243,0
323,6.46,-0.08429484814405441,-0.8716261982917786,4.0158233642578125,0.09850750863552094,0.20644888281822205,0.09920541197061539,0.4867449104785919,0.49402445554733276,0.078315369784832,-0.015212161466479301,0.0014710519462823868,-0.999883234500885,0
324,6.48,-0.04599716514348984,-0.7172139286994934,4.159400939941406,0.08852103352546692,0.2598012685775757,0.1258077770471573,-0.01686744950711727,0.02959555573761463,0.06333491951227188,-0.012517417781054974,0.0008027390576899052,-0.9999213218688965,0
325,6.5,-0.05640365183353424,-0.6918314695358276,4.155036926269531,0.032862380146980286,0.2841198742389679,0.08307814598083496,-0.0206192247569561,0.03080269694328308,-0.0393812395632267,-0.012074441649019718,0.0009843581356108189,-0.9999266266822815,0
326,6.5200000000000005,-0.2242126613855362,-0.7693858742713928,4.156364440917969,0.037536442279815674,0.25937962532043457,0.05851544812321663,-0.24592596292495728,-0.1697167456150055,0.048409126698970795,-0.013427911326289177,0.003912885673344135,-0.9999021887779236,0
327,6.54,-0.446137934923172,-0.8641757369041443,4.1811065673828125,0.022590801119804382,0.30051472783088684,0.03963768482208252,-0.18249619007110596,-0.125096395611763,0.005459314212203026,-0.015082141384482384,0.0077856117859482765,-0.9998559355735779,0
328,6.5600000000000005,-0.716618001461029,-0.9985975027084351,4.203834533691406,-7.653236389160156e-05,0.3367641866207123,-0.0068283542059361935,-0.26986387372016907,-0.15149147808551788,0.04444309324026108,-0.017427928745746613,0.012505115941166878,-0.999769926071167,0
329,6.58,-1.1742461919784546,-1.1407979726791382,4.19232177734375,-0.019751563668251038,0.4258100092411041,0.026617381721735,-0.47412484884262085,-0.14081355929374695,0.022817593067884445,-0.019909363240003586,0.020488964393734932,-0.9995918273925781,0
330,6.6000000000000005,-1.6287307739257812,-0.9930813908576965,4.280662536621094,0.0483195036649704,0.39852970838546753,0.12128038704395294,-0.06979795545339584,0.25608551502227783,0.18422222137451172,-0.017331672832369804,0.02841861918568611,-0.9994458556175232,0
331,6.62,-1.5832351446151733,-0.9930034875869751,4.446647644042969,0.014414533972740173,0.3581259846687317,0.22544832527637482,0.19634082913398743,-0.11697433888912201,0.10262445360422134,-0.017330313101410866,0.027625001966953278,-0.9994681477546692,0
332,6.640000000000001,-1.1014539003372192,-0.9967522621154785,4.5890350341796875,-0.05998221039772034,0.34433430433273315,0.2667413055896759,0.598732054233551,0.05600476264953613,0.14894981682300568,-0.017395731061697006,0.019219903275370598,-0.9996639490127563,0
333,6.66,-0.49808767437934875,-0.19746218621730804,4.679298400878906,-0.01009376347064972,0.29602378606796265,0.07366138696670532,0.5526634454727173,0.9805867075920105,0.06674887239933014,-0.0034463577903807163,0.008693107403814793,-0.9999562501907349,0
334,6.68,-0.017666030675172806,0.5025803446769714,4.80865478515625,-0.0003585219383239746,0.24484771490097046,0.024232909083366394,0.074964739382267,0.10784224420785904,0.13585606217384338,0.008771568536758423,0.0003083182964473963,-0.9999614953994751,0
335,6.7,-0.10068797320127487,0.5093628168106079,4.938865661621094,0.04721066355705261,0.23136107623577118,-0.0402277372777462,-0.1962135136127472,-0.06345438212156296,0.07864604890346527,0.008889938704669476,0.001757266465574503,-0.9999589323997498,0
336,6.72,-0.4196958541870117,0.34948739409446716,5.037940979003906,0.05412253737449646,0.2676573693752289,-0.09264398366212845,-0.31108033657073975,-0.17924173176288605,0.048846326768398285,0.0060996683314442635,0.007324873469769955,-0.9999545812606812,0
337,6.74,-0.6772326231002808,-0.02887296862900257,5.079032897949219,0.024782449007034302,0.30123165249824524,-0.16778446733951569,-0.03275761008262634,-0.5206778049468994,0.04170805960893631,-0.0005039284005761147,0.01181966345757246,-0.9999300241470337,0
338,6.76,-0.6792200803756714,-0.5870183706283569,5.139823913574219,-0.002844378352165222,0.3319111466407776,-0.19429858028888702,0.014454245567321777,-0.36043840646743774,0.04770412668585777,-0.010245224460959435,0.011853725649416447,-0.9998772740364075,0
339,6.78,-0.675588846206665,-0.8027961850166321,5.1558837890625,0.01817956566810608,0.34982818365097046,-0.18078553676605225,-0.016835758462548256,-0.019761955365538597,-0.02176934853196144,-0.014010976999998093,0.011789817363023758,-0.9998323321342468,0
340,6.8,-0.6359018087387085,-0.8392706513404846,5.119560241699219,0.016012296080589294,0.3222898840904236,-0.0348922461271286,0.2462649792432785,-0.4476090669631958,-0.09066018462181091,-0.014647510834038258,0.011097160167992115,-0.9998311400413513,0
341,6.82,0.18976961076259613,-0.6722410917282104,4.955253601074219,0.07572898268699646,0.2116483896970749,0.05749876797199249,0.46837538480758667,0.5563434362411499,0.009861236438155174,-0.011732548475265503,-0.003311870153993368,-0.9999256730079651,0
342,6.84,0.15816037356853485,-0.446399986743927,5.0796356201171875,0.11076626181602478,0.2564988434314728,0.11556898802518845,-0.1605926752090454,0.0116523876786232,0.10996630787849426,-0.007791069336235523,-0.0027603311464190483,-0.9999658465385437,0
343,6.86,0.07465852797031403,-0.4007561504840851,5.0785675048828125,0.02168191969394684,0.31621867418289185,0.07459105551242828,-0.009893940761685371,0.06731074303388596,-0.08540333807468414,-0.006994457915425301,-0.0013030047994107008,-0.9999746680259705,0
344,6.88,-0.13939280807971954,-0.506264865398407,5.065093994140625,0.02865542471408844,0.28119760751724243,0.06976209580898285,-0.3167192041873932,-0.24582940340042114,0.0640527680516243,-0.008835874497890472,0.0024327661376446486,-0.9999579787254333,0
345,6.9,-0.4322754740715027,-0.6783027648925781,5.106498718261719,0.014911234378814697,0.32115259766578674,0.062478888779878616,-0.23651210963726044,-0.18347115814685822,0.019056711345911026,-0.011838341131806374,0.00754403043538332,-0.9999014735221863,0
346,6.92,-0.7573274374008179,-0.9161710143089294,5.154396057128906,-0.008321225643157959,0.34571152925491333,0.013155192136764526,-0.3128947615623474,-0.2596748471260071,0.07112618535757065,-0.0159895159304142,0.013215783052146435,-0.9997848272323608,0
347,6.94,-1.2479209899902344,-1.188702940940857,5.192718505859375,-0.03065606951713562,0.43159720301628113,0.03498470410704613,-0.4938017725944519,-0.2519940733909607,0.04836208373308182,-0.020745286718010902,0.021773915737867355,-0.9995476603507996,0
348,6.96,-1.6608959436416626,-1.0636928081512451,5.327789306640625,0.04945610463619232,0.3970842659473419,0.1331150382757187,-0.032148346304893494,0.23617607355117798,0.21708570420742035,-0.018563872203230858,0.028979046270251274,-0.9994076490402222,0
349,6.98,-1.580925464630127,-1.0688258409500122,5.508537292480469,0.018519848585128784,0.35495322942733765,0.23738063871860504,0.219796285033226,-0.1181676983833313,0.09988859295845032,-0.018653443083167076,0.027584049850702286,-0.9994454383850098,0
350,7.0,-1.0719621181488037,-1.062880039215088,5.643226623535156,-0.05676483362913132,0.34207767248153687,0.2725146412849426,0.6202894449234009,0.068338543176651,0.13767780363559723,-0.018549691885709763,0.018704956397414207,-0.9996529817581177,0
351,7.0200000000000005,-0.44649070501327515,-0.24782226979732513,5.71728515625,-0.006788268685340881,0.29230403900146484,0.07825042307376862,0.5708121061325073,0.9853420257568359,0.05183465778827667,-0.004325300455093384,0.0077925799414515495,-0.9999603033065796,0
352,7.04,0.0636182650923729,0.46468281745910645,5.831291198730469,0.0020639002323150635,0.24127954244613647,0.026996325701475143,0.08320964872837067,0.10096365958452225,0.11747411638498306,0.008110156282782555,-0.0011103111319243908,-0.9999665021896362,0
353,7.0600000000000005,-0.012753733433783054,0.47403275966644287,5.9539031982421875,0.048976510763168335,0.22648312151432037,-0.0403919480741024,-0.19456802308559418,-0.06447362899780273,0.07918743789196014,0.00827333889901638,0.00022258702665567398,-0.9999657273292542,0
354,7.08,-0.33299484848976135,0.31453052163124084,6.055076599121094,0.05511976778507233,0.2651233375072479,-0.09692492336034775,-0.3122802972793579,-0.18395249545574188,0.05070991441607475,0.005489565897732973,0.005811736453324556,-0.9999680519104004,0
355,7.1000000000000005,-0.5918964147567749,-0.07885753363370895,6.097511291503906,0.022726625204086304,0.297599732875824,-0.17113980650901794,-0.03882920742034912,-0.535798966884613,0.04114376753568649,-0.001376322703436017,0.01033034734427929,-0.9999457001686096,0
356,7.12,-0.5971108675003052,-0.6508209705352783,6.16827392578125,-0.006969630718231201,0.3288613557815552,-0.19886240363121033,0.011774450540542603,-0.36900222301483154,0.05534827709197998,-0.011358724907040596,0.010420690290629864,-0.9998812079429626,0
357,7.140000000000001,-0.5969457030296326,-0.8767936825752258,6.188331604003906,0.013126999139785767,0.34666040539741516,-0.18464036285877228,-0.020588133484125137,-0.029607553035020828,-0.02173340506851673,-0.01530233770608902,0.010417258366942406,-0.9998286366462708,0
358,7.16,-0.5725560188293457,-0.885288655757904,6.1572418212890625,0.019032999873161316,0.32431530952453613,-0.04744705557823181,0.22671929001808167,-0.4452788829803467,-0.08225651830434799,-0.015450585633516312,0.009991629049181938,-0.9998307228088379,0
359,7.18,0.22417256236076355,-0.747432291507721,6.013633728027344,0.05285002291202545,0.2139488309621811,0.0029986295849084854,0.7056210041046143,0.25922057032585144,-0.05632222816348076,-0.013044783845543861,-0.003912206273525953,-0.9999072551727295,0
360,7.2,0.19342227280139923,-0.5529271364212036,6.10992431640625,0.07596443593502045,0.25540804862976074,0.09957598894834518,-0.11713546514511108,0.0030783936381340027,0.055520329624414444,-0.009650248102843761,-0.003375691594555974,-0.999947726726532,0
361,7.22,0.10054362565279007,-0.5180426239967346,6.098381042480469,0.012956008315086365,0.30472052097320557,0.06783333420753479,-0.06191973015666008,0.04014552757143974,-0.046116042882204056,-0.009041424840688705,-0.0017547437455505133,-0.9999575614929199,0
362,7.24,-0.1499359905719757,-0.6294024586677551,6.106712341308594,0.026334062218666077,0.27996712923049927,0.06643030792474747,-0.3380070626735687,-0.23085448145866394,0.06481025367975235,-0.01098492182791233,0.0026167151518166065,-0.9999362230300903,0
363,7.26,-0.4828245937824249,-0.8021606206893921,6.1524658203125,0.012825265526771545,0.327198326587677,0.05556199327111244,-0.27716267108917236,-0.19079238176345825,0.025149444118142128,-0.013999886810779572,0.00842595286667347,-0.9998664855957031,0
364,7.28,-0.8586493134498596,-1.0406228303909302,6.199272155761719,-0.011496081948280334,0.3590841293334961,0.014728434383869171,-0.3579162359237671,-0.25711753964424133,0.0648990347981453,-0.018161296844482422,0.014983226545155048,-0.9997227787971497,0
365,7.3,-1.410507321357727,-1.3313528299331665,6.23150634765625,-0.03252439200878143,0.44016414880752563,0.04191187396645546,-0.5513336658477783,-0.28354743123054504,0.049499064683914185,-0.023234397172927856,0.024608861654996872,-0.9994271397590637,0
366,7.32,-1.6877212524414062,-1.0874336957931519,6.412109375,0.06860646605491638,0.3926433026790619,0.14251430332660675,0.0420132577419281,0.26031675934791565,0.2512759268283844,-0.01897815614938736,0.02944672480225563,-0.999386191368103,0
367,7.34,-1.5328450202941895,-1.05452561378479,6.5910186767578125,0.0334068238735199,0.35175997018814087,0.2467784881591797,0.2624044716358185,-0.09530654549598694,0.07396645843982697,-0.018403902649879456,0.026745468378067017,-0.9994728565216064,0
368,7.36,-1.001574993133545,-1.0309944152832031,6.6997528076171875,-0.03546401858329773,0.342350572347641,0.2832026183605194,0.6201716065406799,0.07354529201984406,0.12706798315048218,-0.017993273213505745,0.017477059736847878,-0.9996853470802307,0
369,7.38,-0.3731776475906372,-0.24447745084762573,6.789314270019531,0.010104537010192871,0.29713717103004456,0.085235096514225,0.5577369928359985,0.9819035530090332,0.076642706990242,-0.004266922827810049,0.006513073109090328,-0.9999696612358093,0
370,7.4,0.15566200017929077,0.560633659362793,6.952247619628906,0.01737111806869507,0.2423841953277588,0.024616748094558716,-0.006759218871593475,0.06429709494113922,0.1463697850704193,0.009784745052456856,-0.002716680755838752,-0.9999484419822693,0
371,7.42,0.023368000984191895,0.569075882434845,7.0871734619140625,0.068234384059906,0.22993828356266022,-0.05085119977593422,-0.2401731014251709,-0.10099577903747559,0.07182951271533966,0.009932083077728748,-0.0004078284837305546,-0.9999505877494812,0
372,7.44,-0.3626686930656433,0.38403746485710144,7.168975830078125,0.06157776713371277,0.26942726969718933,-0.10792974382638931,-0.38187742233276367,-0.18733453750610352,0.043215420097112656,0.006702667102217674,0.006329577416181564,-0.9999575018882751,0
373,7.46,-0.6697419881820679,-0.0634840801358223,7.216712951660156,0.02334800362586975,0.29010772705078125,-0.16753706336021423,-0.13854795694351196,-0.5312837362289429,0.04248632863163948,-0.0011080056428909302,0.011688929051160812,-0.9999310970306396,0
374,7.48,-0.7843342423439026,-0.5720012784004211,7.2920989990234375,-0.0005544275045394897,0.3241213858127594,-0.18591590225696564,-0.08032876253128052,-0.3116863965988159,0.08514870703220367,-0.009983138181269169,0.013688103295862675,-0.9998564720153809,0
375,7.5,-0.8867461681365967,-0.7293089628219604,7.335296630859375,0.027009710669517517,0.3396540880203247,-0.16537195444107056,-0.10181261599063873,0.027120128273963928,-0.008176415227353573,-0.012728497385978699,0.015474766492843628,-0.9997992515563965,0
376,7.5200000000000005,-0.8937265872955322,-0.7844579815864563,7.310691833496094,0.030278101563453674,0.2997230887413025,-0.00969670433551073,0.27344387769699097,-0.5159025192260742,-0.07960505783557892,-0.013690944761037827,0.015596376731991768,-0.9997846484184265,0
377,7.54,-0.1629166454076767,-0.5612196326255798,7.174110412597656,0.06671205908060074,0.18922317028045654,0.053787823766469955,0.5238077640533447,0.44474682211875916,-0.039521846920251846,-0.009794972836971283,0.002843292197212577,-0.9999479651451111,0
378,7.5600000000000005,-0.06757591664791107,-0.33780473470687866,7.222869873046875,0.060093969106674194,0.2503155469894409,0.08932503312826157,0.02456066757440567,0.0683782771229744,0.004309132229536772,-0.005895769689232111,0.0011794010642915964,-0.9999819397926331,0
379,7.58,-0.10011826455593109,-0.3124062716960907,7.214942932128906,0.022453010082244873,0.2603429853916168,0.07361866533756256,-0.06929327547550201,-0.018573079258203506,-0.00584580609574914,-0.005452491343021393,0.0017473665066063404,-0.9999836087226868,0
380,7.6000000000000005,-0.25426456332206726,-0.3987879753112793,7.2303009033203125,0.03351274132728577,0.2545372247695923,0.07718275487422943,-0.19029739499092102,-0.14671394228935242,0.0378139391541481,-0.006960106082260609,0.004437630996108055,-0.9999659061431885,0
381,7.62,-0.4651978611946106,-0.5451309680938721,7.272979736328125,0.010412335395812988,0.2993770241737366,0.04586396738886833,-0.18617860972881317,-0.17616289854049683,0.04460924118757248,-0.009514185599982738,0.008118776604533195,-0.9999217987060547,0
382,7.640000000000001,-0.7496218681335449,-0.7168081402778625,7.32623291015625,-0.01618213951587677,0.3536906838417053,0.019666947424411774,-0.2844341993331909,-0.1698387861251831,0.059342339634895325,-0.012510336935520172,0.013081973418593407,-0.9998361468315125,0
383,7.66,-1.2099487781524658,-0.8434170484542847,7.345878601074219,0.00862167775630951,0.3848945200443268,0.09736482053995132,-0.2704598307609558,0.2780397832393646,0.10205648839473724,-0.014719869941473007,0.02111373282968998,-0.9996687173843384,0
384,7.68,-1.2929853200912476,-0.745063066482544,7.479217529296875,0.03998786211013794,0.35482895374298096,0.2048514187335968,0.04095914587378502,-0.09505453705787659,0.1217774748802185,-0.013003437779843807,0.0225630272179842,-0.999660849571228,0
385,7.7,-0.9814689755439758,-0.7460691332817078,7.643241882324219,-0.030665412545204163,0.3581593334674835,0.25407007336616516,0.46480226516723633,0.05869114398956299,0.15922114253044128,-0.013020994141697884,0.017127573490142822,-0.9997684955596924,0
386,7.72,-0.44084060192108154,-0.11989229172468185,7.776763916015625,0.007140934467315674,0.32624152302742004,0.07560491561889648,0.4811851382255554,0.9098911285400391,0.11017651110887527,-0.002092513721436262,0.007694026455283165,-0.9999682307243347,0
387,7.74,0.011583809740841389,0.7156611680984497,7.974761962890625,0.03641119599342346,0.26510417461395264,-0.007841820828616619,0.0018229782581329346,0.17544013261795044,0.20993663370609283,0.012490317225456238,-0.00020215986296534538,-0.999921977519989,0
388,7.76,-0.13315194845199585,0.7163450717926025,8.142036437988281,0.08460323512554169,0.25297433137893677,-0.06212729960680008,-0.2379765510559082,-0.15021471679210663,0.08272766321897507,0.012502253986895084,0.002323755994439125,-0.9999191164970398,0
389,7.78,-0.557647705078125,0.5062862038612366,8.2398681640625,0.08769086003303528,0.28343629837036133,-0.09570460766553879,-0.44024020433425903,-0.18896684050559998,0.04539553076028824,0.008836244232952595,0.009732252918183804,-0.9999135732650757,0
390,7.8,-0.9842209219932556,0.15386168658733368,8.27947998046875,0.058993056416511536,0.32658445835113525,-0.12978710234165192,-0.28707486391067505,-0.382352352142334,0.024346867576241493,0.00268538948148489,0.01717698574066162,-0.9998488426208496,0
391,7.82,-1.0896401405334473,-0.448862224817276,8.30548095703125,0.04835230112075806,0.35883915424346924,-0.1745704561471939,-0.06333738565444946,-0.3879929780960083,-0.004350604955106974,-0.00783404428511858,0.019016079604625702,-0.9997884631156921,0
392,7.84,-1.1631927490234375,-0.653746485710144,8.344505310058594,0.05931165814399719,0.3862093687057495,-0.1545807272195816,-0.07418202608823776,0.010308686643838882,0.015614667907357216,-0.011409780010581017,0.020298825576901436,-0.9997288584709167,0
393,7.86,-0.9608162045478821,-1.013451099395752,8.29425048828125,0.06368443369865417,0.32243087887763977,-0.0005905181169509888,0.4351300597190857,-0.4527587592601776,-0.09711155295372009,-0.01768713817000389,0.016765998676419258,-0.9997029900550842,0
394,7.88,-0.08913411945104599,-0.9439945220947266,8.2108154296875,0.09117753803730011,0.22681544721126556,0.06504123657941818,0.7331339120864868,0.3803972601890564,0.026083776727318764,-0.016475068405270576,0.0015554721467196941,-0.9998630881309509,0
395,7.9,-0.03835814818739891,-0.8405448794364929,8.336166381835938,0.11375415325164795,0.22893868386745453,0.13750797510147095,-0.0620221383869648,-0.09042180329561234,0.07440022379159927,-0.0146697498857975,0.0006694039329886436,-0.9998921751976013,0
396,7.92,-0.11508690565824509,-0.8810473680496216,8.356712341308594,0.057200655341148376,0.26550793647766113,0.08512010425329208,-0.060753703117370605,0.006543993949890137,-0.016620703041553497,-0.015376572497189045,0.002008406911045313,-0.999879777431488,0
397,7.94,-0.3282439708709717,-0.9892106652259827,8.380081176757812,0.054335445165634155,0.24890422821044922,0.03720077499747276,-0.2801421284675598,-0.19300240278244019,0.063987597823143,-0.017264127731323242,0.00572805292904377,-0.9998345375061035,0
398,7.96,-0.5801644325256348,-1.0967671871185303,8.398628234863281,0.04591444134712219,0.28218361735343933,0.024873539805412292,-0.19334954023361206,-0.10700161010026932,-0.013740304857492447,-0.019141025841236115,0.010123752057552338,-0.9997655153274536,0
399,7.98,-0.8271067142486572,-1.2176673412322998,8.434967041015625,0.016739889979362488,0.31644606590270996,-0.04071953892707825,-0.22857436537742615,-0.13552427291870117,0.08038346469402313,-0.021250706166028976,0.014431975781917572,-0.9996700286865234,0
400,8.0,-1.211261510848999,-1.3239078521728516,8.4364013671875,-0.006958812475204468,0.3972403407096863,-0.02543485164642334,-0.39642441272735596,-0.09775832295417786,0.024330606684088707,-0.02310449630022049,0.021133285015821457,-0.9995096921920776,0
401,8.02,-1.7347910404205322,-1.2212811708450317,8.497611999511719,0.04765017330646515,0.36698246002197266,0.12737956643104553,-0.2513054311275482,0.5646522045135498,0.14458122849464417,-0.02131376415491104,0.03026631288230419,-0.9993146061897278,0
402,8.040000000000001,-1.862524390220642,-1.0179468393325806,8.593856811523438,0.02379828691482544,0.3266301155090332,0.21112489700317383,0.10522905737161636,-0.07915188372135162,0.0795920193195343,-0.017765585333108902,0.03249632567167282,-0.9993139505386353,0
403,8.06,-1.3919832706451416,-0.9503908753395081,8.794830322265625,-0.0674215704202652,0.33732491731643677,0.2640780508518219,0.6609193086624146,0.1441737413406372,0.2466547042131424,-0.01658668927848339,0.024288957938551903,-0.9995673894882202,0
404,8.08,-0.6984941959381104,-0.04212458059191704,8.952835083007812,-0.020388662815093994,0.2964915633201599,0.07495810091495514,0.643495500087738,1.0791985988616943,0.10505570471286774,-0.0007352125830948353,0.01219071913510561,-0.999925434589386,0
405,8.1,-0.10831432044506073,0.7942889928817749,9.09234619140625,-0.01857571303844452,0.2555024027824402,0.04678076133131981,0.09496181458234787,0.14287278056144714,0.11418978869915009,0.013862512074410915,0.001890258863568306,-0.9999021291732788,0
406,8.120000000000001,-0.2046830654144287,0.8719286918640137,9.23360824584961,0.04455970227718353,0.23273701965808868,-0.010148560628294945,-0.23162753880023956,-0.008958540856838226,0.10855283588171005,0.015217440202832222,0.0035719722509384155,-0.9998778104782104,0
407,8.14,-0.5056761503219604,0.6298267841339111,9.346992492675781,0.05352535843849182,0.2573259472846985,-0.07587163150310516,-0.25261491537094116,-0.33740317821502686,0.03695753961801529,0.010992330498993397,0.00882506649941206,-0.9999006390571594,0
408,8.16,-0.5976153612136841,-0.04603182151913643,9.384918212890625,0.026178568601608276,0.29182103276252747,-0.15979644656181335,0.008817166090011597,-0.6397161483764648,0.019876230508089066,-0.0008034068159759045,0.010430163703858852,-0.9999452829360962,0
409,8.18,-0.5490882396697998,-0.6602774262428284,9.422988891601562,-0.005019426345825195,0.3179911673069,-0.19216497242450714,0.060012057423591614,-0.39608234167099,0.045834995806217194,-0.011523760855197906,0.00958261452615261,-0.9998877048492432,0
410,8.2,-0.4915908873081207,-0.9142307043075562,9.433242797851562,0.010418206453323364,0.3324480354785919,-0.18180188536643982,0.02990391105413437,-0.05245266854763031,-0.028444549068808556,-0.01595565676689148,0.008578680455684662,-0.9998359084129333,0
411,8.22,-0.4268956184387207,-0.9065802693367004,9.393245697021484,0.020064011216163635,0.3170946538448334,-0.05931492894887924,0.2684882581233978,-0.3449642062187195,-0.09592799097299576,-0.01582215167582035,0.007449732627719641,-0.9998470544815063,0
412,8.24,0.4818766415119171,-0.7070189118385315,9.208038330078125,0.06276697665452957,0.1998535692691803,0.02499621920287609,0.6478170156478882,0.6233455538749695,-0.04366261512041092,-0.01233949325978756,-0.008409593254327774,-0.9998884797096252,0
413,8.26,0.4815833270549774,-0.3932657539844513,9.301612854003906,0.12336704134941101,0.2367314100265503,0.11618687212467194,-0.16176283359527588,0.03844074159860611,0.07974739372730255,-0.006863728165626526,-0.008404918015003204,-0.9999411106109619,0
414,8.28,0.3994646668434143,-0.2979339063167572,9.282772064208984,0.0384802520275116,0.3146706819534302,0.08118107169866562,0.003820158541202545,0.12054590880870819,-0.09156467020511627,-0.005199904553592205,-0.006971823051571846,-0.9999621510505676,0
415,8.3,0.19098231196403503,-0.3700762093067169,9.25241470336914,0.04300720989704132,0.2843243181705475,0.08506017178297043,-0.32224345207214355,-0.2301258146762848,0.044341783970594406,-0.006459003780037165,-0.0033331946469843388,-0.9999735951423645,0
416,8.32,-0.09223449975252151,-0.5335619449615479,9.283809661865234,0.03141032159328461,0.3228958249092102,0.08237022161483765,-0.2155958116054535,-0.17104889452457428,0.019300417974591255,-0.009312277659773827,0.0016097254119813442,-0.9999553561210632,0
417,8.34,-0.3813156485557556,-0.7555647492408752,9.329055786132812,0.0029474645853042603,0.3412069082260132,0.03168897330760956,-0.27266812324523926,-0.24756623804569244,0.06843624264001846,-0.013186708092689514,0.006654584314674139,-0.999890923500061,0
418,8.36,-0.825249195098877,-1.0138181447982788,9.379863739013672,-0.022212043404579163,0.42311522364616394,0.05132532864809036,-0.45472055673599243,-0.24244245886802673,0.04638415202498436,-0.01769353821873665,0.014400563202798367,-0.9997397661209106,0
419,8.38,-1.4008382558822632,-1.085849404335022,9.472953796386719,0.04205407202243805,0.39326977729797363,0.15706336498260498,-0.1547631174325943,0.3082980513572693,0.1811707764863968,-0.018950512632727623,0.024442410096526146,-0.9995216131210327,0
420,8.4,-1.4579190015792847,-1.137048363685608,9.615955352783203,0.0005173385143280029,0.3534426987171173,0.2359621524810791,0.11603538691997528,-0.16949842870235443,0.07996610552072525,-0.0198439359664917,0.0254377331584692,-0.9994794130325317,0
421,8.42,-1.0612092018127441,-1.1841449737548828,9.77593994140625,-0.058338090777397156,0.34439536929130554,0.27280861139297485,0.5343912839889526,0.03678916394710541,0.18888401985168457,-0.02066575363278389,0.018516581505537033,-0.999614953994751,0
422,8.44,-0.514129102230072,-0.40837663412094116,9.900630950927734,-0.008395552635192871,0.2984461486339569,0.08378833532333374,0.5071727633476257,0.9847452044487,0.08555614203214645,-0.007127455901354551,0.00897289626300335,-0.9999343156814575,0
423,8.46,-0.04945804923772812,0.31899702548980713,10.052337646484375,0.002764187753200531,0.2458418309688568,0.03042263723909855,0.061241574585437775,0.12582001090049744,0.149503692984581,0.005567519925534725,0.0008631923701614141,-0.9999841451644897,0
424,8.48,-0.13327495753765106,0.3628406822681427,10.196304321289062,0.052570611238479614,0.23244647681713104,-0.03702235221862793,-0.18751521408557892,-0.031191490590572357,0.08562146872282028,0.006332722492516041,0.0023260382004082203,-0.9999772310256958,0
425,8.5,-0.4421868622303009,0.25146061182022095,10.294605255126953,0.06094561517238617,0.2724110782146454,-0.08921277523040771,-0.2992665469646454,-0.13706831634044647,0.04056176543235779,0.004388801753520966,0.007717466447502375,-0.9999606013298035,0
426,8.52,-0.7038865089416504,-0.05839260295033455,10.31839370727539,0.030386820435523987,0.3136894702911377,-0.1522037535905838,-0.09922237694263458,-0.4425981044769287,0.009424272924661636,-0.001019143033772707,0.012284819036722183,-0.9999240040779114,0
427,8.540000000000001,-0.6754308342933655,-0.6193052530288696,10.360923767089844,0.0036785155534744263,0.34441429376602173,-0.19437912106513977,0.038098886609077454,-0.36505812406539917,0.031057208776474,-0.010808706283569336,0.011787530034780502,-0.999872088432312,0
428,8.56,-0.6571238040924072,-0.824920117855072,10.361709594726562,0.01831856369972229,0.35453614592552185,-0.17828495800495148,-0.012607252225279808,-0.004888799041509628,-0.031220506876707077,-0.014397075399756432,0.01146753504872322,-0.9998306035995483,0
429,8.58,-0.5903761386871338,-0.8839686512947083,10.320594787597656,0.007194265723228455,0.31207552552223206,-0.018691005185246468,0.3258156180381775,-0.5338870286941528,-0.10665847361087799,-0.015427548438310623,0.010302597656846046,-0.9998279213905334,0
430,8.6,0.2422119379043579,-0.6946544051170349,10.159770965576172,0.055561408400535583,0.2145439237356186,0.03489117696881294,0.5245285034179688,0.48640722036361694,-0.021937469020485878,-0.012123710475862026,-0.004227072931826115,-0.9999175667762756,0
431,8.620000000000001,0.2257125824689865,-0.5024617910385132,10.26663589477539,0.08494587242603302,0.2695903480052948,0.09274929016828537,-0.09737388789653778,0.015579894185066223,0.07705963402986526,-0.008769498206675053,-0.003939264919608831,-0.9999538064002991,0
432,8.64,0.1117946058511734,-0.47676151990890503,10.269973754882812,0.02192474901676178,0.3015673756599426,0.06908102333545685,-0.09877810627222061,0.015711184591054916,-0.038865622133016586,-0.008320963010191917,-0.0019511152058839798,-0.9999634623527527,0
433,8.66,-0.16169047355651855,-0.6165576577186584,10.26559066772461,0.027965322136878967,0.2785813808441162,0.06317560374736786,-0.3473273515701294,-0.2505456209182739,0.039258923381567,-0.010760754346847534,0.0028218640945851803,-0.9999381303787231,0
434,8.68,-0.500169038772583,-0.7985144853591919,10.292766571044922,0.01168978214263916,0.32551366090774536,0.052796848118305206,-0.27971550822257996,-0.19087398052215576,0.017849834635853767,-0.013936255127191544,0.008728636428713799,-0.9998647570610046,0
435,8.700000000000001,-0.8789516687393188,-1.044033408164978,10.335857391357422,-0.013370618224143982,0.35771965980529785,0.012867294251918793,-0.3605395555496216,-0.26734721660614014,0.06461414694786072,-0.0182208139449358,0.015337452292442322,-0.9997163414955139,0
436,8.72,-1.4378798007965088,-1.3436063528060913,10.368812561035156,-0.0336952805519104,0.4415600001811981,0.04281619191169739,-0.5579538941383362,-0.2884581983089447,0.04272269457578659,-0.02344820648431778,0.025086205452680588,-0.9994102716445923,0
437,8.74,-1.6677712202072144,-1.0754362344741821,10.568500518798828,0.0761650800704956,0.3924022316932678,0.1447671353816986,0.07814940810203552,0.2434336394071579,0.2681373059749603,-0.0187687985599041,0.029098859056830406,-0.9994003176689148,0
438,8.76,-1.4831618070602417,-1.0551453828811646,10.753620147705078,0.032920822501182556,0.3535289168357849,0.2512064576148987,0.28643301129341125,-0.09548375010490417,0.06861769407987595,-0.01841472089290619,0.025878777727484703,-0.9994954466819763,0
439,8.78,-0.9319759607315063,-1.0361160039901733,10.856529235839844,-0.037009045481681824,0.3425225615501404,0.28573036193847656,0.6314109563827515,0.06468486785888672,0.12228872627019882,-0.018082646653056145,0.01626266911625862,-0.9997042417526245,0
440,8.8,-0.3008553385734558,-0.25402820110321045,10.94198226928711,0.008809372782707214,0.2964368760585785,0.08576034009456635,0.5603256821632385,0.9632124304771423,0.07295846939086914,-0.0044336142018437386,0.005250840913504362,-0.999976396560669,0
441,8.82,0.22096529603004456,0.5368010401725769,11.1004638671875,0.012737803161144257,0.2429802119731903,0.04455315321683884,-0.013555437326431274,0.10965621471405029,0.1361967772245407,0.009368807077407837,-0.0038563930429518223,-0.9999486804008484,0
442,8.84,0.04377967491745949,0.5837001204490662,11.270973205566406,0.06261821836233139,0.22261859476566315,-0.03736642748117447,-0.2796340584754944,-0.04490538686513901,0.1266922801733017,0.01018731202930212,-0.0007640598341822624,-0.9999477863311768,0
443,8.86,-0.3578980267047882,0.41764336824417114,11.38888168334961,0.061675578355789185,0.2669054865837097,-0.10689549148082733,-0.37190374732017517,-0.20989245176315308,0.05500107258558273,0.007289185654371977,0.006246291100978851,-0.9999539256095886,0
444,8.88,-0.626891553401947,-0.08970070630311966,11.446918487548828,0.022561565041542053,0.2854124903678894,-0.16932649910449982,-0.13531294465065002,-0.5310700535774231,0.042663611471652985,-0.0015655721072107553,0.010941090062260628,-0.9999389052391052,0
445,8.9,-0.7348122000694275,-0.5999017953872681,11.527610778808594,-0.0020726919174194336,0.3182916045188904,-0.19130977988243103,-0.0732215940952301,-0.31805557012557983,0.08290636539459229,-0.010470070876181126,0.012823838740587234,-0.9998629689216614,0
446,8.92,-0.8275313377380371,-0.7664240598678589,11.571815490722656,0.02442389726638794,0.33523696660995483,-0.1728784292936325,-0.09208784997463226,0.016905009746551514,-0.004552179016172886,-0.013376222923398018,0.014441349543631077,-0.9998062252998352,0
447,8.94,-0.8715957403182983,-0.709154486656189,11.574146270751953,0.09948419034481049,0.3790590465068817,-0.09577090293169022,0.10969024896621704,-0.07835923135280609,0.013559008948504925,-0.012376762926578522,0.015210462734103203,-0.9998077154159546,0
448,8.96,-0.34742242097854614,-0.8178427815437317,11.492740631103516,0.020596332848072052,0.23066245019435883,0.0029744389466941357,0.6603410243988037,0.11851371824741364,-0.09018711745738983,-0.01427356619387865,0.006063011009246111,-0.9998797178268433,0
449,8.98,0.04400467127561569,-0.34603118896484375,11.62283706665039,0.07234033197164536,0.1602424830198288,0.10306797921657562,0.4254392385482788,0.4577103555202484,0.17800158262252808,-0.006039346102625132,-0.0007680123671889305,-0.9999814629554749,0
450,9.0,0.16563336551189423,-0.1842283457517624,11.716224670410156,0.0963866338133812,0.2188725471496582,0.10456131398677826,0.020291568711400032,0.009060023352503777,-0.06400635093450546,-0.0032153851352632046,-0.0028908285312354565,-0.9999906420707703,0
451,9.02,0.08339539915323257,-0.21877393126487732,11.635875701904297,0.07808436453342438,0.20808491110801697,0.07184995710849762,-0.1363469362258911,-0.06836279481649399,-0.06414573639631271,-0.003818315453827381,-0.0014555128291249275,-0.9999916553497314,0
452,9.040000000000001,-0.17631825804710388,-0.3951520323753357,11.55593490600586,0.073359914124012,0.20549659430980682,0.03488393500447273,-0.2947941720485687,-0.24150137603282928,-0.058820925652980804,-0.0068966480903327465,0.0030772548634558916,-0.9999715089797974,0
453,9.06,-0.41868308186531067,-0.526742160320282,11.488521575927734,0.05002821981906891,0.2561172842979431,0.005232233554124832,-0.14161092042922974,-0.06645818799734116,-0.04727014899253845,-0.009193253703415394,0.0073070223443210125,-0.9999310374259949,0
454,9.08,-0.630804181098938,-0.6567330956459045,11.481239318847656,0.02162015438079834,0.2795870006084442,-0.0492955818772316,-0.22254279255867004,-0.19398854672908783,0.029268909245729446,-0.01146190520375967,0.011008664965629578,-0.999873697757721,0
455,9.1,-0.975293755531311,-0.7915291786193848,11.453624725341797,-0.011317640542984009,0.36320042610168457,-0.02797675132751465,-0.34769195318222046,-0.1101522445678711,0.007419868838042021,-0.013814348727464676,0.017019638791680336,-0.9997597336769104,0
456,9.120000000000001,-1.2513599395751953,-0.4119196832180023,11.532157897949219,0.036831632256507874,0.32819056510925293,0.12249580025672913,-0.1225082278251648,0.5392327308654785,0.12716369330883026,-0.007189291529357433,0.021838044747710228,-0.9997356534004211,0
457,9.14,-1.2527201175689697,-0.21110229194164276,11.643360137939453,0.02905532717704773,0.29020798206329346,0.2008245587348938,0.18677636981010437,-0.08981559425592422,0.10480336099863052,-0.0036844220012426376,0.021862201392650604,-0.9997541904449463,0
458,9.16,-0.7638581395149231,-0.2090826779603958,11.794048309326172,-0.05223439633846283,0.2929748594760895,0.23760834336280823,0.6010164022445679,0.055172234773635864,0.14745624363422394,-0.0036491721402853727,0.013331352733075619,-0.999904453754425,0
459,9.18,-0.1575375646352768,0.505899965763092,11.913578033447266,-0.0050077661871910095,0.2518540620803833,0.042275890707969666,0.5466278195381165,0.8927282094955444,0.09259507805109024,0.008829504251480103,0.0027494379319250584,-0.999957263469696,0
460,9.200000000000001,0.1560889631509781,1.1413559913635254,12.01230239868164,-0.02096201479434967,0.23131722211837769,0.040571428835392,-0.1327359974384308,0.0429353266954422,0.051344312727451324,0.019919101148843765,-0.0027237236499786377,-0.9997978806495667,0
461,9.22,-0.05726688355207443,0.9044162631034851,12.112213134765625,0.0356573760509491,0.20937897264957428,-0.05209863558411598,-0.2260357141494751,-0.4004848897457123,0.08468367904424667,0.015784384682774544,0.000999370589852333,-0.9998748898506165,0
462,9.24,-0.28694263100624084,0.25307202339172363,12.228961944580078,0.031614355742931366,0.23689395189285278,-0.12450121343135834,-0.15710192918777466,-0.6381306052207947,0.07957877218723297,0.0044169253669679165,0.005008023697882891,-0.999977707862854,0
463,9.26,-0.39875245094299316,-0.47572317719459534,12.315555572509766,0.005313396453857422,0.2673124670982361,-0.17588655650615692,-0.045644134283065796,-0.5764308571815491,0.0687023177742958,-0.008302840404212475,0.006959246471524239,-0.9999412894248962,0
464,9.28,-0.3918142020702362,-1.0257034301757812,12.378433227539062,-0.011007353663444519,0.29089686274528503,-0.1926521211862564,0.03927361220121384,-0.35044512152671814,0.03876333683729172,-0.017900945618748665,0.0068372986279428005,-0.999816358089447,0
465,9.3,-0.32059696316719055,-1.2484521865844727,12.426273345947266,-0.0001223236322402954,0.3315800428390503,-0.17316314578056335,0.06656546890735626,-0.0354410782456398,0.0053517259657382965,-0.02178787812590599,0.005594115704298019,-0.9997469782829285,0
466,9.32,-0.19961696863174438,-1.2466768026351929,12.373432159423828,-0.004601120948791504,0.31284210085868835,-0.03521851822733879,0.31027865409851074,-0.38193225860595703,-0.12871353328227997,-0.02175689861178398,0.0034831417724490166,-0.9997572302818298,0
467,9.34,0.2529808282852173,-0.9727356433868408,12.339492797851562,0.07063057273626328,0.20269551873207092,0.0911681205034256,0.28604796528816223,0.5432912707328796,0.0900290235877037,-0.016976624727249146,-0.004414698109030724,-0.9998461604118347,0
468,9.36,0.2394532859325409,-0.770635724067688,12.420330047607422,0.07369329035282135,0.29540374875068665,0.10469435155391693,-0.061248429119586945,0.07701095938682556,-0.015817463397979736,-0.01344972662627697,-0.004178858362138271,-0.9999008178710938,0
469,9.38,0.11266888678073883,-0.7549722194671631,12.390277862548828,0.04090282320976257,0.30080077052116394,0.08452555537223816,-0.15704229474067688,-0.03945886343717575,-0.01947697438299656,-0.013176367618143559,-0.00196627015247941,-0.9999112486839294,0
470,9.4,-0.2067263424396515,-0.9337068796157837,12.384532928466797,0.042658090591430664,0.29220300912857056,0.08512123674154282,-0.3715273141860962,-0.2718980610370636,0.02184450440108776,-0.0162955354899168,0.0036075683310627937,-0.9998607039451599,0
471,9.42,-0.5579058527946472,-1.1221039295196533,12.42108154296875,0.018916800618171692,0.34529393911361694,0.06400059908628464,-0.27706336975097656,-0.17648246884346008,0.04772469028830528,-0.01958315446972847,0.009735273197293282,-0.9997608065605164,0
472,9.44,-0.9436259269714355,-1.348588466644287,12.480396270751953,-0.01074308156967163,0.37528061866760254,0.032347626984119415,-0.37067362666130066,-0.25403982400894165,0.06611496210098267,-0.02353512868285179,0.016464071348309517,-0.9995874166488647,0
473,9.46,-1.5267202854156494,-1.6393251419067383,12.526641845703125,-0.029244035482406616,0.44939786195755005,0.06436065584421158,-0.5907882452011108,-0.29352256655693054,0.04141085594892502,-0.02860771119594574,0.026632234454154968,-0.9992358684539795,0
474,9.48,-1.7821671962738037,-1.4054056406021118,12.72482681274414,0.0777459442615509,0.3961253762245178,0.1570170819759369,0.0495695024728775,0.2542390823364258,0.26600804924964905,-0.02452649176120758,0.031090309843420982,-0.9992156028747559,0
475,9.5,-1.6227282285690308,-1.357588768005371,12.91366195678711,0.04353885352611542,0.3546387553215027,0.25646865367889404,0.27335989475250244,-0.06863556802272797,0.08025699108839035,-0.02369217574596405,0.02831021510064602,-0.9993183612823486,0
476,9.52,-1.0782418251037598,-1.2925117015838623,13.016586303710938,-0.025872789323329926,0.3411879539489746,0.2866205871105194,0.6355573534965515,0.12129940092563629,0.11548870801925659,-0.022556670010089874,0.01881296932697296,-0.999568521976471,0
477,9.540000000000001,-0.4310068190097809,-0.4464572072029114,13.094100952148438,0.01685298979282379,0.297500342130661,0.08792699128389359,0.5762842297554016,1.0343481302261353,0.07116885483264923,-0.007792069111019373,0.007522188127040863,-0.999941349029541,0
478,9.56,0.20633545517921448,0.46925508975982666,13.27798843383789,0.002373725175857544,0.25251585245132446,0.034325744956731796,0.012186948210000992,0.06740450114011765,0.10365486145019531,0.008189954794943333,-0.0036011042539030313,-0.9999600052833557,0
479,9.58,0.06280215084552765,0.4489864110946655,13.418815612792969,0.06775245815515518,0.23396940529346466,-0.04561670497059822,-0.23342406749725342,-0.08750318735837936,0.08765946328639984,0.007836210541427135,-0.0010960705112665892,-0.9999687075614929,0
480,9.6,-0.3360826373100281,0.3163354694843292,13.503440856933594,0.06101825833320618,0.27128463983535767,-0.10333818942308426,-0.4061223268508911,-0.12864913046360016,0.03402760252356529,0.00552106648683548,0.005865624640136957,-0.9999675750732422,0
481,9.620000000000001,-0.6839300990104675,-0.05487305298447609,13.536983489990234,0.02233240008354187,0.2903963327407837,-0.16181308031082153,-0.15396280586719513,-0.5043514966964722,0.03123629279434681,-0.0009577153250575066,0.011936541646718979,-0.9999282956123352,0
482,9.64,-0.8121766448020935,-0.544668972492218,13.596378326416016,-0.0003222227096557617,0.3237380385398865,-0.18326051533222198,-0.08570770919322968,-0.30594539642333984,0.07468649744987488,-0.009506122209131718,0.014174039475619793,-0.999854326248169,0
483,9.66,-0.9165703654289246,-0.7048413753509521,13.630767822265625,0.027413904666900635,0.3420216143131256,-0.16548949480056763,-0.09962302446365356,0.020358633249998093,-0.013144266791641712,-0.0123014897108078,0.015995275229215622,-0.9997963905334473,0
484,9.68,-0.9787785410881042,-0.626166582107544,13.628673553466797,0.09932354092597961,0.3806966245174408,-0.08578131347894669,0.07637342810630798,-0.07423759251832962,0.0026227945927530527,-0.010928451083600521,0.017081057652831078,-0.9997943639755249,0
485,9.700000000000001,-0.30049315094947815,-0.5423250198364258,13.51953125,0.0702742487192154,0.2190016210079193,0.02472061477601528,0.6309610605239868,0.49773696064949036,-0.015736054629087448,-0.009465213865041733,0.005244335159659386,-0.9999414682388306,0
486,9.72,-0.31771132349967957,-0.3942085802555084,13.636642456054688,0.10625243186950684,0.2316325604915619,0.10942590981721878,-0.15396615862846375,-0.10725818574428558,0.039568133652210236,-0.006880182772874832,0.0055449483916163445,-0.9999609589576721,0
487,9.74,-0.41619977355003357,-0.42828041315078735,13.613544464111328,0.015628531575202942,0.2938966155052185,0.07189162075519562,-0.02555868588387966,0.023503683507442474,-0.05317458510398865,-0.00747483316808939,0.0072637880221009254,-0.9999457001686096,0
488,9.76,-0.5473007559776306,-0.4756154417991638,13.61867904663086,0.026202380657196045,0.26751405000686646,0.06882193684577942,-0.1896190345287323,-0.1262470781803131,0.06213522329926491,-0.008300958201289177,0.00955172348767519,-0.9999199509620667,0
489,9.78,-0.7618268728256226,-0.6387407183647156,13.668907165527344,0.013307332992553711,0.3001216948032379,0.047495074570178986,-0.20421576499938965,-0.23598983883857727,0.03238256275653839,-0.011147895827889442,0.013295166194438934,-0.9998494982719421,0
490,9.8,-1.053316354751587,-0.8785734176635742,13.709911346435547,-0.012423127889633179,0.3494126796722412,0.008552849292755127,-0.283784955739975,-0.22767801582813263,0.0463348850607872,-0.015333394519984722,0.01838063634932041,-0.9997134804725647,0
491,9.82,-1.48799729347229,-1.0358515977859497,13.734691619873047,0.0207250714302063,0.37708157300949097,0.08995571732521057,-0.19131895899772644,0.35920870304107666,0.09942193329334259,-0.01807803101837635,0.02596328593790531,-0.9994994401931763,0
492,9.84,-1.5712405443191528,-0.8432257771492004,13.823360443115234,0.03153295814990997,0.345034122467041,0.2003535032272339,0.08964703977108002,-0.05555136501789093,0.07964043319225311,-0.014716532081365585,0.027416910976171494,-0.9995157718658447,0
493,9.86,-1.1886937618255615,-0.7903560996055603,13.970878601074219,-0.033510543406009674,0.3500147759914398,0.25252819061279297,0.537507951259613,0.10791448503732681,0.16698439419269562,-0.013793875463306904,0.020743153989315033,-0.9996896982192993,0
494,9.88,-0.5854421257972717,-0.05149298533797264,14.099258422851562,0.008040070533752441,0.3202357888221741,0.06657851487398148,0.5243952870368958,1.0344353914260864,0.1003294512629509,-0.0008987223263829947,0.01021771039813757,-0.9999473690986633,0
495,9.9,-0.024253373965620995,0.7991973161697388,14.28729248046875,0.02890773117542267,0.26471540331840515,0.008917424827814102,0.09027206897735596,0.17329569160938263,0.1947624832391739,0.013948170468211174,0.00042326003313064575,-0.999902606010437,0
496,9.92,-0.1308782696723938,0.830119788646698,14.490882873535156,0.07400675863027573,0.24708358943462372,-0.04056849330663681,-0.24300888180732727,-0.07174955308437347,0.1470678299665451,0.014487817883491516,0.0022840150631964207,-0.9998924136161804,0
497,9.94,-0.540065586566925,0.6283379197120667,14.62723159790039,0.0834280252456665,0.27176764607429504,-0.07980472594499588,-0.4114171266555786,-0.23772487044334412,0.05471952259540558,0.01096634566783905,0.009425216354429722,-0.999895453453064,0
498,9.96,-0.9142516255378723,0.17800495028495789,14.666492462158203,0.05350543558597565,0.31769388914108276,-0.15599580109119415,-0.11279675364494324,-0.7080385684967041,0.024030303582549095,0.003106767777353525,0.01595594733953476,-0.999867856502533,0
499,9.98,-0.9820035696029663,-0.4772033989429474,14.693313598632812,0.03448618948459625,0.34985917806625366,-0.18075260519981384,-0.031950727105140686,-0.43048030138015747,0.014847887679934502,-0.008328673429787159,0.017137758433818817,-0.9998184442520142,0
500,10.0,-1.0225220918655396,-0.7250238656997681,14.730777740478516,0.04518987238407135,0.3713327646255493,-0.16338489949703217,-0.04785071313381195,-0.021672038361430168,0.005931414198130369,-0.012653714045882225,0.017843998968601227,-0.9997606873512268,0
501,10.02,-0.8803970813751221,-0.9585331082344055,14.695526123046875,0.05215546488761902,0.32279253005981445,-0.018203243613243103,0.3860092759132385,-0.46540600061416626,-0.09339713305234909,-0.016728779301047325,0.015363073907792568,-0.9997420310974121,0
502,10.040000000000001,0.002259280765429139,-0.8036937713623047,14.582275390625,0.07839439064264297,0.2049921154975891,0.06448819488286972,0.5786542892456055,0.46754559874534607,0.012232474982738495,-0.014026639051735401,-3.942754119634628e-05,-0.9999015927314758,0
503,10.06,0.052523814141750336,-0.6248929500579834,14.686149597167969,0.08509112894535065,0.25983938574790955,0.1168932244181633,-0.018206631764769554,0.036236003041267395,0.03291779011487961,-0.010906222276389599,-0.0009166593663394451,-0.9999400973320007,0
504,10.08,0.005616172682493925,-0.6087928414344788,14.686935424804688,0.0380193293094635,0.2817023992538452,0.08579131960868835,-0.058256782591342926,0.0056775640696287155,-0.02053370699286461,-0.010625237599015236,-9.80151817202568e-05,-0.9999435544013977,0
505,10.1,-0.18975681066513062,-0.7156370282173157,14.684005737304688,0.03982289135456085,0.2673527002334595,0.06857243925333023,-0.25945958495140076,-0.19216758012771606,0.026471029967069626,-0.012489895336329937,0.0033116168342530727,-0.9999164938926697,0
506,10.120000000000001,-0.43211719393730164,-0.842422604560852,14.701244354248047,0.023614197969436646,0.31078702211380005,0.05136872082948685,-0.20063567161560059,-0.1474137306213379,0.01328662596642971,-0.014702515676617622,0.007540979888290167,-0.9998634457588196,0
507,10.14,-0.7213295698165894,-1.010847568511963,14.73086166381836,0.00030566751956939697,0.344218909740448,0.007093598134815693,-0.28543418645858765,-0.1839505136013031,0.04991532862186432,-0.01764170080423355,0.012587280943989754,-0.999765157699585,0
508,10.16,-1.1991634368896484,-1.199229121208191,14.728607177734375,-0.020659685134887695,0.43028220534324646,0.03973900526762009,-0.48919010162353516,-0.18211312592029572,0.02852688729763031,-0.020928965881466866,0.020923232659697533,-0.9995620250701904,0
509,10.18,-1.6094005107879639,-1.0372159481048584,14.836421966552734,0.052276402711868286,0.3984590768814087,0.13443434238433838,-0.036632802337408066,0.255307137966156,0.1919877827167511,-0.01810183934867382,0.02808103710412979,-0.9994417428970337,0
510,10.200000000000001,-1.5315474271774292,-1.0243685245513916,15.004230499267578,0.023075923323631287,0.35861384868621826,0.23833337426185608,0.21824105083942413,-0.10518169403076172,0.10041307657957077,-0.017877653241157532,0.026723092421889305,-0.9994829893112183,0
511,10.22,-1.0282963514328003,-1.0119316577911377,15.137836456298828,-0.05150946229696274,0.34587493538856506,0.2740800082683563,0.6119264364242554,0.0719299465417862,0.13581392168998718,-0.01766062155365944,0.01794339530169964,-0.9996830224990845,0
512,10.24,-0.41508564352989197,-0.19401870667934418,15.210884094238281,-0.003568507730960846,0.2973520755767822,0.07893917709589005,0.5572782754898071,0.9921825528144836,0.050918564200401306,-0.0033862581476569176,0.007244505919516087,-0.9999680519104004,0
513,10.26,0.06888089329004288,0.5101358294487,15.33205795288086,0.004272952675819397,0.24620063602924347,0.026676353067159653,0.0720682442188263,0.10169551521539688,0.13322941958904266,0.00890343077480793,-0.0012021504808217287,-0.9999596476554871,0
514,10.28,-0.026401247829198837,0.5101776719093323,15.466320037841797,0.0500754714012146,0.2329813539981842,-0.038166794925928116,-0.2117166817188263,-0.07344571501016617,0.0860239639878273,0.008904160931706429,0.00046077044680714607,-0.9999602437019348,0
515,10.3,-0.36536458134651184,0.3381195366382599,15.572914123535156,0.05563510209321976,0.2691572904586792,-0.09330761432647705,-0.3273128271102905,-0.19405105710029602,0.052832961082458496,0.005901264026761055,0.00637666042894125,-0.9999622702598572,0
516,10.32,-0.6408643126487732,-0.05671287700533867,15.615676879882812,0.02482481300830841,0.30293065309524536,-0.17013387382030487,-0.048788800835609436,-0.5370785593986511,0.03999274969100952,-0.0009898263961076736,0.011184953153133392,-0.9999369382858276,0
517,10.34,-0.6550918817520142,-0.6243330240249634,15.677806854248047,-0.00219765305519104,0.33426856994628906,-0.19751787185668945,0.003819674253463745,-0.3620111644268036,0.05029377341270447,-0.010896449908614159,0.011432579718530178,-0.9998752474784851,0
518,10.36,-0.6628798842430115,-0.8363536596298218,15.695072174072266,0.019667834043502808,0.3513978123664856,-0.18296781182289124,-0.025493424385786057,-0.013782421126961708,-0.02155265025794506,-0.014596606604754925,0.011567944660782814,-0.9998265504837036,0
519,10.38,-0.6287548542022705,-0.8675770163536072,15.663646697998047,0.01032613217830658,0.31538015604019165,-0.024303846061229706,0.2652728855609894,-0.539761483669281,-0.10178614407777786,-0.015141494572162628,0.010972362011671066,-0.9998251795768738,0
520,10.4,0.20236605405807495,-0.6953452229499817,15.488330841064453,0.05913423001766205,0.21291501820087433,0.027671972289681435,0.6204990744590759,0.4109655022621155,-0.054909102618694305,-0.012135765515267849,-0.00353168579749763,-0.999920129776001,0
521,10.42,0.2136065661907196,-0.4958769977092743,15.591972351074219,0.09248806536197662,0.2634454071521759,0.1035287082195282,-0.09046173840761185,0.03161180391907692,0.08016256242990494,-0.008654577657580376,-0.0037279888056218624,-0.9999555945396423,0
522,10.44,0.1363248974084854,-0.4581637382507324,15.59286880493164,0.024144388735294342,0.3028373718261719,0.0748833417892456,-0.05648743733763695,0.03420111536979675,-0.046895310282707214,-0.00799637846648693,-0.002379239536821842,-0.9999651908874512,0
523,10.46,-0.10210715979337692,-0.5826535820960999,15.593574523925781,0.03029646724462509,0.2785564959049225,0.06951259821653366,-0.3240452706813812,-0.2432153820991516,0.05350798740983009,-0.010169046930968761,0.0017820128705352545,-0.9999467134475708,0
524,10.48,-0.4122469127178192,-0.7507364153862,15.634342193603516,0.014526203274726868,0.32302963733673096,0.05853409320116043,-0.2529623210430145,-0.17502297461032867,0.026293909177184105,-0.013102447614073753,0.007194386795163155,-0.9998883008956909,0
525,10.5,-0.760307788848877,-0.9788225293159485,15.687152862548828,-0.00933857262134552,0.35056620836257935,0.013586792163550854,-0.3341827988624573,-0.25225573778152466,0.07351211458444595,-0.01708284392952919,0.013267545029520988,-0.9997660517692566,0
526,10.52,-1.2827509641647339,-1.2502447366714478,15.719032287597656,-0.030569717288017273,0.43491131067276,0.03914937376976013,-0.5242274403572083,-0.2562922239303589,0.05072076618671417,-0.02181915193796158,0.022381028160452843,-0.9995113611221313,0
527,10.540000000000001,-1.632588505744934,-1.0468071699142456,15.860183715820312,0.05708697438240051,0.3955264687538147,0.14039944112300873,-0.014747872948646545,0.27042800188064575,0.21079228818416595,-0.018269209191203117,0.028485432267189026,-0.9994272589683533,0
528,10.56,-1.5333236455917358,-1.0297281742095947,16.038219451904297,0.024531394243240356,0.35280516743659973,0.24023722112178802,0.23814713954925537,-0.09953278303146362,0.10275577753782272,-0.017971178516745567,0.026754027232527733,-0.9994804859161377,0
529,10.58,-1.0055409669876099,-1.0007140636444092,16.170616149902344,-0.05194920301437378,0.3398754596710205,0.2732725143432617,0.6345775127410889,0.08935149013996124,0.13277080655097961,-0.017464864999055862,0.01754641905426979,-0.9996935129165649,0
530,10.6,-0.36759060621261597,-0.16491776704788208,16.23755645751953,-0.002787470817565918,0.2894634008407593,0.07841159403324127,0.5779638886451721,0.9984933137893677,0.044553324580192566,-0.0028783539310097694,0.006415594834834337,-0.9999752640724182,0
531,10.620000000000001,0.12674137949943542,0.5165980458259583,16.34360122680664,0.004633955657482147,0.2386632263660431,0.02355826646089554,0.09141650050878525,0.08232279121875763,0.11829008162021637,0.00901621300727129,-0.0022119623608887196,-0.9999569058418274,0
532,10.64,0.04677354544401169,0.4867008328437805,16.459911346435547,0.04967708885669708,0.22653913497924805,-0.04057672247290611,-0.19886434078216553,-0.09763796627521515,0.07256940007209778,0.008494427427649498,-0.0008163228631019592,-0.9999635815620422,0
533,10.66,-0.2884986400604248,0.29957932233810425,16.562599182128906,0.054814644157886505,0.2641598582267761,-0.09589214622974396,-0.3295319676399231,-0.20070013403892517,0.056267909705638885,0.005228620953857899,0.005035160109400749,-0.9999736547470093,0
534,10.68,-0.5739545822143555,-0.0984906330704689,16.60842514038086,0.019975095987319946,0.3006440997123718,-0.17941907048225403,-0.03203746676445007,-0.6523225903511047,0.0392419807612896,-0.0017189846839755774,0.0100172134116292,-0.9999483227729797,0
535,10.700000000000001,-0.5824456214904785,-0.6926441192626953,16.683094024658203,-0.009880542755126953,0.33326154947280884,-0.20389392971992493,0.011955976486206055,-0.39094245433807373,0.05818964168429375,-0.012088626623153687,0.010164676234126091,-0.9998752474784851,0
536,10.72,-0.5849081873893738,-0.9247415065765381,16.70406723022461,0.007876381278038025,0.3466818928718567,-0.1889066994190216,-0.023237723857164383,-0.02218508906662464,-0.02165345288813114,-0.016139082610607147,0.010207066312432289,-0.9998176693916321,0
537,10.74,-0.568296492099762,-0.9112380146980286,16.675182342529297,0.01653411239385605,0.3255932629108429,-0.05183352902531624,0.22558414936065674,-0.4119664430618286,-0.08133720606565475,-0.015903430059552193,0.009917224757373333,-0.9998243451118469,0
538,10.76,0.2292725294828415,-0.7524126172065735,16.533222198486328,0.04357944428920746,0.21563424170017242,-0.01300069410353899,0.7818267345428467,0.189656063914299,-0.07798010110855103,-0.013131701387465,-0.00400120485574007,-0.9999057650566101,0
539,10.78,0.17613835632801056,-0.5381996035575867,16.618988037109375,0.06385438144207001,0.24555277824401855,0.0946781188249588,-0.1295381486415863,-0.006313573569059372,0.04344307258725166,-0.009393216110765934,-0.0030740536749362946,-0.999951183795929,0
540,10.8,0.07747353613376617,-0.49205470085144043,16.608806610107422,0.004518583416938782,0.30098477005958557,0.06039651110768318,-0.057691846042871475,0.04676918312907219,-0.03576357290148735,-0.008587867952883244,-0.0013521176297217607,-0.9999622106552124,0
541,10.82,-0.16860374808311462,-0.586225688457489,16.628807067871094,0.0231039896607399,0.27604880928993225,0.06143522262573242,-0.33501100540161133,-0.21425023674964905,0.07440000027418137,-0.010231390595436096,0.0029425323009490967,-0.9999433159828186,0
542,10.84,-0.5037974715232849,-0.7599373459815979,16.678035736083984,0.011972881853580475,0.3250797986984253,0.052307821810245514,-0.28572481870651245,-0.20631195604801178,0.024017665535211563,-0.013263017870485783,0.008792036212980747,-0.9998733997344971,0
543,10.86,-0.8909493684768677,-1.0114227533340454,16.723400115966797,-0.011912442743778229,0.35998907685279846,0.014205741696059704,-0.36850643157958984,-0.26518377661705017,0.06352438777685165,-0.017651740461587906,0.015546947717666626,-0.9997233152389526,0
544,10.88,-1.4544864892959595,-1.3202850818634033,16.755847930908203,-0.033900730311870575,0.44063615798950195,0.04243822768330574,-0.5616771578788757,-0.3035527467727661,0.05386446788907051,-0.02304127998650074,0.025376109406352043,-0.9994124174118042,0
545,10.9,-1.6679829359054565,-1.0501012802124023,16.96615219116211,0.079646036028862,0.3913118541240692,0.14529597759246826,0.0955820232629776,0.2474103569984436,0.2759113609790802,-0.01832669973373413,0.02910279482603073,-0.9994084239006042,0
546,10.92,-1.4661794900894165,-1.0250569581985474,17.148494720458984,0.036045268177986145,0.35362666845321655,0.25517764687538147,0.2989436984062195,-0.08691397309303284,0.05950719118118286,-0.017889661714434624,0.02558276802301407,-0.9995126128196716,0
547,10.94,-0.9030643105506897,-1.0021367073059082,17.243698120117188,-0.03187540918588638,0.34330135583877563,0.2901836931705475,0.6392943263053894,0.06489631533622742,0.11753956228494644,-0.017489690333604813,0.01575838029384613,-0.9997228384017944,0
548,10.96,-0.2639164328575134,-0.21919141709804535,17.323139190673828,0.013304539024829865,0.2973744869232178,0.08936525881290436,0.5652021765708923,0.9657225012779236,0.06679490208625793,-0.0038256028201431036,0.004606161266565323,-0.9999820590019226,0
549,10.98,0.24649930000305176,0.5412876605987549,17.471790313720703,0.017611384391784668,0.24442914128303528,0.041977670043706894,0.017898913472890854,0.0848812684416771,0.14970722794532776,0.009447111748158932,-0.004302019253373146,-0.999946117401123,0
550,11.0,0.08264653384685516,0.5706959962844849,17.635669708251953,0.06217794865369797,0.2272128462791443,-0.03385285660624504,-0.28019535541534424,-0.052794843912124634,0.11551526933908463,0.009960358031094074,-0.0014423816464841366,-0.9999493360519409,0
551,11.02,-0.3194449841976166,0.3949277997016907,17.752872467041016,0.06032611429691315,0.26748377084732056,-0.10405679792165756,-0.37284713983535767,-0.2148466557264328,0.05731365084648132,0.006892734672874212,0.005575205199420452,-0.999960720539093,0
552,11.040000000000001,-0.5886129140853882,-0.11520786583423615,17.811038970947266,0.02168387919664383,0.286335825920105,-0.1700381636619568,-0.1314413994550705,-0.5352039933204651,0.042724400758743286,-0.002010754542425275,0.010273030959069729,-0.9999452233314514,0
553,11.06,-0.6932987570762634,-0.6243059635162354,17.901012420654297,-0.003275930881500244,0.3188117742538452,-0.19317634403705597,-0.07233956456184387,-0.3118599057197571,0.086236372590065,-0.01089597586542368,0.012099331244826317,-0.9998674392700195,0
554,11.08,-0.7863869071006775,-0.7817268967628479,17.946304321289062,0.024223387241363525,0.33411478996276855,-0.17500713467597961,-0.09379146993160248,0.026470467448234558,-0.005512916017323732,-0.013643285259604454,0.013723332434892654,-0.9998127222061157,0
555,11.1,-0.8205957412719727,-0.7401745319366455,17.94762420654297,0.09462133049964905,0.36847567558288574,-0.08987288922071457,0.1387222409248352,-0.13310480117797852,0.008192679844796658,-0.012918121181428432,0.01432041171938181,-0.9998140335083008,0
556,11.120000000000001,-0.30755436420440674,-0.8422569036483765,17.890178680419922,0.03626858443021774,0.2232624888420105,0.035337045788764954,0.4591939449310303,0.059513889253139496,0.007685029413551092,-0.01469962764531374,0.005367231089621782,-0.9998775720596313,0
557,11.14,-0.2539215385913849,-0.6220113039016724,18.020526885986328,0.07514864206314087,0.21985986828804016,0.10386007279157639,-0.030362945050001144,-0.020018363371491432,0.08079095184803009,-0.010855931788682938,0.004431490786373615,-0.999931275844574,0
558,11.16,-0.4093250036239624,-0.6959807276725769,18.032909393310547,0.0245601087808609,0.300540953874588,0.0768408477306366,-0.12887164950370789,-0.055277206003665924,-0.013645418919622898,-0.012146852910518646,0.007143479771912098,-0.9999006986618042,0
559,11.18,-0.7128158211708069,-0.8874590992927551,18.027774810791016,0.019123628735542297,0.2608222961425781,0.05542423576116562,-0.3769873380661011,-0.2601066529750824,0.009392965584993362,-0.015488462522625923,0.01243916992098093,-0.9998026490211487,0
560,11.200000000000001,-1.1485856771469116,-1.2042567729949951,18.010059356689453,0.025476127862930298,0.27311065793037415,0.05927475169301033,-0.3762003779411316,-0.32344454526901245,-0.03134539723396301,-0.021016694605350494,0.020040828734636307,-0.9995782375335693,0
561,11.22,-1.5814805030822754,-1.5374228954315186,18.022266387939453,-0.00442582368850708,0.31766244769096375,-0.003116203472018242,-0.37614625692367554,-0.31028419733047485,0.04458710923790932,-0.02682986669242382,0.02758859470486641,-0.9992592334747314,0
562,11.24,-2.0790131092071533,-1.796008586883545,18.045013427734375,0.036001674830913544,0.3379845917224884,0.06967522948980331,-0.21961556375026703,0.3369125723838806,0.10247865319252014,-0.031341131776571274,0.03625984489917755,-0.9988508224487305,0
563,11.26,-2.161200761795044,-1.549504041671753,18.11777114868164,0.05543959140777588,0.32577672600746155,0.17334036529064178,0.1242038756608963,0.06734712421894073,0.06896942108869553,-0.027040649205446243,0.037697337567806244,-0.9989233016967773,0
564,11.28,-1.7147867679595947,-1.3289849758148193,18.22701644897461,0.00487915426492691,0.3246600925922394,0.23684564232826233,0.6069386005401611,0.2586144208908081,0.12586404383182526,-0.023193079978227615,0.029916152358055115,-0.9992833137512207,0
565,11.3,-0.9660822749137878,-0.5048943758010864,18.351810455322266,0.04671730846166611,0.30335533618927,0.077545665204525,0.7057141661643982,1.0514174699783325,0.1406858116388321,-0.008811954408884048,0.016859861090779305,-0.9998190402984619,0
566,11.32,-0.21246282756328583,0.838486909866333,18.537792205810547,0.05175173282623291,0.26785510778427124,0.006224561017006636,0.12607289850711823,0.48490869998931885,0.14846999943256378,0.01463383249938488,0.0037077697925269604,-0.9998860359191895,0
567,11.34,-0.3822077810764313,1.0575840473175049,18.701236724853516,0.08027563244104385,0.2673969566822052,-0.016048219054937363,-0.2751460075378418,0.03446723520755768,0.13152572512626648,0.01845727674663067,0.0066695986315608025,-0.9998074173927307,0
568,11.36,-0.7174041867256165,0.7664982080459595,18.833267211914062,0.07845500856637955,0.27246493101119995,-0.08852991461753845,-0.26381099224090576,-0.45017191767692566,0.04531923681497574,0.013377519324421883,0.01251961849629879,-0.9998321533203125,0
569,11.38,-0.9606831073760986,0.17057637870311737,18.885852813720703,0.05587434768676758,0.31479743123054504,-0.13789178431034088,-0.16315209865570068,-0.5171905755996704,0.03817237913608551,0.0029771151021122932,0.016766224056482315,-0.9998549818992615,0
570,11.4,-1.0815553665161133,-0.36200058460235596,18.928264617919922,0.04157423973083496,0.3435814380645752,-0.15459179878234863,-0.0654982328414917,-0.36536675691604614,0.02375206910073757,-0.006318060681223869,0.018875205889344215,-0.9998018741607666,0
571,11.42,-1.1323564052581787,-0.5992184281349182,18.966800689697266,0.05780971050262451,0.37648409605026245,-0.13989073038101196,-0.04105239734053612,-0.04213802516460419,0.02649766206741333,-0.0104581443592906,0.01976098120212555,-0.999750018119812,0
572,11.44,-0.899023711681366,-1.0090219974517822,18.92310333251953,0.05824989825487137,0.31889525055885315,-0.00268424185924232,0.44592592120170593,-0.4624704420566559,-0.09124458581209183,-0.017609843984246254,0.015687841922044754,-0.9997218251228333,0
573,11.46,0.002388580935075879,-0.9610537886619568,18.813312530517578,0.062125228345394135,0.21095511317253113,0.06107783690094948,0.6512823104858398,0.37431764602661133,-0.0040624202229082584,-0.016772767528891563,-4.1682738810777664e-05,-0.9998593330383301,0
574,11.48,0.005835345480591059,-0.8237349390983582,18.931690216064453,0.09494608640670776,0.2588481903076172,0.12734952569007874,-0.08276475965976715,-0.046848051249980927,0.06611467897891998,-0.014376391656696796,-0.0001018354669213295,-0.9998966455459595,0
575,11.5,-0.06805577874183655,-0.83385169506073,18.953140258789062,0.03588835150003433,0.3037568926811218,0.08603121340274811,-0.052346691489219666,0.02200670726597309,-0.006458023563027382,-0.014552942477166653,0.0011876714415848255,-0.9998933672904968,0
576,11.52,-0.25543758273124695,-0.8911523222923279,18.99002456665039,0.04038609564304352,0.27699998021125793,0.06623087078332901,-0.253327339887619,-0.1353726089000702,0.07688901573419571,-0.015552914701402187,0.00445767305791378,-0.9998691082000732,0
577,11.540000000000001,-0.5144338011741638,-0.9968037009239197,19.046493530273438,0.03023068606853485,0.3101317882537842,0.051076989620923996,-0.23706749081611633,-0.17124906182289124,0.03326969966292381,-0.017396630719304085,0.00897708535194397,-0.9998083710670471,0
578,11.56,-0.8529316782951355,-1.1754580736160278,19.088897705078125,0.01019633561372757,0.3508545160293579,0.00720408046618104,-0.33125609159469604,-0.18235905468463898,0.0520174466073513,-0.020514175295829773,0.014882784336805344,-0.9996787905693054,0
579,11.58,-1.3820600509643555,-1.3459749221801758,19.093524932861328,-0.005808979272842407,0.44133710861206055,0.04143598675727844,-0.536089301109314,-0.16124163568019867,0.027104370296001434,-0.023489534854888916,0.024112505838274956,-0.9994332790374756,0
580,11.6,-1.698562741279602,-1.1098332405090332,19.229564666748047,0.07337293028831482,0.4002481698989868,0.13431842625141144,-0.002077147364616394,0.26072850823402405,0.21869471669197083,-0.019369034096598625,0.029635610058903694,-0.9993730783462524,0
581,11.620000000000001,-1.5212856531143188,-1.0369758605957031,19.396385192871094,0.02238016575574875,0.3477064073085785,0.22814741730690002,0.3012778162956238,-0.07663844525814056,0.08306621015071869,-0.018097655847668648,0.026543976739048958,-0.9994838237762451,0
582,11.64,-0.9678540825843811,-1.0391101837158203,19.522109985351562,-0.05897568166255951,0.3283335864543915,0.2711971700191498,0.6519299149513245,0.03776107728481293,0.14803098142147064,-0.01813489943742752,0.016888661310076714,-0.9996929168701172,0
583,11.66,-0.32285696268081665,-0.27031779289245605,19.64183807373047,-0.010758653283119202,0.2826068699359894,0.07529566437005997,0.5848327279090881,0.9384871125221252,0.10447795689105988,-0.004717918112874031,0.005634824745357037,-0.9999729990959167,0
584,11.68,0.29090616106987,0.6329545378684998,19.795757293701172,-0.006300002336502075,0.2423381805419922,0.02922167256474495,0.048727765679359436,0.2003989815711975,0.12374159693717957,0.01104691531509161,-0.005076938308775425,-0.9999260902404785,0
585,11.700000000000001,0.1456214338541031,0.699208676815033,19.958091735839844,0.04189159721136093,0.22396712005138397,-0.03699404001235962,-0.26672208309173584,-0.05106651037931442,0.133781298995018,0.01220319140702486,-0.0025413818657398224,-0.9999223351478577,0
586,11.72,-0.1816876083612442,0.39274686574935913,20.083980560302734,0.03944474458694458,0.24536946415901184,-0.12479670345783234,-0.22829094529151917,-0.45277249813079834,0.05734200403094292,0.006854671519249678,0.003170966636389494,-0.9999714493751526,0
587,11.74,-0.3882022202014923,-0.2070222645998001,20.148456573486328,0.006660521030426025,0.26550546288490295,-0.16785885393619537,-0.13476809859275818,-0.5151474475860596,0.055677756667137146,-0.00361321191303432,0.006775310263037682,-0.9999704957008362,0
588,11.76,-0.4704560339450836,-0.747837245464325,20.23355484008789,-0.016894400119781494,0.29995405673980713,-0.18837568163871765,-0.0338076576590538,-0.36747437715530396,0.09228924661874771,-0.013051850721240044,0.008210213854908943,-0.9998810887336731,0
589,11.78,-0.5123436450958252,-0.9775594472885132,20.283992767333984,0.0057890042662620544,0.3173366189002991,-0.17311689257621765,-0.04351670667529106,-0.04355780407786369,-0.004225786775350571,-0.01706080511212349,0.008940663188695908,-0.9998144507408142,0
590,11.8,-0.5396527647972107,-0.9202526807785034,20.264381408691406,0.04158085584640503,0.321552574634552,-0.07071323692798615,0.13719205558300018,-0.22820931673049927,-0.05615648999810219,-0.01606074906885624,0.009417364373803139,-0.9998266696929932,0
591,11.82,0.13173316419124603,-0.7185142636299133,20.13796615600586,0.05407256633043289,0.1782982498407364,0.028688659891486168,0.5376402139663696,0.4420965909957886,-0.05111165717244148,-0.012540111318230629,-0.002298994455486536,-0.9999186992645264,0
592,11.84,0.1617078334093094,-0.4910135865211487,20.198528289794922,0.0665665939450264,0.23973341286182404,0.08237901329994202,-0.0511532798409462,0.05807165428996086,0.004411108326166868,-0.008569696918129921,-0.0028222263790667057,-0.9999592900276184,0
593,11.86,0.08262457698583603,-0.45337188243865967,20.18268585205078,0.024122662842273712,0.27488163113594055,0.06635107845067978,-0.08580534160137177,0.009595701470971107,-0.016671286895871162,-0.007912748493254185,-0.0014420251827687025,-0.999967634677887,0
594,11.88,-0.10723137855529785,-0.5272729396820068,20.185718536376953,0.037321992218494415,0.27090510725975037,0.07875978201627731,-0.2332892119884491,-0.14795812964439392,0.028018666431307793,-0.009202520363032818,0.0018714603502303362,-0.9999558925628662,0
595,11.9,-0.3743000626564026,-0.6657841205596924,20.21841049194336,0.015370234847068787,0.31592386960983276,0.058512136340141296,-0.23891857266426086,-0.14984311163425446,0.03877921402454376,-0.011619864031672478,0.006532281171530485,-0.9999111294746399,0
596,11.92,-0.7143536806106567,-0.8394046425819397,20.271141052246094,-0.014760911464691162,0.36067038774490356,0.03243619576096535,-0.3297377824783325,-0.1905180811882019,0.06524509936571121,-0.014649851247668266,0.01246616430580616,-0.9998149871826172,0
597,11.94,-1.219295859336853,-1.0165749788284302,20.316486358642578,-0.007125645875930786,0.4066442549228668,0.08227309584617615,-0.3666945695877075,0.022650673985481262,0.11202079057693481,-0.017741650342941284,0.021275771781802177,-0.9996162056922913,0
598,11.96,-1.3213059902191162,-0.8952040672302246,20.483963012695312,0.05588188022375107,0.37100154161453247,0.21216490864753723,0.004299124702811241,-0.03075854480266571,0.14795412123203278,-0.015623622573912144,0.023056279867887497,-0.9996120929718018,0
599,11.98,-1.0737245082855225,-0.883290708065033,20.645736694335938,-0.012682721018791199,0.3619825541973114,0.2631382644176483,0.4093025028705597,0.046435318887233734,0.1330021768808365,-0.015415720641613007,0.01873670518398285,-0.9997056126594543,0
600,12.0,-0.544819712638855,-0.36755624413490295,20.769702911376953,0.014402814209461212,0.3331809341907501,0.10567621886730194,0.5095697045326233,0.7692322134971619,0.12002699077129364,-0.006415023002773523,0.009508559480309486,-0.999934196472168,0
601,12.02,-0.04392191395163536,0.614912211894989,20.94626235961914,0.03867463022470474,0.27162179350852966,0.020763833075761795,0.0028151050209999084,0.31268802285194397,0.1612858772277832,0.010732037015259266,0.0007665378507226706,-0.9999421238899231,0
602,12.040000000000001,-0.23833788931369781,0.682537317276001,21.091541290283203,0.08207933604717255,0.2563519775867462,-0.03302905336022377,-0.2751224935054779,-0.05429471284151077,0.09236311167478561,0.011912240646779537,0.0041594733484089375,-0.9999203681945801,0
603,12.06,-0.6883199214935303,0.5614245533943176,21.205230712890625,0.09896059334278107,0.2905116081237793,-0.08072753995656967,-0.4508269429206848,-0.13160647451877594,0.055709924548864365,0.009798549115657806,0.012012582272291183,-0.9998798370361328,0
604,12.08,-1.110564947128296,0.2359146624803543,21.250778198242188,0.06947383284568787,0.33256813883781433,-0.15216274559497833,-0.1555820107460022,-0.6057793498039246,0.03331264480948448,0.004117476288229227,0.01938163861632347,-0.9998036623001099,0
605,12.1,-1.2306313514709473,-0.3198346793651581,21.27932357788086,0.05389653146266937,0.3655850887298584,-0.17328950762748718,-0.0647508054971695,-0.3771570324897766,0.0017555563244968653,-0.005582139827311039,0.021476585417985916,-0.9997537732124329,0
606,12.120000000000001,-1.3073116540908813,-0.5223687291145325,21.321170806884766,0.06306213140487671,0.39425140619277954,-0.15851996839046478,-0.07776883244514465,0.007959393784403801,0.01565227098762989,-0.009116926230490208,0.022813964635133743,-0.9996981620788574,0
607,12.14,-1.1058353185653687,-0.9014341235160828,21.2752685546875,0.06537063419818878,0.3243434727191925,-0.008588108234107494,0.4181530177593231,-0.4507752060890198,-0.09213994443416595,-0.01573234423995018,0.019296878948807716,-0.9996899962425232,0
608,12.16,-0.043122414499521255,-0.8633758425712585,21.10455322265625,0.044621750712394714,0.23215436935424805,-0.032084789127111435,1.2393968105316162,0.2844664752483368,-0.19064468145370483,-0.015068179927766323,0.0007525426335632801,-0.9998862147331238,0
609,12.18,0.05775971710681915,-0.745352566242218,21.277469635009766,0.092890664935112,0.13354767858982086,0.12327258288860321,-0.11339019238948822,-0.17534787952899933,0.21831220388412476,-0.013008490204811096,-0.0010080118663609028,-0.9999148845672607,0
610,12.200000000000001,-0.0046010734513401985,-0.7874199748039246,21.38509750366211,0.04148530960083008,0.25569626688957214,0.07551456987857819,0.0019098147749900818,0.06993622332811356,0.006394280586391687,-0.013742637820541859,8.029630407691002e-05,-0.9999055862426758,0
611,12.22,-0.15986178815364838,-0.7880289554595947,21.409515380859375,0.04422493278980255,0.2569989562034607,0.03750896826386452,-0.2515258491039276,-0.08415175974369049,0.04621128737926483,-0.013753264211118221,0.0027898461557924747,-0.999901533126831,0
612,12.24,-0.4154195785522461,-0.8285188674926758,21.417255401611328,0.04901643842458725,0.2742482125759125,0.03972955793142319,-0.20361050963401794,-0.06330392509698868,-0.014263009652495384,-0.014459879137575626,0.007249618414789438,-0.999869167804718,0
613,12.26,-0.655174195766449,-0.9403210282325745,21.459819793701172,0.022458724677562714,0.3025313913822174,-0.03671347349882126,-0.2108491063117981,-0.1535513550043106,0.08906053751707077,-0.016410961747169495,0.011433158069849014,-0.9997999668121338,0
614,12.280000000000001,-0.9876402616500854,-1.0544272661209106,21.47827911376953,-0.0009861141443252563,0.3877279758453369,-0.03609950467944145,-0.33650845289230347,-0.09576763212680817,0.014198984950780869,-0.018402187153697014,0.017233800143003464,-0.9996821284294128,0
615,12.3,-1.4948837757110596,-1.0536240339279175,21.518829345703125,0.03564559668302536,0.37235262989997864,0.10376469045877457,-0.2591923475265503,0.45243990421295166,0.09981904178857803,-0.01838817074894905,0.026083266362547874,-0.9994906187057495,0
616,12.32,-1.6867696046829224,-0.8338916897773743,21.59235382080078,0.012480750679969788,0.32836222648620605,0.20731627941131592,0.03842010721564293,-0.0646495372056961,0.06213712319731712,-0.01455363817512989,0.029432307928800583,-0.9994608163833618,0
617,12.34,-1.2923954725265503,-0.7855587005615234,21.790794372558594,-0.07020777463912964,0.3380964696407318,0.2629317045211792,0.5966545939445496,0.1072794497013092,0.25718677043914795,-0.01371015701442957,0.022552525624632835,-0.9996516704559326,0
618,12.36,-0.6572331786155701,0.06050726771354675,21.969676971435547,-0.023723311722278595,0.3006472587585449,0.07767046242952347,0.5882989168167114,1.0482760667800903,0.12262608110904694,0.001056050881743431,0.011470625177025795,-0.999933660030365,0
619,12.38,-0.10771302133798599,0.8918792605400085,22.120765686035156,-0.02102801948785782,0.25660499930381775,0.05223263055086136,0.04421810060739517,0.12720908224582672,0.11159048974514008,0.015565602108836174,0.001879718154668808,-0.9998770952224731,0
620,12.4,-0.24815711379051208,0.9610865116119385,22.259536743164062,0.04799899458885193,0.23157483339309692,-0.00684264674782753,-0.26252979040145874,-0.02829907089471817,0.1019475907087326,0.016773339360952377,0.004330535884946585,-0.9998499155044556,0
621,12.42,-0.5660884976387024,0.6883076429367065,22.374839782714844,0.06229855865240097,0.2579393982887268,-0.07286428660154343,-0.2545264959335327,-0.3712611794471741,0.044494446367025375,0.012012944556772709,0.009879233315587044,-0.9998790621757507,0
622,12.44,-0.6608479022979736,-0.013185492716729641,22.4202880859375,0.03653465956449509,0.2946433424949646,-0.15877018868923187,0.01062929630279541,-0.6553639769554138,0.024589216336607933,-0.00023013027384877205,0.011533716693520546,-0.9999334812164307,0
623,12.46,-0.6102517247200012,-0.6390396952629089,22.459476470947266,0.0030535608530044556,0.32110780477523804,-0.19127655029296875,0.06147819384932518,-0.3984312415122986,0.050885267555713654,-0.011153116822242737,0.010650037787854671,-0.9998810887336731,0
624,12.48,-0.5528247356414795,-0.8880088329315186,22.472347259521484,0.01834747940301895,0.33449071645736694,-0.1803012639284134,0.03054465726017952,-0.04141026735305786,-0.028740745037794113,-0.015498057007789612,0.009647302329540253,-0.999833345413208,0
625,12.5,-0.45935767889022827,-0.9391934275627136,22.422161102294922,0.007034555077552795,0.3024815618991852,-0.029150381684303284,0.310415118932724,-0.51399165391922,-0.120259590446949,-0.01639128476381302,0.008016141131520271,-0.9998335242271423,0
626,12.52,0.44114571809768677,-0.7573806047439575,22.221935272216797,0.07639656960964203,0.19881944358348846,0.06881649047136307,0.435527503490448,0.6356407403945923,0.007324787322431803,-0.013218400999903679,-0.007698697037994862,-0.9998829960823059,0
627,12.540000000000001,0.4987025558948517,-0.5388931632041931,22.33719253540039,0.12877127528190613,0.2692481577396393,0.12025079876184464,-0.11925209313631058,0.06398184597492218,0.0989714190363884,-0.009405319578945637,-0.008703505620360374,-0.9999178647994995,0
628,12.56,0.42232003808021545,-0.4660162031650543,22.321537017822266,0.046896204352378845,0.31971439719200134,0.09330344200134277,-0.03049575164914131,0.06798005104064941,-0.09310036152601242,-0.008133426308631897,-0.007370562758296728,-0.9999397397041321,0
629,12.58,0.18196339905261993,-0.5928328633308411,22.288658142089844,0.04562462121248245,0.28942736983299255,0.09335266053676605,-0.34413033723831177,-0.2684599459171295,0.04013381525874138,-0.010346701368689537,-0.0031756851822137833,-0.9999414086341858,0
630,12.6,-0.11773677915334702,-0.7744826674461365,22.326034545898438,0.029175281524658203,0.32973095774650574,0.0832449421286583,-0.22247490286827087,-0.17131900787353516,0.033108554780483246,-0.013516861945390701,0.002054705284535885,-0.9999065399169922,0
631,12.620000000000001,-0.42113178968429565,-0.9941814541816711,22.382564544677734,-0.0006012320518493652,0.3468201458454132,0.03273573890328407,-0.2895870804786682,-0.2447381317615509,0.07537280768156052,-0.017350871115922928,0.007348963525146246,-0.9998224377632141,0
632,12.64,-0.894334614276886,-1.2453408241271973,22.433326721191406,-0.02374923974275589,0.4267692565917969,0.05172357335686684,-0.4826788902282715,-0.23415285348892212,0.04879963770508766,-0.021733587607741356,0.015604764223098755,-0.999642014503479,0
633,12.66,-1.4467453956604004,-1.2790354490280151,22.53424072265625,0.04069032520055771,0.3980403542518616,0.14700719714164734,-0.13276949524879456,0.28881701827049255,0.17593695223331451,-0.02232152782380581,0.02524149790406227,-0.9994321465492249,0
634,12.68,-1.4898419380187988,-1.2952324151992798,22.691394805908203,0.009845882654190063,0.35750100016593933,0.23659832775592804,0.1191224679350853,-0.13447275757789612,0.09948628395795822,-0.022604145109653473,0.025993075221776962,-0.9994065165519714,0
635,12.700000000000001,-1.0949490070343018,-1.3089905977249146,22.86621856689453,-0.051815032958984375,0.34631311893463135,0.2723689079284668,0.5319811105728149,0.06573352217674255,0.19375284016132355,-0.022844210267066956,0.01910431496798992,-0.9995564818382263,0
636,12.72,-0.5487796068191528,-0.5046476125717163,22.99134063720703,-0.005290776491165161,0.3015984296798706,0.0834960788488388,0.5053635835647583,1.0116143226623535,0.0843275934457779,-0.008807648904621601,0.00957749504595995,-0.999915361404419,0
637,12.74,-0.03429601714015007,0.29864418506622314,23.157146453857422,0.0033162683248519897,0.24756208062171936,0.03463133051991463,0.0380699448287487,0.1103295311331749,0.15368710458278656,0.0052122995257377625,0.0005985702155157924,-0.9999862313270569,0
638,12.76,-0.12243860214948654,0.3575504720211029,23.318775177001953,0.05930238962173462,0.22775974869728088,-0.03870467469096184,-0.19237253069877625,-0.017421314492821693,0.10332271456718445,0.006240392569452524,0.0021369135938584805,-0.999978244304657,0
639,12.780000000000001,-0.44986942410469055,0.2759755551815033,23.42906951904297,0.07046771794557571,0.27352267503738403,-0.09003794193267822,-0.3235552906990051,-0.11197951436042786,0.046095602214336395,0.004816663917154074,0.00785153079777956,-0.9999575614929199,0
640,12.8,-0.750188946723938,-0.001975578721612692,23.459163665771484,0.039443545043468475,0.31596672534942627,-0.13538365066051483,-0.19619587063789368,-0.30321723222732544,0.009764889255166054,-3.448035567998886e-05,0.013092893175780773,-0.999914288520813,0
641,12.82,-0.7597769498825073,-0.5588869452476501,23.496585845947266,0.011240646243095398,0.34798699617385864,-0.1938929408788681,0.01929384469985962,-0.3875799775123596,0.025068234652280807,-0.009754261001944542,0.013259588740766048,-0.9998645186424255,0
642,12.84,-0.7604110836982727,-0.7830164432525635,23.492427825927734,0.023965507745742798,0.3584359288215637,-0.1793607622385025,-0.025855794548988342,-0.0146908238530159,-0.03418111056089401,-0.013665787875652313,0.013270046561956406,-0.9998185634613037,0
643,12.86,-0.706216037273407,-0.8648887872695923,23.449634552001953,0.01792781800031662,0.3185774087905884,-0.02480325475335121,0.2961042523384094,-0.5368357300758362,-0.09662187844514847,-0.015094580128788948,0.012324076145887375,-0.9998100996017456,0
644,12.88,0.1317802518606186,-0.7181467413902283,23.30105209350586,0.043812818825244904,0.22348594665527344,-0.009606534615159035,0.8139998316764832,0.12020674347877502,-0.0863381177186966,-0.012533697299659252,-0.0022998161148279905,-0.9999188184738159,0
645,12.9,0.11670767515897751,-0.5019658803939819,23.350143432617188,0.051101259887218475,0.2586859464645386,0.10417220741510391,-0.09912629425525665,0.10235421359539032,-0.011354343965649605,-0.0087608452886343,-0.002036853227764368,-0.9999595284461975,0
646,12.92,0.016561267897486687,-0.4963250458240509,23.356117248535156,0.015498906373977661,0.27719998359680176,0.06463024765253067,-0.1108030378818512,-0.00897420197725296,0.015369145199656487,-0.008662397041916847,-0.00028903759084641933,-0.9999624490737915,0
647,12.94,-0.23920956254005432,-0.6107219457626343,23.379833221435547,0.024603940546512604,0.2692812383174896,0.056038256734609604,-0.3103603422641754,-0.2008565217256546,0.03831111267209053,-0.010658906772732735,0.004174745641648769,-0.9999344944953918,0
648,12.96,-0.5530828833580017,-0.7650575041770935,23.40573501586914,0.010902069509029388,0.3193984031677246,0.0407586507499218,-0.2677120566368103,-0.18192856013774872,0.015920890495181084,-0.013352376408874989,0.009652107022702694,-0.9998642802238464,0
649,12.98,-0.923492431640625,-0.9853838682174683,23.443038940429688,-0.01227579265832901,0.3582097291946411,0.005671089980751276,-0.3562963604927063,-0.24001066386699677,0.056896861642599106,-0.017197346314787865,0.01611490175127983,-0.9997222423553467,0
650,13.0,-1.4794514179229736,-1.258933663368225,23.460716247558594,-0.032493360340595245,0.4404964745044708,0.03998279199004173,-0.557963490486145,-0.2735585868358612,0.0403619110584259,-0.02197076380252838,0.025812191888689995,-0.9994253516197205,0
651,13.02,-1.6482388973236084,-0.9192382097244263,23.655921936035156,0.07989371567964554,0.3888086676597595,0.1441527009010315,0.1050347164273262,0.25122156739234924,0.25806668400764465,-0.0160430446267128,0.028759527951478958,-0.999457597732544,0
652,13.040000000000001,-1.4340126514434814,-0.893043577671051,23.830909729003906,0.0351824015378952,0.3515743017196655,0.2524145543575287,0.31051352620124817,-0.0891759917140007,0.060222189873456955,-0.015585919842123985,0.025022590532898903,-0.9995653629302979,0
653,13.06,-0.8595224022865295,-0.8748224973678589,23.92363739013672,-0.034766215831041336,0.34110575914382935,0.2873481810092926,0.6491725444793701,0.061912864446640015,0.1147562712430954,-0.015267937444150448,0.01499918382614851,-0.9997709393501282,0
654,13.08,-0.21552211046218872,-0.10271359980106354,24.000049591064453,0.01088085025548935,0.2945563793182373,0.08581943064928055,0.5672167539596558,0.9492862820625305,0.06363656371831894,-0.0017926896689459682,0.0037615555338561535,-0.9999912977218628,0
655,13.1,0.27640125155448914,0.6295985579490662,24.14205551147461,0.014911353588104248,0.24241387844085693,0.03995399549603462,0.005642799660563469,0.09458905458450317,0.13770940899848938,0.010988345369696617,-0.004823800642043352,-0.9999279975891113,0
656,13.120000000000001,0.09749163687229156,0.639729380607605,24.301708221435547,0.058833375573158264,0.22592753171920776,-0.03516705706715584,-0.2913646697998047,-0.07234984636306763,0.1169591099023819,0.011165153235197067,-0.0017014432232826948,-0.9999362230300903,0
657,13.14,-0.31323567032814026,0.42920663952827454,24.42139434814453,0.056647948920726776,0.26312950253486633,-0.1062907949090004,-0.3760833144187927,-0.24791130423545837,0.059445664286613464,0.007490996737033129,0.005466811824589968,-0.9999570250511169,0
658,13.16,-0.5690075159072876,-0.13073952496051788,24.484500885009766,0.018871210515499115,0.2819451689720154,-0.17208603024482727,-0.1346254199743271,-0.5460546612739563,0.04582272842526436,-0.0022818322759121656,0.009930863045156002,-0.9999480843544006,0
659,13.18,-0.6738662719726562,-0.6498363614082336,24.572280883789062,-0.0041809529066085815,0.314109742641449,-0.19516731798648834,-0.06978415697813034,-0.31938526034355164,0.08306505531072617,-0.011341538280248642,0.011760154739022255,-0.9998665452003479,0
660,13.200000000000001,-0.7610374093055725,-0.8147728443145752,24.618900299072266,0.02294958382844925,0.33130088448524475,-0.17689445614814758,-0.08673471957445145,0.020391540601849556,-0.0008033560588955879,-0.014219988137483597,0.01328087504953146,-0.9998106956481934,0
661,13.22,-0.7975516319274902,-0.7565629482269287,24.62470245361328,0.09713024646043777,0.3754866421222687,-0.09823683649301529,0.11726023256778717,-0.08440399914979935,0.015795225277543068,-0.013204129412770271,0.013918235898017883,-0.9998159408569336,0
662,13.24,-0.3200911283493042,-0.8445044755935669,24.56441879272461,0.0444350391626358,0.22042632102966309,0.056510619819164276,0.35601359605789185,0.20501995086669922,0.0389971062541008,-0.014738848432898521,0.00558600714430213,-0.9998757839202881,0
663,13.26,-0.1530975103378296,-0.4415486752986908,24.662376403808594,0.08636288344860077,0.18349523842334747,0.11230335384607315,0.11075066775083542,0.24174994230270386,0.09800741076469421,-0.007706402335315943,0.002671973081305623,-0.9999667406082153,0
664,13.280000000000001,-0.1697807013988495,-0.2804099917411804,24.663307189941406,0.0749911442399025,0.33487918972969055,0.08083565533161163,-0.019286727532744408,0.14942266047000885,-0.06685154885053635,-0.004894057288765907,0.002963191596791148,-0.9999836087226868,0
665,13.3,-0.2863394320011139,-0.24480746686458588,24.588661193847656,0.04872037470340729,0.30858346819877625,0.059902071952819824,-0.19327706098556519,-0.08450774848461151,-0.04380570724606514,-0.004272683523595333,0.004997499752789736,-0.9999783635139465,0
666,13.32,-0.6310712099075317,-0.5111028552055359,24.568111419677734,0.047289445996284485,0.2985492944717407,0.05766768753528595,-0.3715823292732239,-0.37220779061317444,0.011529013514518738,-0.008920309133827686,0.011013608425855637,-0.9998995661735535,0
667,13.34,-0.9614486694335938,-0.7371073365211487,24.616954803466797,0.012772254645824432,0.3558740019798279,0.028552938252687454,-0.24742449820041656,-0.17481645941734314,0.06783494353294373,-0.012864593416452408,0.016778266057372093,-0.9997764825820923,0
668,13.36,-1.35248863697052,-1.026084303855896,24.702922821044922,-0.004967056214809418,0.389717698097229,0.022062191739678383,-0.4027957618236542,-0.35311925411224365,0.01829417422413826,-0.01790758967399597,0.023599399253726006,-0.999561071395874,0
669,13.38,-1.823170781135559,-1.0537461042404175,24.821136474609375,0.04809623211622238,0.3707709312438965,0.15469197928905487,-0.2300291359424591,0.4063084125518799,0.23432324826717377,-0.01839030161499977,0.03180958330631256,-0.9993247389793396,0
670,13.4,-1.7983897924423218,-1.0179235935211182,25.02181625366211,0.037508875131607056,0.30984583497047424,0.2164994776248932,0.18099333345890045,-0.16727709770202637,0.12366068363189697,-0.01776518113911152,0.03137771040201187,-0.9993497133255005,0
671,13.42,-1.3274478912353516,-1.072782039642334,25.190414428710938,-0.04199709743261337,0.30806654691696167,0.24712000787258148,0.6164746284484863,0.044734835624694824,0.16040508449077606,-0.01872248202562332,0.023162199184298515,-0.9995563626289368,0
672,13.44,-0.6950880885124207,-0.29364341497421265,25.313209533691406,0.00564856082201004,0.26799625158309937,0.05647765472531319,0.5869795083999634,0.9696570634841919,0.10366995632648468,-0.005125022493302822,0.012131119146943092,-0.9999132752418518,0
673,13.46,-0.24729058146476746,0.5145166516304016,25.436782836914062,0.0037150755524635315,0.24465599656105042,0.03085784986615181,-0.0031201988458633423,0.23035341501235962,0.10538528114557266,0.008979886770248413,0.004315847530961037,-0.9999503493309021,0
674,13.48,-0.37901070713996887,0.5943524837493896,25.589664459228516,0.047375574707984924,0.2291465401649475,-0.061229173094034195,-0.16394832730293274,-0.12981508672237396,0.13220210373401642,0.010373217985033989,0.006614578887820244,-0.9999243021011353,0
675,13.5,-0.5434333086013794,0.21662293374538422,25.70348358154297,0.03456241637468338,0.2522515654563904,-0.1287659853696823,-0.11147023737430573,-0.4319370687007904,0.03988012671470642,0.003780774539336562,0.009484490379691124,-0.9999478459358215,0
676,13.52,-0.6037963628768921,-0.345181941986084,25.743270874023438,0.0072787851095199585,0.28924256563186646,-0.1739712953567505,-0.00453532487154007,-0.48313313722610474,0.02524237520992756,-0.006024525500833988,0.010537848807871342,-0.9999263286590576,0
677,13.540000000000001,-0.5568932294845581,-0.8291143774986267,25.774646759033203,-0.015807855874300003,0.3223453760147095,-0.1874864399433136,0.06415031105279922,-0.3111916482448578,0.04441271349787712,-0.014470267109572887,0.009718447923660278,-0.9998480677604675,0
678,13.56,-0.5002204775810242,-1.0034643411636353,25.78337860107422,0.0047717466950416565,0.34399232268333435,-0.1631813943386078,0.030301909893751144,0.0055898684076964855,-0.037569668143987656,-0.017512861639261246,0.00872904434800148,-0.9998085498809814,0
679,13.58,-0.3213628828525543,-1.1683917045593262,25.704341888427734,0.020548425614833832,0.3133472800254822,-0.02683977410197258,0.3720768392086029,-0.4465303421020508,-0.09824255108833313,-0.020390870049595833,0.0056076450273394585,-0.9997763633728027,0
680,13.6,0.4490509629249573,-1.0148087739944458,25.623435974121094,0.07266637682914734,0.2014865130186081,0.08118705451488495,0.4421629309654236,0.4966793656349182,0.051496732980012894,-0.01771082542836666,-0.007836107164621353,-0.9998124241828918,0
681,13.620000000000001,0.4471394419670105,-0.8183946013450623,25.741947174072266,0.08139529079198837,0.27012836933135986,0.10920888930559158,-0.047161802649497986,0.0542791411280632,0.041934285312891006,-0.014283191412687302,-0.007803178392350674,-0.9998675584793091,0
682,13.64,0.3767564594745636,-0.7642377614974976,25.73094940185547,0.038118571043014526,0.3004859983921051,0.07822080701589584,-0.07713665068149567,0.031995829194784164,-0.03630257770419121,-0.013338066637516022,-0.0065750074572861195,-0.9998894333839417,0
683,13.66,0.11232835054397583,-0.8664175271987915,25.71967315673828,0.041656091809272766,0.2830280661582947,0.06846116483211517,-0.3504471480846405,-0.20668667554855347,0.02735373191535473,-0.015121260657906532,-0.001960274064913392,-0.999883770942688,0
684,13.68,-0.20934784412384033,-0.9897868633270264,25.74148941040039,0.026350975036621094,0.32767999172210693,0.053385622799396515,-0.25882038474082947,-0.11316977441310883,0.015949061140418053,-0.01727418228983879,0.0036532562226057053,-0.9998441338539124,0
685,13.700000000000001,-0.5629034638404846,-1.1269558668136597,25.77896499633789,-0.0014419928193092346,0.35402145981788635,0.009531959891319275,-0.3374245762825012,-0.16655820608139038,0.06033865362405777,-0.019667819142341614,0.009822458028793335,-0.9997583031654358,0
686,13.72,-1.0900629758834839,-1.3070042133331299,25.808307647705078,-0.022809050977230072,0.43384385108947754,0.03492593765258789,-0.5312746167182922,-0.189985454082489,0.03220069408416748,-0.022809546440839767,0.01901909150183201,-0.9995589256286621,0
687,13.74,-1.5395718812942505,-1.2371922731399536,25.93909454345703,0.06867819279432297,0.3887736201286316,0.12779530882835388,-0.012631863355636597,0.3792969286441803,0.22658731043338776,-0.021591397002339363,0.026861095800995827,-0.9994059801101685,0
688,13.76,-1.465248465538025,-1.2247629165649414,26.093685150146484,0.006834246218204498,0.35054317116737366,0.21510322391986847,0.23989252746105194,-0.09063230454921722,0.07348114252090454,-0.021374518051743507,0.025564782321453094,-0.9994446039199829,0
689,13.780000000000001,-0.9328370690345764,-1.1481205224990845,26.21326446533203,-0.06453526765108109,0.33600687980651855,0.25777357816696167,0.647007167339325,0.12283875048160553,0.15947097539901733,-0.02003713883459568,0.016277089715003967,-0.9996667504310608,0
690,13.8,-0.276413232088089,-0.2861352562904358,26.32965087890625,-0.008475817739963531,0.2835654318332672,0.06685477495193481,0.6026527881622314,1.0261861085891724,0.09009987860918045,-0.004993981681764126,0.004824242554605007,-0.9999759197235107,0
691,13.82,0.19293393194675446,0.425149530172348,26.45229721069336,-0.004557598382234573,0.24014361202716827,0.02497752569615841,0.07193577289581299,0.1328480839729309,0.11689619719982147,0.007420189678668976,-0.003367232857272029,-0.9999668002128601,0
692,13.84,0.06815982609987259,0.46020233631134033,26.56855010986328,0.04268621653318405,0.2294192612171173,-0.03161304444074631,-0.242090106010437,-0.04531257599592209,0.07354404032230377,0.00803195871412754,-0.0011895745992660522,-0.9999670386314392,0
693,13.86,-0.25951898097991943,0.2513507008552551,26.651691436767578,0.04088220000267029,0.2638258934020996,-0.09700720757246017,-0.28788313269615173,-0.2580520510673523,0.03238815441727638,0.004386883229017258,0.004529401659965515,-0.999980092048645,0
694,13.88,-0.38816362619400024,-0.33974215388298035,26.69046401977539,0.007928363978862762,0.2913753390312195,-0.165518656373024,-0.027849674224853516,-0.5597196817398071,0.028006764128804207,-0.0059295836836099625,0.006774561479687691,-0.9999594688415527,0
695,13.9,-0.3726861774921417,-0.8802686333656311,26.755706787109375,-0.01781906560063362,0.32443684339523315,-0.19077350199222565,0.03726718947291374,-0.34657609462738037,0.061311591416597366,-0.015362979844212532,0.006503787823021412,-0.9998608231544495,0
696,13.92,-0.3388024866580963,-1.0872358083724976,26.775848388671875,0.0037699267268180847,0.34090378880500793,-0.1753896176815033,0.012770193628966808,-0.021432550624012947,-0.024456199258565903,-0.018974704667925835,0.005912119522690773,-0.9998024702072144,0
697,13.94,-0.26884493231773376,-1.1079638004302979,26.73572540283203,0.008361123502254486,0.3160613477230072,-0.03348296880722046,0.26483312249183655,-0.40955671668052673,-0.08889534324407578,-0.019336411729454994,0.004691334906965494,-0.9998020529747009,0
698,13.96,0.5571735501289368,-0.9178178310394287,26.578903198242188,0.042392779141664505,0.21184152364730835,-0.011187562718987465,0.8175017237663269,0.18512263894081116,-0.0947200283408165,-0.016018254682421684,-0.009723109193146229,-0.9998244047164917,0
699,13.98,0.5278220772743225,-0.6781411170959473,26.642791748046875,0.06451119482517242,0.2512151300907135,0.09679828584194183,-0.1110113337635994,0.07706092298030853,0.022216008976101875,-0.011835519224405289,-0.009211457334458828,-0.9998875260353088,0
700,14.0,0.4234484136104584,-0.6219953894615173,26.641563415527344,0.023456431925296783,0.2934633493423462,0.06276245415210724,-0.09639547020196915,0.042298443615436554,-0.0094990199431777,-0.010855655185878277,-0.0073900665156543255,-0.99991375207901,0
701,14.02,0.14407804608345032,-0.7125086784362793,26.65282440185547,0.034191735088825226,0.2814584970474243,0.06337518990039825,-0.3596545159816742,-0.19831053912639618,0.039332352578639984,-0.012435301207005978,-0.0025144387036561966,-0.9999195337295532,0
702,14.040000000000001,-0.205044224858284,-0.8558191061019897,26.68512725830078,0.02114173024892807,0.3309948146343231,0.05336979031562805,-0.2926851212978363,-0.14548854529857635,0.02324099838733673,-0.014936304651200771,0.003578290343284607,-0.9998820424079895,0
703,14.06,-0.5995820164680481,-1.0353642702102661,26.729598999023438,-0.007010519504547119,0.3615584373474121,0.017261123284697533,-0.37338340282440186,-0.20659154653549194,0.06538928300142288,-0.01806953363120556,0.01046278141438961,-0.9997819662094116,0
704,14.08,-1.1696693897247314,-1.2790722846984863,26.766956329345703,-0.02890489622950554,0.43757951259613037,0.045059747993946075,-0.5677250623703003,-0.25552377104759216,0.048844993114471436,-0.022322170436382294,0.020408079028129578,-0.9995425343513489,0
705,14.1,-1.5019941329956055,-1.089235544204712,26.926498413085938,0.062111228704452515,0.3948550224304199,0.13795723021030426,-0.012687496840953827,0.2460518330335617,0.22776952385902405,-0.019009597599506378,0.026207000017166138,-0.9994757771492004,0
706,14.120000000000001,-1.352027177810669,-1.014673113822937,27.089282989501953,0.025238551199436188,0.34738367795944214,0.23348970711231232,0.2684839069843292,-0.06645820289850235,0.06925969570875168,-0.017708461731672287,0.023591436445713043,-0.9995648264884949,0
707,14.14,-0.8481705784797668,-1.0111603736877441,27.201229095458984,-0.03826113045215607,0.3345925509929657,0.27895739674568176,0.59623122215271,0.04906339943408966,0.13875746726989746,-0.017647162079811096,0.014800524339079857,-0.9997346997261047,0
708,14.16,-0.23131950199604034,-0.27430495619773865,27.32059097290039,0.005578026175498962,0.29421308636665344,0.08394785225391388,0.5441238880157471,0.9669347405433655,0.10460533201694489,-0.0047875065356493,0.004037229344248772,-0.9999803900718689,0
709,14.18,0.2948964834213257,0.602294921875,27.499664306640625,0.005894694477319717,0.24661707878112793,0.0517820306122303,-0.05491803213953972,0.11344291269779205,0.1372140794992447,0.010511836037039757,-0.005146607756614685,-0.9999315142631531,0
710,14.200000000000001,0.06867338716983795,0.6493929624557495,27.660083770751953,0.063256174325943,0.2255447953939438,-0.02980128675699234,-0.31646648049354553,-0.05753115564584732,0.11516131460666656,0.011333799920976162,-0.001198499696329236,-0.9999350309371948,0
711,14.22,-0.28900378942489624,0.3478737771511078,27.762569427490234,0.057397469878196716,0.2624090909957886,-0.12181442230939865,-0.24749822914600372,-0.4389308989048004,0.05022710934281349,0.006071505136787891,0.005043952725827694,-0.9999688267707825,0
712,14.24,-0.5150871872901917,-0.22395676374435425,27.823936462402344,0.020508117973804474,0.28197312355041504,-0.16337330639362335,-0.15181474387645721,-0.48335060477256775,0.05485127493739128,-0.003908772487193346,0.008989776484668255,-0.999951958656311,0
713,14.26,-0.6198166608810425,-0.7195026278495789,27.905010223388672,-0.005531836301088333,0.31784218549728394,-0.18273654580116272,-0.058448560535907745,-0.31546884775161743,0.09451326727867126,-0.012557357549667358,0.010816776193678379,-0.9998626708984375,0
714,14.280000000000001,-0.6958540678024292,-0.8833743929862976,27.948631286621094,0.020968914031982422,0.3324434161186218,-0.1641208678483963,-0.07590991258621216,0.019426163285970688,-0.015419808216392994,-0.015417181886732578,0.012143203057348728,-0.9998074173927307,0
715,14.3,-0.7103306651115417,-0.8379645943641663,27.934810638427734,0.09244155883789062,0.3667140007019043,-0.08026402443647385,0.1559409499168396,-0.12214845418930054,-0.006044933572411537,-0.014624720439314842,0.012395966798067093,-0.9998162388801575,0
716,14.32,-0.11721321940422058,-0.8108984231948853,27.86705780029297,0.0471622534096241,0.22388941049575806,0.02545684576034546,0.5573574900627136,0.22696715593338013,0.016342004761099815,-0.014152375981211662,0.0020455503836274147,-0.9998977780342102,0
717,14.34,-0.0777667686343193,-0.5640328526496887,27.949291229248047,0.07990578562021255,0.22738173604011536,0.09604160487651825,-0.11835197359323502,-0.053163934499025345,-0.008173796348273754,-0.009844071231782436,0.0013572201132774353,-0.999950647354126,0
718,14.36,-0.22224175930023193,-0.6270284056663513,27.91278076171875,0.032399073243141174,0.26430630683898926,0.06984066963195801,-0.13214461505413055,-0.05579554662108421,-0.03824087977409363,-0.010943491943180561,0.0038786088116467,-0.999932587146759,0
719,14.38,-0.46736836433410645,-0.7399415969848633,27.90157699584961,0.04192371666431427,0.25319355726242065,0.059366174042224884,-0.28182435035705566,-0.1650707870721817,0.023810995742678642,-0.012914055958390236,0.008156344294548035,-0.9998833537101746,0
720,14.4,-0.7816512584686279,-0.9028282165527344,27.909008026123047,0.02808193862438202,0.29257842898368835,0.04491691663861275,-0.27041852474212646,-0.18442000448703766,-4.743342287838459e-05,-0.015756670385599136,0.013640269637107849,-0.9997828006744385,0
721,14.42,-1.14234459400177,-1.1272162199020386,27.931407928466797,-0.003852125257253647,0.3303706645965576,0.004984312225133181,-0.3443787097930908,-0.25040990114212036,0.04343440756201744,-0.019672363996505737,0.019932489842176437,-0.9996077418327332,0
722,14.44,-1.598089337348938,-1.2578221559524536,27.961212158203125,0.03730643540620804,0.3426360487937927,0.09984949231147766,-0.1742018461227417,0.4357437491416931,0.11919254064559937,-0.02195136994123459,0.02788158319890499,-0.9993701577186584,0
723,14.46,-1.6448947191238403,-1.1440976858139038,28.06610870361328,0.046427175402641296,0.324247270822525,0.19132447242736816,0.11436982452869415,-0.07157988846302032,0.07353334128856659,-0.019966943189501762,0.028699159622192383,-0.9993886351585388,0
724,14.48,-1.240094542503357,-1.0696357488632202,28.196483612060547,-0.007245518267154694,0.33389708399772644,0.250262588262558,0.5512812733650208,0.1399855613708496,0.14811034500598907,-0.01866758242249489,0.02163827046751976,-0.999591588973999,0
725,14.5,-0.6022440195083618,-0.34485870599746704,28.331680297851562,0.03702470660209656,0.3066219985485077,0.0772913321852684,0.5813815593719482,0.9834245443344116,0.1238803043961525,-0.006018882617354393,0.010510755702853203,-0.9999266266822815,0
726,14.52,-0.0895950198173523,0.6826092600822449,28.518470764160156,0.019473958760499954,0.2758505344390869,0.06551853567361832,-0.13357116281986237,0.19857656955718994,0.14004236459732056,0.011913497000932693,0.0015636160969734192,-0.999927818775177,0
727,14.540000000000001,-0.3682401478290558,0.8254748582839966,28.72010040283203,0.08338221162557602,0.2518324851989746,-0.018127717077732086,-0.3479574918746948,0.012095846235752106,0.1739068478345871,0.014406753703951836,0.006426291074603796,-0.999875545501709,0
728,14.56,-0.6855135560035706,0.46765005588531494,28.866714477539062,0.07705304771661758,0.2785745859146118,-0.09909173846244812,-0.23150493204593658,-0.4619606137275696,0.04693859443068504,0.008161941543221474,0.011963780969381332,-0.9998950958251953,0
729,14.58,-0.8887838125228882,-0.10496381670236588,28.91922378540039,0.05144583433866501,0.31804966926574707,-0.15018701553344727,-0.12890249490737915,-0.47229355573654175,0.03685953468084335,-0.0018319629598408937,0.015511554665863514,-0.9998779892921448,0
730,14.6,-0.9798895120620728,-0.5664665102958679,28.955036163330078,0.03791901469230652,0.34448516368865967,-0.16373473405838013,-0.04874725639820099,-0.2924254536628723,0.016847696155309677,-0.0098865432664752,0.017100626602768898,-0.9998049139976501,0
731,14.620000000000001,-1.0211560726165771,-0.7174601554870605,28.982593536376953,0.056855931878089905,0.38052448630332947,-0.1437188982963562,-0.0373515747487545,0.03039594367146492,0.005374737549573183,-0.012521715834736824,0.017820194363594055,-0.999762773513794,0
732,14.64,-0.757096529006958,-1.110519528388977,28.910011291503906,0.058558389544487,0.3196059763431549,0.007509872317314148,0.480588436126709,-0.4623402953147888,-0.11273084580898285,-0.01938100904226303,0.01321096159517765,-0.9997248649597168,0
733,14.66,-0.03651648387312889,-1.2368561029434204,28.81698226928711,0.050590526312589645,0.23148144781589508,0.10457132011651993,0.44732779264450073,0.22297464311122894,0.008202282711863518,-0.021585531532764435,0.0006371848285198212,-0.9997668266296387,0
734,14.68,0.0881727784872055,-0.9482994675636292,28.89480972290039,0.07365430146455765,0.22333401441574097,0.09985438734292984,-0.021438943222165108,0.07372007519006729,0.04955241456627846,-0.01655019260942936,-0.001538693904876709,-0.9998618364334106,0
735,14.700000000000001,-0.008195635862648487,-0.8996986150741577,28.89471435546875,0.05151945352554321,0.3051541745662689,0.07151240110397339,-0.08402681350708008,0.0496324822306633,-0.010309253819286823,-0.015702057629823685,0.00014302320778369904,-0.9998766779899597,0
736,14.72,-0.26123252511024475,-0.9347475171089172,28.914161682128906,0.05081532895565033,0.2614574134349823,0.03927493095397949,-0.3364774286746979,-0.11888845264911652,0.05587894469499588,-0.016313696280121803,0.004558744374662638,-0.9998565316200256,0
737,14.74,-0.6427831053733826,-1.0939956903457642,28.92896270751953,0.047296810895204544,0.2645696699619293,0.04421616718173027,-0.32714784145355225,-0.1945093721151352,-0.01101494487375021,-0.019092664122581482,0.01121639832854271,-0.999754786491394,0
738,14.76,-1.0055603981018066,-1.3111143112182617,28.956600189208984,0.01091679185628891,0.3068549633026123,-0.012870319187641144,-0.3129196763038635,-0.24192140996456146,0.05844653770327568,-0.022881262004375458,0.01754484325647354,-0.9995841979980469,0
739,14.780000000000001,-1.4898996353149414,-1.5520308017730713,28.95458984375,-0.009915344417095184,0.3986338973045349,0.004384031519293785,-0.48727738857269287,-0.22074098885059357,-0.011654669418931007,-0.027084730565547943,0.025991180911660194,-0.999295175075531,0
740,14.8,-1.8981388807296753,-1.3424769639968872,29.047588348388672,0.06543686240911484,0.37634873390197754,0.11917126178741455,-0.02032104879617691,0.31277042627334595,0.20481190085411072,-0.023428495973348618,0.033113617449998856,-0.9991769790649414,0
741,14.82,-1.776999831199646,-1.263825535774231,29.204059600830078,0.03575543314218521,0.337051123380661,0.2243300825357437,0.2767820358276367,-0.03575536981225014,0.07754860818386078,-0.022056128829717636,0.0310019850730896,-0.9992759227752686,0
742,14.84,-1.1938484907150269,-1.1782552003860474,29.307769775390625,-0.040086545050144196,0.32365456223487854,0.2656000256538391,0.6906912326812744,0.12909486889839172,0.1138397753238678,-0.02056298218667507,0.0208306722342968,-0.9995715022087097,0
743,14.86,-0.4983615279197693,-0.3064081072807312,29.388179779052734,0.009353753179311752,0.2792423367500305,0.0700928345322609,0.6347637176513672,1.029637336730957,0.07713919132947922,-0.005347805097699165,0.008697816170752048,-0.9999478459358215,0
744,14.88,0.11530215293169022,0.5994843244552612,29.535194396972656,0.016254156827926636,0.24656370282173157,0.0121915927156806,0.09113674610853195,0.17513659596443176,0.15284983813762665,0.01046278327703476,-0.0020122912246733904,-0.9999432563781738,0
745,14.9,0.04099724441766739,0.681757390499115,29.70783233642578,0.059965647757053375,0.237684965133667,-0.05031947046518326,-0.20959454774856567,-0.060178421437740326,0.13029299676418304,0.011898630298674107,-0.0007154862396419048,-0.9999289512634277,0
746,14.92,-0.23624345660209656,0.3500533998012543,29.8291015625,0.04236897826194763,0.24730145931243896,-0.12467534095048904,-0.19809690117835999,-0.48234981298446655,0.04705195501446724,0.0061095464043319225,0.004123137332499027,-0.9999728202819824,0
747,14.94,-0.4172467887401581,-0.2635725736618042,29.891521453857422,0.010944671928882599,0.280896931886673,-0.17048276960849762,-0.12026887387037277,-0.5186672210693359,0.05890551209449768,-0.004600192420184612,0.007282187696546316,-0.9999629259109497,0
748,14.96,-0.48981982469558716,-0.8113927245140076,29.95822525024414,-0.011104978621006012,0.31595367193222046,-0.18411153554916382,-0.02157726138830185,-0.38446614146232605,0.07856355607509613,-0.014160998165607452,0.008548005484044552,-0.9998632073402405,0
749,14.98,-0.5084682106971741,-1.0655964612960815,30.010150909423828,0.009744174778461456,0.34348905086517334,-0.1675422191619873,-0.01496085524559021,-0.06210186704993248,0.005004830192774534,-0.018597090616822243,0.008872791193425655,-0.9997876882553101,0
750,15.0,-0.47942396998405457,-1.0751408338546753,29.98375701904297,0.014038804918527603,0.3285703957080841,-0.0348312109708786,0.2437128871679306,-0.41574496030807495,-0.09519270062446594,-0.018763644620776176,0.008365956135094166,-0.9997889399528503,0
751,15.02,0.17059551179409027,-0.8583787679672241,29.886669158935547,0.0698157474398613,0.20809489488601685,0.07007934898138046,0.38777798414230347,0.540693461894989,0.041367147117853165,-0.014980973675847054,-0.002977114636451006,-0.9998833537101746,0
752,15.040000000000001,0.146096333861351,-0.6695768237113953,29.989086151123047,0.08326113224029541,0.28145232796669006,0.10036993026733398,-0.07826574891805649,0.031181897968053818,0.03274398297071457,-0.011686052195727825,-0.0025496850721538067,-0.9999284744262695,0
753,15.06,0.024573737755417824,-0.656611442565918,29.979270935058594,0.03157876431941986,0.30398425459861755,0.07828345894813538,-0.12104853987693787,-0.011693787761032581,-0.031466368585824966,-0.011459780856966972,-0.00042886449955403805,-0.9999342560768127,0
754,15.08,-0.2654443383216858,-0.8125690817832947,29.974224090576172,0.03442610427737236,0.28906893730163574,0.07647779583930969,-0.3537691831588745,-0.2557290494441986,0.031667694449424744,-0.014181530103087425,0.00463239336386323,-0.9998887181282043,0
755,15.1,-0.6055923700332642,-0.9927825331687927,30.007667541503906,0.01440519094467163,0.33761024475097656,0.060054879635572433,-0.27487364411354065,-0.17898747324943542,0.034541063010692596,-0.017326459288597107,0.010567797347903252,-0.999794065952301,0
756,15.120000000000001,-0.9824711084365845,-1.2179267406463623,30.060325622558594,-0.011492904275655746,0.3691853880882263,0.023146793246269226,-0.3605089485645294,-0.24644532799720764,0.0664110854268074,-0.021255232393741608,0.0171426422894001,-0.9996271133422852,0
757,15.14,-1.5465872287750244,-1.5020076036453247,30.09250259399414,-0.029619485139846802,0.4471048414707184,0.05394881218671799,-0.5701795816421509,-0.28374674916267395,0.03662457317113876,-0.026211977005004883,0.026980489492416382,-0.999292254447937,0
758,15.16,-1.792643427848816,-1.2590564489364624,30.275707244873047,0.07443034648895264,0.3964512050151825,0.14948523044586182,0.05951473489403725,0.2543569803237915,0.2531702518463135,-0.021972909569740295,0.03127487376332283,-0.9992692470550537,0
759,15.18,-1.6215507984161377,-1.2251625061035156,30.45388412475586,0.03892785310745239,0.35440805554389954,0.252438485622406,0.2788543999195099,-0.08573168516159058,0.07160245627164841,-0.02138148993253708,0.02829114720225334,-0.9993710517883301,0
760,15.200000000000001,-1.0719282627105713,-1.1842994689941406,30.555572509765625,-0.029346123337745667,0.34276819229125977,0.28589850664138794,0.6357523202896118,0.09386366605758667,0.11853763461112976,-0.020668450742959976,0.018703587353229523,-0.9996114373207092,0
761,15.22,-0.4258681535720825,-0.36909785866737366,30.634693145751953,0.014331497251987457,0.2983095943927765,0.08742941170930862,0.5732104778289795,1.0101814270019531,0.06960216164588928,-0.006441926583647728,0.007432576734572649,-0.9999516010284424,0
762,15.24,0.16951103508472443,0.499365895986557,30.803325653076172,0.00980374962091446,0.2505876123905182,0.04938121885061264,0.008963395841419697,0.06708605587482452,0.14750969409942627,0.008715469390153885,-0.002958409022539854,-0.9999576210975647,0
763,15.26,0.008345235139131546,0.5409178733825684,30.98111343383789,0.06230761110782623,0.2300579845905304,-0.0289385337382555,-0.27398213744163513,-0.02210613712668419,0.13452228903770447,0.009440655820071697,-0.00014564534649252892,-0.999955415725708,0
764,15.280000000000001,-0.39597368240356445,0.405597060918808,31.102161407470703,0.061056215316057205,0.27274376153945923,-0.09591370075941086,-0.38183990120887756,-0.17994576692581177,0.05136656388640404,0.007078944705426693,0.0069108158349990845,-0.9999510645866394,0
765,15.3,-0.6852035522460938,-0.06079861894249916,31.15241241455078,0.02263219654560089,0.29297569394111633,-0.1619601547718048,-0.13245773315429688,-0.5295587182044983,0.036819733679294586,-0.0010611359030008316,0.011958765797317028,-0.9999279379844666,0
766,15.32,-0.7933689951896667,-0.5651627779006958,31.226181030273438,-0.001684144139289856,0.32478299736976624,-0.18507711589336395,-0.07385339587926865,-0.3111227750778198,0.07837198674678802,-0.009863791055977345,0.013845783658325672,-0.9998555183410645,0
767,15.34,-0.8872663378715515,-0.7222885489463806,31.26650619506836,0.025603219866752625,0.3402484655380249,-0.16847215592861176,-0.09473861753940582,0.028107795864343643,-0.007382804527878761,-0.012605980038642883,0.015483870171010494,-0.9998006224632263,0
768,15.36,-0.9033488035202026,-0.7543955445289612,31.243541717529297,0.02088126167654991,0.2998279333114624,-0.009001832455396652,0.26143670082092285,-0.535076379776001,-0.09082858264446259,-0.013166302815079689,0.0157643873244524,-0.9997890591621399,0
769,15.38,-0.11668262630701065,-0.5372371673583984,31.065746307373047,0.05950726941227913,0.19191710650920868,0.03729834035038948,0.5554167032241821,0.4578118920326233,-0.0616295263171196,-0.009376419708132744,0.002036405261605978,-0.9999539852142334,0
770,15.4,-0.01788805052638054,-0.29624009132385254,31.118247985839844,0.06593520939350128,0.255271852016449,0.08411243557929993,0.004057697951793671,0.07413482666015625,0.025497984141111374,-0.005170341581106186,0.0003122013295069337,-0.9999865889549255,0
771,15.42,-0.055396221578121185,-0.25477656722068787,31.112136840820312,0.020116422325372696,0.2682829797267914,0.0695139542222023,-0.06520562618970871,-0.0025827698409557343,-0.0167514868080616,-0.004446675535291433,0.0009668366983532906,-0.9999896287918091,0
772,15.44,-0.2168811559677124,-0.338081955909729,31.125255584716797,0.03040100634098053,0.25690633058547974,0.07435087114572525,-0.20429186522960663,-0.15435728430747986,0.043137241154909134,-0.005900607910007238,0.003785215551033616,-0.9999754428863525,0
773,15.46,-0.4412781000137329,-0.49043840169906616,31.17074203491211,0.008173182606697083,0.30079832673072815,0.04735615476965904,-0.19698143005371094,-0.18201512098312378,0.04413530230522156,-0.008559659123420715,0.0077013978734612465,-0.9999337196350098,0
774,15.48,-0.7364457845687866,-0.6764148473739624,31.226219177246094,-0.018230386078357697,0.3528146743774414,0.019852519035339355,-0.2929285168647766,-0.1867474615573883,0.06262596696615219,-0.011805390939116478,0.01285215187817812,-0.9998477101325989,0
775,15.5,-1.196167230606079,-0.8088386654853821,31.252777099609375,0.015291504561901093,0.37627214193344116,0.10347022116184235,-0.22820328176021576,0.34352752566337585,0.10430710762739182,-0.014116426929831505,0.020873455330729485,-0.9996824860572815,0
776,15.52,-1.2707544565200806,-0.7384243011474609,31.390941619873047,0.03209584578871727,0.34892886877059937,0.20272159576416016,0.05803007632493973,-0.10982193797826767,0.11910096555948257,-0.012887576594948769,0.02217518351972103,-0.9996710419654846,0
777,15.540000000000001,-0.9428234696388245,-0.7465711832046509,31.557205200195312,-0.03659510612487793,0.35484498739242554,0.25321948528289795,0.47537195682525635,0.05780645087361336,0.16508542001247406,-0.013029754161834717,0.016453230753540993,-0.9997797608375549,0
778,15.56,-0.40597790479660034,-0.09379720687866211,31.690589904785156,0.003970649093389511,0.3218555748462677,0.06973431259393692,0.46850132942199707,0.9477788209915161,0.10399503260850906,-0.0016370691591873765,0.00708558177575469,-0.9999735355377197,0
779,15.58,0.03393062204122543,0.7076566815376282,31.871337890625,0.011329062283039093,0.2663731575012207,0.03137150779366493,-0.07292106002569199,0.09161971509456635,0.14867211878299713,0.012350625358521938,-0.0005921558476984501,-0.9999235272407532,0
780,15.6,-0.17102128267288208,0.7102444171905518,32.04558563232422,0.07433752715587616,0.24072377383708954,-0.040717318654060364,-0.2896333932876587,-0.07673412561416626,0.12929463386535645,0.012395783327519894,0.002984650433063507,-0.9999186992645264,0
781,15.620000000000001,-0.5918407440185547,0.5241351127624512,32.17307662963867,0.0872565358877182,0.2812320291996002,-0.09008126705884933,-0.39279818534851074,-0.20917221903800964,0.05708406865596771,0.009147755801677704,0.01032895315438509,-0.9999048113822937,0
782,15.64,-0.9397516846656799,0.12177520990371704,32.218475341796875,0.05903315171599388,0.3189288377761841,-0.16322174668312073,-0.09729693084955215,-0.5989434719085693,0.03565186262130737,0.0021253759041428566,0.016400985419750214,-0.9998632073402405,0
783,15.66,-1.0047744512557983,-0.4528070390224457,32.252471923828125,0.03353157639503479,0.3560357689857483,-0.18489804863929749,-0.03195244073867798,-0.3647448718547821,0.05879482254385948,-0.00790289044380188,0.017535174265503883,-0.9998149871826172,0
784,15.68,-1.053499698638916,-0.6450233459472656,32.272735595703125,0.054689228534698486,0.37032994627952576,-0.1648867279291153,-0.06249581277370453,0.018306056037545204,-0.02673322521150112,-0.011257542297244072,0.018384836614131927,-0.9997676014900208,0
785,15.700000000000001,-0.8699451684951782,-0.9340962171554565,32.21115493774414,0.06592149287462234,0.32347768545150757,-0.019771210849285126,0.41829612851142883,-0.4398915767669678,-0.0874609425663948,-0.016302328556776047,0.015180803835391998,-0.9997518658638,0
786,15.72,0.06163664534687996,-0.8233615756034851,32.10193634033203,0.09671119600534439,0.2016792893409729,0.08215632289648056,0.4673495888710022,0.5821326971054077,0.08362473547458649,-0.014369875192642212,-0.0010756510309875011,-0.9998961687088013,0
787,15.74,0.05688164383172989,-0.5843024849891663,32.23965072631836,0.09357056021690369,0.25703635811805725,0.12034670263528824,-0.07769529521465302,0.0772889107465744,0.07714293152093887,-0.01019782293587923,-0.0009927197825163603,-0.9999474883079529,0
788,15.76,0.03914371132850647,-0.49932169914245605,32.226871490478516,0.027424130588769913,0.2961363196372986,0.07494421303272247,0.01270037330687046,0.0811551958322525,-0.07502182573080063,-0.008714696392416954,-0.0006831607315689325,-0.999961793422699,0
789,15.780000000000001,-0.1201675534248352,-0.5494826436042786,32.22016525268555,0.03666164353489876,0.260398805141449,0.059340521693229675,-0.25582900643348694,-0.17003487050533295,0.06550333648920059,-0.009590133093297482,0.0020972215570509434,-0.9999518394470215,0
790,15.8,-0.3491705060005188,-0.6590782403945923,32.25361633300781,0.02300332486629486,0.29971522092819214,0.04840470105409622,-0.18815824389457703,-0.14806164801120758,0.006824514828622341,-0.011502832174301147,0.006093734409660101,-0.9999153017997742,0
791,15.82,-0.6177284121513367,-0.8345779180526733,32.28063201904297,-0.0011302381753921509,0.33321473002433777,0.00010069017298519611,-0.2633814215660095,-0.19097666442394257,0.05051712691783905,-0.014565614983439445,0.010780040174722672,-0.9998357892036438,0
792,15.84,-1.0610758066177368,-1.0193672180175781,32.280364990234375,-0.022485531866550446,0.4243074357509613,0.031112611293792725,-0.45731961727142334,-0.17029918730258942,0.029193807393312454,-0.017790373414754868,0.018515272065997124,-0.9996702671051025,0
793,15.860000000000001,-1.546478033065796,-0.9142146706581116,32.36501693725586,0.041878461837768555,0.400540828704834,0.1352996528148651,-0.1177559569478035,0.2572115957736969,0.1633077710866928,-0.015955377370119095,0.02698441781103611,-0.9995085000991821,0
794,15.88,-1.533560872077942,-0.9179054498672485,32.521278381347656,0.014701798558235168,0.35598140954971313,0.23354656994342804,0.16012024879455566,-0.14531219005584717,0.10828682035207748,-0.016019783914089203,0.02675904892385006,-0.999513566493988,0
795,15.9,-1.082587718963623,-0.9566754102706909,32.68785095214844,-0.05951335281133652,0.34480684995651245,0.27198320627212524,0.5783954858779907,0.029607094824314117,0.17196425795555115,-0.016696356236934662,0.01889096200466156,-0.9996821284294128,0
796,15.92,-0.49947336316108704,-0.18186329305171967,32.79167556762695,-0.009950876235961914,0.2966596186161041,0.08003585785627365,0.5346286296844482,0.9625874757766724,0.0700630247592926,-0.003174107288941741,0.008717299439013004,-0.9999569654464722,0
797,15.94,-0.03034377098083496,0.5100463032722473,32.928565979003906,0.0018990002572536469,0.2444930076599121,0.027737407013773918,0.06788980960845947,0.1023482233285904,0.14323389530181885,0.008901868015527725,0.0005295774899423122,-0.9999602437019348,0
798,15.96,-0.11489742249250412,0.5085241794586182,33.06632614135742,0.05149460211396217,0.2307647466659546,-0.03945430368185043,-0.19222721457481384,-0.07548687607049942,0.08320801705121994,0.008875302970409393,0.0020052576437592506,-0.9999585747718811,0
799,15.98,-0.43241259455680847,0.34269124269485474,33.17030715942383,0.05823419243097305,0.26633939146995544,-0.09354585409164429,-0.30851998925209045,-0.18112298846244812,0.05110582709312439,0.0059810541570186615,0.00754681508988142,-0.9999536275863647,0
800,16.0,-0.6912615299224854,-0.03469796106219292,33.21117401123047,0.026819955557584763,0.30245205760002136,-0.17302489280700684,-0.0226970836520195,-0.5720759034156799,0.037671901285648346,-0.0006055934354662895,0.012064493261277676,-0.9999270439147949,0
801,16.02,-0.6878279447555542,-0.5987972021102905,33.27314376831055,-0.0024094171822071075,0.3338802456855774,-0.19818690419197083,0.0195354912430048,-0.3669140040874481,0.04798579216003418,-0.010450789704918861,0.012003914453089237,-0.9998733401298523,0
802,16.04,-0.68217933177948,-0.8153024315834045,33.286136627197266,0.016860265284776688,0.3495858907699585,-0.18382997810840607,-0.017859958112239838,-0.015442227944731712,-0.026864351704716682,-0.01422923058271408,0.011904786340892315,-0.9998278617858887,0
803,16.06,-0.6444766521453857,-0.8449825048446655,33.24595642089844,0.015910543501377106,0.32222455739974976,-0.03710322082042694,0.2431546449661255,-0.4412480890750885,-0.09208756685256958,-0.014747192151844501,0.011246778070926666,-0.9998279809951782,0
804,16.080000000000002,0.178991436958313,-0.6751596331596375,33.07923126220703,0.08228336274623871,0.21074813604354858,0.07006148248910904,0.39766591787338257,0.6248030662536621,0.029514314606785774,-0.011783484369516373,-0.003123767441138625,-0.9999256730079651,0
805,16.1,0.15795288980007172,-0.485408216714859,33.230812072753906,0.12314076721668243,0.26230594515800476,0.11836936324834824,-0.16777639091014862,0.02059270069003105,0.12403653562068939,-0.008471868932247162,-0.0027566952630877495,-0.9999603033065796,0
806,16.12,0.06967132538557053,-0.4462774097919464,33.23512268066406,0.027044352144002914,0.3200240135192871,0.07769842445850372,-0.012873733416199684,0.06504414230585098,-0.08884560316801071,-0.007788929156959057,-0.0012159566394984722,-0.999968945980072,0
807,16.14,-0.14736270904541016,-0.5653331875801086,33.21207046508789,0.030159316956996918,0.28405752778053284,0.07046687602996826,-0.3206726312637329,-0.26143401861190796,0.05254742130637169,-0.009866765700280666,0.002571836579591036,-0.9999480247497559,0
808,16.16,-0.4426034092903137,-0.7430256009101868,33.24553680419922,0.015744775533676147,0.3221864104270935,0.06432979553937912,-0.2365686297416687,-0.17987948656082153,0.016246303915977478,-0.012967878952622414,0.007724159397184849,-0.9998860955238342,0
809,16.18,-0.7678495645523071,-0.9825433492660522,33.29487991333008,-0.008097253739833832,0.3437671661376953,0.012774769216775894,-0.3134708106517792,-0.2641441822052002,0.07549367100000381,-0.017147772014141083,0.013399127870798111,-0.9997631907463074,0
810,16.2,-1.2560616731643677,-1.2553659677505493,33.33774948120117,-0.0310759749263525,0.4307447075843811,0.03172241896390915,-0.49068281054496765,-0.2490990310907364,0.04801357910037041,-0.021908514201641083,0.021915392950177193,-0.9995197653770447,0
811,16.22,-1.69943106174469,-1.1343424320220947,33.470367431640625,0.047431789338588715,0.3971898555755615,0.1331581175327301,-0.06232532113790512,0.2402661144733429,0.22018887102603912,-0.019796714186668396,0.029650500044226646,-0.9993642568588257,0
812,16.240000000000002,-1.6438267230987549,-1.1286617517471313,33.6502799987793,0.017422489821910858,0.3531125485897064,0.2347821444272995,0.20216917991638184,-0.1112179309129715,0.09848973155021667,-0.019697589799761772,0.028680691495537758,-0.9993945360183716,0
813,16.26,-1.1458135843276978,-1.1095530986785889,33.792579650878906,-0.05795310437679291,0.3414232134819031,0.27020081877708435,0.6183279752731323,0.08453772217035294,0.1507156938314438,-0.019364140927791595,0.019993135705590248,-0.99961256980896,0
814,16.28,-0.51781165599823,-0.27466481924057007,33.876556396484375,-0.007458718493580818,0.29150232672691345,0.07720987498760223,0.5754072070121765,1.0049327611923218,0.05913481116294861,-0.004793786443769932,0.009037290699779987,-0.9999476671218872,0
815,16.3,0.009732048958539963,0.4572509825229645,33.997825622558594,0.0012370981276035309,0.240432471036911,0.027601776644587517,0.08699674904346466,0.10180754959583282,0.12273380160331726,0.007980450056493282,-0.0001698508858680725,-0.9999681115150452,0
816,16.32,-0.05171450227499008,0.46520426869392395,34.12389373779297,0.05085350573062897,0.224455326795578,-0.04097236320376396,-0.17720100283622742,-0.06365779042243958,0.0817277580499649,0.008119256235659122,0.0009025582112371922,-0.9999666213989258,0
817,16.34,-0.36253294348716736,0.3169373869895935,34.22479248046875,0.057284578680992126,0.2651371359825134,-0.09487312287092209,-0.3094158470630646,-0.16685156524181366,0.0499727800488472,0.00553157227113843,0.006327252835035324,-0.9999646544456482,0
818,16.36,-0.6359767913818359,-0.039663564413785934,34.263160705566406,0.022823937237262726,0.30369579792022705,-0.16766418516635895,-0.06503638625144958,-0.5729209780693054,0.027786007151007652,-0.0006922597531229258,0.011099657975137234,-0.9999381303787231,0
819,16.38,-0.6235588192939758,-0.6353384852409363,34.33088684082031,-0.006803236901760101,0.3356882333755493,-0.20141267776489258,0.027587976306676865,-0.39742374420166016,0.05049687623977661,-0.011088519357144833,0.01088226679712534,-0.9998793005943298,0
820,16.4,-0.6144291162490845,-0.874774694442749,34.34566116333008,0.00746086984872818,0.3466404974460602,-0.18637847900390625,-0.018559444695711136,-0.02942385897040367,-0.025421705096960068,-0.015267103910446167,0.010722355917096138,-0.9998259544372559,0
821,16.42,-0.589203417301178,-0.8793434500694275,34.31047058105469,0.014592234045267105,0.32285618782043457,-0.04888971894979477,0.22553589940071106,-0.44159993529319763,-0.08477101475000381,-0.015346833504736423,0.010282146744430065,-0.9998293519020081,0
822,16.44,0.1963021606206894,-0.7453294992446899,34.170555114746094,0.042874738574028015,0.21691715717315674,-0.013116075657308102,0.7819517254829407,0.12460900098085403,-0.07785633951425552,-0.013008084148168564,-0.003425822127610445,-0.999909520149231,0
823,16.46,0.1476679891347885,-0.5419517159461975,34.23615264892578,0.0585106797516346,0.25756508111953735,0.10128320008516312,-0.12921693921089172,0.057656195014715195,0.013399451039731503,-0.009458700194954872,-0.0025771744549274445,-0.999951958656311,0
824,16.48,0.03394781053066254,-0.5342231392860413,34.232398986816406,0.012513946741819382,0.2930799126625061,0.06506422162055969,-0.10425600409507751,0.004323846660554409,-0.009010802954435349,-0.009323816746473312,-0.0005924752913415432,-0.9999563694000244,0
825,16.5,-0.23970019817352295,-0.661805272102356,34.24955749511719,0.024356745183467865,0.27925387024879456,0.06360930949449539,-0.34237757325172424,-0.23081058263778687,0.04763822630047798,-0.011550421826541424,0.0041832649149000645,-0.9999245405197144,0
826,16.52,-0.5857117772102356,-0.8367248177528381,34.28474426269531,0.010273762047290802,0.3293685019016266,0.051438070833683014,-0.2919384837150574,-0.19336609542369843,0.02224908210337162,-0.014603082090616226,0.0102213304489851,-0.9998411536216736,0
827,16.54,-0.9811820983886719,-1.0819422006607056,34.329402923583984,-0.01371859386563301,0.3637547492980957,0.014557972550392151,-0.3761073350906372,-0.26892906427383423,0.06251712143421173,-0.018882328644394875,0.0171209666877985,-0.9996750950813293,0
828,16.56,-1.5551798343658447,-1.3916740417480469,34.360321044921875,-0.03443591296672821,0.4441458582878113,0.04391396790742874,-0.5714336037635803,-0.306634783744812,0.04615771397948265,-0.0242869034409523,0.027131665498018265,-0.9993367791175842,0
829,16.580000000000002,-1.7209584712982178,-1.064335823059082,34.56473159790039,0.08134615421295166,0.389252632856369,0.14865341782569885,0.10469336807727814,0.2659718990325928,0.26400724053382874,-0.018575092777609825,0.030026691034436226,-0.9993764758110046,0
830,16.6,-1.5091243982315063,-1.0309338569641113,34.750953674316406,0.034620366990566254,0.35301101207733154,0.2531156539916992,0.3305783271789551,-0.05426959693431854,0.07351462543010712,-0.01799222081899643,0.026331882923841476,-0.9994913339614868,0
831,16.62,-0.9303021430969238,-0.8735964298248291,34.83417892456055,-0.03961992636322975,0.3277474045753479,0.2476283758878708,0.6435526013374329,0.2503134310245514,0.09388774633407593,-0.015246540307998657,0.01623423397541046,-0.9997519850730896,0
832,16.64,-0.272094190120697,0.09666094183921814,34.881202697753906,0.006072636693716049,0.2806576192378998,0.05291502922773361,0.5910062789916992,1.1047683954238892,0.04143083840608597,0.0016870510298758745,0.004748915787786245,-0.9999873042106628,0
833,16.66,0.27182620763778687,0.8175737857818604,35.06158447265625,0.00842316634953022,0.223097026348114,-0.010504412464797497,-0.03764566034078598,-0.04643287882208824,0.057287514209747314,0.014268869534134865,-0.004743759986013174,-0.9998869299888611,0
834,16.68,0.16036958992481232,0.5629860758781433,35.17087936401367,0.08577963709831238,0.2150047868490219,-0.09318765252828598,-0.15202859044075012,-0.3344494700431824,0.07046113163232803,0.00982580054551363,-0.002798838308081031,-0.9999477863311768,0
835,16.7,-0.21757453680038452,0.260195791721344,35.27381896972656,0.08147431164979935,0.2545623481273651,-0.11973658949136734,-0.4341494143009186,-0.19611340761184692,0.07342446595430374,0.0045412578620016575,0.00379734393209219,-0.999982476234436,0
836,16.72,-0.6505457162857056,-0.10152219980955124,35.34440231323242,0.041680581867694855,0.29421132802963257,-0.14083406329154968,-0.31122833490371704,-0.36098945140838623,0.053815003484487534,-0.0017718957969918847,0.011353903450071812,-0.9999339580535889,0
837,16.740000000000002,-0.7910646200180054,-0.6876410245895386,35.40582275390625,0.013604260981082916,0.34321513772010803,-0.19856183230876923,-0.028606317937374115,-0.46373191475868225,0.08255106955766678,-0.012001313269138336,0.013805249705910683,-0.9998326897621155,0
838,16.76,-0.8410666584968567,-0.9658085703849792,35.44676208496094,0.020231302827596664,0.35585132241249084,-0.17684917151927948,-0.06118972599506378,-0.03425384685397148,-0.01110500656068325,-0.016855740919709206,0.014676770195364952,-0.9997501969337463,0
839,16.78,-0.8557119369506836,-0.9507431983947754,35.41936492919922,0.02409038320183754,0.3269805908203125,-0.02430659905076027,0.21716684103012085,-0.41282641887664795,-0.08319126814603806,-0.016592836007475853,0.014932378195226192,-0.9997507929801941,0
840,16.8,-0.2203104943037033,-0.7086889743804932,35.344486236572266,0.08814800530672073,0.20279324054718018,0.08943887054920197,0.37920325994491577,0.5371226072311401,0.07139568775892258,-0.0123686408624053,0.003844840219244361,-0.999916136264801,0
841,16.82,-0.26012444496154785,-0.5699659585952759,35.507545471191406,0.08168153464794159,0.2739869952201843,0.1140127182006836,-0.071733258664608,0.007756535895168781,0.07771148532629013,-0.009947619400918484,0.004539787769317627,-0.9999402165412903,0
842,16.84,-0.34601280093193054,-0.586953341960907,35.51784896850586,0.02010185271501541,0.30020663142204285,0.08784962445497513,-0.08749193698167801,-0.02350461483001709,-0.03321586921811104,-0.010244089178740978,0.006038708612322807,-0.9999293088912964,0
843,16.86,-0.5897027850151062,-0.7697201371192932,35.53561782836914,0.028822284191846848,0.28145158290863037,0.08315637707710266,-0.3065684735774994,-0.29052233695983887,0.06700483709573746,-0.013433746993541718,0.010291146114468575,-0.9998568296432495,0
844,16.88,-0.8766680955886841,-0.9995356798171997,35.60027313232422,0.008026372641324997,0.3316878378391266,0.06018627807497978,-0.23236608505249023,-0.23338435590267181,0.04862808808684349,-0.01744430512189865,0.01529781986027956,-0.9997308254241943,0
845,16.9,-1.2125160694122314,-1.2812926769256592,35.663272857666016,-0.015826087445020676,0.3659580647945404,0.02250383421778679,-0.3307075500488281,-0.2903613746166229,0.06700578331947327,-0.022360909730196,0.021155524998903275,-0.9995260834693909,0
846,16.92,-1.7545913457870483,-1.604699730873108,35.68925476074219,-0.03315291553735733,0.44506677985191345,0.05487453192472458,-0.5557236671447754,-0.3080511689186096,0.04559093713760376,-0.02800363302230835,0.030606601387262344,-0.999139130115509,0
847,16.94,-1.9625484943389893,-1.2504197359085083,35.88645553588867,0.07655023038387299,0.38769835233688354,0.15782327950000763,0.08935511112213135,0.2997280955314636,0.2653016746044159,-0.021822210401296616,0.03423808142542839,-0.9991754293441772,0
848,16.96,-1.7488349676132202,-1.1975507736206055,36.085201263427734,0.03448564186692238,0.3467785716056824,0.25124391913414,0.3441840410232544,-0.04329383745789528,0.09313561767339706,-0.020899683237075806,0.03051152639091015,-0.9993159174919128,0
849,16.98,-1.147825837135315,-1.0028563737869263,36.179527282714844,-0.04118773713707924,0.3183562159538269,0.23777766525745392,0.6680029034614563,0.2908797264099121,0.09700381755828857,-0.017502250149846077,0.02002892829477787,-0.9996461868286133,0
850,17.0,-0.45115596055984497,0.016402631998062134,36.22805404663086,0.004968829452991486,0.2729848027229309,0.04429784044623375,0.6309554576873779,1.1463680267333984,0.04707777872681618,0.0002862799447029829,0.007874075323343277,-0.999968945980072,0
851,17.02,0.1594267636537552,0.7278499603271484,36.468910217285156,0.11268292367458344,0.18180842697620392,-0.12768493592739105,0.3806818127632141,0.22835542261600494,0.3278566002845764,0.01270303688943386,-0.002782293828204274,-0.9999154210090637,0
852,17.04,0.1749003529548645,0.6134197115898132,36.61787796020508,0.08887657523155212,0.21983309090137482,-0.11912046372890472,-0.15213800966739655,-0.26797109842300415,0.031107231974601746,0.010705987922847271,-0.003052406944334507,-0.9999380111694336,0
853,17.06,-0.22886137664318085,0.35640642046928406,36.71208190917969,0.09318815171718597,0.22637994587421417,-0.14749673008918762,-0.48538580536842346,-0.1716131865978241,0.07954142242670059,0.006220425013452768,0.00399429677054286,-0.9999727010726929,0
854,17.080000000000002,-0.7003297209739685,-0.030169038102030754,36.78083801269531,0.050108980387449265,0.2663562595844269,-0.19200719892978668,-0.21989907324314117,-0.626785397529602,0.05212901905179024,-0.0005265488289296627,0.012222751043736935,-0.9999251365661621,0
855,17.1,-0.8181370496749878,-0.7309060096740723,36.8425178527832,0.013788878917694092,0.32301539182662964,-0.20807167887687683,-0.05227597802877426,-0.5059072375297546,0.0938568040728569,-0.012756369076669216,0.014277535490691662,-0.9998167157173157,0
856,17.12,-0.876185953617096,-1.057151436805725,36.88881301879883,0.01988111063838005,0.34316331148147583,-0.17911440134048462,-0.057896848767995834,-0.08060620725154877,-0.013429428450763226,-0.018449727445840836,0.015289131551980972,-0.9997128844261169,0
857,17.14,-0.8984737992286682,-1.0427017211914062,36.8667106628418,0.02975497394800186,0.32773953676223755,-0.04132150486111641,0.2051764279603958,-0.3269542157649994,-0.07181031256914139,-0.018197573721408844,0.015678083524107933,-0.9997114539146423,0
858,17.16,-0.32147467136383057,-0.7921853065490723,36.84703063964844,0.08842151612043381,0.19741232693195343,0.09770273417234421,0.3390763998031616,0.5738322138786316,0.13095766305923462,-0.013825802132487297,0.005610225722193718,-0.9998886585235596,0
859,17.18,-0.40255841612815857,-0.6660957336425781,37.06364440917969,0.08585163950920105,0.27545440196990967,0.1269565224647522,-0.11298476159572601,-0.02345561608672142,0.1023852527141571,-0.011625302955508232,0.00702543742954731,-0.9999077320098877,0
860,17.2,-0.5285164713859558,-0.722823441028595,37.099979400634766,0.021989166736602783,0.3095509111881256,0.10414671152830124,-0.11074718087911606,-0.0687258243560791,-0.011936182156205177,-0.01261531375348568,0.009223487228155136,-0.9998778700828552,0
861,17.22,-0.7994417548179626,-0.9563450217247009,37.13655471801758,0.034040309488773346,0.2912633717060089,0.11054664105176926,-0.3321288228034973,-0.33230382204055786,0.07806132733821869,-0.01669059507548809,0.013950495049357414,-0.9997633695602417,0
862,17.240000000000002,-1.1189329624176025,-1.2420732975006104,37.22123336791992,0.012042436748743057,0.34222668409347534,0.08209668099880219,-0.2633388340473175,-0.2872563600540161,0.07056275755167007,-0.021676572039723396,0.01952323503792286,-0.9995744228363037,0
863,17.26,-1.485539436340332,-1.587181568145752,37.299625396728516,-0.014379141852259636,0.3789304494857788,0.0446738637983799,-0.3529365658760071,-0.3471207618713379,0.07046186923980713,-0.02769799716770649,0.02591470256447792,-0.9992803931236267,0
864,17.28,-2.054664134979248,-1.9528602361679077,37.34568405151367,-0.03517765924334526,0.4701175391674042,0.07294977456331253,-0.4801435172557831,0.0021851658821105957,0.08334586769342422,-0.034077245742082596,0.035832151770591736,-0.9987766742706299,0
865,17.3,-2.3049397468566895,-1.8474023342132568,37.53181076049805,0.07136068493127823,0.3844102919101715,0.22122102975845337,0.0045027052983641624,0.011018826626241207,0.20310431718826294,-0.03223766013979912,0.04019703343510628,-0.9986715912818909,0
866,17.32,-1.9904659986495972,-1.738666296005249,37.7344970703125,0.007005278021097183,0.3589724898338318,0.2751367688179016,0.5099477171897888,0.13532821834087372,0.15763810276985168,-0.03034079633653164,0.03471720963716507,-0.9989365339279175,0
867,17.34,-1.3253169059753418,-0.9925629496574402,37.86906814575195,0.03453093767166138,0.3388705849647522,0.11771386861801147,0.6397386789321899,1.0393891334533691,0.13547632098197937,-0.01732262596487999,0.02312561124563217,-0.9995824694633484,0
868,17.36,-0.5721391439437866,0.21103014051914215,38.056175231933594,0.04585132375359535,0.2861434817314148,0.03356315568089485,0.178470641374588,0.37247490882873535,0.15978628396987915,0.003683162620291114,0.009985477663576603,-0.9999433755874634,0
869,17.38,-0.5647619962692261,0.42513635754585266,38.21217346191406,0.08589804172515869,0.2684582769870758,-0.011206300929188728,-0.11403186619281769,0.11567826569080353,0.108621746301651,0.007419961504638195,0.00985652580857277,-0.9999238848686218,0
870,17.400000000000002,-0.8870724439620972,0.538489818572998,38.324005126953125,0.1068001538515091,0.30115455389022827,-0.04256008192896843,-0.3764180541038513,0.07593560218811035,0.04241181164979935,0.009398280642926693,0.015481029637157917,-0.9998359680175781,0
871,17.42,-1.2653273344039917,0.4325712323188782,38.33675765991211,0.08403019607067108,0.35370221734046936,-0.07901919633150101,-0.2729174792766571,-0.1882273554801941,-0.010428027249872684,0.00754972081631422,0.022081706672906876,-0.9997276663780212,0
872,17.44,-1.4140896797180176,0.03747951611876488,38.309452056884766,0.06826475262641907,0.3872823119163513,-0.15333284437656403,-0.014547627419233322,-0.40654513239860535,-0.04283847287297249,0.0006541409529745579,0.02467801235616207,-0.9996952414512634,0
873,17.46,-1.4547605514526367,-0.1968492865562439,38.320343017578125,0.06689552962779999,0.40621715784072876,-0.14896099269390106,-0.06269079446792603,-0.018071860074996948,-0.006077313795685768,-0.0034356610849499702,0.025387480854988098,-0.9996717572212219,0
874,17.48,-1.2764235734939575,-0.5679070949554443,38.25921630859375,0.06836582720279694,0.32852742075920105,-0.014392325654625893,0.3746085464954376,-0.42813563346862793,-0.09396208077669144,-0.00991168711334467,0.022274857386946678,-0.9997027516365051,0
875,17.5,-0.26483678817749023,-0.5532508492469788,38.095516204833984,0.048927582800388336,0.2317352443933487,-0.03673597425222397,1.205796241760254,0.24465544521808624,-0.1821921467781067,-0.009655897505581379,0.004622041247785091,-0.9999427199363708,0
876,17.52,0.047039251774549484,-0.5631480813026428,38.142826080322266,0.065849669277668,0.12483149021863937,0.10826380550861359,-0.12753742933273315,-0.1580686867237091,0.1325269192457199,-0.009828629903495312,-0.0008209501393139362,-0.9999513626098633,0
877,17.54,-0.017113126814365387,-0.596827507019043,38.24420166015625,0.01877615973353386,0.25875866413116455,0.06683564186096191,0.011993290856480598,0.09137813746929169,0.05396302789449692,-0.010416417382657528,0.00029866420663893223,-0.9999457001686096,0
878,17.56,-0.09401142597198486,-0.5302462577819824,38.3010368347168,0.02977530099451542,0.2641414999961853,0.046521417796611786,-0.14736290276050568,0.002992408350110054,0.060901738703250885,-0.009254408068954945,0.001640737522393465,-0.9999558329582214,0
879,17.580000000000002,-0.2737470865249634,-0.5528532862663269,38.33502197265625,0.03538253903388977,0.28602373600006104,0.04837620630860329,-0.19811058044433594,-0.13246284425258636,0.008867840282619,-0.009648959152400494,0.004777547903358936,-0.9999420642852783,0
880,17.6,-0.5510219931602478,-0.6908193230628967,38.36406707763672,0.015741482377052307,0.33117032051086426,0.0023848488926887512,-0.2691127061843872,-0.14574846625328064,0.052071474492549896,-0.012056778185069561,0.009616300463676453,-0.9998810887336731,0
881,17.62,-0.9918961524963379,-0.8142555356025696,38.366912841796875,-0.0017386004328727722,0.4234894812107086,0.035494960844516754,-0.4494260549545288,-0.11788231879472733,0.009898876771330833,-0.0142109589651227,0.017309239134192467,-0.9997491836547852,0
882,17.64,-1.347303032875061,-0.6451604962348938,38.47364807128906,0.059357963502407074,0.396414577960968,0.13149237632751465,-0.02283124439418316,0.22170951962471008,0.19824403524398804,-0.011259935796260834,0.023511212319135666,-0.9996601343154907,0
883,17.66,-1.2625142335891724,-0.6900209188461304,38.644046783447266,0.013115227222442627,0.35984838008880615,0.23887859284877777,0.22343018651008606,-0.1487075686454773,0.09609181433916092,-0.012042845599353313,0.022031649947166443,-0.999684751033783,0
884,17.68,-0.7888745069503784,-0.6959572434425354,38.748817443847656,-0.07047045230865479,0.32445940375328064,0.24442745745182037,0.5601882934570312,0.07170922309160233,0.09822205454111099,-0.012146446853876114,0.013767007738351822,-0.9998314380645752,0
885,17.7,-0.23182591795921326,0.10214590281248093,38.807186126708984,-0.02209831029176712,0.27696532011032104,0.05213535577058792,0.5115273594856262,0.9552274942398071,0.053287021815776825,0.001782781444489956,0.004046108108013868,-0.9999902248382568,0
886,17.72,0.2015307992696762,0.7337131500244141,38.92011260986328,-0.010760904289782047,0.22657406330108643,0.00441216304898262,0.04812460392713547,0.03402925282716751,0.12368125468492508,0.012805360369384289,-0.0035170805640518665,-0.9999118447303772,0
887,17.740000000000002,0.062004826962947845,0.6566852331161499,39.03403091430664,0.042330797761678696,0.21621792018413544,-0.046971678733825684,-0.2566167116165161,-0.13201281428337097,0.06745776534080505,0.011461067944765091,-0.0010821172036230564,-0.9999337196350098,0
888,17.76,-0.31711283326148987,0.3961379826068878,39.14375686645508,0.05464986711740494,0.2515595257282257,-0.10076528787612915,-0.35254043340682983,-0.2746627926826477,0.06935735791921616,0.006913857534527779,0.005534502677619457,-0.9999607801437378,0
889,17.78,-0.594954788684845,-0.11003553122282028,39.210113525390625,0.023679452016949654,0.2860921323299408,-0.1707797646522522,-0.06407039612531662,-0.6420530676841736,0.053817976266145706,-0.0019204812124371529,0.010383715853095055,-0.999944269657135,0
890,17.8,-0.6080464720726013,-0.7375943064689636,39.28714370727539,-0.0076586101204156876,0.31773385405540466,-0.1998666524887085,0.009881727397441864,-0.4000183939933777,0.08250665664672852,-0.012873092666268349,0.010611332952976227,-0.9998608231544495,0
891,17.82,-0.5972886085510254,-0.9914347529411316,39.33300018310547,0.011683780699968338,0.3383873999118805,-0.18393705785274506,0.0008302475325763226,-0.04924079030752182,-0.0027595367282629013,-0.01730293780565262,0.01042290311306715,-0.9997959733009338,0
892,17.84,-0.5583018660545349,-0.9790236949920654,39.31950378417969,0.020346257835626602,0.3265987038612366,-0.05663837864995003,0.2514856457710266,-0.34086501598358154,-0.07554201036691666,-0.01708635315299034,0.009742628782987595,-0.9998065233230591,0
893,17.86,0.2203158587217331,-0.7753741145133972,39.19630432128906,0.06906464695930481,0.20270943641662598,0.05414246767759323,0.369011253118515,0.6550343036651611,0.057688821107149124,-0.013532418757677078,-0.00384487584233284,-0.9999010562896729,0
894,17.88,0.1152813658118248,-0.5262851119041443,39.338565826416016,0.09645555913448334,0.26704636216163635,0.09820543229579926,-0.180898517370224,0.021621588617563248,0.1010296419262886,-0.009185276925563812,-0.0020119526889175177,-0.9999557733535767,0
895,17.900000000000002,-0.017713474109768867,-0.47390758991241455,39.33711624145508,0.01708797737956047,0.32125619053840637,0.06764347106218338,-0.07021540403366089,0.048409603536129,-0.06949542462825775,-0.008271154016256332,0.000309147872030735,-0.9999657273292542,0
896,17.92,-0.2894931435585022,-0.600135862827301,39.328392028808594,0.02617526426911354,0.28637129068374634,0.07213731110095978,-0.3607267141342163,-0.2668675482273102,0.05751084163784981,-0.01047415379434824,0.005052309483289719,-0.9999324083328247,0
897,17.94,-0.6389985084533691,-0.807596743106842,39.37187957763672,0.011163108050823212,0.3311707377433777,0.06712230294942856,-0.28887197375297546,-0.22589151561260223,0.026505252346396446,-0.014094753190875053,0.011151287704706192,-0.9998384714126587,0
898,17.96,-1.024417519569397,-1.1035740375518799,39.42412185668945,-0.01388937421143055,0.35994404554367065,0.025088146328926086,-0.3642062544822693,-0.3193293809890747,0.06958739459514618,-0.01925981044769287,0.01787519082427025,-0.9996547102928162,0
899,17.98,-1.5776530504226685,-1.4646331071853638,39.470149993896484,-0.03650981932878494,0.44373148679733276,0.049917593598365784,-0.5515133142471313,-0.34375637769699097,0.048104435205459595,-0.02555987983942032,0.02752276510000229,-0.9992943406105042,0
